Date,Ticker,Ticker_name,Close,day_pr_low,day_pr_high,week_pr_low,week_pr_high,month_pr_low,month_pr_high,day_rr_ratio,week_rr_ratio,month_rr_ratio,gap_lt,gap_lt_avg,gap_lt_hi,gap_lt_lo,ST_Trend,st_avg,st_lo,st_hi,MT_Trend,mt_avg,mt_lo,mt_hi,LT_Trend,lt_avg,lt_lo,lt_hi,ST_Trend_Change,MT_Trend_Change,Z-Score Rank,Z-Score,Sharpe,Sharpe_avg,Sharpe_hi,Sharpe_low,Sharpe_Rank,prem_disc,prem_disc_avg,prem_disc_lo,prem_disc_hi,factor,model_score
2026-10-06,ABNB,"AIRBNB, INC.",160.39,150.6,168.73,139.26,186.41,137.24,206.0,-1.0010787486515602,1.231424514907715,1.9701943844492467,-19.54000000000002,-3.3379607843137276,5.763847191228987,-12.439768759856442,-0.02387262,0.004988614431372549,-0.025012639636618185,0.03498986849936328,0.00664389,0.00831605600790514,-0.018667282999167298,0.03529939501497758,0.04530412,-0.023191627812500115,-0.05326979509538429,0.006886539470384062,0.00191961,0.00111586,66.5,1.1,-0.772,0.1264941176470587,1.1452764380196905,-0.8922882027255732,20.8,0.005238207226115454,0.2878916071512421,-0.19063927689650795,0.7664224911989922,0.885,84.0
2026-10-06,TRGP,TARGA RESOURCES CORP.,285.72,261.11,289.07,252.91,313.07,240.5,354.85,-2.635018495684355,-1.1996343692870228,1.5287483414418388,-32.389999999999986,-32.324509803921586,-20.261923814064406,-44.38709579377877,-0.01267014,0.011408253372549016,-0.009878377180919395,0.03269488392601742,0.01512811,0.03212216830039526,0.01055872176549115,0.053685614835299364,0.08031332,0.09481333601562472,0.08624898729022744,0.103377684741022,0.00348569,0.00079376,40.3,-0.4,-0.494,0.5025647058823528,1.4721474854664154,-0.4670180737017098,18.1,0.501254610551064,0.1341135955970695,-0.12177601355621645,0.39000320475035544,0.67,75.0
2026-10-06,EWI,ISHARES:MSCI ITALY,57.94,55.21,58.84,52.88,62.91,54.02,66.08,-4.786885245901635,-1.0181086519114682,2.076530612244901,-4.580000000000005,-3.2085098039215696,-2.042271092849639,-4.374748514993501,-0.02337251,0.0011743808627450983,-0.012008575136777383,0.01435733686226758,-0.01121841,0.006250979644268764,-0.008148166762776562,0.02065012605131409,0.02973642,0.031175193671875046,0.024302560801905685,0.0380478265418444,0.00090667,0.00235149,74.2,1.09,-1.191,0.18923137254901948,0.968337733610546,-0.5898749885125071,5.8,0.4672915786626972,0.28546617464589297,-0.03727046884651364,0.6082028181382996,0.6525,73.0
2026-10-06,NUE,NUCOR ,251.07,222.46,253.31,220.49,272.89,200.21,314.67,-3.5289256198347156,-1.4014665444546286,1.2504915454187975,-17.79000000000002,-11.846235294117651,2.1453548382657157,-25.83782542650102,-0.01438879,0.011067267254901961,-0.01905734702330518,0.0411918815331091,0.01529324,0.038778431620553354,0.011557899185016544,0.06599896405609017,0.03928343,0.0014124621093749745,-0.023709179530214262,0.02653410374896421,0.00385221,0.00694123,75.4,1.18,-0.231,0.4939176470588236,1.7095457003948074,-0.7217104062771602,26.4,0.10472621456229403,0.1613147817869274,-0.048945821697089276,0.3715753852709441,0.745,71.0
2026-10-06,FCX,FREEPORT-MCMORAN INC.,72.56,68.05,75.07,65.79,80.85,59.14,91.76,-1.7863636363636373,1.2245199409158045,1.4307004470938898,-6.189999999999998,-5.699294117647062,-1.511319924051178,-9.887268311242945,0.01181506,0.007659668313725494,-0.028564532320263483,0.04388386894771447,0.03325782,0.015038467588932835,-0.03920765428868788,0.06928458946655355,0.05362008,0.025368102304687463,0.0028885513542484947,0.04784765325512643,0.0049837,0.01253349,26.8,-1.05,-0.507,0.36990980392156864,1.3585672506394646,-0.6187476427963272,16.5,0.19654127270545252,0.0428850589568836,-0.1856171307208106,0.2713872486345778,0.67,64.0
2026-10-06,DE,DEERE & COMPANY,682.79,643.98,701.47,625.22,742.48,586.51,848.12,-1.681460933888119,1.0368247351050917,1.7171790610718747,-82.56000000000006,-53.9816470588235,-21.340712798258885,-86.6225813193881,-0.00391641,0.007513709215686272,-0.015500767100230468,0.03052818553160301,0.01617143,0.018454602015810274,-0.013536432193505105,0.050445636225125656,0.08062927,0.050654298242187534,0.020468369070013703,0.08084022741436137,0.0009947,0.00421072,16.7,-1.38,-0.0,0.23597647058823518,1.0375724324408138,-0.5656194912643433,36.3,0.38295825755552904,0.08449087343332964,-0.24765425558301576,0.416636002449675,0.582,62.0
2026-10-06,EC,ECOPETROL SA,16.96,15.65,17.29,15.53,18.59,14.79,21.64,-2.47058823529413,1.139860139860138,2.156682027649768,-2.5599999999999987,-1.075294117647059,-0.013348286360307604,-2.1372399489338103,-0.01873963,0.012359148313725489,-0.015676453197616923,0.040394749825067904,0.01810081,0.039309310711462424,0.013048046809279183,0.06557057461364567,0.10488679,0.02507460312499997,-0.014880647859455656,0.0650298541094556,-0.00164605,0.00117515,63.7,0.7,-0.505,0.3871137254901959,1.2788197558028258,-0.5045923048224339,12.9,0.02078842297096606,0.46781466020624274,-0.1619013364302665,1.097530656842752,0.636,61.0
2026-10-06,GREK,GLBL X MSCI GREECE,84.2,80.29,87.1,78.97,90.44,77.11,100.6,-1.660231660231657,1.1931166347992332,2.313117066290548,-11.649999999999991,-7.678980392156863,-5.395415063586157,-9.962545720727569,-0.0085097,0.0046118018039215695,-0.012958858309953396,0.022182461917796537,0.01094175,0.007775089209486174,-0.012725747832306154,0.0282759262512785,0.08337605,0.06921964527343735,0.06222343507884907,0.07621585546802563,0.00190819,-0.0014964,72.4,1.3,-0.607,0.340964705882353,1.179961596349766,-0.49803218458506,16.9,0.09308493720353561,0.12623737014505895,-0.21429646502974484,0.4667712053198627,0.636,61.0
2026-10-06,STLA,STELLANTIS NV,4.61,4.08,4.59,3.97,4.88,3.42,5.53,-16.666666666667023,-2.3703703703703747,-1.2934782608695656,0.41999999999999993,0.42482352941176454,1.0269986127058592,-0.1773515538823302,-0.06139362,-0.01600167294117647,-0.05506189064860366,0.023058544766250716,-0.05788003,-0.04004186513833989,-0.09414156220284511,0.014057831926165339,-0.16298834,-0.14108249835937509,-0.17614532481547843,-0.10601967190327174,0.00315166,0.00567768,90.1,1.66,-1.038,-0.3636941176470589,0.6474662825301443,-1.3748545178242622,26.8,0.01384916072569542,0.04776265332264778,-0.2755496894727885,0.3710749961180841,0.5275,59.0
2026-10-06,EFNL,ISHARES:MSCI FINLAND,53.47,51.32,54.03,50.79,55.79,50.04,60.5,-4.926829268292629,-1.1551724137931032,2.049562682215744,-4.200000000000003,-3.3763529411764726,-1.9524552348465174,-4.800250647506427,-0.01131975,0.003511239843137251,-0.010552248839144476,0.01757472852541898,0.00248854,0.005214436442687739,-0.008020091214623094,0.018448964099998574,0.0437757,0.03694542320312496,0.030940688760189225,0.042950157646060694,0.00265807,0.00381191,62.9,0.98,-0.585,0.3864823529411762,1.222532646399227,-0.4495679405168745,16.5,,,,,0.61,58.0
2026-10-06,EWJ,ISHARES:MSCI JAPAN,99.32,95.42,101.45,92.87,105.07,89.9,108.03,-1.2734374999999953,-1.1217391304347806,-1.0815154994259448,-2.980000000000004,-2.8885490196078423,-0.7338723963220932,-5.043225642893591,0.00510808,0.001396849176470588,-0.01200316740913593,0.014796865762077107,0.00656341,0.010474930434782625,-0.004176213333299485,0.025126074202864737,0.01781903,0.0036817778906250015,-0.00450167238252523,0.011865228163775233,0.00218112,0.00253126,64.1,0.73,0.207,0.23696470588235288,0.8967682756801564,-0.42283886391545067,48.6,0.1711543568639804,0.24845295914263638,-0.41240840624690817,0.9093143245321809,0.6045,58.0
2026-10-06,EWP,ISHARES:MSCI SPAIN,58.84,56.26,59.58,55.05,62.48,55.46,67.56,-4.218750000000048,-1.0412087912087948,2.5798816568047314,-5.670000000000002,-4.607254901960787,-3.475706456869689,-5.738803347051885,-0.019841,0.002635945254901959,-0.008945740418053117,0.014217630927857036,-0.0082984,0.008083235573122538,-0.009899789825653956,0.026066260971899034,0.05118904,0.05474900371093759,0.05125196793104484,0.05824603949083034,0.00136166,0.00187225,73.0,1.17,-1.119,0.33315686274509804,1.0084724370535136,-0.34215871156331745,2.2,0.06928635422730212,0.18723282754247172,-0.21760958176010015,0.5920752368450436,0.5125,58.0
2026-10-06,JPM,JPMORGAN CHASE & CO.,331.28,317.67,338.36,308.52,361.83,295.79,402.53,-1.8960244648317948,1.3422671353251328,2.0076077768385487,-30.150000000000034,-28.595176470588243,-18.175073026964377,-39.01527991421211,-0.0209265,0.0012294989411764708,-0.013894201059727574,0.016353198942080517,0.006505,0.007920646324110665,-0.006661789442559641,0.022503082090780974,0.03867444,0.05119757667968739,0.04023547691065882,0.062159676448715964,0.00402415,0.00326728,61.1,0.54,-1.329,0.06316470588235285,0.8737482302217776,-0.747418818457072,3.0,0.3116946609624882,0.21023628583056062,-0.11618002853960521,0.5366526002007265,0.5125,58.0
2026-10-06,LYB,LYONDELLBASELL INDUSTRIES NV,58.93,54.42,59.68,53.04,65.46,44.12,76.41,-4.196078431372538,1.1086587436332755,1.180283592167454,1.1000000000000014,1.2314509803921567,5.177360136400378,-2.7144581756160644,-0.03271808,0.0013363125490196066,-0.03344824625208091,0.036120871350120126,0.01771228,0.008726214426877458,-0.05227627888870516,0.06972870774246008,-0.06281775,-0.07597530667968744,-0.10700479108067835,-0.04494582227869652,0.00102524,0.00360495,7.7,-1.66,-1.146,-0.1071568627450981,1.0729650976636298,-1.287278823153826,18.8,0.4639715109467666,0.18354260916849188,-0.1236869273682111,0.4907721457051949,0.505,57.0
2026-10-06,DBB,INVESCO DB MS BMTL,25.18,24.45,25.66,23.95,26.77,23.48,28.28,-1.7317073170731723,1.2926829268292677,1.8235294117647074,-1.629999999999999,-1.2574901960784308,-0.6310209192381658,-1.8839594729186957,-0.00161104,0.0050183656862745115,-0.0069500817276256024,0.016986813100174625,0.01236207,0.00867881980237152,-0.010509636658522541,0.027867276263265583,0.0332489,0.02828229605468753,0.018241893554446876,0.03832269855492819,0.00247457,0.00303886,59.3,0.81,-0.647,0.35992549019607856,1.1026924378458245,-0.3828414574536674,9.7,0.1569628198667785,0.681912935952347,-0.06651094275792346,1.4303368146626174,0.4975,56.0
2026-10-06,FXA,INVESCO:AU DOLLAR,69.13,67.39,69.5,66.09,71.86,64.93,74.76,-3.2452830188679154,-1.113553113553109,1.3404761904761964,-1.8000000000000114,-1.2968235294117654,-0.4175201028406986,-2.176126955982832,-0.00993778,0.0011179794509803916,-0.005759791512587139,0.007995750414547921,-0.00231151,0.006363827667984194,-0.0013666664862170864,0.014094321822185474,0.00559895,0.0024898073046875006,-0.003070987797325515,0.008050602406700516,0.00087279,0.0023498,56.9,0.15,-1.999,0.118121568627451,1.092201399369751,-0.855958262114849,0.6,0.45493127991067106,0.5456070629024921,-0.3104347571857625,1.4016488829907465,0.4975,56.0
2026-10-06,SKYD,PARAMOUNT SKYDANCE ,9.53,8.72,10.42,7.89,11.62,7.79,12.8,-1.4927536231884022,1.2743902439024393,1.8793103448275876,-1.0700000000000003,-0.948588235294118,0.16099793244616856,-2.0581744030344042,-0.04331065,-0.010351598235294125,-0.053490099940805585,0.03278690347021733,-0.00221124,-0.004536790355731236,-0.05574996890812768,0.04667638819666521,-0.0219103,-0.004868636640624995,-0.024043747719202542,0.01430647443795255,-0.00577106,0.00176725,88.9,1.82,-0.807,-0.43023921568627443,0.8500784128544479,-1.7105568442269967,37.9,0.5741700676098498,0.4121556424438818,-0.20815535159984588,1.0324666364876096,0.492,55.0
2026-10-06,SWK,"STANLEY BLACK & DECKER, INC.",89.99,85.98,93.45,80.57,98.85,71.74,109.1,1.0370370370370399,-1.0632054176072236,1.0471232876712329,1.0699999999999932,0.045411764705883685,4.170425786044356,-4.079602256632588,0.00239573,0.0001977275294117655,-0.029664149404438764,0.030059604463262297,-0.00704861,0.006334829525691699,-0.03213966354975845,0.04480932260114185,-0.05405736,-0.05339421062500016,-0.06307737114070822,-0.043711050109292104,0.00325132,0.00224942,73.6,0.91,-0.553,0.02009803921568636,1.084082432692898,-1.043886354261525,28.0,0.37410395182277045,0.10293872169535104,-0.10433516300665846,0.31021260639736054,0.494,55.0
2026-10-06,TS,TENARIS SA,56.87,54.25,58.29,52.79,60.75,49.36,68.89,-1.204188481675389,-1.0515463917525762,1.6005326231691086,-4.710000000000001,-4.676039215686273,-1.8093419613424544,-7.542736470030091,0.01423761,0.008093087333333337,-0.016401385053271177,0.032587559719937854,0.00890315,0.026671549328063267,-0.011887905618654313,0.06523100427478085,0.06659493,0.04631220148437508,0.025220890786395275,0.06740351218235488,0.00224938,0.00838505,92.3,1.81,-0.053,0.4004823529411766,1.3462678983560459,-0.5453031924736926,37.1,0.14822398126769842,0.13115091664588246,-0.20762833777921091,0.46993017107097584,0.492,55.0
2026-10-06,MGM,MGM RESORTS INTERNATIONAL,30.54,26.72,32.1,24.79,34.92,24.87,43.13,-2.7692307692307705,-1.312785388127853,2.2204585537918886,-3.730000000000004,-0.9111764705882354,0.8551543576316029,-2.6775072988080737,-0.09251899,-0.0018676225882352942,-0.03442641269166768,0.03069116751519709,-0.10141777,0.00435864964426877,-0.036016531696365976,0.044733830984903515,-0.03953847,-0.03411843656249992,-0.04744073371492868,-0.020796139410071156,0.00233377,0.00246865,78.2,1.11,-2.461,-0.24232549019607852,0.7743951451467592,-1.2590461255389163,3.0,0.01582892738272257,0.27205589376841405,-0.2249956467898862,0.7691074343267144,0.4875,55.0
2026-10-06,VLO,VALERO ENERGY ,419.22,371.85,438.14,380.29,468.02,334.73,517.84,-1.5310239817282092,1.2535319804777791,1.167238726476506,-56.86999999999995,-18.761568627450977,-2.391318823856569,-35.13181843104539,0.01977456,0.016880368235294124,-0.00660451995690392,0.04036525642749217,0.08609544,0.05035966245059283,0.026386511297392428,0.07433281360379324,0.1057207,0.03515146558593754,0.00751072391842806,0.06279220725344703,0.00353802,-0.0035205,85.1,1.44,0.788,0.6097137254901963,1.4225916548009114,-0.2031642038205187,58.1,0.28866848309533566,0.13793063977909487,-0.12277807073394897,0.3986393502921387,0.533,51.0
2026-10-06,ASC,ARDMORE SHIPPING ,18.82,17.75,20.62,17.53,21.3,14.94,23.73,1.708737864077666,1.9224806201550404,1.265463917525773,-1.629999999999999,-0.5566666666666664,0.26355288015410805,-1.376886213487441,0.00733037,0.006737952980392152,-0.02556524543244033,0.039041151393224637,0.0420452,0.020086508142292434,-0.012853670185009814,0.053026686469594686,0.0151767,-0.01623640312499998,-0.02984883919357617,-0.0026239670564237854,-0.00287765,0.00116449,32.7,-0.73,0.529,0.25415294117647075,1.4719997002087433,-0.9636938178558019,55.2,0.31577953966808536,0.4553257488694798,-0.2980845828168837,1.2087360805558434,0.557,51.0
2026-10-06,MPC,MARATHON PETROLEUM ,432.36,384.05,452.31,379.08,491.18,335.85,544.0,-1.375385670209121,1.1039789789789782,1.156771319034297,-48.829999999999984,-16.663411764705884,0.17900089792312812,-33.5058244273349,0.02312241,0.013711875568627458,-0.014668516969116757,0.04209226810637167,0.07523719,0.04008559731225297,0.004739813037018467,0.07543138158748747,0.09390289,0.02592855632812505,-0.00010600488845478873,0.05196311754470489,0.0021408,-0.00466141,78.6,1.41,0.751,0.5598078431372546,1.5923553494022924,-0.47273966312778315,55.4,0.35496086869233934,0.15177843868601015,-0.16317992819886684,0.46673680557088715,0.533,51.0
2026-10-06,ECH,ISHARES:MSCI CHILE,38.31,35.73,38.62,34.86,41.04,34.38,45.9,-4.186440677966126,-1.2637362637362661,1.9312977099236632,-3.769999999999996,-3.9416862745098045,-2.1153485866744686,-5.76802396234514,-0.01460125,0.0012723724705882395,-0.020180556657295106,0.022725301598471585,-0.00313293,0.004525883754940721,-0.026022537676637293,0.03507430518651873,0.05963676,0.05713666535156245,0.04233335257652989,0.07193997812659501,0.00414777,0.00079625,96.6,2.44,-1.181,0.21428627450980386,1.2896213076377525,-0.8610487586181449,10.1,0.21338559841333704,0.41145402688332894,0.03808608957571702,0.7848219641909409,0.444,50.0
2026-10-06,EXE,EXPAND ENERGY ,88.23,79.59,88.48,75.38,96.68,74.26,107.33,-4.865853658536586,-1.520710059171598,1.3672154617036505,-4.219999999999999,-7.566313725490193,-3.2314932854205596,-11.901134165559828,-0.02398234,-0.0025439753725490207,-0.02396180200766261,0.01887385126256457,-0.00738666,-0.00024656818181818465,-0.020749278090037685,0.020256141726401316,0.01150916,0.0193391617578125,0.009200875853276187,0.029477447662348815,0.00596355,0.00443332,72.4,1.06,-1.343,-0.17161960784313732,0.7724444416446498,-1.1156836573309243,12.5,0.14714160444287172,0.11350912855705418,-0.11034917666365195,0.3373674337777603,0.444,50.0
2026-10-06,EWO,ISHARES:MSCI AUSTRIA,41.89,40.07,43.1,38.95,46.08,39.44,49.39,-1.989130434782603,1.4251700680272112,3.0612244897959147,-5.350000000000001,-3.3973725490196087,-2.2255116229912097,-4.569233475048008,-0.015427,0.00529378843137255,-0.01040668595001754,0.020994262812762638,0.0028581,0.014178990553359689,0.0018515332521879153,0.026506447854531462,0.06457263,0.05851384746093756,0.05279508333538069,0.06423261158649443,0.00248814,0.00727517,71.2,1.26,-1.245,0.4813803921568631,1.4254904053104434,-0.4627296209967172,6.2,,,,,0.5025,48.0
2026-10-06,TER,"TERADYNE, INC.",430.32,404.25,470.28,373.04,510.11,317.14,590.81,6.195516811955189,1.39298184357542,1.4180067149673081,-89.85999999999996,-73.23741176470585,-26.336736892046687,-120.13808663736502,0.08223895,0.017668703843137255,-0.029502474269011418,0.06483988195528592,0.04267073,0.05922147845849804,0.005517369346587378,0.1129255875704087,0.17228782,0.12949240046874996,0.09884727697513167,0.16013752396236824,0.01905445,0.03408588,56.0,0.29,0.712,0.48703137254901957,1.1953300265530042,-0.22126728145496516,56.9,0.05278882706345267,-0.01720055895003668,-0.28793916139899756,0.25353804349892417,0.492,47.0
2026-10-06,XES,SPDR S&P OIL&GAS E&S,111.64,103.84,112.53,100.53,121.46,93.97,138.93,-3.175438596491224,-1.131364562118127,1.5444255800792306,-5.640000000000001,-4.072274509803924,1.0772302751872411,-9.221779294795088,-0.01557883,0.007214074392156863,-0.016159399356994484,0.03058754814130821,-0.00158222,0.027465255019762817,-0.005041545328143313,0.05997205536766895,0.01885395,-0.005387627812499956,-0.029552905528994974,0.018777649903995063,0.00428663,0.00218945,54.2,0.08,-1.256,0.39671372549019646,1.295162682282109,-0.5017352313017162,5.2,0.27260404077120026,0.20205856849585754,-0.063224452594522,0.46734158958623706,0.4975,47.0
2026-10-06,DVN,DEVON ENERGY ,48.02,44.23,48.88,43.85,52.94,39.16,58.34,-3.133928571428583,1.1798561151079119,1.1647855530474032,-1.3999999999999986,-0.0981960784313724,2.087698547513024,-2.2840907043757683,-0.0159422,0.006110061137254902,-0.015086059622366987,0.02730618189687679,0.04015704,0.016011162134387368,-0.011002441216614391,0.043024765485389124,-0.00179817,-0.043975262031249955,-0.0687525353861423,-0.019197988676357605,-0.00232738,0.00416127,75.2,0.9,-0.113,0.2912627450980394,1.1673790620171816,-0.5848535718211029,37.1,0.08639320145469753,0.09430309592184008,-0.12856521211275843,0.3171714039564386,0.492,47.0
2026-10-06,EWT,ISHARES:MSCI TAIWAN,117.61,111.67,120.48,107.77,125.17,97.37,138.96,1.051020408163266,-1.3015873015873016,1.0548418972332023,-7.790000000000006,-5.462392156862749,-0.653483658256258,-10.27130065546924,0.02523401,0.007690654784313724,-0.013430954272891468,0.028812263841518915,0.00046871,0.023446545454545442,-0.0008728103062142639,0.04776590121530515,0.05822808,0.024862893867187538,0.0019218476196609796,0.047803940114714095,0.00704186,0.00137715,71.8,1.13,0.618,0.5720078431372551,1.5213690456579965,-0.37735335938348646,59.3,0.015031535241088134,0.4412846553928242,-0.8658647811025062,1.7484340918881547,0.492,47.0
2026-10-06,HUM,HUMANA INC.,404.27,360.58,413.51,358.25,428.92,318.33,511.74,-2.5432258064516104,-1.8669371196754532,1.250523621131022,-33.75999999999999,1.4482745098039231,23.18084727646471,-20.284298256856864,0.00082691,0.005913998078431377,-0.04758433119556712,0.05941232735242987,-0.01247986,0.020024895177865622,-0.0683987953199916,0.10844858567572285,0.05293942,-0.06331751933593735,-0.1090163266805206,-0.017618711991354105,0.00479167,-0.00081355,90.7,1.5,-0.001,0.29569411764705894,1.5193485162294307,-0.9279602809353129,41.5,1.047027081189651,0.2566451453858465,-0.26415522231210264,0.7774455130837956,0.517,47.0
2026-10-06,MKC,"MCCORMICK & COMPANY, INC.",45.4,41.27,47.53,39.89,50.11,38.46,56.67,-3.1056338028168953,-1.1698513800424621,1.6239193083573498,-2.6499999999999986,-1.6659607843137252,0.95179772340911,-4.28371929203656,-0.05359695,-0.008104995999999996,-0.035085851872349486,0.018875859872349493,-0.03838297,-0.02535059790513833,-0.05816954100770852,0.00746834519743186,-0.04730794,-0.02467014183593749,-0.040226936805621505,-0.00911334686625347,0.00062903,-0.00630747,86.1,1.3,-1.757,-0.3506509803921571,0.7493361847750097,-1.450638145559324,14.9,0.28457204139517644,0.13423148622762993,-0.250302154483044,0.5187651269383038,0.415,47.0
2026-10-06,XLE,SEL SECTOR:ENERGY SPDR,63.75,59.98,63.76,58.14,69.4,55.4,74.48,-5.072463768115958,1.0071301247771847,1.2850299401197607,-3.3499999999999943,-2.680843137254899,-0.41829767181752553,-4.943388602692272,-0.01155931,0.007216013490196078,-0.009284156475218585,0.023716183455610742,0.03253478,0.021044422529644235,-0.0008546870155700104,0.04294353207485848,0.03810606,0.016767234414062467,-0.0009015363535893606,0.034436005181714295,0.00119379,-0.00144918,66.7,0.51,-0.316,0.42756078431372563,1.3936968680588382,-0.538575299431387,25.6,0.23978990511574394,0.21487470478549495,-0.09490800093005522,0.5246574105010451,0.481,46.0
2026-10-06,CAH,"CARDINAL HEALTH, INC.",233.44,215.66,241.77,211.17,250.57,198.04,294.16,-1.3584905660377369,-1.3000583771161713,1.715254237288136,-29.620000000000005,-27.590627450980396,-18.914109022157678,-36.26714587980311,0.00023897,0.007978113607843135,-0.021856721658608944,0.03781294887429522,0.0088126,0.029610459683794454,-0.019442536205819868,0.07866345557340877,0.08484771,0.08167252960937468,0.07379198492952348,0.08955307428922589,0.00388923,-0.00405736,51.0,-0.08,-0.497,0.24436470588235276,1.2569417897223558,-0.7682123779576502,24.8,0.3916533349106279,0.21244338492226275,-0.23286337421547657,0.6577501440600021,0.406,46.0
2026-10-06,CSX,CSX ,47.5,45.11,47.97,43.22,51.13,41.05,56.58,-3.0972222222222228,-1.1790633608815422,1.4077519379844952,-2.710000000000001,-2.3478039215686275,-0.6417584294306242,-4.053849413706631,-0.0131194,0.005875546784313729,-0.012638025671794029,0.02438911924042149,-0.0002312,0.02536708758893282,0.010816819786558424,0.03991735539130721,0.03177137,0.020224650351562512,0.005902525539838596,0.03454677516328643,0.00176207,-0.00175759,29.2,-1.0,-0.694,0.3724274509803922,1.4071905803434102,-0.6623356783826257,17.7,0.6165426867092123,0.2737784959768024,-0.10342500338132549,0.6509819953349303,0.406,46.0
2026-10-06,EPOL,ISHARES:MSCI POLAND,44.5,42.11,44.39,41.46,47.29,41.04,50.89,-80.33333333333017,-1.0896057347670252,1.8468208092485545,-3.780000000000001,-3.056392156862743,-2.0312367417499444,-4.081547571975541,-0.01184136,0.005215759529411764,-0.009521051086947709,0.019952570145771238,0.01955145,0.01053518316205534,-0.005438343921744105,0.026508710245854786,0.06341621,0.051065897695312494,0.0447154540671721,0.057416341323452885,0.00294652,-0.00265075,93.8,1.75,-0.498,0.3829843137254902,1.1089645523267804,-0.34299592487579994,13.3,0.46264462316875554,0.6638663931232053,0.1764805240902712,1.1512522621561394,0.481,46.0
2026-10-06,HSIC,"HENRY SCHEIN, INC.",84.84,81.3,86.41,79.59,90.27,76.26,99.94,-1.7616580310880925,1.034285714285713,1.7599067599067595,-5.259999999999991,-3.435294117647058,-0.7287110428619332,-6.141877192432183,-0.01393755,0.006772739019607845,-0.014140648449085245,0.027686126488300933,-0.00459103,0.019497381225296432,-0.006300837903131035,0.0452956003537239,0.02378122,0.007429959453125004,-0.007148830743235034,0.022008749649485043,0.00137392,-0.00461304,62.9,0.6,-0.857,0.19501960784313746,1.1418297745291541,-0.7517905588428793,18.1,0.5308379070376112,0.37658032138646347,-0.018305580836442903,0.7714662236093699,0.481,46.0
2026-10-06,SYY,SYSCO ,77.45,74.05,79.52,72.59,82.69,67.85,94.1,-2.2765957446808622,1.0781893004115217,1.7343749999999976,-5.75,-4.722431372549019,-1.8012558375805172,-7.64360690751752,-0.02073251,-0.0028217111372549016,-0.025727295653335553,0.020083873378825747,-0.00123911,-0.0032235336363636356,-0.03140654247044703,0.02495947519771976,0.02146346,0.01348300863281252,0.002766233528840128,0.024199783736784913,0.00397599,-0.00428104,65.7,0.66,-0.507,-0.10555294117647075,0.8037793418347261,-1.0148852241876676,37.5,0.12703664585487395,0.05463666498561944,-0.27740601641716717,0.386679346388406,0.393,44.0
2026-10-06,EXR,EXTRA SPACE STORAGE INC.,133.89,128.12,136.22,123.19,142.53,113.69,153.59,-1.9402985074626773,-1.2384259259259225,-1.025380710659897,1.1499999999999773,-2.7102745098039196,1.9954237785525044,-7.415972798160343,-0.01088445,-0.0017891580392156861,-0.022030205090104293,0.018451889011672922,-0.01181191,0.006858036877470352,-0.011173218222195674,0.024889291977136376,-0.03758681,-0.018415159765624977,-0.027136676444918552,-0.0096936430863314,0.00154985,0.00062643,77.6,1.18,-0.721,-0.12931372549019612,0.8671079054187041,-1.1257353563990964,27.6,0.0825700964137428,0.15443323386060934,-0.08212436944392093,0.3909908371651396,0.3915,44.0
2026-10-06,ITW,ILLINOIS TOOL WORKS INC.,267.14,248.06,272.44,239.64,290.49,231.38,309.03,-2.820097244732566,-1.177730192719485,1.1714205816554808,-17.0,-14.78949019607844,-5.638235810711864,-23.940744581445017,-0.01020989,-0.0007770947450980377,-0.021251431639064945,0.01969724214886887,-0.00509695,0.0029600971146245035,-0.021720266667002823,0.02764046089625183,0.02145473,0.01884847738281251,0.008272429086626853,0.029424525678998167,0.00112708,-0.00253579,87.5,1.71,-0.15,-0.19092941176470593,0.9609954694691175,-1.3428542929985294,46.2,0.12389778717448574,0.1381442718369881,-0.197119030710894,0.47340757438487024,0.393,44.0
2026-10-06,NTRS,NORTHERN TRUST ,169.46,160.75,174.48,157.47,184.67,151.25,212.53,-1.9724517906336103,1.2685571309424495,2.365183964854474,-21.789999999999992,-15.690745098039212,-9.688997006749087,-21.692493189329337,-0.0251175,0.005048477803921569,-0.013689239114785484,0.02378619472262862,-0.00214617,0.021488781343873505,0.0003385182363758836,0.04263904445137112,0.06180681,0.060850325390624904,0.050105665772474474,0.07159498500877533,0.00236492,-0.00744139,48.8,0.16,-1.422,0.3274352941176471,1.1631103729204662,-0.5082397846851718,0.6,0.3037811429164996,0.15736621094800646,-0.11352740383953858,0.4282598257355515,0.3885,44.0
2026-10-06,EPU,ISHARES:MSCI PERU,91.18,86.96,91.73,85.98,95.37,81.79,111.97,-3.98863636363639,-1.2410501193317436,2.2140575079872193,-12.189999999999998,-12.77145098039216,-8.008428564736693,-17.534473396047627,0.00360862,0.006458543490196082,-0.016478895424178644,0.02939598240457081,0.01613612,0.026586106798418923,-0.006192319052624278,0.05936453264946212,0.11617288,0.10604807605468759,0.09014772421159073,0.12194842789778446,0.00555003,0.0020972,32.3,-1.02,-0.458,0.49411764705882355,1.5649211838717794,-0.5766858897541323,14.1,0.5432508487752756,0.1554741970782352,-0.25319900531357453,0.5641473994700449,0.384,43.0
2026-10-06,PSX,PHILLIPS 66,269.79,246.95,278.9,244.68,304.4,217.92,332.34,-1.603517186251003,1.3783353245718812,1.205899363794099,-19.899999999999977,-6.5965882352941145,3.289830216809624,-16.483006687397854,0.01209052,0.013602876313725485,-0.010392630670997516,0.03759838329844849,0.07922547,0.03753735245059286,0.012025176829113915,0.0630495280720718,0.05463393,-0.0006162284374999808,-0.023790237678950065,0.022557780803950104,0.00143901,-0.00798444,71.0,0.83,0.45,0.5600156862745097,1.4434001852223455,-0.32336881267332607,46.6,0.46683717761820764,0.14508170099785692,-0.09112026024914824,0.3812836622448621,0.467,43.0
2026-10-06,CRL,CHARLES RIVER LABORATORIES,304.96,283.9,313.83,273.75,357.03,225.69,381.89,1.3544776119403006,1.668375520666454,-1.0304172624463794,0.5099999999999909,2.045960784313722,15.440458999603493,-11.348537430976048,0.05391942,0.01005618419607843,-0.0314050961377951,0.051517464529951956,0.0697962,0.018155701383399205,-0.040205143696848564,0.07651654646364697,-0.01208895,-0.06502001367187499,-0.08708077795431288,-0.0429592493894371,0.02556613,0.01040587,96.6,2.11,0.652,0.40934901960784303,1.4543789591579603,-0.6356809199422742,55.4,0.3132732150242996,0.14826396560204105,-0.1268011111794444,0.42332904238352653,0.4395,42.0
2026-10-06,ICL,ICL GROUP LTD,5.08,4.78,5.07,4.59,5.58,4.35,6.7,-31.00000000000071,1.0204081632653057,2.2191780821917795,-0.5800000000000001,-0.4873725490196081,-0.14755358605560043,-0.8271915119836157,-0.03695578,-0.002844233058823532,-0.03847310959609676,0.0327846434784497,0.00378552,-0.0033142466403161958,-0.026633546202562336,0.020005052921929944,0.06237719,0.03420894652343757,0.01731978760730358,0.05109810543957156,0.00366302,0.00234939,52.0,-0.05,-1.87,-0.09960000000000002,0.9008426288115211,-1.1000426288115213,5.8,1.6707713243842752,0.9745489408989696,-0.03414626192106529,1.9832441437190045,0.4375,42.0
2026-10-06,KLAC,KLA ,197.46,194.74,216.89,167.1,224.92,162.46,273.48,74.27586206896025,-1.1056081573197392,2.172,-52.06,-37.96905882352941,-14.046003889461804,-61.892113757597016,0.05128366,0.009266547294117649,-0.028309202133708716,0.04684229672194401,-0.04981271,0.0420883430830039,0.0008843331975222565,0.08329235296848556,0.19261922,0.1301061321874998,0.09563893582004385,0.16457332855495577,0.00619653,0.01375337,16.9,-1.37,0.309,0.34303921568627455,1.1653183021854212,-0.47923987081287217,50.6,0.33864600279255685,0.04521085694109362,-0.1315219916498699,0.22194370553205714,0.432,41.0
2026-10-06,BTU,PEABODY ENERGY ,25.43,22.78,25.57,21.8,28.27,18.59,36.37,-8.517241379310367,-1.2781690140845068,1.5994152046783623,-1.75,-2.9151372549019605,-0.3691599042440057,-5.461114605559915,-0.04158588,0.0036279773333333302,-0.050894394357266594,0.058150349023933255,0.00025334,0.023305838616600818,-0.0452208351552518,0.09183251238845344,0.00881007,0.022072705625000022,0.01136908553988788,0.032776325710112166,0.00991059,0.00303913,4.0,-2.36,-1.144,0.07694117647058825,1.1860737170576734,-1.0321913641164968,13.3,0.3289053238261286,0.13188814682920796,-0.12559702221337715,0.3893733158717931,0.369,40.0
2026-10-06,CORN,TEUCRIUM:CORN,19.29,18.32,19.43,17.79,21.22,17.02,22.19,-10.777777777777782,1.2866666666666664,1.2775330396475784,-0.7699999999999996,-0.2937254901960785,0.19263315062085834,-0.7800841310130153,-0.01837277,0.0019487081960784304,-0.011704576813294296,0.015601993205451156,0.02722248,0.0045224725296442725,-0.015643142103027443,0.024688087162315988,0.0063766,-0.010262024101562484,-0.023258497364003206,0.0027344491608782377,0.00098309,-0.00403821,64.5,0.68,-0.725,0.1031764705882353,1.0703539556617683,-0.8640010144852976,20.0,0.01103662234484215,0.4396265267193857,-0.018052357659982254,0.8973054110987536,0.415,40.0
2026-10-06,EWW,ISHARES:MSCI MEXICO,72.69,67.64,72.48,65.84,75.95,64.87,83.64,-14.085714285713921,-2.1012269938650254,1.4002557544757048,-4.430000000000007,-3.845568627450982,-1.668197811201983,-6.022939443699981,-0.01982624,0.000502771137254903,-0.01480651370294346,0.015812055977453266,-0.02117895,0.006309463478260847,-0.011979883103656457,0.024598810060178153,0.03200392,0.015021802851562509,0.001582397988310039,0.02846120771481498,0.0044347,-0.00422384,96.8,2.08,-1.0,0.10793333333333317,0.9007813241127383,-0.6849146574460718,10.1,0.22790281016012703,0.24617109315629143,-0.07558661689620472,0.5679288032087876,0.415,40.0
2026-10-06,PFE,PFIZER INC.,27.5,26.92,29.24,26.01,30.89,24.03,32.0,1.515789473684213,2.275167785234902,1.2968299711815565,-1.0300000000000011,-0.27250980392156826,0.48277028107555947,-1.027789888918696,-0.00229167,0.0030573169019607856,-0.012071321756421591,0.018185955560343164,0.03851346,0.01418426612648219,-0.010974451623410836,0.03934298387637522,-0.02162775,-0.025423093984375013,-0.034211708355826584,-0.016634479612923442,-0.00137829,0.00061851,31.3,-1.11,-0.344,0.07239999999999999,0.8717077546315766,-0.7269077546315765,30.4,1.111774981689643,0.09350538102151225,-0.26273637287656443,0.4497471349195889,0.392,40.0
2026-10-06,UNP,UNION PACIFIC ,276.61,264.74,280.74,254.44,298.21,242.63,331.42,-2.3750000000000226,-1.0263888888888912,1.6130076515597402,-15.839999999999975,-11.352705882352952,-0.7396689148776812,-21.965742849828224,-0.01148331,0.003909406784313723,-0.016107484080844486,0.02392629764947193,0.00328821,0.012861813675889325,0.00020275107927789082,0.02552087627250076,0.03086002,0.007613945781250016,-0.009665367088848232,0.024893258651348265,0.00108261,-0.00222309,39.5,-0.69,-0.872,0.1886901960784312,1.3328560279785782,-0.9554756358217157,17.7,0.4311743494122271,0.18365828454349944,-0.12149617115378478,0.4888127402407837,0.406,39.0
2026-10-06,EWK,ISHARES:MSCI BELGIUM,25.58,24.42,26.01,23.56,27.23,23.88,29.13,-3.71874999999999,-1.2242424242424224,2.0882352941176485,-1.7100000000000009,-1.250823529411764,-0.6578850074866238,-1.8437620513369042,-0.02204268,0.002202779607843137,-0.013145767993014812,0.017551327208701086,-0.0254549,0.005702295968379447,-0.009496862118419479,0.020901454055178376,0.01645591,0.02250320773437507,0.018520435394291934,0.026485980074458203,0.00110706,0.00210089,93.7,2.05,-1.537,0.2504431372549021,1.3337266681774722,-0.832840393667668,7.7,0.5504665712203187,1.1005215361349945,-0.46665347606097485,2.667696548330964,0.3475,39.0
2026-10-06,GPC,GENUINE PARTS COMPANY,127.38,120.72,128.82,115.7,136.79,109.48,152.27,-2.8044444444444454,-1.2412327311370879,1.390502793296091,-4.840000000000003,-3.321686274509803,3.229063089038114,-9.87243563805772,-0.01961884,-0.0031756619215686267,-0.03602937300593688,0.029678049162799622,-0.01703254,-0.008313886719367605,-0.05779365312680145,0.04116587968806624,-0.0016802,-0.023533975351562486,-0.03384018700674255,-0.013227763696382422,0.00491001,-0.00489786,24.4,-1.06,-0.954,-0.12878823529411784,1.0215994853179644,-1.2791759559062001,27.2,0.5757414702318546,0.1066834540017575,-0.20412454381052214,0.41749145181403713,0.406,39.0
2026-10-06,JBL,JABIL INC.,309.19,275.87,328.71,262.73,352.0,253.06,397.28,-1.971252566735112,-1.0852604531651477,1.5693924817388203,-56.339999999999975,-45.36980392156862,-20.41216358080876,-70.32744426232847,-0.00115693,0.0033606044313725515,-0.026186623120010178,0.03290783198275528,-0.00495093,0.02122441739130438,-0.01097923493084213,0.05342806971345089,0.09642922,0.07986488628906271,0.05804283212183092,0.1016869404562945,0.00395713,0.01793357,85.9,1.29,-0.088,0.21780392156862752,1.0459974261838976,-0.6103895830466425,33.9,-0.1674080137209314,0.11722653427381152,-0.1096534805151137,0.34410654906273674,0.34825,39.0
2026-10-06,STLD,"STEEL DYNAMICS, INC.",238.17,214.5,242.35,209.11,257.51,193.1,302.16,-1.976095617529874,-1.5025853154084783,1.4197914355447092,-23.400000000000006,-20.766745098039216,-6.04779767033056,-35.48569252574787,-0.00324164,0.011033699490196072,-0.021608239981151835,0.04367563896154398,-0.00406647,0.04150419952569166,0.011575049787943808,0.07143334926343951,0.06596774,0.0424760796875,0.027814832232700884,0.05713732714229912,0.00556189,0.01077818,35.5,-0.86,-0.123,0.46337647058823517,1.5055248305488487,-0.5787718893723782,30.0,0.18273025537677468,0.1636119413003071,-0.021207527603455456,0.34843141020406965,0.417,38.0
2026-10-06,AKAM,"AKAMAI TECHNOLOGIES, INC.",108.62,100.28,119.66,98.12,123.69,91.07,144.37,1.3713188220230461,1.4352380952380945,2.037037037037036,-16.799999999999997,-10.608039215686269,2.098071506462164,-23.3141499378347,0.02048753,0.005406642352941177,-0.043576648644749756,0.054389933350632115,0.01818383,0.022497706877470356,-0.02152761871007675,0.06652303246501746,0.06124542,0.016189056796875018,-0.03126955471440971,0.06364766830815974,0.00388978,-0.01319754,60.5,0.9,0.145,0.04855686274509786,0.9055180314035988,-0.8084043059134031,58.1,0.1727212145234287,0.10109456465213303,-0.38809451533760103,0.5902836446418671,0.342,38.0
2026-10-06,AMAT,"APPLIED MATERIALS, INC.",530.27,508.53,580.86,438.5,597.91,407.29,718.98,5.64758144126358,-1.3567415730337078,1.5344771507562214,-118.0,-73.23505882352937,-9.009628036802681,-137.46048961025605,0.06390568,0.013912765921568615,-0.025693470572103347,0.053519002415240574,-0.03945215,0.051830668498023626,0.009060231813740494,0.09460110518230676,0.17314563,0.09665816757812484,0.04876678983313446,0.14454954532311523,0.01032557,0.01433091,45.0,0.11,0.8,0.49457647058823484,1.3558785115375176,-0.3667255703610479,65.7,0.11448198835827417,0.037823597541685225,-0.13633825704455566,0.21198545212792613,0.40125,38.0
2026-10-06,EQT,EQT ,52.47,46.19,52.02,45.63,55.22,43.5,63.91,-7.985915492957739,-2.487272727272726,1.2753623188405796,-4.079999999999998,-6.172274509803922,-3.740117823893218,-8.604431195714625,-0.01966342,-0.0011354449411764716,-0.02241975370064222,0.020148863818289273,0.00110941,0.003832863162055328,-0.018555854946500805,0.026221581270611458,0.05301648,0.05199624011718759,0.041551689154481444,0.06244079107989374,0.00716595,0.0149379,92.7,1.71,-0.615,-0.06336470588235292,0.8781852749821557,-1.0049146867468615,33.5,0.20554064308639575,0.21011860867825438,-0.07839874263723096,0.4986359599937397,0.356,38.0
2026-10-06,LRCX,LAM RESEARCH ,333.89,324.07,372.14,279.81,392.37,265.89,465.05,26.50000000000063,1.0813609467455627,1.928823529411765,-94.99000000000001,-58.69839215686275,-20.227798179800615,-97.16898613392489,0.05942053,0.012878156156862738,-0.025835282221939128,0.05159159453566461,-0.01979856,0.051248866205533705,0.00459183491760861,0.0979058974934588,0.19433488,0.13140044265625034,0.09736538658161782,0.16543549873088287,0.01367463,0.01460311,37.5,-0.2,0.237,0.46894901960784335,1.3122344635178236,-0.3743364243021369,39.5,0.019707675907376654,0.03418320811634872,-0.10771291365732272,0.17607932989002018,0.417,38.0
2026-10-06,TECK,TECK RESOURCES LIMITED,67.1,64.03,69.87,61.79,74.53,54.63,84.07,1.2801724137931068,1.3992467043314527,1.3608660785886135,-3.740000000000009,-3.854823529411764,-0.7574224299256604,-6.952224628897867,0.01197122,0.006754342784313729,-0.0245329551893905,0.038041640758017956,0.02409924,0.025485307588932818,-0.008754856512629257,0.05972547169049489,0.02265608,0.012635785429687506,-0.001133441677340313,0.026405012536715324,0.00573709,0.01090695,77.4,0.82,-0.63,0.2831411764705881,1.1126893955074755,-0.5464070425662992,14.9,0.35349720846796795,0.03698590614136424,-0.15555718233582008,0.22952899461854856,0.329,37.0
2026-10-06,VZ,VERIZON COMMUNICATIONS INC.,45.98,43.29,47.45,43.24,50.34,40.83,54.55,-2.272727272727271,1.5912408759124141,1.6640776699029132,-2.8900000000000006,-2.4368627450980385,-0.8728772116600023,-4.000848278536075,-0.0306166,0.0006571896078431367,-0.024757588768351005,0.026071967984037277,0.02686809,0.00023522486166008684,-0.033156926328477714,0.03362737605179789,-0.00169417,0.012828402656250026,0.003187307842763089,0.022469497469736963,-0.00262626,0.00076591,63.1,0.53,-1.556,-0.04172941176470589,0.9475149835885565,-1.0309738071179682,4.2,0.377862509363202,0.0993212728503644,-0.35537269413347217,0.554015239834201,0.3325,37.0
2026-10-06,HOOD,"ROBINHOOD MARKETS, INC.",112.0,104.28,125.18,100.49,133.01,88.53,172.83,1.5994358251057825,1.8253692441355327,2.5918193438432047,-35.77000000000001,-32.078549019607834,-16.46954738150376,-47.68755065771191,-0.00480406,-0.006041888196078436,-0.0603439617231017,0.04826018533094483,0.00277258,-0.012096396679841857,-0.10011270114172718,0.07591990778204347,0.15781791,0.1707920195312497,0.12209939433617634,0.21948464472632306,0.00703635,-0.00850748,1.0,-2.55,-0.333,-0.06599607843137248,0.7959479132910888,-0.9279400701538337,39.9,0.17417693364381504,-0.03830559054174032,-0.26658977042011056,0.18997858933662995,0.333,37.0
2026-10-06,JNK,SPDR BBG HIGH YIELD BD,92.88,90.53,93.67,84.89,100.53,86.15,100.27,-2.8588235294117275,-1.044444444444443,1.0980683506686495,-1.3700000000000045,-0.794862745098037,-0.13369767286534173,-1.4560278173307322,-0.00841156,-0.001367782980392157,-0.005592979752574718,0.0028574137917904046,-0.00533119,-0.005006048537549397,-0.014665821303978525,0.004653724228879732,-0.00556164,-0.00811833632812499,-0.011926846364240419,-0.00430982629200956,0.00058269,0.0022327,65.5,0.94,-2.104,-0.5279882352941175,0.24231415692052316,-1.2982906275087582,3.4,0.49736444213461284,0.9830001723625797,-0.17426390248081491,2.1402642472059745,0.3325,37.0
2026-10-06,MCK,MCKESSON ,921.67,848.35,945.68,841.78,997.72,805.36,1088.52,-1.3618576143328591,-1.0504930966469417,1.4345284154414935,-95.18000000000006,-92.61490196078425,-59.62087944246786,-125.60892447910064,0.01190342,0.0032028832156862776,-0.020040448830573772,0.026446215261946328,0.03666851,0.01781561905138343,-0.01971269946607144,0.0553439375688383,0.08760441,0.06584148058593754,0.054131176001354434,0.07755178517052065,0.00149817,-0.00740786,58.7,0.46,0.411,0.08701960784313713,1.0449655749999345,-0.8709263593136601,57.7,0.08783075672402552,0.14797207846298438,-0.34454138945881757,0.6404855463847863,0.393,37.0
2026-10-06,ARE,"ALEXANDRIA REAL ESTATE EQUITIES, INC.",45.92,43.5,50.02,41.93,53.24,36.4,59.63,1.313653136531363,1.8345864661654128,1.4401260504201676,0.39000000000000057,1.4184705882352924,5.450953510435005,-2.6140123339644195,-0.02661741,-0.01390418019607843,-0.05409457975422413,0.026286219362067275,-0.00075865,-0.03354019126482215,-0.08374321137870305,0.016662828849058765,-0.11977998,-0.10856792933593752,-0.1258314880384242,-0.09130437063345084,-0.00502172,0.00780424,38.7,-0.49,-0.895,-0.26000000000000006,0.7498228775852174,-1.2698228775852174,26.4,0.026048442674263983,-0.000596457294857514,-0.2967068241234965,0.2955139095337815,0.34,36.0
2026-10-06,FXY,INVESCO:JAPANESE YEN,57.93,57.04,58.81,54.34,61.77,54.03,62.52,-1.2465753424657542,1.0696378830083586,1.1769230769230783,-0.9100000000000037,-0.8295294117647062,-0.2544541221734463,-1.4046047013559662,-0.00730904,-0.0010763915294117645,-0.0075238580775580195,0.00537107501873449,-0.00499989,-0.007193554426877462,-0.01618445191567655,0.0017973430619216274,-0.00686912,-0.008049730195312499,-0.011037350748506727,-0.00506210964211827,0.00026188,0.00033728,5.0,-2.62,-1.224,-0.5787372549019606,0.41491400800068645,-1.5723885178046078,19.6,0.04722491133572215,0.3429355277923869,-0.3783082352353193,1.064179290820093,0.34,36.0
2026-10-06,GIS,"GENERAL MILLS, INC.",32.18,29.89,32.73,27.66,36.26,26.85,41.2,-13.222222222222237,-1.1078431372549022,1.6923076923076934,-0.36999999999999744,-0.02772549019607913,1.6330321881182426,-1.6884831685104007,-0.04820356,-0.00814974545098039,-0.03178844471373476,0.015488953811773976,-0.03437571,-0.016656092766798414,-0.046698882281614715,0.01338669674801789,-0.06255354,-0.05491705812500006,-0.0731875217992736,-0.036646594450726516,3.818e-05,-0.00588685,40.9,-0.39,-1.975,-0.49136078431372515,0.5272942398718898,-1.51001580849934,10.5,0.28953669430807216,0.15028580474940856,-0.1886904362356564,0.4892620457344735,0.34,36.0
2026-10-06,GL,GLOBE LIFE INC.,166.28,160.37,169.56,153.67,176.71,147.13,197.81,-1.7160120845921458,-1.2090124640460216,1.646475195822454,-9.759999999999991,3.3439607843137265,21.220514568399356,-14.532592999771904,-0.00991536,0.0014858728627450983,-0.014307115515560432,0.017278861241050627,-0.01508014,0.01788916059288542,-0.003177263085467088,0.03895558427123792,0.02745197,-0.07504791972656234,-0.19861143989950716,0.04851560044638248,-0.00028035,-0.00154058,16.1,-1.68,-0.905,0.2043568627450981,1.2651401317501965,-0.8564264062600003,16.1,1.2616935335368202,0.35042382035255526,-0.02636437058236507,0.7272120112874756,0.34,36.0
2026-10-06,KO,THE COCA-COLA COMPANY,86.17,83.99,87.47,81.65,93.25,78.55,101.0,-1.5972222222222228,1.5663716814159303,1.9461942257217835,-6.260000000000005,-5.915764705882347,-3.8113402087564126,-8.02018920300828,-0.0098966,0.006046673960784314,-0.006120680930989979,0.018214028852558607,0.02173228,0.021963546166007927,0.008824525332844294,0.03510256699917156,0.04248846,0.04151308312499999,0.0377426519754865,0.04528351427451348,0.00045673,-0.00606018,24.2,-1.18,-0.795,0.26346666666666685,1.1385104169039888,-0.6115770835706552,10.5,0.5342934977913347,0.06258824114825587,-0.2264071590286342,0.35158364132514597,0.34,36.0
2026-10-06,STT,STATE STREET ,175.75,165.89,178.11,162.02,188.43,156.83,218.66,-4.5833333333333695,-1.0828075709779166,2.267970401691333,-21.75,-13.824196078431367,-7.454412398067468,-20.193979758795265,-0.02880145,0.005788337568627448,-0.014821130233756186,0.026397805371011083,-0.00931065,0.02714652292490117,0.0009493679192688585,0.053343677930533476,0.06637761,0.054737702460937405,0.03972703041309401,0.0697483745087808,0.00652573,-0.00898716,9.3,-1.82,-1.902,0.551835294117647,1.5598447559419761,-0.4561741677066822,0.6,0.8211587090553596,0.24314623079724093,-0.0605199270189031,0.546812388613385,0.3135,35.0
2026-10-06,BNY,THE BANK OF NEW YORK MELLON ,143.73,136.75,147.19,130.9,157.32,131.78,184.9,-3.320441988950267,1.0592361652377256,3.445188284518833,-23.430000000000007,-17.18890196078432,-12.374072713622294,-22.00373120794635,-0.03283739,0.006430933921568629,-0.009572191157684408,0.02243405900082167,-0.01753994,0.02372117537549407,0.010679908995798616,0.03676244175518953,0.09070256,0.09104538425781279,0.0834225941558846,0.09866817435974098,0.00366009,-0.00952176,13.3,-1.42,-2.764,0.4220705882352943,1.360535540931254,-0.5163943644606653,0.6,0.46959158640103826,0.3054115093258665,-0.008563555984681226,0.6193865746364142,0.3135,35.0
2026-10-06,CMBT,CMB.TECH NV,19.68,18.53,20.65,18.85,21.76,15.55,25.05,1.1443298969072173,2.5060240963855493,1.3002421307506058,-1.129999999999999,-0.11611764705882328,0.6916464889923543,-0.9238817831100009,0.00637074,0.014690847294117649,-0.012983447524360968,0.04236514211259627,0.06494388,0.04501195007905133,0.019834881133369793,0.07018901902473287,0.02023565,-0.04023545445312514,-0.07288145359693952,-0.0075894553093107525,0.00026346,0.00068849,13.7,-1.73,0.279,0.5288588235294117,1.4433107115920305,-0.38559306453320696,41.9,0.7496573153416921,0.335370457348463,-0.18360840582914822,0.8543493205260742,0.392,34.0
2026-10-06,MDY,SPDR S&P MIDCAP 400 ETF,675.0,642.96,684.02,626.15,707.52,597.44,745.07,-1.8693368351936963,-1.5021525215252167,-1.1068931068931054,-4.470000000000027,-14.053294117647045,-2.235619373850703,-25.870968861443387,-0.00304614,0.000810280666666667,-0.009036901322913444,0.010657462656246777,-0.00514428,0.004789123122529644,-0.004543006492197174,0.014121252737256462,-0.00844519,-0.0024342303515625064,-0.007949414265384015,0.0030809535622590024,0.00213202,0.00380421,32.3,-0.84,-0.691,0.09220392156862742,0.9228592586133842,-0.7384514154761294,19.2,0.5375973517328936,0.21260785093725468,0.019335341531098837,0.4058803603434105,0.3165,34.0
2026-10-06,DHT,"DHT HOLDINGS, INC.",23.52,21.55,25.81,21.88,26.48,18.85,29.91,1.30601092896175,1.8048780487804876,1.3683083511777308,-4.02,-1.9293333333333347,-0.7418013417764211,-3.1168653248902483,0.02021649,0.012322371960784314,-0.015025145099607262,0.03966988902117589,0.06321063,0.04001252347826086,-0.00022053761819017248,0.0802455845747119,0.10531397,0.059504511210937264,0.03290504898712767,0.08610397343474685,-0.00406228,0.00538108,37.5,-0.91,1.206,0.38968235294117637,1.507947075291964,-0.7285823694096112,78.4,0.7112068886016614,0.30103198381959273,-0.16689535499211672,0.7689593226313022,0.36725,33.0
2026-10-06,EQIX,"EQUINIX, INC.",1047.36,976.32,1054.61,948.7,1109.79,869.7,1223.8,-3.3132461625923466,-1.5803299695659099,-1.0069145318521866,-24.670000000000073,-49.41509803921571,-5.899692450918906,-92.93050362751251,0.00571345,0.005084949882352944,-0.01497411996789469,0.02514401973260058,0.00725484,0.022510830948616573,-0.016215970049361313,0.061237631946594456,0.01353759,0.013037976679687497,-0.008321156049163048,0.034397109408538046,0.00721514,0.00597602,49.4,0.27,0.038,0.25273725490196125,1.2361987485220116,-0.730724238718089,38.7,0.38630245085754855,0.35032683707537765,-0.05287673678294447,0.7535304109336998,0.3035,33.0
2026-10-06,EWQ,ISHARES:MSCI FRANCE,41.81,40.67,42.68,38.55,44.99,38.67,47.94,-2.1967213114754176,-1.0251572327044043,1.9522292993630554,-2.1499999999999986,-1.1552156862745102,-0.2392183959000005,-2.07121297664902,-0.02404601,-0.0013970081176470583,-0.014192138769914264,0.011398122534620147,-0.02888178,-0.0038623593675889303,-0.01673994097391257,0.00901522223873471,-0.00045405,-0.003037965820312506,-0.008478606012622717,0.0024026743719977044,0.00037041,-0.00113134,87.9,1.71,-2.072,-0.050219607843137205,0.8929232611155175,-0.9933624768017918,3.4,0.30309723544541134,0.5153686723133264,0.030443506645264795,1.000293837981388,0.3075,33.0
2026-10-06,TUR,ISHARES:MSCI TURKEY,34.47,31.96,35.09,30.76,37.98,30.7,42.85,-2.9358974358974304,-1.0569800569800567,2.222811671087534,-3.4100000000000037,-1.2531764705882371,0.16701083969677533,-2.6733637808732498,-0.05090944,-0.0006300871372549013,-0.023381127017942052,0.022120952743432253,-0.02871797,-0.0012158832015810312,-0.02533172535614698,0.022899958952984918,0.01724169,0.005318542265625001,-0.005365169303976841,0.016002253835226844,0.00466285,-5.746e-05,67.3,0.89,-1.534,0.21741960784313732,1.283745151828534,-0.8489059361422594,1.0,0.022543218026123135,0.9262590573566097,0.14884784478508528,1.7036702699281343,0.3225,31.0
2026-10-06,EL,THE ESTEE LAUDER COMPANIES INC.,93.36,86.92,96.33,83.29,108.01,74.84,120.8,-2.1569965870307093,1.4548162859980154,1.4816414686825057,-6.25,-0.1425098039215696,6.57896582431413,-6.8639854321572695,-0.02162884,-0.0005621942352941186,-0.04116649093061309,0.04004210246002485,0.03275786,-0.009676733043478256,-0.06820568969185752,0.048852223604901004,0.00347461,-0.06683620496093745,-0.09366880736222404,-0.04000360255965087,0.00215779,-0.00276429,34.1,-0.83,-0.942,0.10366274509803923,1.1022046210037604,-0.8948791308076819,14.9,0.41942478985310006,0.10669691581639634,-0.30922679117022794,0.5226206228030206,0.34,31.0
2026-10-06,EWN,ISHARES:MSCI NETHERLANDS,68.12,65.98,69.04,63.84,71.54,60.91,76.41,-2.1279069767441854,-1.2514619883040932,1.149791955617196,-2.6199999999999903,-2.699529411764709,-1.2090000660520004,-4.190058757477418,0.00230354,0.0017892634509803927,-0.012481929527022189,0.016060456428982975,-0.00184536,0.0068457964426877444,-0.008146304377241204,0.02183789726261669,0.0203848,0.013835857968750028,0.005938712840890127,0.02173300309660993,0.00346009,0.00157465,78.0,1.31,-0.401,0.17865490196078423,0.9896315845177321,-0.6323217805961636,22.0,0.32549322444647677,0.014247534142187367,-0.44559537288425155,0.4740904411686263,0.279,31.0
2026-10-06,SJM,THE J. M. SMUCKER COMPANY,116.8,112.61,121.1,108.85,130.28,103.01,146.69,-1.450920245398772,1.6955974842767294,2.1675126903553315,-9.400000000000006,-3.8716470588235317,1.4344227488661434,-9.177716866513206,-0.01274475,0.002544142,-0.019211899976596492,0.02430018397659649,0.01961191,0.009505262292490125,-0.021113812122365162,0.040124336707345415,0.0233793,-0.009764311874999976,-0.03165754101088532,0.012128917260885365,0.00084654,-0.00252401,27.0,-1.16,-1.314,-0.07711764705882353,1.0967373092903931,-1.2509726034080402,8.9,0.4464317963441842,0.13501968072809947,-0.2815001652016097,0.5515395266578087,0.3135,30.0
2026-10-06,SMH,VANECK:SEMICONDUCTOR,632.5,610.79,659.21,565.93,684.74,510.15,775.99,3.2843040473840075,-1.2743108728943346,1.1727829995913361,-64.62,-60.171686274509796,-27.210709922072752,-93.13266262694684,0.0487892,0.007783265450980391,-0.018634663804556015,0.0342011947065168,-0.00314446,0.030539360988142375,-0.0015141755338242274,0.06259289751010898,0.09889737,0.07845281738281236,0.06452759587033337,0.09237803889529135,0.00747354,0.00617756,22.0,-1.29,1.101,0.5298627450980392,1.4917941728194255,-0.4320686826233471,77.2,0.07692823731743736,0.07618877938861479,-0.09477521525292465,0.24715277403015423,0.32625,30.0
2026-10-06,TDW,TIDEWATER INC.,82.07,77.62,84.94,73.9,95.55,66.01,117.09,1.0475113122171997,1.6499388004895992,2.1805728518057306,-7.560000000000002,-1.1886274509803927,3.4997839699594744,-5.87703887192026,-0.01989417,0.009403722862745103,-0.027023452590365253,0.045830898315855455,0.01955643,0.030352545059288565,-0.01486577833023502,0.07557086844881215,0.02271178,-0.03466492550781251,-0.05459499493535193,-0.014734856080273081,0.00857176,-0.01569583,6.5,-2.2,-1.223,0.1577450980392155,1.1565780123320386,-0.8410878162536077,8.5,0.4434074142024309,0.17453925029049816,-0.1939258113376025,0.5430043119185988,0.3135,30.0
2026-10-06,APA,APA ,44.1,40.21,44.9,39.58,49.75,34.89,58.59,-3.273584905660391,1.249999999999999,1.5732899022801303,-4.829999999999998,-1.9650196078431377,1.122873549822348,-5.052912765508624,-0.01628251,0.010808788862745097,-0.02164727428537517,0.043264852010865364,0.06300942,0.03778552766798424,-0.00038754656308741253,0.07595860189905589,0.07520264,-0.008847732421874975,-0.06701002424937824,0.049314559405628296,-0.00470712,-0.00024516,64.7,0.31,0.081,0.38432549019607853,1.3319276526070554,-0.5632766722148983,41.9,0.20303666812983256,0.05846426065268653,-0.14189371184168942,0.2588222331470625,0.327,30.0
2026-10-06,EW,EDWARDS LIFESCIENCES ,86.48,82.9,89.02,78.74,92.82,77.07,101.04,-1.2656826568265738,-1.2208201892744515,1.5472901168969166,-5.359999999999999,-2.54207843137255,0.7164975331645578,-5.800654395909659,-0.00180526,0.00150557419607843,-0.01694403932655121,0.01995518771870807,-0.0225356,0.017633163715415037,-0.002539821373646233,0.0378061488044763,0.02322924,-0.013973236015625,-0.04030151940719087,0.012355047375940875,0.0019995,-0.0055563,80.8,1.38,-0.072,0.037780392156862644,0.8365100866160516,-0.7609493023023263,43.5,0.29971974926293177,0.2986990281930464,-0.14687953719116792,0.7442775935772608,0.327,30.0
2026-10-06,EXPD,EXPEDITORS INTERNATIONAL OF WASHINGTON,191.8,183.16,195.62,178.99,211.2,165.81,226.09,-1.2681159420289896,1.5144418423106927,1.3193535975375137,-12.119999999999976,-9.030431372549023,-1.44518916023409,-16.615673584863956,-0.00057201,0.00523148117647059,-0.023528360052619147,0.033991322405560326,0.03809047,0.010051201343873519,-0.032551539131658994,0.05265394181940604,0.04301465,0.021176135507812516,0.008167852754476589,0.034184418261148444,0.0004855,-0.00206085,83.9,1.56,0.402,0.4589803921568628,1.1553264146762605,-0.237365630362535,43.1,0.04650043259237946,0.08821124275680536,-0.33056465026555826,0.506987135779169,0.327,30.0
2026-10-06,MU,"MICRON TECHNOLOGY, INC.",1045.56,1022.25,1170.42,929.62,1197.5,840.97,1664.3,5.4615038271049245,1.3105054338450934,3.0242924874138533,-437.4000000000001,-197.39286274509794,-30.323157882973618,-364.46256760722224,0.04434478,0.03027565588235294,-0.023040468174852037,0.08359177993955791,-0.01375509,0.10389619885375487,0.032546799634522255,0.17524559807298748,0.27128893,0.17660088828125034,0.1217274451229448,0.23147433143955587,0.00420148,0.0059618,5.2,-2.02,0.308,0.7176352941176466,1.6073876596541292,-0.17211707141883614,38.7,-0.04045181603338577,-0.01536456469323095,-0.1907342068581686,0.16000507747170672,0.3095,30.0
2026-10-06,WAB,WESTINGHOUSE AIR BRAKE TECHNOLOGIES ,291.16,281.05,299.37,264.49,326.0,255.06,334.79,-1.0210643015521126,1.3063367079115094,1.2085872576177277,-19.47999999999996,-23.09890196078432,-13.080538213375773,-33.11726570819287,0.01138192,0.0069072150588235315,-0.011750894349326226,0.025565324466973287,0.03253038,0.024181761501976307,0.006899456598781023,0.04146406640517159,0.04604183,0.05191168679687483,0.04607388706704565,0.05774948652670401,0.00127812,0.00836944,16.3,-1.46,0.421,0.3511607843137253,1.2071429811441976,-0.504821412516747,51.8,0.4776314993166104,0.08706472049592248,-0.15839312420193863,0.3325225651937836,0.281,29.0
2026-10-06,ELV,"ELEVANCE HEALTH, INC.",400.09,367.16,395.52,353.06,423.04,321.26,482.16,,-2.049237472766879,1.0411011036407467,-3.890000000000043,5.911843137254893,22.159768702450826,-10.336082427941038,-0.02765796,0.0009333562745098015,-0.03067376904073492,0.03254048158975452,-0.01991948,0.00894069770750988,-0.02930475453499222,0.04718614995001198,-0.01407109,-0.0650125709374999,-0.0739276883906524,-0.0560974534843474,0.00229601,-0.00523554,39.5,-0.71,-0.104,0.3046274509803921,1.3730234000404236,-0.7637684980796393,35.9,0.42270045283600655,0.15244856505070037,-0.19294799953592517,0.4978451296373259,0.318,29.0
2026-10-06,RVTY,"REVVITY, INC.",153.3,146.25,171.92,143.12,180.66,115.18,194.46,2.4359637774902896,2.687622789783887,1.079748163693599,-11.469999999999999,-5.556078431372549,0.16975984182659776,-11.281916704571696,0.0569689,0.010721704549019604,-0.01939764613661267,0.04084105523465188,0.06541586,0.019505759407114635,-0.014977137835290536,0.05398865664951981,0.02515823,-0.0018691801953124997,-0.012505195622870738,0.008766835232245737,-0.01384037,0.00393372,75.6,0.97,1.288,0.33576078431372525,1.1583635012750406,-0.48684193264759,90.3,0.001555896538470103,0.1431548501572711,-0.1333212248530907,0.4196309251676329,0.3075,28.0
2026-10-06,HYG,ISHARES:IBOXX $HY CORP,77.27,75.23,78.24,70.18,84.44,72.34,83.17,-2.2258064516128795,1.011283497884346,1.1967545638945263,-1.7000000000000028,-0.9838823529411758,-0.44392953905575006,-1.5238351668266015,-0.0073891,-0.0015584740000000004,-0.005455213432680857,0.0023382654326808564,-0.00159043,-0.00332775482213439,-0.012867694089726702,0.006212184445457921,0.00066507,-0.003800556210937499,-0.0075716620205065685,-2.9450401368429253e-05,0.00020138,0.00100003,56.2,0.16,-2.183,-0.5198745098039217,0.19706707509593302,-1.2368160947037765,2.2,0.4161277120615845,0.5905615853228108,-0.17777221274936184,1.3588953833949833,0.3075,28.0
2026-10-06,JNJ,JOHNSON & JOHNSON,254.78,247.9,269.01,240.95,281.64,227.09,323.95,1.06225680933852,1.9421547360809805,2.498013723365836,-33.400000000000006,-16.950745098039217,-7.710389206532746,-26.19110098954569,-0.01277919,0.007147201215686274,-0.007344421004340987,0.021638823435713536,0.01148029,0.022064576363636387,0.0034666853826921806,0.040662467344580594,0.05330681,0.039150095390625105,0.024519148646819998,0.05378104213443021,-0.00066849,-0.00028261,24.0,-1.17,-1.376,0.5755294117647055,1.73388497562259,-0.5828261520931791,5.0,0.6793380039964532,0.2724564637724867,-0.007648379465002575,0.552561307009976,0.2475,27.0
2026-10-06,SNDK,SANDISK CORPORATION,1660.46,1621.12,1917.11,1401.07,1990.25,1295.06,4064.76,5.457759004001777,1.2714059909788342,6.57991242474001,-1699.15,-1067.0464313725488,-299.3668281801188,-1834.7260345649788,0.03625762,0.05397637003921566,-0.02882716050848242,0.13677990058691375,-0.05046752,0.17701030498023734,0.051194087837964086,0.3028265221225106,0.58703766,0.6508227042187521,0.5990183309937064,0.7026270774437978,0.00669632,0.01827958,11.5,-1.68,-0.259,0.7702901960784315,1.6537582694769717,-0.11317787732010876,15.3,-0.050694304607579066,-0.07124153670377945,-0.25135506579749906,0.10887199238994016,0.235,26.0
2026-10-06,SW,SMURFIT WESTROCK PUBLIC LIMITED COMPANY,42.39,40.91,45.41,38.71,48.02,33.74,55.83,1.2110552763819067,1.5298913043478268,1.553757225433526,-3.039999999999999,-2.560313725490195,-0.16129623064800303,-4.959331220332387,-0.00653063,-0.005104825803921565,-0.03733916406325387,0.027129512455410735,-0.00266047,-0.001810811225296453,-0.04506345282287663,0.04144183037228373,-0.00829659,-0.00869702945312499,-0.020518625234132004,0.0031245663278820276,-0.00328046,0.00836504,16.5,-1.25,-0.492,-0.06843529411764708,0.8680070366784897,-1.0048776249137839,30.8,0.3648358067457709,0.025997806093658215,-0.2605769672664318,0.3125725794537482,0.252,26.0
2026-10-06,AIZ,"ASSURANT, INC.",270.96,251.29,275.4,246.36,285.83,234.94,317.46,-2.951334379905804,-1.6543375924680537,1.29094947251527,-14.850000000000023,-13.745803921568632,-5.709080676826224,-21.78252716631104,-0.01602694,0.00499384349019608,-0.011880810737301392,0.02186849771769355,-0.00903436,0.0182035679051383,-0.002164304545507461,0.03857144035578407,0.02075669,0.02125884890625,0.01296004137130013,0.02955765644119987,0.00105685,-0.0033313,77.6,1.16,-0.784,0.3583647058823529,1.2304841242258409,-0.5137547124611351,8.5,0.42599959789794095,0.14085705797301606,-0.19275127153477523,0.47446538748080735,0.2335,26.0
2026-10-06,ALGN,"ALIGN TECHNOLOGY, INC.",141.45,137.35,148.16,131.76,149.2,117.98,174.5,1.3761682242990685,-1.250322580645161,1.4081806561567973,-0.46999999999999886,1.9092941176470588,9.545764133493257,-5.727175898199139,-0.01382415,0.002808644352941174,-0.022793015659867747,0.028410304365750098,-0.03671518,0.002818062411067194,-0.034297281559448334,0.039933406381582714,-0.05477403,-0.06429390769531239,-0.07981374427681502,-0.048774071113809755,0.00132254,-0.01175836,33.1,-0.83,-0.954,0.033274509803921486,0.8468493682723625,-0.7803003486645196,12.9,0.6267862382726883,0.276838434658746,-0.19727215374222357,0.7509490230597156,0.241,26.0
2026-10-06,AMD,"ADVANCED MICRO DEVICES, INC.",649.42,602.8,686.45,553.6,738.19,438.64,920.58,1.3225552050473215,-1.0794187225413971,1.2864598159218148,-118.48000000000002,-69.761294117647,-9.986638127734622,-129.53595010755936,0.07726907,0.024202588352941156,-0.035442118799127384,0.0838472955050097,0.03039676,0.06659038533596838,-0.013951558867125124,0.14713232953906188,0.17786345,0.10735159695312554,0.06066325507542923,0.15403993883082184,0.00487662,0.0057861,50.6,-0.02,1.602,0.46042745098039234,1.440423627270223,-0.5195687253094383,86.7,0.0005955265965369438,-0.07797295832176909,-0.3119139054277571,0.15596798878421891,0.285,26.0
2026-10-06,BIIB,BIOGEN INC.,222.89,216.53,233.87,207.68,240.15,187.3,264.05,1.1501706484641665,1.1347797501643684,1.156504636133747,-11.100000000000023,-3.269411764705882,4.279581496578446,-10.818405025990211,0.00697818,0.008242236901960786,-0.01245441631234784,0.028938890116269413,-0.00171881,0.03057181367588936,0.009141747898068462,0.052001879453710265,0.00990985,-0.03468322089843748,-0.05759058790647742,-0.011775853890397533,-0.0027636,0.00665611,16.9,-1.3,0.647,0.3466509803921569,1.038244899798098,-0.34494293901378403,74.8,0.5303220776053921,0.09681186986021033,-0.18028784575896822,0.3739115854793889,0.30125,26.0
2026-10-06,DIS,THE WALT DISNEY COMPANY,104.03,98.42,106.64,94.87,112.93,86.65,122.82,-3.1904761904761902,-1.0292134831460664,1.081127733026467,-2.0799999999999983,-1.7495294117647062,2.0880701822284693,-5.587129005757882,-0.01739835,-0.0020994889019607856,-0.018432422189518495,0.014233444385596922,0.00378509,-0.0018401233596837974,-0.0235980834685851,0.01991783674921751,-0.0230986,-0.02438801441406248,-0.04628067110735644,-0.002495357720768518,-0.00193763,0.0013845,31.9,-0.57,-0.193,-0.17735294117647052,0.7010177279731873,-1.0557236103261283,54.6,0.25572752599306225,0.24856028499977287,-0.29916570226265293,0.7962862722621987,0.252,26.0
2026-10-06,FRO,FRONTLINE PLC,52.77,47.38,56.87,48.28,59.68,40.25,69.63,-1.0683371298405493,1.5389755011135844,1.3466453674121397,-7.309999999999995,-3.0376862745098046,-0.543464025872312,-5.5319085231472975,0.01713038,0.01662152247058824,-0.012080276824244306,0.04532332176542079,0.07679861,0.050064328023715354,0.02019656682168231,0.0799320892257484,0.09553636,0.033457431484375064,0.00977633901745326,0.05713852395129687,-0.00664389,-0.00031811,52.2,-0.03,1.088,0.4856352941176467,1.4312137136938965,-0.45994312545860305,75.6,0.13218876853150308,0.28790508190505637,-0.14319483350615692,0.7190049973162697,0.30125,26.0
2026-10-06,HII,"HUNTINGTON INGALLS INDUSTRIES, INC.",263.75,250.82,285.75,230.92,298.29,224.05,345.04,1.5521861777150903,1.052086506244289,2.0476070528967267,-36.73000000000002,-28.167333333333342,-8.142463423440379,-48.1922032432263,-0.01215469,-0.004793323686274513,-0.03877413386198563,0.029187486489436608,-0.02306115,-0.004962305335968398,-0.05604425838302883,0.04611964771109203,0.04873945,0.02214034152343753,0.01265339726696981,0.03162728577990525,-0.00090993,-0.00591561,83.9,1.47,-1.326,-0.1524941176470589,1.0082839606316902,-1.313272195925808,18.1,0.6509204200957501,0.16058808155513327,-0.2490144307354642,0.5701905938457308,0.27375,26.0
2026-10-06,MRVL,"MARVELL TECHNOLOGY, INC.",287.01,260.9,293.58,229.07,332.06,185.44,417.18,-1.1668307086614167,-1.2861265260821306,1.2815792064586002,-43.620000000000005,-30.405960784313724,0.954794716614618,-61.76671628524207,0.07291838,0.023670760313725493,-0.037779195689710235,0.08512071631716121,0.01548646,0.06425201750988142,-0.02565486922779002,0.15415890424755285,0.17178962,0.08932357800781261,0.029137986160851975,0.14950916985477325,0.01194998,0.03107359,19.2,-1.49,1.583,0.44349019607843143,1.5085949333139101,-0.6216145411570473,86.7,0.13353702255309474,-0.12217611142122443,-0.30432659995822214,0.05997437711577326,0.285,26.0
2026-10-06,DHR,DANAHER ,215.61,206.18,234.96,195.66,246.41,177.48,255.91,1.9049999999999983,1.543859649122805,1.05691056910569,-9.509999999999991,-4.4475686274509805,2.481891786189375,-11.377029041091337,0.02070421,0.0036269101568627477,-0.019448680129959907,0.026702500443685405,-0.00399055,-0.003947323557312253,-0.03870832207785219,0.030813674963227684,-0.02929611,-0.026867566718749965,-0.04387236129943238,-0.009862772138067553,-0.00037149,-0.00170669,79.4,1.06,0.519,0.038917647058823564,0.9529890515789362,-0.875153757461289,66.9,0.24000268073686604,0.06858666674081075,-0.20424454796525265,0.3414178814468742,0.23625,25.0
2026-10-06,EWY,ISHARES:MSCI S KOREA,186.4,179.99,197.19,169.16,206.93,159.68,248.51,3.2364672364672145,1.190835266821345,2.324476047904191,-39.76999999999998,-25.869490196078434,-8.498470793250988,-43.24050959890588,0.0139754,0.010054403529411761,-0.02659175457169273,0.04670056163051625,-0.00930263,0.04215053727272728,0.0010833521653257489,0.08321772238012881,0.14268641,0.10399823402343752,0.070153175067171,0.13784329297970405,0.00652864,0.00506993,31.0,-0.58,-0.165,0.6235843137254906,1.5784985942855518,-0.3313299668345706,22.0,-0.12820204852376615,0.08944036731935096,-0.17664773383749688,0.3555284684761988,0.2575,25.0
2026-10-06,HPE,HEWLETT PACKARD ENTERPRISE COMPANY,70.48,63.52,72.72,61.43,81.58,45.97,92.86,-1.5739130434782616,1.2265193370165735,-1.0951742627345848,-7.780000000000001,-4.710274509803924,-0.21861807999956628,-9.201930939608282,0.05456817,0.017989675058823543,-0.030424322586955026,0.06640367270460211,0.10424623,0.07444621833992099,-0.016597712082484645,0.16549014876232662,0.13875338,0.04919214457031261,-0.003704439943135518,0.10208872908376074,0.00606812,0.00736647,46.2,0.19,0.984,0.3643215686274507,1.3434669368399637,-0.6148237995850623,72.8,-0.2867553465846563,0.1594815983236824,-0.17513829166584968,0.49410148831321443,0.27,25.0
2026-10-06,MRK,"MERCK & CO., INC.",141.94,138.13,150.2,133.1,163.86,122.87,175.4,1.2337164750957852,2.4796380090497747,1.7545883586785538,-12.319999999999993,-2.8051764705882323,2.591883740807267,-8.202236681983731,-0.00176687,0.012487325019607844,-0.009396192921282034,0.03437084296049772,0.05119928,0.029678488893280668,0.006340280198988361,0.05301669758757298,0.02539835,-0.017256251054687474,-0.03296207039638824,-0.0015504317129867058,-0.00051225,-0.00940768,32.5,-0.69,-0.754,0.45660784313725455,1.2470922973671827,-0.33387661109267375,11.3,0.5864200628017295,0.054834022972386307,-0.2643456889995237,0.37401373494429635,0.27375,25.0
2026-10-06,DXCM,"DEXCOM, INC.",83.39,82.87,90.05,79.47,94.78,69.04,106.43,4.4539007092198695,2.905612244897958,1.6055749128919872,-5.150000000000006,2.1515686274509807,6.434782324777398,-2.1316450698754372,-0.00140445,0.001062315921568624,-0.03172944837648131,0.033854080219618554,0.02754228,-0.003954880750988155,-0.05166036786030629,0.04375060635832998,-0.01157979,-0.08771861242187458,-0.13335155115650382,-0.04208567368724535,-0.00795466,-0.0125132,92.3,1.8,-0.216,0.07811764705882351,0.9765382482562023,-0.8203029541385553,42.7,0.7368738007333493,0.3407320518011185,-0.17521737536218213,0.856681478964419,0.26075,24.0
2026-10-06,RIG,TRANSOCEAN LTD,5.4,4.97,5.53,4.86,5.97,4.21,7.36,-2.4117647058823546,1.0555555555555545,1.6470588235294112,-0.2699999999999996,-0.1987058823529413,0.2197298667727327,-0.6171416314786153,-0.01019847,0.01093877776470589,-0.02579340466743757,0.047670960196849355,0.01496673,0.038759472213438666,-0.012171950255334872,0.0896908946822122,0.0159945,-0.03386268921875014,-0.07755066361140481,0.00982528517390454,-0.00058226,0.00109906,65.5,0.52,-0.446,0.21384313725490212,1.102749422948745,-0.6750631484389407,22.2,-0.13016426416665716,0.12428445232379859,-0.17298768128726189,0.42155658593485906,0.23725,23.0
2026-10-06,STZ,"CONSTELLATION BRANDS, INC.",115.67,107.6,115.15,103.78,118.85,91.99,136.43,-8.813186813186842,-3.7389937106918327,-1.140655105973025,8.269999999999996,3.8974117647058852,8.742621222715623,-0.9477976933038539,-0.02211822,-0.0036326641176470586,-0.02624080871503105,0.01897548047973693,-0.03842713,-0.01086775545454545,-0.044398018996044904,0.022662508086954004,-0.09965107,-0.07449653515624986,-0.08324612045230805,-0.06574694986019168,0.00543884,0.01072491,40.1,-0.36,-0.622,-0.19347058823529403,0.7370575437663681,-1.1239987202369561,34.3,0.3512641997905541,0.16410743223025526,-0.18180231298824912,0.5100171774487596,0.2285,23.0
2026-10-06,UPS,"UNITED PARCEL SERVICE, INC.",93.11,88.85,95.47,85.22,97.57,78.12,112.39,-2.5928143712574814,-1.7690582959641281,1.2861907938625756,-1.5499999999999972,-1.4387450980392154,2.917961741078295,-5.7954519371567255,-0.03393323,0.0017582940784313702,-0.02404755824313483,0.027564146399997567,-0.04256085,0.01025912913043478,-0.025361658995021213,0.04587991725589077,-0.03797714,-0.033712669257812466,-0.04540356414165075,-0.022021774373974186,-0.00315066,-0.00674067,65.5,0.91,-0.971,0.14729803921568596,1.172156845217876,-0.8775607667865042,15.7,0.07508575118219629,0.18910592258400288,-0.3399512310869181,0.7181630762549238,0.20875,23.0
2026-10-06,CAG,"CONAGRA BRANDS, INC.",13.45,12.29,13.93,11.87,15.08,11.01,16.41,-3.5151515151515147,1.0316455696202536,1.2131147540983613,-0.05000000000000071,0.2474901960784313,0.9756185099345389,-0.48063811777767623,-0.03954165,-0.007885924352941177,-0.032208561480156134,0.016436712774273776,-0.02087965,-0.01274529035573125,-0.04356829501167657,0.01807771430021407,-0.08352472,-0.07193056656250008,-0.0821870053395232,-0.06167412778547696,0.00166886,-0.0034504,57.5,0.35,-1.747,-0.3396588235294116,0.6191323266980584,-1.2984499737568815,10.1,0.29271617802125127,0.14106160224329406,-0.1457881909582059,0.427911395444794,0.20875,23.0
2026-10-06,FXE,INVESCO:EURO,103.92,101.58,105.1,98.93,108.05,97.95,113.09,-2.3223140495867907,-1.2082324455205813,1.536013400335009,-3.530000000000001,-3.312901960784313,-2.387986870940204,-4.237817050628422,-0.01263698,-0.0005083390196078429,-0.005196764759533039,0.004180086720317353,-0.01067178,0.00017415833992094932,-0.007685894531016053,0.008034211210857952,0.00822923,0.013008347382812499,0.01070227094157692,0.015314423824048077,-0.00046839,0.00165805,71.4,0.42,-2.687,-0.3589607843137256,0.6363899385212968,-1.354311507148748,1.0,1.1463983458303169,0.3571984435637382,-0.02910839950994859,0.743505286637425,0.2175,23.0
2026-10-06,NWSA,NEWS CORP.,28.55,27.06,29.77,26.79,31.05,24.94,34.24,-1.3245614035087727,1.4204545454545443,1.57617728531856,-1.9699999999999989,-1.2380000000000007,-0.09188970037887101,-2.3841102996211303,-0.01823092,-0.00040731290196078455,-0.021197899390922755,0.020383273587001188,0.01743985,-0.002804744031620534,-0.0275505099643521,0.02194102190111103,0.0082727,-0.004703919492187502,-0.018576442957175063,0.00916860397280006,-0.00267227,-0.00604645,66.9,1.06,-0.642,0.045905882352941164,0.9130906970943069,-0.8212789323884246,22.8,0.23553679081292067,0.6198442024234033,-0.16903182317852294,1.4087202280253295,0.20875,23.0
2026-10-06,VNM,VANECK:VIETNAM,16.93,16.44,17.06,15.58,17.8,15.07,20.06,-3.266666666666687,-1.5517241379310323,1.6827956989247312,-0.879999999999999,-1.0920000000000005,-0.5365925096697384,-1.6474074903302627,-0.01347307,-0.0015069971764705887,-0.022276121253521776,0.0192621269005806,-0.03431848,-0.006259072924901184,-0.028325960276901343,0.015807814427098974,0.02046843,0.024476041523437443,0.020385657221978805,0.02856642582489608,0.00239556,0.00089315,28.6,-1.08,-1.342,-0.12952941176470592,0.7862219976344723,-1.0452808211638842,12.1,0.5461114513165952,0.39169319096174654,-0.048318417157208304,0.8317047990807014,0.204,22.0
2026-10-06,CMI,CUMMINS INC.,535.31,502.18,532.83,467.06,552.45,435.99,689.8,-5.489051094890479,-3.981913652275353,1.5554772452678223,-43.31000000000006,-71.92639215686275,-40.315101397584144,-103.53768291614135,-0.01030853,0.00026274576470588373,-0.027295724000878926,0.027821215530290693,-0.06355211,0.01607927984189724,-0.024935997312984633,0.057094556996779115,0.0608297,0.07735372480468747,0.06835120074297389,0.08635624886640104,0.00775344,0.01056568,29.6,-1.0,-0.829,0.13513333333333355,1.2151292203673998,-0.9448625537007327,18.8,0.8690343986986175,0.07536564376739116,-0.22731787565136677,0.3780491631861491,0.204,22.0
2026-10-06,CVX,CHEVRON ,207.58,196.22,211.51,189.0,232.41,179.33,251.11,-2.507795100222732,1.3363832077502673,1.5408849557522124,-17.649999999999977,-11.30756862745098,-3.3998260614369293,-19.21531119346503,-0.01507395,0.007025898823529409,-0.01276799769710382,0.026819795344162636,0.04054045,0.016187223162055356,-0.012798854776439415,0.04517330110055012,0.04757023,0.028261260078124996,0.01599349270933649,0.0405290274469135,8.301e-05,-0.00262237,54.6,-0.07,-0.221,0.2815999999999999,1.2672034188316301,-0.7040034188316304,34.7,0.32191942513950234,0.15423333255783656,-0.0694379165277702,0.3779045816434433,0.252,22.0
2026-10-06,DOW,DOW INC.,28.16,26.27,28.66,25.06,31.0,21.01,35.58,-2.2987012987012996,-1.0915492957746484,1.0377622377622377,1.379999999999999,0.8572549019607838,2.710018828383318,-0.9955090244617508,-0.01450757,0.003695831686274509,-0.028166549712641615,0.03555821308519063,0.0015202,0.010030627747035585,-0.04693842764202513,0.0669996831360963,-0.08384332,-0.08681245496093727,-0.11572625788324009,-0.05789865203863446,0.00167501,0.00505142,11.3,-1.82,-0.764,-0.022137254901960755,0.9851991021332818,-1.0294736119372032,22.8,0.6953080967532301,0.12935960443234965,-0.11437785772284689,0.37309706658754616,0.204,22.0
2026-10-06,HST,"HOST HOTELS & RESORTS, INC.",22.48,21.93,23.13,20.56,24.72,19.21,26.42,1.5208333333333328,1.1666666666666647,1.2048929663608567,-0.8999999999999986,-0.48396078431372536,0.4053490861477297,-1.3732706547751805,0.006547,0.004440437254901962,-0.01516918692209374,0.024050061431897665,0.00189786,0.014010766837944675,-0.006600913098523958,0.034622446774413305,0.01501842,-0.013034413046874966,-0.03344748806108766,0.007378661967337731,0.00011609,-0.00152506,12.1,-1.77,0.404,0.23012941176470608,1.1673800667515537,-0.7071212432221416,52.6,0.909486686701978,1.011842377610532,-1.2583740621158868,3.282058817336951,0.252,22.0
2026-10-06,INTC,INTEL ,112.5,113.07,133.65,98.35,140.0,83.84,182.92,31.569230769230508,1.943462897526501,2.4570830425680388,-42.06999999999999,-13.702941176470585,1.797585064801634,-29.203467417742804,0.05826296,0.02710727423529411,-0.038359483252507855,0.09257403172309608,-0.0019755,0.08223952853754925,-0.004774447702669091,0.16925350477776757,0.2023292,0.06267757082031261,-0.023873014325836245,0.14922815596646147,-0.0021031,0.02163817,77.4,1.25,0.325,0.40243921568627455,1.3456723696349915,-0.5407939382624423,53.0,-0.14212506088176702,-0.038244670910045644,-0.26966716694690374,0.19317782512681247,0.23825,22.0
2026-10-06,NOV,NOV INC.,19.0,17.64,19.77,17.49,21.27,16.39,23.81,-1.185185185185188,1.5033112582781438,1.842911877394636,-1.6099999999999994,-0.7287058823529402,0.1843703254116329,-1.6417820901175133,-0.02079913,0.007520842980392163,-0.016822882261669024,0.03186456822245335,0.00575524,0.03139164110671936,0.004876757849627808,0.05790652436381091,0.0128797,-0.010285824375000018,-0.031181945283405232,0.010610296533405198,0.00356375,-0.0006244,61.5,0.47,-1.601,0.24442352941176454,0.9726550034357508,-0.4838079446122218,2.2,0.3251304778222779,0.0819798794122655,-0.23124435852758915,0.39520411735212013,0.2335,22.0
2026-10-06,ORCL,ORACLE ,144.77,129.62,147.95,121.08,162.11,106.7,202.32,-2.0296684118673727,-1.3662053056516728,1.5116889939584968,-10.560000000000002,-31.356705882352937,-9.132785270233573,-53.5806264944723,-0.01404823,-0.01493659525490196,-0.06231232178134434,0.032439131271540425,-0.01800362,-0.027502047430830023,-0.09656786540388754,0.041563770542227485,0.01832851,0.06182924257812505,0.03247107327445005,0.09118741188180005,0.01287349,0.00610654,4.6,-2.59,-0.928,-0.4381215686274513,0.7008673241021091,-1.5771104613570117,29.6,0.20934191358412724,0.076451792741532,-0.18225058053615187,0.3351541660192159,0.204,22.0
2026-10-06,VXN,CBOE NASDAQ MKT VOL NDX,21.15,20.33,24.1,18.57,24.26,16.93,30.97,2.500000000000005,1.2054263565891492,2.3270142180094795,-5.740000000000002,-5.365725490196079,-1.9968579260871597,-8.734593054304998,-0.00790692,0.016574758117647068,-0.03687205518287863,0.07002157141817276,-0.06565511,0.0526682911462451,-0.003088193954213586,0.10842477624670378,0.10413168,0.0753583092578124,0.00563003063008502,0.14508658788553977,-0.005929,0.00918695,43.7,-0.45,-0.129,-0.03138823529411759,0.6108670202288512,-0.6736434908170864,39.5,,,,,0.192,21.0
2026-10-06,WAT,WATERS ,436.43,420.16,456.61,408.73,476.19,352.21,533.53,1.2052135330005536,1.4353790613718413,1.152932795060555,-20.879999999999995,-20.22247058823527,-4.644881024118856,-35.80006015235169,0.01936183,0.00644938388235294,-0.020444013706572277,0.03334278147127816,0.0186466,0.007225514505928857,-0.038887936986526435,0.05333896599838415,0.020194,0.009540685507812466,-0.005521206714798265,0.024602577730423195,5.579e-05,5.94e-06,91.5,1.7,1.02,0.30887058823529445,1.1460303551332531,-0.5282891786626641,80.8,0.36089572211198595,0.13579162966659167,-0.22714676157073924,0.4987300209039226,0.195,21.0
2026-10-06,BKR,BAKER HUGHES COMPANY,57.13,53.09,58.04,50.92,63.23,48.13,73.86,-2.779661016949154,-1.018032786885247,1.8588888888888886,-5.409999999999997,-6.890313725490197,-3.5169047538170015,-10.263722697163391,-0.00531421,0.003558100588235289,-0.02403841755134848,0.031154618727819057,0.00711065,0.009517630118577097,-0.018954514995038654,0.03798977523219285,0.04891341,0.06309537374999999,0.04609025746256878,0.0801004900374312,0.00763861,0.00256803,70.2,0.84,-1.247,0.11143529411764704,1.1055286029289662,-0.882658014693672,7.3,0.10787961357683229,0.08784048389513587,-0.08774112611969924,0.26342209390997096,0.1965,21.0
2026-10-06,CCI,CROWN CASTLE INC.,68.28,62.17,68.81,60.36,71.68,56.68,80.23,-6.18888888888885,-2.329411764705879,1.0301724137931036,0.6400000000000006,-1.6491764705882352,1.4808905251595212,-4.779243466335991,-0.03348998,-0.009045865137254902,-0.02948275071957704,0.011391020445067235,-0.03550289,-0.029599086719367583,-0.04638958503966624,-0.012808588399068923,-0.05663208,-0.03074796597656254,-0.0440132045043838,-0.017482727448741284,0.00612409,0.00118409,60.5,0.59,-1.658,-0.313992156862745,0.43013947250668755,-1.0581237862321775,5.0,0.3416818472495433,0.08361180235414103,-0.18103162992393243,0.3482552346322145,0.1965,21.0
2026-10-06,PFG,"PRINCIPAL FINANCIAL GROUP, INC.",109.7,108.08,114.87,104.03,121.39,98.82,131.49,1.7688888888888907,2.0617283950617273,2.0027573529411753,-9.039999999999992,-4.682588235294118,-1.836144057769014,-7.529032412819223,-0.01531465,0.00666417019607843,-0.006450940626746237,0.019779281018903097,0.00410652,0.019042658221343895,0.004977159977799388,0.033108156464888405,0.0190697,0.011178382929687519,0.0030918388349205454,0.01926492702445449,-0.00496204,0.00052592,2.2,-2.96,-1.034,0.40104705882352937,1.1391723960968003,-0.33707827844974153,3.4,0.5176167752118659,0.1851091783452273,-0.0900090819065503,0.4602274385970049,0.1885,21.0
2026-10-06,SM,SM ENERGY COMPANY,35.1,31.68,36.73,31.04,40.48,25.86,48.23,-2.298507462686572,1.3251231527093577,1.4209956709956701,-1.3099999999999952,0.02105882352941192,2.1629321427114325,-2.120814495652609,-0.03590108,0.0018806922352941162,-0.03717089191961486,0.04093227639020309,0.0524369,0.0037209260079051278,-0.05574034994946314,0.0631822019652734,-0.02484971,-0.0772189132812503,-0.10934230023107648,-0.04509552633142412,-0.01060102,-0.00661438,64.1,0.54,-0.523,0.11410196078431367,1.1378749104929857,-0.9096709889243584,28.4,0.008262178146503096,-0.024240740341005866,-0.1577052237817717,0.10922374309975996,0.20875,20.0
2026-10-06,TGT,TARGET ,154.33,149.72,161.21,145.43,171.31,132.46,183.08,-1.0037593984962425,1.9078651685393235,1.3145861911294008,-5.489999999999981,-0.030745098039213804,4.781836247395135,-4.843326443473562,-0.00724098,0.010251229568627446,-0.0075611211027320855,0.02806358023998698,0.03131125,0.021664284071146234,-0.002481814544458786,0.04581038268675125,-0.01499931,-0.039545341367187584,-0.05400710339295041,-0.025083579341424758,-0.00014481,-0.00159341,23.0,-1.06,-0.814,0.47722745098039243,1.217640824583548,-0.2631859226227631,3.2,0.32993104204533075,0.285342957625924,-0.10090646134177694,0.6715923765936249,0.2325,20.0
2026-10-06,VTR,"VENTAS, INC.",81.86,79.74,86.34,77.25,90.0,75.93,101.93,1.0214723926380347,1.765726681127983,3.3844856661045584,-11.11,-10.22866666666667,-7.1408613745036895,-13.316471958829652,-0.02911773,0.002017011882352938,-0.016848882271039367,0.02088290603574524,-0.01376364,0.011539593636363607,-0.0004899582747752047,0.023569145547502418,0.04691912,0.07588550660156261,0.06517156723930463,0.08659944596382059,6.186e-05,-0.01027327,54.6,0.38,-2.157,0.20599215686274505,1.362039284175539,-0.950054970450049,3.4,0.5333532096557589,0.17659994936032475,-0.2185989766105585,0.571798875331208,0.1825,20.0
2026-10-06,BALL,BALL ,57.43,53.6,58.07,51.33,61.06,48.19,69.21,-3.711340206185573,-1.6804407713498615,1.274891774891774,-1.259999999999998,-1.6552549019607823,0.8119376739081394,-4.122447477829704,-0.02332977,0.00188822662745098,-0.023145802167424075,0.026922255422326034,-0.02273535,0.003630505177865614,-0.029800793864757476,0.03706180422048871,-0.01514517,-0.008523707578125012,-0.0165825100550532,-0.0004649051011968216,0.00051629,-0.00375861,92.3,1.66,-1.088,0.05988235294117655,1.2692901120683293,-1.1495254061859763,19.6,0.40118313695322727,0.25152859441077635,-0.15765016778113605,0.6607073566026888,0.18,20.0
2026-10-06,EWG,ISHARES:MSCI GERMANY,41.49,40.22,41.65,38.88,43.95,37.51,47.04,-5.375000000000111,-1.060975609756097,1.394472361809043,-1.2100000000000009,-1.9740392156862732,-0.9555828810588687,-2.9924955503136776,-0.01357428,-0.000990142431372549,-0.015600266990893865,0.013619982128148769,-0.00307122,-0.0060425202371541505,-0.02025866643135784,0.00817362595704954,0.00427878,0.01708747238281259,0.005501304824293837,0.028673639941331344,0.001038,-0.00281118,70.6,1.12,-1.306,0.029992156862745114,0.9950087737167684,-0.9350244599912781,13.3,0.05703528807476288,0.14932752817071626,-0.1337965496353915,0.432451605976824,0.18,20.0
2026-10-06,GPN,GLOBAL PAYMENTS INC.,81.79,75.71,83.44,72.03,91.74,66.47,100.36,-4.238095238095244,1.0194672131147524,1.2121409921671007,0.10000000000000853,1.9081960784313727,5.608348645085886,-1.7919564882231405,-0.03623107,-0.0019811805882352955,-0.030843694445781965,0.026881333269311372,0.00524077,0.003940104110671942,-0.026026639592764397,0.03390684781410828,-0.06246218,-0.08277049949218772,-0.10250242142535505,-0.06303857755902038,-0.00124311,-0.01511287,64.1,0.63,-1.008,-0.08590980392156862,0.8234815754135428,-0.9953011832566802,17.3,0.39895697251324047,0.2036586098024239,-0.13466804650069736,0.5419852661055451,0.20875,20.0
2026-10-06,HAS,"HASBRO, INC.",91.03,85.73,93.96,83.5,101.8,77.03,108.06,-1.1097560975609764,1.4302788844621506,1.2164285714285714,-5.789999999999992,-8.66490196078432,-5.250722996207113,-12.079080925361527,0.0040104,0.0019432087843137254,-0.022121946379167343,0.026008363947794797,0.04294948,0.016893115889328073,-0.011454832984835146,0.045241064763491295,0.02962112,0.0508653332031251,0.038378361823643355,0.06335230458260684,0.00269485,0.01773698,92.7,1.95,0.072,0.005611764705882371,0.9688534465574945,-0.9576299171457299,47.4,0.616371305336382,0.2377544870481419,-0.1679298377884078,0.6434388118846917,0.191,20.0
2026-10-06,HIG,THE HARTFORD FINANCIAL SERVICES GROUP,126.79,117.72,127.91,113.81,133.66,108.81,150.55,-3.748878923766809,-1.8893740902474558,1.32146829810901,-6.34999999999998,-9.59874509803922,-5.3839092840713505,-13.81358091200709,-0.03100519,-0.0012815808235294127,-0.01644117294827116,0.013878011301212334,-0.0285636,0.0024621303162055334,-0.007230878277738419,0.012155138910149486,0.00582766,0.03594810882812487,0.015524476389397517,0.05637174126685222,0.00220514,-0.00496159,79.2,1.16,-1.223,-0.11479215686274517,0.8881243617195992,-1.1177086754450896,13.3,0.09743866706508131,0.10783010805831506,-0.1532716875578346,0.3689319036744647,0.18,20.0
2026-10-06,NTAP,"NETAPP, INC.",228.45,210.15,237.91,198.01,261.04,156.48,289.95,-1.0872483221476479,1.0706307490144558,-1.1702439024390243,-14.980000000000018,-14.399529411764707,-3.5025514041272423,-25.29650741940217,0.05099218,0.008213953215686272,-0.03132260809414792,0.04775051452552046,0.06725737,0.04000235146245066,-0.031638942541515495,0.11164364546641681,0.09167709,0.04161532484374999,0.007593969523281931,0.07563668016421804,0.00163493,-0.00273983,55.4,0.4,1.429,0.14485098039215685,1.1043746448971539,-0.8146726841128402,89.1,0.041171253960823107,0.144906375931545,-0.19277576399949523,0.4825885158625852,0.2085,20.0
2026-10-06,SWKS,"SKYWORKS SOLUTIONS, INC.",82.79,79.2,90.07,75.76,102.3,59.37,106.36,1.061507936507934,2.775248933143668,1.0064047822374032,-5.809999999999988,-0.0048235294117640526,4.690990223224105,-4.700637282047634,-0.02098263,0.004033089098039217,-0.03756764211537338,0.04563382031145182,0.08526053,0.009779625691699611,-0.03372082114711952,0.05328007253051875,-0.02738188,-0.0660721906250001,-0.08632781735465853,-0.04581656389534166,-0.01504066,0.00953495,56.2,0.58,0.382,-0.09534117647058842,0.8731770100538215,-1.0638593629949984,62.9,-0.2780877392806941,0.19626817638449875,-0.25310003944950343,0.645636392218501,0.22325,19.0
2026-10-06,AEE,AMEREN ,101.68,96.15,101.71,93.04,104.39,91.33,115.16,-12.255813953488607,-3.1881918819188266,1.302415458937196,-4.86999999999999,-8.532823529411761,-6.0108275639435575,-11.054819494879965,-0.01414191,0.00010876619607843152,-0.012572637824803959,0.01279017021696082,-0.02978283,0.009263734466403158,-0.005806456734261136,0.024333925667067453,0.02394558,0.04285381777343749,0.0357828079053901,0.04992482764148488,0.00455726,0.003171,95.8,2.17,-1.28,-0.06690588235294127,0.8748236033157727,-1.0086353680216553,10.5,0.651774635684357,0.2505018043024121,-0.07905094526267115,0.5800545538674953,0.168,19.0
2026-10-06,BG,BUNGE LIMITED,107.33,99.62,107.73,93.73,118.42,92.09,137.99,-11.857142857142804,-1.2263300270513968,2.0118110236220486,-9.469999999999999,-5.858352941176468,0.1366824419568804,-11.853388324309817,-0.05129917,0.005462247176470589,-0.023018286668102697,0.03394278102104387,-0.02450727,0.013139410079051384,-0.019267646116427787,0.04554646627453056,0.02269236,0.007071337734374995,-0.010417554713937082,0.024560230182687073,0.00148794,-0.00851743,10.1,-1.72,-1.761,0.21962352941176475,1.2800398008521483,-0.8407927420286188,3.4,0.34543722615946293,0.13271299736227743,-0.12676796885763258,0.39219396358218744,0.1735,19.0
2026-10-06,MCHP,MICROCHIP TECHNOLOGY INC.,81.26,77.64,84.99,70.92,89.55,55.41,101.38,1.8112449799196684,-1.2472858866103755,-1.2847912524850904,4.109999999999999,1.4467058823529417,6.535711026586552,-3.6422992618806687,0.03713208,0.001243803294117645,-0.04321561657594562,0.04570322316418092,-0.01890199,0.0065571701976284615,-0.04382643468744923,0.05694077508270615,-0.05964193,-0.07156814062500014,-0.08128210083845042,-0.06185418041154985,0.00501739,0.00582553,65.1,0.78,0.949,0.0010156862745097923,1.1873818477290208,-1.185350475180001,78.8,0.44393162809272835,0.15253648066204267,-0.1856934395689298,0.49076640089301515,0.21275,19.0
2026-10-06,NI,NISOURCE INC.,40.67,37.79,40.25,35.69,41.84,34.54,47.17,-17.000000000000355,-4.256410256410254,1.0603588907014678,-1.0599999999999952,-4.436470588235294,-3.2882902004600547,-5.584650976010534,-0.011438,-0.0023899620784313745,-0.015176024151963218,0.010396099995100468,-0.04849711,-0.0007940776284584998,-0.024980316012760507,0.023392160755843504,0.01723729,0.05845402691406264,0.042578196688387276,0.074329857139738,0.00761646,0.00466494,99.0,2.7,-0.679,-0.06867450980392159,0.830223525071891,-0.9675725446797343,27.2,1.5792004609858332,0.4737774875083184,0.01985861732886912,0.9276963576877677,0.168,19.0
2026-10-06,TROW,"T. ROWE PRICE GROUP, INC.",103.6,100.77,107.94,95.64,110.06,87.91,123.44,1.5037313432835866,-1.2321981424148583,1.2644996813256855,-2.1200000000000045,-1.7819215686274514,1.570852437644278,-5.134695574899181,-0.00598422,-0.0019037116862745107,-0.02062312621570699,0.016815702843157965,-0.03108065,0.0014651249011857746,-0.030277218743867625,0.033207468546239176,-0.02636906,-0.028079949335937483,-0.040290304992038325,-0.01586959367983664,0.00119914,-0.01206644,57.5,0.34,-1.268,-0.019745098039215644,1.0005134040802894,-1.0400036001587205,9.7,0.4136866568601145,0.21621385449878805,-0.12425515092357092,0.5566828599211471,0.1675,18.0
2026-10-06,WY,WEYERHAEUSER COMPANY,18.6,17.44,19.27,16.58,20.32,15.91,23.62,-3.8000000000000282,-1.1744186046511653,1.866171003717471,-0.7999999999999972,-0.06878431372548963,0.8091605017188359,-0.9467291291698152,-0.05512016,-0.0058647792156862775,-0.02467590237595415,0.012946343944581593,-0.05765698,-0.0087599209881423,-0.03129292009969509,0.013773078123410486,-0.05322768,-0.043581122578125076,-0.053849977882892516,-0.033312267273357635,-0.00214886,0.00186709,71.8,1.1,-2.82,-0.3913764705882352,0.7469476495962548,-1.5297005907727252,3.0,0.16152139049158976,0.15131716030477663,-0.1875716758454363,0.4902059964549895,0.1675,18.0
2026-10-06,AMP,"AMERIPRISE FINANCIAL, INC.",496.61,455.65,509.37,449.26,544.47,411.79,614.94,-3.6405286343612437,1.0107708553326291,1.395071917000708,-30.370000000000005,-17.950862745098036,2.633096246230078,-38.53482173642615,-0.04872155,-0.002309611176470589,-0.024821374206863405,0.02020215185392223,0.00190338,-0.0009786801185770835,-0.0232004210303271,0.02124306079317293,-0.01443769,-0.003696760937500008,-0.013486393024422512,0.006092871149422495,0.00010101,-0.00594321,53.6,0.47,-1.616,0.053015686274509796,1.0266325569051467,-0.9206011843561271,1.8,0.22699708904694482,0.14148337187043072,-0.1437376182403017,0.4267043619811631,0.1675,18.0
2026-10-06,CPER,UNITED STATES COPPER IDX,40.03,38.48,41.06,38.35,41.84,36.14,47.3,-1.3725490196078471,1.0773809523809539,1.868894601542415,-4.479999999999997,-4.021803921568627,-2.8260730473303615,-5.217534795806893,0.00890292,0.007097167764705882,-0.007997295656366619,0.022191631185778382,0.01457695,0.01722660802371544,-0.007998848544445738,0.042452064591876615,0.08117952,0.07473525566406286,0.06578715709211584,0.08368335423600988,0.00360404,0.00036843,49.4,0.23,-0.207,0.31071764705882365,0.9599310708026993,-0.33849577668505204,26.0,-0.11949230449350978,0.07867467024441092,-0.12968923870312116,0.28703857919194303,0.17125,18.0
2026-10-06,CVS,CVS HEALTH ,86.43,81.03,88.74,77.45,92.68,73.52,107.12,-2.3034188034188143,-1.4368000000000007,1.6026336173508893,-5.949999999999989,-2.7929411764705874,1.3350437345556188,-6.9209260874967935,-0.03148952,0.0011532403921568643,-0.024876750537969027,0.027183231322282758,-0.04842301,0.0139825088932806,-0.025484591836023716,0.053449609622584916,0.00378231,-0.012002942617187482,-0.03330860952831568,0.009302724293940712,0.00123739,-0.00201092,51.8,0.13,-1.526,0.16406666666666672,1.1524881591075993,-0.8243548257742659,6.9,0.7068997188314097,0.2408652788080442,-0.2598868948405407,0.7416174524566291,0.1675,18.0
2026-10-06,DELL,DELL TECHNOLOGIES INC.,574.0,520.74,580.71,480.68,665.22,392.6,847.59,-2.6889013452914767,-1.02302126726595,1.5082138919514887,-117.17999999999995,-53.65054901960785,-2.3580581522067092,-104.943039887009,0.01053378,0.025914051490196075,-0.02628354537017234,0.07811164835056449,0.03776314,0.08194438956521752,-0.008846332773549279,0.17273511190398433,0.17785086,0.08859615101562507,0.03697211266472261,0.14022018936652753,0.00333078,-0.00132728,6.0,-2.23,0.361,0.3786666666666667,1.2648826307003422,-0.5075492973670087,43.8,-0.12582829869351697,-0.020336182205501284,-0.32242780132171583,0.2817554369107133,0.1955,18.0
2026-10-06,EWU,ISHARES:MSCI UK,46.37,44.97,46.74,43.6,48.73,42.8,51.8,-5.033333333333255,-1.1737288135593207,1.5210084033613442,-1.720000000000006,-1.6238431372549011,-0.8190909287897808,-2.4285953457200216,-0.01450354,0.001370442156862746,-0.008778828722154651,0.011519713035880143,-0.01156037,0.004462986956521732,-0.004606151465213152,0.013532125378256616,0.00973214,0.011825105859374976,0.007476612901160599,0.016173598817589355,0.00040817,-0.00512772,72.0,1.05,-1.303,0.19851764705882347,0.9446969643185908,-0.5476616702009439,3.4,0.14397447091809723,0.17854522243268173,-0.3186025454897827,0.6756929903551461,0.1675,18.0
2026-10-06,FDX,FEDEX ,289.03,273.36,293.54,264.74,305.6,253.5,359.13,-2.99803149606296,-1.4659022329511098,1.9729805797917275,-25.120000000000005,-17.78090196078432,-3.4327674154402654,-32.12903650612837,-0.03014524,0.0065910177254902,-0.016937320633222147,0.030119356084202548,-0.02321797,0.027387312094861657,-0.004691737096776477,0.05946636128649979,0.03786269,0.025688312343750023,0.006613953936575101,0.044762670750924945,0.00016507,0.00110344,45.4,0.07,-1.2,0.4736745098039211,1.5591006462019892,-0.6117516265941471,7.7,0.501101342803383,0.25598484063075083,-0.08725453341242789,0.5992242146739295,0.1675,18.0
2026-10-06,FTI,TECHNIPFMC PLC,69.89,65.54,71.31,62.57,78.98,62.38,91.93,-1.942307692307697,1.241803278688525,2.9347536617842893,-10.679999999999993,-8.466117647058827,-4.06259415785578,-12.869641136261873,-0.01208536,0.009309168509803916,-0.01726039443095271,0.03587873145056054,0.01000056,0.04105431877470344,0.011168585459779185,0.0709400520896277,0.10462961,0.08211591835937515,0.059922898198757304,0.104308938519993,0.00352549,-0.01282469,43.8,-0.33,-1.434,0.5096431372549017,1.5989230853024483,-0.5796368107926448,3.4,0.3464245528461727,0.24309821075383622,-0.040199805427387575,0.52639622693506,0.1735,17.0
2026-10-06,LITE,LUMENTUM HOLDINGS INC.,1133.4,962.95,1174.09,876.1,1291.28,803.97,1666.66,-1.652424942263282,-1.6297187737522185,1.6187353914336882,-395.25,-322.5853725490197,-135.7326596432803,-509.4380854547592,0.0618504,0.027712036352941182,-0.02463344870702405,0.08005752141290641,0.03867543,0.08627722861660095,0.0044263194351633894,0.1681281377980385,0.32761955,0.2822601819531245,0.21996006291539788,0.34456030099085116,0.01612155,0.02337285,33.5,-1.01,0.649,0.5021725490196083,1.3313011362749911,-0.3269560382357747,61.5,-0.04124725411677088,-0.03219449343302651,-0.2131719494484361,0.1487829625823831,0.1545,17.0
2026-10-06,PEP,"PEPSICO, INC.",125.71,119.95,128.44,115.79,135.35,109.08,152.93,-2.868932038834947,-1.0290456431535255,1.636800962116658,-6.170000000000002,-6.026078431372549,-1.7366154772524007,-10.315541385492697,-0.03326315,-0.0027152352549019597,-0.02069098447794182,0.0152605139681379,-0.02282421,0.004145127470355728,-0.01548596705633298,0.023776221997044437,-0.01051199,0.005778242187499977,-0.0011802952691973368,0.01273677964419729,0.00319171,-0.01016972,15.9,-1.49,-2.423,-0.25345098039215685,0.7837862971059634,-1.290688257890277,1.8,0.5845093422137027,0.186789093357449,-0.08519884937449126,0.45877703608938925,0.1585,17.0
2026-10-06,BEN,"FRANKLIN RESOURCES, INC.",32.44,31.08,33.57,30.56,34.89,28.01,39.71,1.1092436974789939,1.3031914893617043,1.6410835214446975,-2.3400000000000034,-0.8850980392156862,0.4407886386253941,-2.2109847170567667,-0.00996917,0.0045034238823529376,-0.018496071427003675,0.027502919191709548,0.00382207,0.01630615494071145,-0.01242187281698542,0.04503418269840832,0.02373517,-0.006999832734375007,-0.025555150961373285,0.011555485492623273,0.00254866,-0.00208464,0.8,-3.1,-1.355,0.2558627450980392,1.282537620598828,-0.7708121304027494,5.6,1.0931864371273088,0.11240880163690485,-0.2117116968753427,0.4365293001491524,0.1735,16.0
2026-10-06,IBKR,"INTERACTIVE BROKERS GROUP, INC.",90.58,82.41,90.97,80.32,96.48,74.77,115.98,-3.145374449339213,-1.7389830508474569,1.6065781151170146,-11.0,-12.729333333333338,-8.908386720467266,-16.55027994619941,-0.00184143,0.004385234588235295,-0.019264811897002132,0.028035281073472723,-0.00120597,0.018056070711462424,-0.006803602872544213,0.04291574429546906,0.09701941,0.10635863011718714,0.09622409649402403,0.11649316374035026,0.00846682,0.00100447,5.8,-1.95,-0.09,0.22148235294117616,0.9615342974645773,-0.518569591582225,36.5,0.5590955302336722,0.058557448015382416,-0.14698225170652957,0.2640971477372944,0.156,16.0
2026-10-06,WDC,WESTERN DIGITAL ,411.04,401.65,475.14,356.18,470.93,355.98,710.7,3.476795931341382,1.0916879329201599,5.4424264438794046,-218.59999999999997,-138.8416862745098,-29.7537979881958,-247.92957456082382,-0.0047759,0.026342555411764702,-0.027609376469516805,0.08029448729304621,-0.08979773,0.09669159023715405,0.028084098571035845,0.16529908190327225,0.27228019,0.21241135289062527,0.16057753930597385,0.2642451664752767,0.0061786,-0.00257988,74.4,1.18,-0.826,0.5908078431372543,1.4839547823674986,-0.30233909609299003,4.6,0.02926596781320856,0.07923748536183084,-0.17452804137854905,0.3330030121022107,0.16,15.0
2026-10-06,DGX,QUEST DIAGNOSTICS INC.,228.39,219.55,243.58,214.18,253.94,212.38,273.0,-1.0038167938931264,1.7980295566502498,2.7863835103060612,-32.83000000000004,-19.4826274509804,-11.379311871275826,-27.585943030684973,-0.02450639,0.006425984705882352,-0.01131021495716961,0.024162184368934313,0.01431318,0.01844363363636361,0.006495920903736015,0.030391346368991202,0.05925608,0.049401942539062646,0.03957071561634568,0.05923316946177961,-0.01648283,-0.00491694,62.5,0.85,-0.448,0.14752941176470588,0.9632136555434275,-0.6681548320140157,26.4,0.10739421622505207,0.12945947904339739,-0.25130218104912894,0.5102211391359237,0.1575,15.0
2026-10-06,SOLV,SOLVENTUM ,87.04,85.33,90.47,83.38,95.28,76.39,104.68,1.5075376884422043,2.251366120218571,1.6563380281690132,-5.1699999999999875,-5.01764705882353,-1.2039323816719167,-8.831361735975143,-0.00705689,0.004613459411764705,-0.018096736187126667,0.02732365501065608,0.02684362,0.006965945889328067,-0.022538075768843178,0.036469967547499316,0.01050444,0.016007145976562505,-0.000864134089801169,0.03287842604292618,-0.00303145,-0.00091628,44.0,-0.76,-0.708,0.08543137254901968,1.0752499046906157,-0.9043871595925762,23.6,0.7961166074000545,0.14185291788457405,-0.23539139531555936,0.5190972310847075,0.13375,14.0
2026-10-06,BBY,"BEST BUY CO., INC.",84.85,83.69,91.18,79.3,97.53,68.9,104.7,2.7209302325581453,2.284684684684687,1.2445141065830736,-2.719999999999999,-0.1656078431372529,3.2420072283649266,-3.5732229146394325,-0.02182943,0.0039554963921568645,-0.025308405009544198,0.03321939779385793,0.01166912,0.012689889090909096,-0.029484211337376325,0.054863989519194516,-0.05224183,-0.05110259125,-0.06352439432297075,-0.03868078817702927,-0.00855876,-0.01041796,6.7,-2.16,-0.61,-0.01116078431372551,0.8301759155577133,-0.8524974841851642,21.2,0.08690723439055925,0.1567450630613046,-0.20147796972818005,0.5149680958507892,0.13375,14.0
2026-10-06,CRM,"SALESFORCE, INC.",224.99,217.76,242.38,203.12,278.04,181.66,304.06,2.0038759689922445,2.425697302240512,1.824832679436879,-17.340000000000003,-7.257294117647062,6.638281628846496,-21.15286986414062,-0.03491223,-0.0020000678823529467,-0.042332275980267585,0.03833214021556169,0.06968723,-0.010363906758893274,-0.05793348985890123,0.037205676341114685,-0.02027095,-0.03513976050781255,-0.05809787594417749,-0.0121816450714476,-0.0076947,-0.01030306,17.1,-1.38,-1.041,-0.1251960784313725,0.8579425285091755,-1.1083346853719205,19.6,0.104938197352616,0.0014864903529300142,-0.26767672168834866,0.2706497023942087,0.13375,14.0
2026-10-06,EWS,ISHARES:MSCI SINGAPORE,33.2,32.45,33.73,31.97,35.05,30.85,37.5,-1.2962962962963036,1.504065040650397,1.829787234042551,-2.0999999999999943,-1.6181960784313716,-1.0578447748287765,-2.1785473820339667,-0.00207805,0.0016226993333333336,-0.00909438527067823,0.012339783937344896,0.0130158,0.009020404031620551,-0.005244729294879333,0.023285537358120435,0.03850968,0.029116397617187578,0.02248087321964327,0.03575192201473188,0.00219016,-0.01388849,10.1,-1.59,-0.865,0.20705490196078422,1.0236415398207162,-0.6095317358991478,6.2,0.07911849669453508,0.7266768904391091,-0.33239171794703715,1.7857454988252552,0.1585,14.0
2026-10-06,HPQ,HP INC.,31.73,30.06,33.01,29.77,36.9,24.71,41.63,1.0547945205479465,2.6377551020408143,1.4102564102564106,-1.0500000000000007,-0.477529411764705,0.8502200658524562,-1.8052788893818663,-0.01639189,0.004194183490196077,-0.030789077569146957,0.03917744454953911,0.08235456,0.009219532529644265,-0.04592899282347471,0.06436805788276323,-0.02218974,-0.04424037632812504,-0.06289332041622493,-0.025587432240025142,0.00064253,0.00221156,35.1,-0.34,0.096,-0.12759215686274536,0.8865592582876891,-1.1417435720131799,51.0,-0.20612353600280253,0.12214524411421601,-0.20470553392929025,0.4489960221577223,0.1545,14.0
2026-10-06,JKHY,"JACK HENRY & ASSOCIATES, INC.",144.43,136.13,147.12,132.26,158.46,121.88,179.94,-4.815950920245409,1.1528348397699246,1.5747228381374712,-4.3700000000000045,-3.852235294117649,2.51919114782207,-10.223661736057368,-0.04142863,-0.002687102313725489,-0.03018370171101194,0.02480949708356096,0.0022826,-0.01061246833992097,-0.04080534129437072,0.019580404614528778,-0.0317393,-0.02114926289062502,-0.034126655779224774,-0.008171870002025265,-0.00268063,-0.00750254,34.5,-0.54,-1.107,0.005058823529411691,1.1601267973236924,-1.1500091502648688,21.2,0.05704835771104522,0.10721281707335023,-0.1538448555123867,0.36827048965908715,0.13375,14.0
2026-10-06,MDT,MEDTRONIC PUBLIC LIMITED COMPANY,87.09,82.79,88.35,80.89,94.88,77.41,101.94,-3.00719424460432,1.256451612903224,1.5340909090909074,-4.060000000000002,-3.677215686274509,-0.7567582989918136,-6.597673073557205,-0.02585492,-0.0017075118431372535,-0.022181527073664633,0.018766503387390127,0.00983928,-9.17458498023662e-05,-0.03174871202746654,0.03156522032786181,0.0011642,0.0025670268749999913,-0.004703535266729397,0.009837589016729379,-0.00071614,-0.00656533,27.2,-0.89,-1.078,-0.2067176470588234,0.8997828513747794,-1.3132181454924263,23.2,0.3775573129690537,0.15032043196186926,-0.1398213125893014,0.44046217651303987,0.13375,14.0
2026-10-06,ZBH,"ZIMMER BIOMET HOLDINGS, INC.",89.68,84.45,92.26,81.43,98.78,77.19,109.54,-2.1928251121076334,1.1030303030303024,1.5900720576461156,-3.319999999999993,-2.897450980392159,0.9742852082851639,-6.7691871690694825,-0.02319054,-0.0039811195294117635,-0.02907241653721425,0.021110177478390724,-0.00210266,-0.014524536245059304,-0.03750323766437651,0.008454165174257896,-0.01364859,-0.01920947953125001,-0.027243903291910634,-0.011175055770589385,-0.0048857,-0.00086636,95.0,2.32,-0.548,-0.043776470588235264,0.8619026200350485,-0.9494555612115191,34.3,0.0101742164315759,0.10649456889995092,-0.2531619481284799,0.4661510859283817,0.12075,13.0
2026-10-06,EPAM,"EPAM SYSTEMS, INC.",109.31,102.49,119.32,100.39,131.89,80.72,146.41,1.3646322378716742,2.5313901345291456,1.2976565232598807,0.8100000000000023,1.7334509803921587,12.487989330803185,-9.021087370018869,-0.02438087,-0.010201869882352948,-0.05776087194357576,0.03735713217886986,0.0795329,-0.032012626363636346,-0.10948120181996591,0.045455949092693224,-0.10184392,-0.08787311832031222,-0.11191304847878483,-0.06383318816183961,-0.00984016,-0.00708815,74.8,1.31,-0.461,-0.05089019607843148,1.2283206687575925,-1.3301010609144557,42.3,0.39004670457924573,0.24529386185993862,-0.18006955219948623,0.6706572759193634,0.12075,13.0
2026-10-06,ETR,ENTERGY ,103.25,95.73,103.01,90.9,107.74,89.63,120.44,-8.562500000000023,-2.750556792873053,1.2621145374449334,-6.030000000000001,-14.933176470588243,-11.37567108131337,-18.490681859863116,-0.0128921,0.001470832941176471,-0.015583855049983199,0.018525520932336142,-0.03053072,0.0061083126482213475,-0.011010175559663151,0.023226800856105845,0.04299705,0.09686114726562467,0.08457762925730336,0.10914466527394598,0.00611875,0.00121133,99.0,2.77,-1.008,0.08805490196078443,0.9954523685255963,-0.8193425646040273,11.7,0.40928076844416816,0.1768623628400499,-0.10221117706466637,0.4559359027447662,0.118,13.0
2026-10-06,GLD,SPDR GOLD,382.27,367.47,389.96,350.27,419.46,349.78,472.03,-1.8383084577114348,1.1621875,2.762696214219759,-51.48000000000002,-73.08447058823528,-47.72011708269423,-98.44882409377632,-0.01291266,0.0013503234901960748,-0.019946460426612904,0.022647107407005054,0.0126098,0.0203584416996048,-0.025444988036937084,0.06616187143614669,0.09103924,0.12423013003906253,0.10232226274276253,0.14613799733536254,0.00187987,-0.00360086,17.1,-1.57,-0.792,0.20310196078431347,1.3071199149437442,-0.9009159933751174,20.0,0.022484785742917346,0.0051315736210971255,-0.32645145568720507,0.3367146029293993,0.12,13.0
2026-10-06,PAM,PAMPA ENERGIA SA,81.48,72.16,80.18,71.55,86.87,64.29,99.52,-13.393939393939469,-1.842300556586272,1.0494473531122743,-1.3299999999999983,-7.58619607843137,-3.523043812104814,-11.649348344757925,-0.03207611,0.005347357568627444,-0.028587937890667738,0.03928265302792262,0.00303707,0.005979364031620557,-0.030887444937245715,0.04284617300048683,-0.00778161,0.02508004878906248,0.016751982546338768,0.03340811503178619,0.00726049,0.00448686,94.0,1.79,-0.679,-0.015137254901960795,0.7348264560208383,-0.76510096582476,19.6,0.11930671782489322,0.3523977378676343,-0.019041668476592,0.7238371442118605,0.118,13.0
2026-10-06,PPLT,ABRDN:PHYSICAL PLATINUM,15.47,14.85,15.87,14.57,16.69,13.24,21.4,-1.6000000000000072,1.3555555555555556,2.659192825112106,-2.709999999999999,-3.622219607843136,-1.8035543842032788,-5.440884831482993,-0.01519701,0.0023905391764705865,-0.03624476096803634,0.04102583932097751,0.02011964,0.025962079130434707,-0.02641290665209051,0.07833706491295993,0.11752979,0.12720990957031217,0.10395204249217688,0.15046777664844746,0.00193282,-0.00277953,26.8,-0.93,-0.629,0.11581568627450989,1.0928120279879656,-0.8611806554389458,19.6,0.01652833235975293,0.00915220622631137,-0.2106215026002141,0.22892591505283685,0.12,13.0
2026-10-06,RTX,RTX ,183.29,178.9,187.05,167.66,201.75,164.43,238.72,-1.593442622950809,1.1810620601407558,2.939024390243905,-23.159999999999997,-22.87239215686273,-15.53189140135085,-30.212892912374613,-0.02297008,0.004343475921568632,-0.017370727701879363,0.02605767954501663,-0.01450778,0.014275637628458486,-0.008682548181053929,0.0372338234379709,0.07218518,0.07567407507812514,0.06879398773766836,0.08255416241858192,0.00042086,-0.01059379,17.3,-1.48,-2.443,0.05112156862745115,1.198931299408764,-1.0966881621538618,3.4,1.464403914045405,0.15192631116137947,-0.18921720091841035,0.4930698232411693,0.1075,12.0
2026-10-06,SDY,SPDR S&P DIVIDEND,148.39,143.98,148.79,137.49,156.55,134.93,167.05,-4.320754716981107,-1.3357843137254832,1.3863298662704349,-3.660000000000025,-5.147215686274506,-2.801020640364265,-7.4934107321847465,-0.013893,0.00035667160784313734,-0.009067006116068114,0.00978034933175439,-0.01095183,0.004901350158102769,-0.0050141182263680195,0.014816818542573558,0.00664937,0.012007623046874994,0.00834091865412097,0.01567432743962902,-0.00046784,-0.0023352,58.5,0.62,-1.73,0.019027450980392165,1.1871019733438664,-1.1490470713830818,10.9,0.45379631026947953,0.35681993864163186,0.02204642956962405,0.6915934477136396,0.114,12.0
2026-10-06,SYF,SYNCHRONY FINANCIAL,72.16,67.66,73.69,66.57,76.09,59.15,92.58,-2.227777777777776,-1.4223918575063597,1.5695618754804002,-4.719999999999999,-7.58658823529411,-4.169438036753137,-11.003738433835084,-0.01708115,-0.004173043647058823,-0.030391774994000767,0.022045687699883125,-0.00775578,-0.002321956166007906,-0.02675728550266496,0.02211337317064915,0.02086957,0.046486017421875005,0.03085176988100816,0.06212026496274185,0.00367948,0.0211143,12.5,-1.71,-1.385,0.023258823529411804,1.0404964232677645,-0.9939787762089409,3.4,0.47182849108665503,0.13147209532884255,-0.13693451702070894,0.39987870767839406,0.1215,12.0
2026-10-06,UNH,UNITEDHEALTH GROUP INC.,376.32,357.29,378.24,350.89,391.57,276.87,479.87,-4.5728900255754175,-1.6675409836065578,1.0412267471091003,19.96999999999997,8.894549019607835,24.35039921327889,-6.561301174063223,-0.01302688,0.002544949960784312,-0.02833198751956773,0.033421887441136354,-0.01215866,0.017691015691699608,-0.022331367066498704,0.057713398449897924,-0.0755476,-0.07100881886718759,-0.0842312666282081,-0.05778637110616708,-0.00063263,0.00032753,62.1,0.17,-1.156,0.0753725490196078,1.1380530841363086,-0.987307986097093,11.7,0.8635390958293956,0.25124154825927353,-0.1694503392589331,0.6719334357774802,0.114,12.0
2026-10-06,URNM,SPROTT URANIUM MINERS,50.3,44.75,49.01,42.83,54.02,40.08,65.36,-256.4999999999597,-2.008064516129029,1.473581213307241,-2.010000000000005,-5.289019607843139,-1.238306996820934,-9.339732218865343,-0.01579138,-0.003248193490196079,-0.038473659516519994,0.03197727253612783,-0.01475561,0.009757689130434807,-0.03187630009692374,0.05139167835779336,0.0165388,0.0075264275390625095,-0.003653043667362265,0.018705898745487285,0.01938978,0.00483175,27.6,-1.08,-1.189,-0.04900000000000005,0.8497730131317129,-0.947773013131713,7.7,0.21727565147244876,0.04171146618516239,-0.17088559393084574,0.2543085263011705,0.1215,12.0
2026-10-06,WELL,WELLTOWER INC.,225.78,218.51,236.15,210.11,247.38,209.28,275.06,-1.0779220779220775,1.3784301212507983,2.986666666666667,-32.619999999999976,-32.384901960784305,-24.79372557322464,-39.97607834834397,-0.01352628,0.005161692862745098,-0.01367779871561982,0.02400118444111002,-8.312e-05,0.015374201027667997,0.005367284607242971,0.025381117448093023,0.07765862,0.10737856281249987,0.09965526147280054,0.1151018641521992,0.0001356,-0.00526129,40.9,-0.3,-1.196,0.33805882352941213,1.416559018130468,-0.7404413710716435,5.4,0.8097746876480578,0.1522757982057998,-0.11574543965658693,0.4202970360681866,0.1075,12.0
2026-10-06,APD,"AIR PRODUCTS AND CHEMICALS, INC.",281.0,263.54,283.5,253.74,294.22,239.72,326.5,-5.520634920634956,-2.062027231467469,1.1022286821705427,-0.9800000000000182,-7.7614901960784355,0.5748613807861371,-16.097841772943006,-0.02168031,-0.0001729812156862733,-0.01988015487916455,0.019534192447792004,-0.02533028,0.0025531756521739177,-0.027030841173119536,0.03213719247746737,-0.03131604,-0.012211033046875016,-0.02700409588442823,0.0025820297906781996,0.00179644,0.00041214,65.9,0.57,-1.133,-0.11156862745098042,0.8634985508303394,-1.0866358057323002,17.7,0.4263317398166606,0.18839926634458362,-0.20983935644616866,0.5866378891353359,0.114,12.0
2026-10-06,C,CITIGROUP INC.,128.52,122.29,130.87,116.9,139.12,114.37,162.09,-3.190243902439054,-1.0962264150943406,2.372438162544168,-17.879999999999995,-14.234784313725484,-9.290462762399908,-19.17910586505106,-0.02753782,0.004494895294117647,-0.01660373139638622,0.025593521984621517,-0.02065663,0.01807401320158105,-0.0008868668787324827,0.03703489328189458,0.07708552,0.07226754144531258,0.06332843568654596,0.0812066472040792,0.00032819,0.00057007,23.4,-1.23,-1.107,0.286776470588235,1.2669316492448277,-0.6933787080683578,3.4,0.610722240875305,0.1752419088457581,-0.09706736979728295,0.4475511874887992,0.1075,12.0
2026-10-06,CAT,CATERPILLAR INC.,863.44,797.69,877.24,744.95,912.33,704.8,1062.53,-1.8834808259587112,-2.423604008999796,1.2549798285426108,-101.07999999999993,-117.07643137254901,-61.04531791752267,-173.10754482757534,0.01950751,0.010753893490196086,-0.01684292210997381,0.03835070909036598,-0.03640071,0.03768866332015811,-0.0005500803712679761,0.07592740701158421,0.10774988,0.09912347507812516,0.0872860650544343,0.11096088510181602,0.00749894,0.01343004,28.0,-0.74,0.617,0.43084705882352947,1.358766145192387,-0.497072027545328,56.9,0.6399575941532734,0.061479777968347346,-0.22041984386731006,0.3433793998040048,0.116,12.0
2026-10-06,CBOE,"CBOE GLOBAL MARKETS, INC.",278.2,253.57,293.59,240.13,306.02,227.21,339.2,-1.27387387387387,-1.3684399712437096,1.1963130025495199,-17.27000000000004,-26.355529411764707,-10.709738286508198,-42.001320537021215,-0.00503817,-1.183145098039273e-05,-0.03429723012574315,0.03427356722378236,0.00205205,0.0003428156916995841,-0.03268670036472408,0.03337233174812325,0.00187296,0.04498907933593756,0.019754533438737083,0.07022362523313803,0.00709536,-0.00401395,49.6,0.45,-0.521,0.24879215686274503,1.2538444922108285,-0.7562601784853386,24.8,0.07294213349536904,-0.022639663757480315,-0.24763902897626128,0.20235970146130067,0.114,12.0
2026-10-06,COF,CAPITAL ONE FINANCIAL ,195.82,186.07,198.26,182.64,208.18,167.61,244.95,-2.8359133126934815,-1.0663430420711968,1.741580999645517,-12.810000000000002,-20.37054901960785,-9.843058624072006,-30.898039415143693,-0.02191858,-0.00484866137254902,-0.03171445101873102,0.022017128273632978,-0.0029956,-0.0019750858893280614,-0.03030835675041776,0.02635818497176164,0.02381476,0.04083681343750001,0.024401814413198726,0.05727181246180129,0.00250496,0.00544175,16.5,-1.51,-1.586,-0.041482352941176394,1.0718035504278154,-1.154768256310168,3.4,0.7158406105455415,0.12140897623546858,-0.1698315007467472,0.41264945321768437,0.1215,12.0
2026-10-06,FERG,FERGUSON ENTERPRISES INC.,223.33,214.79,230.85,194.96,255.39,191.54,262.2,1.101671309192199,1.1300669721536825,1.222711544510851,-12.939999999999998,-17.70274509803922,-6.630049966584577,-28.77544022949386,0.00329554,-0.0025852278039215685,-0.028493168045657314,0.02332271243781418,-0.00019098,0.006333504901185755,-0.009395363202892672,0.02206237300526418,0.01929798,0.025853247734375064,0.01233795483482733,0.0393685406339228,0.00522249,0.00783817,10.5,-1.87,-0.289,-0.05758039215686272,1.027944757618637,-1.1431055419323624,40.3,0.7012511517871076,0.08229331142481816,-0.24090908446509002,0.40549570731472634,0.116,12.0
2026-10-06,FLEX,FLEX LTD.,121.38,108.85,121.99,99.45,127.5,89.58,166.68,-3.262499999999996,-3.5833333333333295,1.424528301886793,-18.870000000000005,-20.924627450980392,-4.503173682914547,-37.34608121904624,0.02420066,0.008739752627450975,-0.04332286498593521,0.060802370240837164,-0.05804046,0.04384029466403157,-0.04329332991378959,0.13097391924185273,0.15751799,0.12339410660156265,0.07985993435153058,0.16692827885159472,0.00879576,0.02002887,41.1,-0.41,0.396,0.2028431372549021,1.0077324428086802,-0.6020461682988761,63.3,0.312209313509515,0.10806241603358277,-0.06309181521399687,0.2792166472811624,0.116,12.0
2026-10-06,HBAN,HUNTINGTON BANCSHARES INC.,15.33,14.32,15.71,13.95,16.17,12.94,18.65,-2.7222222222222276,-1.6428571428571406,1.3891213389121329,-0.7700000000000014,-0.9717647058823534,-0.2692862311866243,-1.6742431805780824,-0.03341528,-0.0035178044705882353,-0.02522667289876137,0.0181910639575849,-0.03358092,0.0025114920158102764,-0.020312012886540668,0.025334996918161223,-0.01005713,0.011670121328125022,0.0014347495576315147,0.021905493098618528,0.00010276,-0.00270757,53.2,0.24,-1.262,-0.10894901960784323,0.9285454834366117,-1.1464435226522982,14.5,0.20197506267116938,0.12260659346681291,-0.14906072190179803,0.39427390883542385,0.114,12.0
2026-10-06,IEX,IDEX ,236.28,226.04,240.18,217.26,252.11,198.85,267.11,-1.2492401215805446,-1.2015161086544532,-1.2140771975348683,-3.569999999999993,-5.137058823529406,1.924808413574314,-12.198926060633127,0.01645751,0.009005453490196078,-0.00927295048199795,0.027283857462390107,0.01079604,0.019385626996047428,3.70698918830438e-05,0.038734184100211816,0.0097086,-0.008114113164062473,-0.023272288945534098,0.007044062617409152,0.00253139,0.00773635,11.3,-1.66,1.023,0.3509372549019607,1.2346853729791838,-0.5328108631752625,77.8,0.5892875420547687,0.25800426807331484,-0.019260400716901827,0.5352689368635315,0.13775,12.0
2026-10-06,INDA,ISHARES:MSCI INDIA,46.73,45.34,47.17,44.11,48.74,41.29,52.27,-2.4716981132075326,-1.303482587064672,1.018382352941178,0.779999999999994,-0.6105098039215684,0.8435193980475986,-2.0645390058907354,-0.01043987,-0.0026264601176470576,-0.015469948337432772,0.010217028102138656,-0.01328761,-0.004711395098814227,-0.020528711517372813,0.011105921319744357,-0.04129981,-0.014805127578124987,-0.036740319531203484,0.007130064374953511,0.0025757,0.00017289,61.3,0.46,-1.329,-0.27207843137254895,0.5838717208650919,-1.1280285836101898,10.9,0.11627647718692469,0.21090835344871664,-0.12164494680424273,0.543461653701676,0.114,12.0
2026-10-06,IWM,ISHARES:RUSS 2000 ETF,281.34,271.52,286.25,263.12,298.69,250.66,323.2,-1.3832236842105117,-1.050144092219017,1.3644067796610184,-10.050000000000011,-12.423450980392152,-6.295434653158724,-18.55146730762558,-0.00847098,0.0011217036470588233,-0.011155594061920628,0.013399001356038274,-0.00403518,0.007659936719367591,-0.00328928382259221,0.01860915726132739,0.00911043,0.018225934101562532,0.012224876855777375,0.02422699134734769,0.00295567,0.0005484,20.0,-1.36,-1.486,0.1484274509803922,1.0480268027652109,-0.7511719008044265,5.8,0.6270282524629565,0.21855028291746084,-0.01606772294925085,0.45316828878417253,0.1215,12.0
2026-10-06,KDP,KEURIG DR PEPPER INC.,31.13,29.48,31.71,28.09,33.17,26.97,35.56,-2.551724137931027,-1.4901960784313701,1.064903846153847,-0.6099999999999994,-0.7619999999999998,0.24799391905864154,-1.7719939190586411,-0.00919032,0.005701132117647059,-0.015204049563331615,0.026606313798625734,-0.0194352,0.001730814901185784,-0.02884835716482463,0.0323099869671962,-0.01489687,-0.016562957851562428,-0.021934822496738754,-0.011191093206386102,0.00026847,0.00246238,62.5,0.44,-0.626,0.08287450980392157,1.0241103408802903,-0.8583613212724472,20.8,0.16142603532306476,0.10909490694819786,-0.2770917674561123,0.495281581352508,0.114,12.0
2026-10-06,MUB,ISHARES:NATL MUNI BOND,101.02,98.94,103.16,94.99,105.33,94.05,108.89,1.0338164251207766,-1.3990719257540598,1.1291248206599722,-0.8900000000000006,-1.108235294117648,-0.4247648024922597,-1.7917057857430365,-0.00233163,-0.0013214288235294115,-0.005247903142707666,0.0026050454956488426,-0.0189009,-0.0009066557707509933,-0.009266247274172346,0.007452935732670359,-0.01268805,-0.005706623671875017,-0.009111745796455349,-0.002301501547294685,0.00014079,-0.00021306,83.1,1.54,-1.818,-0.4701882352941177,0.6572854806638232,-1.5976619512520585,15.7,0.9297825550905812,1.300585165365286,0.5999014719326663,2.0012688587979057,0.114,12.0
2026-10-06,PH,PARKER-HANNIFIN ,984.91,940.76,1001.66,890.18,1064.65,818.71,1151.32,-1.5951134380453678,-1.1879859543516413,1.0012635379061374,-38.26999999999998,-65.3689019607843,-32.819337157728874,-97.91846676383972,0.01248335,0.004475031568627454,-0.019162467624449557,0.028112530761704467,0.00718144,0.014758623241106737,-0.015853858114933925,0.045371104597147396,0.02657321,0.03343630902343759,0.026946874058978883,0.03992574398789629,0.0039012,0.00423406,11.3,-1.73,0.518,0.2062666666666667,1.1864899978533021,-0.7739566645199687,53.4,0.8299551585873972,0.2015009339260631,-0.13067037294637684,0.5336722407985031,0.116,12.0
2026-10-06,PKG,PACKAGING  OF AMERICA,229.74,220.19,237.68,207.81,251.16,198.57,273.63,-1.2810880829015565,-1.0238095238095248,1.408084696823868,-13.859999999999985,-17.118745098039216,-9.460623888090575,-24.77686630798786,-0.00399578,-0.00047001360784313664,-0.018074463405047134,0.017134436189360863,-0.00966362,0.003179105652173918,-0.014579947529395183,0.020938158833743017,0.01642215,0.030613139648437454,0.02585631684848935,0.03536996244838556,0.00092758,0.00262509,10.9,-1.56,-0.216,-0.0197686274509804,0.8270235347358352,-0.866560789637796,40.7,0.42905262031487323,0.10307592242485014,-0.14299699141227418,0.34914883626197446,0.116,12.0
2026-10-06,PPG,"PPG INDUSTRIES, INC.",106.52,101.11,108.29,97.48,109.24,88.46,125.58,-2.497512437810937,-3.3235294117647043,1.0553709856035438,-0.8100000000000023,-2.569333333333333,2.688884302274012,-7.8275509689406775,-0.00281311,-0.0015285465098039226,-0.026230220663388232,0.023173127643780385,-0.03451261,-0.006537676561264831,-0.03643907679982432,0.02336372367729466,-0.01881148,-0.02682751261718757,-0.0456362130563382,-0.00801881217803694,0.00175966,0.00597034,20.8,-1.18,-0.576,-0.04460000000000004,1.0837996457948404,-1.1729996457948404,33.1,0.4888028431449971,0.06920412963580838,-0.2808733727533518,0.4192816320249686,0.116,12.0
2026-10-06,SOYB,TEUCRIUM:SOYBEAN,27.73,26.63,28.11,26.38,29.6,25.49,30.35,-2.8000000000000123,1.3851851851851844,1.1696428571428565,-1.0599999999999987,-0.32517647058823546,0.2610209614817514,-0.9113739026582224,-0.00433474,0.004515864509803923,-0.0070879210773362004,0.016119650096944046,0.03157885,0.007997634031620546,-0.00774122816759756,0.023736496230838653,0.01660229,-0.007870119257812542,-0.02327713861157056,0.007536900095945478,0.00111798,-0.0013369,38.9,-0.37,-0.134,0.35379215686274507,1.512037289526733,-0.8044529758012429,31.5,-0.5008598598964837,0.6149091887280548,-0.12519879948947954,1.355017176945589,0.1295,11.0
2026-10-06,AMGN,AMGEN INC.,402.6,396.4,436.89,358.64,470.84,339.7,511.36,2.212749615975416,1.5523202911737919,1.729093799682034,-42.65999999999997,-22.582549019607836,-5.72840104034648,-39.436696998869195,0.02217491,0.008239291176470586,-0.014351989969883452,0.03083057232282462,0.01770205,0.016003505415019763,-0.0053739299191270275,0.03738094074916655,0.03753215,0.025849224570312527,0.017803397238846136,0.03389505190177892,-0.00166763,-0.00363575,79.4,1.09,0.161,0.25193333333333323,1.1135041288548257,-0.6096374621881594,43.5,-0.32010399072582174,0.04706852690964894,-0.2808779086723361,0.375014962491634,0.117,11.0
2026-10-06,BDX,"BECTON, DICKINSON AND COMPANY",180.3,172.05,185.52,167.88,202.46,150.26,221.54,-1.153508771929831,1.7842190016103034,1.3728362183754979,-6.060000000000002,-2.965058823529412,3.226268414548636,-9.15638606160746,0.00283039,0.004186344627450978,-0.017307708822910304,0.02568039807781226,0.03885025,0.0017075687351778715,-0.028091770973465623,0.03150690844382137,0.00068798,-0.020318750898437498,-0.03395904058210438,-0.006678461214770613,0.00199623,-0.00210312,69.6,0.93,0.05,0.07580784313725498,1.1502447393916289,-0.9986290531171188,42.7,0.13139866420035817,0.2113990690167663,-0.1371524086159901,0.5599505466495227,0.12075,11.0
2026-10-06,CRESY,CRESUD INC.,12.13,10.6,12.16,10.43,13.63,9.86,14.94,-5.560000000000002,-1.133333333333334,1.2378854625550648,-0.9799999999999986,-1.2440784313725497,-0.5989606113595562,-1.8891962513855431,-0.01656687,0.009494186980392155,-0.02242882916481367,0.041417203125597976,0.01414692,0.020408502608695603,-0.02292598818444897,0.06374299340184017,0.03878704,0.03625368140625,0.027397904944485754,0.04510945786801425,0.00745922,0.00191614,69.6,0.95,0.008,0.07305882352941176,0.8068433080713759,-0.6607256610125525,41.1,-0.1966283656694201,0.8541467723026848,-0.25616100185498136,1.964454546460351,0.11225,11.0
2026-10-06,DBC,INVESCO DB CM IDX,32.69,31.65,33.13,30.98,35.57,29.22,37.45,-2.6585365853658205,1.6842105263157936,1.371757925072048,-1.7600000000000051,-1.1562745098039222,-0.1561604202800182,-2.1563885993278262,-0.00603684,0.00701729105882353,-0.010554783587248522,0.024589365704895585,0.04826354,0.025829783754940727,-0.004606492896895565,0.05626606040677702,0.03548217,0.016924886679687518,-0.00015884323286890698,0.03400861659224394,-0.00152782,-0.00373191,60.1,0.77,0.104,0.39452549019607835,1.479209575675613,-0.6901585952834561,34.7,0.4856852303592154,1.1839108890374364,-0.4206659851229,2.7884877631977725,0.12075,11.0
2026-10-06,DRI,"DARDEN RESTAURANTS, INC.",203.14,185.79,203.97,181.38,219.04,175.57,242.83,-6.132295719844303,-1.3685534591194959,1.4396082698585433,-14.080000000000013,-14.395568627450976,-7.637896611658284,-21.153240643243667,-0.02516825,0.0007375158039215694,-0.01896473937443195,0.020439770982275087,0.00529733,9.93157707509833e-05,-0.02773797966269543,0.027936611204197395,0.03567317,0.028892835742187404,0.01953550702901678,0.03825016445535803,0.00063475,0.00274805,55.4,0.46,-0.539,-0.03125882352941181,0.8267556783891441,-0.8892733254479677,30.0,-0.10221625440580062,0.1102304450955485,-0.1753351771901037,0.39579606738120066,0.11225,11.0
2026-10-06,EOG,"EOG RESOURCES, INC.",144.28,132.95,146.69,132.25,154.38,122.62,171.75,-3.054545454545448,-1.191089108910892,1.2682363804247463,-7.530000000000001,-6.26066666666667,-0.4000737985001548,-12.121259534833186,-0.01412376,0.0041554472156862705,-0.013929577307277816,0.022240471738650357,0.02338196,0.009782192529644284,-0.019472668105319342,0.039037053164607906,0.02331895,0.0034613906250000074,-0.016161244015029004,0.02308402526502902,-0.00316008,-0.00210881,60.1,0.57,-0.12,0.11768235294117635,1.0237893525643422,-0.7884246466819895,41.5,0.1370855990504658,0.16975364733517212,-0.07691049433620215,0.41641778900654636,0.12075,11.0
2026-10-06,GLATF,GLOBAL ATOMIC ,0.29,0.22,0.36,0.22,0.37,0.19,0.53,1.0000000000000004,1.1428571428571435,2.400000000000001,-0.040000000000000036,0.022235294117647093,0.08197969333305474,-0.037509105097760564,-0.01254954,-0.00880041309803921,-0.0719144212541631,0.05431359505808468,-0.00468094,-0.014006290711462447,-0.07460224504511932,0.04658966362219443,-0.13149934,-0.17383143062499984,-0.20806311591700397,-0.1395997453329957,0.01350566,-0.0065811,62.7,0.7,-0.464,-0.15861568627450987,0.651507207914995,-0.9687385804640146,41.3,,,,,0.12575,11.0
2026-10-06,HLX,"HELIX ENERGY SOLUTIONS GROUP, INC.",7.72,7.23,8.06,6.75,9.07,6.39,11.25,-1.1951219512195075,1.3917525773195885,2.654135338345865,-0.6000000000000005,-0.29039215686274533,0.23243992795476154,-0.8132242416802522,-0.03490505,0.009480078235294113,-0.02504676343652191,0.044006919907110136,-0.01992751,0.03386949545454555,-0.009021474056839826,0.07676046496593093,-0.01825218,-0.03030753554687505,-0.04899516271836671,-0.011619908375383386,0.00797007,-0.00931982,3.8,-2.65,-1.753,0.13620392156862762,0.9986615421092867,-0.7262536989720315,2.2,,0.19917059239632703,-0.2315120325638065,0.6298532173564606,0.0985,11.0
2026-10-06,HSY,THE HERSHEY COMPANY,160.8,151.64,162.65,148.61,173.44,136.74,194.62,-4.815642458100583,1.036915504511894,1.4056525353283453,-7.049999999999983,-8.987647058823526,-0.882216297432862,-17.09307782021419,-0.03328946,-0.004202908274509803,-0.027712468578497615,0.01930665202947801,-0.00830062,-0.0021882350592885404,-0.03738323649540447,0.03300676637682738,-0.0078459,0.00010674367187500467,-0.009997570816408787,0.010211058160158796,0.00188662,-0.00265241,39.1,-0.67,-1.675,-0.24721960784313723,0.8045842714049951,-1.2990234870912696,10.1,0.9345961003616967,0.11727552981292573,-0.15923919883080656,0.393790258456658,0.105,11.0
2026-10-06,IQV,IQVIA HOLDINGS INC,259.98,252.84,277.4,247.9,303.79,211.98,335.12,1.83369565217391,3.6266556291390692,1.5654166666666653,-20.120000000000005,-8.624549019607839,3.2450792844016654,-20.494177323617343,0.00148266,0.005661864431372555,-0.030752759093276492,0.042076487956021605,0.0644912,0.0004242134387351809,-0.06445999274198677,0.06530841961945713,0.01067124,-0.021112065234375046,-0.04288011613483153,0.0006559856660814344,-0.00367589,-0.00469989,66.1,0.72,-0.001,0.35421568627450956,1.2042112701844245,-0.4957798976354055,30.0,0.6997633670069296,0.10554070913554588,-0.24507230718567224,0.45615372545676397,0.12075,11.0
2026-10-06,NCLH,NORWEGIAN CRUISE LINE HOLDINGS LTD.,15.51,14.14,15.58,12.93,16.21,11.01,18.52,-3.781249999999994,-3.68571428571428,-1.495016611295681,1.2400000000000002,-1.3863137254901947,0.06092031152031474,-2.833547762500704,0.01057371,-0.013514825725490197,-0.053396148519085605,0.02636649706810521,-0.07075112,-0.022704161106719366,-0.06772976106899908,0.022321438855560347,-0.08813439,-0.020567361289062544,-0.04757058805932711,0.006435865481202018,0.0103414,0.01505177,83.9,1.25,0.047,-0.37721568627450974,0.711508231097066,-1.4659396036460854,69.8,0.5279792668842498,0.10243514087157796,-0.27343852898265114,0.47830881072580705,0.10175,11.0
2026-10-06,NSC,NORFOLK SOUTHERN ,316.31,303.21,320.61,289.02,342.63,276.71,377.09,-2.2818532818532775,-1.0368541033434662,1.5348484848484834,-14.180000000000007,-17.168196078431382,-7.519007754238896,-26.81738440262387,-0.00616124,0.0017483161176470583,-0.01614790829832888,0.019644540533623,0.00437268,0.00940068343873518,-0.0021413069825596126,0.020942673860029973,0.02654953,0.0205864856640625,0.01153520023345427,0.02963777109467073,0.00098662,-0.00239889,32.5,-0.75,-0.877,0.02056862745098043,1.147713558271716,-1.106576303369755,19.2,0.6020492761605938,0.19519543892329347,-0.15979701022526446,0.5501878880718514,0.105,11.0
2026-10-06,ULTA,"ULTA BEAUTY, INC.",547.29,529.3,561.67,518.83,607.94,461.64,665.5,-1.35719612229678,2.1310611384399247,1.380151780502044,-32.950000000000045,-40.20913725490196,-11.631669173738686,-68.78660533606524,0.00241677,2.3367529411765096e-05,-0.03075785939158021,0.03080459445040374,0.05713356,0.007394871383399197,-0.035934311771251455,0.05072405453804985,0.03226198,0.021791298281250017,0.011608194894823077,0.031974401667676955,-0.00159726,0.00131968,15.7,-1.5,-0.093,0.06767058823529415,1.0873141192944356,-0.9519729428238473,41.1,0.2638053981657327,0.22804052312306355,-0.21097630214356222,0.6670573483896893,0.116,10.0
2026-10-06,VEEV,VEEVA SYSTEMS INC.,283.5,271.27,299.14,263.1,333.99,221.74,358.38,1.554336989032903,2.475000000000003,1.2124352331606219,-17.680000000000007,-16.653137254901957,-3.3360336218291753,-29.97024088797474,0.02465779,-0.00048535411764705964,-0.041257415102563554,0.040286706867269435,0.10111241,-0.013543975415019789,-0.07995439331030399,0.052866442480264404,0.03246823,0.0030510725390625088,-0.02184262255471288,0.027944767632837895,0.00067938,-0.01154607,18.7,-1.36,0.747,-0.11838039215686268,0.9959196531418,-1.2326804374555254,82.7,0.3955958244435924,0.0076019499600462025,-0.25508995693738173,0.27029385685747415,0.12,10.0
2026-10-06,WRB,W. R. BERKLEY ,69.65,65.62,71.06,63.86,74.48,61.36,79.7,-1.6116071428571463,-1.198757763975157,1.212303980699637,-4.1299999999999955,-6.534039215686274,-3.8304328900888485,-9.2376455412837,-0.00567052,-0.0023919906666666655,-0.018064577335158934,0.0132805960018256,0.00566943,-0.00652775003952569,-0.02607484128103331,0.013019341201981928,0.03103107,0.04712201917968742,0.03224437894096836,0.061999659418406475,0.0022737,-0.00060607,48.2,0.16,-0.103,-0.11309803921568627,0.70487575507466,-0.9310718335060326,49.8,0.4939626734577154,0.29196363349754056,-0.39091885387576336,0.9748461208708445,0.092,10.0
2026-10-06,COR,"CENCORA, INC.",316.37,289.99,317.76,283.05,339.51,265.62,379.18,-4.723492723492727,-1.4399308556611934,1.2376354679802957,-17.74000000000001,-28.386352941176465,-13.425820835045878,-43.346885047307055,-0.01742123,-0.003914008000000001,-0.03148487152771692,0.023656855527716923,0.01283169,-0.0024488503557312333,-0.04750188920411806,0.0426041884926556,0.03163737,0.04200287734375003,0.02327037442099864,0.060735380266501424,0.00135593,-0.00516587,52.2,0.29,-0.41,0.19427843137254916,1.3269135360900721,-0.9383566733449737,33.5,0.3849472520001527,0.1361794761816888,-0.2914680923199516,0.5638270446833291,0.092,10.0
2026-10-06,MMM,3M COMPANY,163.64,157.38,170.14,148.6,181.31,146.68,189.32,-1.4087136929460502,1.1748670212765975,1.5141509433962286,-12.350000000000023,-18.21800000000001,-11.4606137583458,-24.97538624165422,-0.00263235,0.0010965738823529416,-0.019222795679930734,0.021415943444636616,0.00126326,0.0010189068774703457,-0.02959218511098822,0.03162999886592891,0.02844103,0.060102507773437785,0.040680532025495084,0.07952448352138049,-0.00140717,0.00343324,73.4,0.95,-0.431,-0.06363921568627454,0.908138586935639,-1.035417018308188,30.8,0.42490530307039576,0.17566303412789688,-0.178802015284059,0.5301280835398527,0.092,10.0
2026-10-06,MOS,THE MOSAIC COMPANY,20.94,19.47,22.06,18.3,24.33,17.39,29.09,-2.0897435897435996,1.2840909090909076,2.295774647887323,-2.349999999999998,-0.959098039215686,0.615103036182099,-2.533299114613471,-0.06482892,-0.007663820509803921,-0.03805944228347865,0.02273180126387081,-0.01651263,-0.017563391541501945,-0.04882466857066892,0.013697885487665033,-0.01410785,-0.036403226289062646,-0.048854216540872734,-0.023952236037252557,4.357e-05,0.00123712,12.5,-1.68,-2.495,-0.2673725490196077,0.666676497071292,-1.2014215951105074,1.4,0.5366901449122243,0.13271009611031936,-0.13706160353488062,0.40248179575551934,0.1075,10.0
2026-10-06,REGN,"REGENERON PHARMACEUTICALS, INC.",738.72,696.1,775.35,664.12,852.23,603.26,985.7,-1.483681462140994,1.5215817694369966,1.8232688616565773,-51.27999999999997,-23.094901960784306,9.226028142270756,-55.41583206383937,-0.01974698,0.005195384666666662,-0.022627138876417242,0.03301790820975056,0.02721217,0.010945777075098825,-0.032427559612815585,0.05431911376301324,-0.00731092,-0.017981683359375025,-0.02987508096674518,-0.00608828575200487,0.00129064,-0.0111134,20.8,-1.07,-1.232,0.20846274509803941,1.1410606139696826,-0.7241351237736039,5.8,0.2604028850826834,0.12900987573572417,-0.19135380595651555,0.4493735574279639,0.0925,9.0
2026-10-06,TLT,ISHARES:20+ TRS BD ETF,77.28,74.98,78.99,71.55,82.52,71.59,85.27,-1.5123456790123433,-1.0935114503816812,1.4042179261862915,-1.8100000000000023,-1.4490588235294122,-0.3418374056640816,-2.5562802413947425,-0.0139822,-0.0022630095294117647,-0.007870534456491541,0.003344515397668011,-0.01636694,-0.003481310830039524,-0.009967341975182871,0.0030047203151038235,-0.01566876,-0.0047292288281249985,-0.011727209941124871,0.0022687522848748734,0.00041846,-0.00099643,46.2,-0.21,-2.228,-0.4307490196078432,0.3549398699973457,-1.216437909213032,1.0,0.4003098557978786,0.1849597973461758,-0.033655745447341484,0.4035753401396931,0.0925,9.0
2026-10-06,TNX,10 Y TSY YLD NDX,5.27,5.17,5.48,5.15,5.63,4.76,5.67,2.2222222222222276,3.000000000000022,-1.2749999999999984,-0.20000000000000018,-0.030509803921568535,0.0752576152147081,-0.13627722305784518,0.02037405,0.005137525882352942,-0.004278588528073058,0.014553640292778943,0.04055847,0.009570821897233194,-0.003179795704155969,0.022321439498622357,0.02361652,-0.009600504257812524,-0.0255458799573576,0.006344871441732552,-0.0004561,-0.00249611,82.5,1.21,2.038,0.3153843137254902,1.1314101941657173,-0.500641566714737,96.6,,,,,0.105,9.0
2026-10-06,TYX,30 Y TSY YLD NDX,5.64,5.52,5.83,5.46,5.92,5.24,5.96,1.9000000000000106,1.5555555555555594,-1.2499999999999973,-0.20999999999999996,-0.09050980392156852,0.0046161739980210975,-0.18563578184115814,0.01650025,0.0035604116078431372,-0.003871849725229932,0.010992672940916206,0.01918465,0.003621016086956523,-0.00559359007459039,0.012835622248503436,0.02269967,0.0026103399609374977,-0.008709197435534438,0.013929877357409434,-0.00010662,-0.00163274,60.7,0.11,2.012,0.23892941176470595,1.0684631455393636,-0.5906043220099518,98.2,,,,,0.105,9.0
2026-10-06,FVX,5 YR TSY YLD NDX,5.03,4.93,5.24,4.86,5.52,4.46,5.48,1.8999999999999848,2.882352941176468,-1.2666666666666668,-0.21999999999999975,0.023607843137254884,0.14229954302938047,-0.09508385675487072,0.01584386,0.007147241098039216,-0.006994665731516345,0.021289147927594777,0.05807877,0.010576945770750978,-0.00918628756765838,0.030340179109160335,0.01967636,-0.02513835171874994,-0.04621864009380941,-0.004058063343690469,-0.00026953,0.00041759,83.7,1.27,1.772,0.3846196078431373,1.229413703107508,-0.46017448742123346,92.3,,,,,0.105,9.0
2026-10-06,PLD,"PROLOGIS, INC.",128.68,124.41,132.47,118.59,140.2,114.23,149.21,-1.6216216216216366,1.141724479682852,1.4207612456747403,-4.019999999999982,-2.268156862745094,1.8724634233050508,-6.408777148795238,-0.01345314,0.0029519267058823575,-0.012654292740099132,0.01855814615186385,-0.01186727,0.006978366600790515,-0.004448226393435071,0.0184049595950161,-0.01704516,-0.017458101562500012,-0.029436495453804327,-0.005479707671195697,0.00010424,-0.00345342,40.5,-0.34,-1.721,0.1015803921568628,0.9287662487491417,-0.7256054644354162,1.4,0.4481098624016149,0.23412886006767178,-0.07720751713696547,0.545465237272309,0.0925,9.0
2026-10-06,PRU,"PRUDENTIAL FINANCIAL, INC.",113.54,108.41,116.05,105.27,124.6,95.86,138.48,-1.950943396226422,1.3373639661426813,1.4106334841628945,-4.279999999999987,-2.3868235294117657,0.9562880434228234,-5.729935102246355,-0.01469552,-1.0145372549018875e-05,-0.017749424962440617,0.01772913421734258,0.0014354,0.007418054940711468,-0.019526874360404234,0.03436298424182717,-0.00899492,-0.015772124374999974,-0.0263244291615923,-0.0052198195884076495,0.00182255,-0.0080851,4.2,-2.63,-1.078,0.17726274509803921,1.1399464516612068,-0.7854209614651284,9.3,0.34577728731672197,0.1637358311517261,-0.08480705464984784,0.41227871695330004,0.0925,9.0
2026-10-06,ROST,"ROSS STORES, INC.",224.21,223.91,240.02,212.71,253.18,205.73,270.13,3.3770883054892633,2.5191304347826087,2.4848484848484818,-28.319999999999993,-15.724235294117642,-5.233646856323011,-26.214823731912276,-0.00419642,0.008472261686274518,-0.009530539729602529,0.026475063102151565,0.01755115,0.02697672347826087,0.008121236310949426,0.045832210645572316,0.05127209,0.03727004949218748,0.0237840067323759,0.050756092251999056,-0.00238172,-0.00316279,34.9,-0.74,-0.439,0.4810000000000006,1.3236467581704203,-0.3616467581704192,16.5,0.36363072264485785,0.2430378842948789,-0.2949873320138221,0.78106310060358,0.0825,8.0
2026-10-06,SLB,SCHLUMBERGER N.V.,50.0,45.94,50.18,45.01,56.3,41.95,64.87,-6.457627118644035,1.2625250501001992,1.8472049689441006,-3.740000000000002,-1.6722745098039207,1.2552834475453483,-4.59983246715319,-0.03304572,0.008737431372549018,-0.021538839177384125,0.03901370192248216,0.02050501,0.01882695007905142,-0.018469181156811086,0.05612308131491393,0.01883172,-0.014422678359374967,-0.04351264550340343,0.0146672887846535,0.00635886,-0.00038507,16.5,-1.45,-1.63,0.23622745098039202,1.2109020722534163,-0.7384471702926323,5.4,0.30728044332364135,0.06017496803965111,-0.17760131027987577,0.297951246359178,0.0925,8.0
2026-10-06,HAL,HALLIBURTON COMPANY,32.72,30.31,32.66,28.93,35.48,26.94,41.78,-7.6999999999998865,-1.3731884057971022,1.5674740484429077,-1.2199999999999989,-0.958941176470589,0.9255368774998604,-2.843419230441038,-0.02607961,0.007328137882352941,-0.022439805169730022,0.03709608093443591,-0.01427943,0.01717725466403161,-0.024615867347139324,0.058970376675202545,0.00805972,-0.021186822070312566,-0.04510677942454454,0.002733135283919403,0.00308946,-7.07e-06,29.0,-0.96,-1.709,0.2032352941176475,1.1252423693513016,-0.7187717811160065,5.0,0.49196500099791773,0.12909806387039385,-0.0978150450716834,0.3560111728124711,0.0925,8.0
2026-10-06,QCOM,QUALCOMM INC.,181.03,174.46,196.63,165.96,209.11,141.16,248.91,1.6475716064757147,1.8633045786330475,1.7025332330072733,-24.25999999999999,-19.283568627450986,-5.059823778441613,-33.50731347646036,-0.00266502,0.0041298216470588255,-0.045304259946764194,0.05356390324088185,-0.000556,0.020538193083003944,-0.06005706591107339,0.10113345207708128,0.04138605,0.0308485225390626,0.011048452832711643,0.05064859224541356,-0.00828959,-0.00012988,69.6,1.06,0.223,-0.11423921568627449,0.9456326277176003,-1.1741110590901491,59.3,-0.10952649102420564,0.14434918120164364,-0.24296652293344334,0.5316648853367306,0.08325,8.0
2026-10-06,USO,UNITED STATES OIL FUND,144.91,137.58,152.57,134.88,173.71,121.07,202.38,-1.453237410071939,2.871385842472583,2.410654362416107,-30.0,-12.818627450980392,-0.3191285288018353,-25.318126373158947,-0.02706933,0.014316880313725501,-0.02627459114638056,0.05490835177383156,0.09222197,0.048351128893280595,-0.028542231377664873,0.12524448916422606,0.1162644,0.056133932695312645,4.104907947068831e-05,0.11222681631115461,-0.00838323,-0.00345032,66.5,0.9,-0.081,0.26508235294117644,1.2720552886208263,-0.7418905827384733,32.7,0.059017672224458195,0.19376771543793908,-0.0868792836833272,0.47441471455920536,0.0695,7.0
2026-10-06,VAL,VALARIS LIMITED,82.0,75.29,83.83,73.65,90.2,62.78,114.16,-2.45934959349594,-1.0182926829268282,1.6732570239334026,-5.450000000000003,-5.159176470588232,1.9604023143564762,-12.27875525553294,-0.00470003,0.01028904349019608,-0.03768159068549329,0.05825967766588544,0.01970721,0.039176286679841923,-0.02814244293127921,0.10649501629096306,0.03935999,-0.0027256525000000204,-0.03906711985407661,0.03361581485407657,0.00034321,0.00498496,58.5,0.51,-0.312,0.07054509803921559,0.9419523887278156,-0.8008621926493844,33.5,-0.006610275036448399,0.045914207367144806,-0.22193291201182674,0.31376132674611634,0.08325,7.0
2026-10-06,XLU,SEL SECTOR:UTIL SPDR,41.16,38.05,40.53,36.39,42.42,36.24,45.44,-71.74999999998872,-3.7857142857142674,-1.1495327102803723,-0.030000000000001137,-2.8776078431372536,-1.7860258069757353,-3.9691898792987717,-0.0147575,-0.0022624736470588224,-0.014879670970589258,0.010354723676471613,-0.03561264,-0.00018158976284584808,-0.013273514640911135,0.012910335115219438,-0.00681471,0.03145855066406258,0.016425958468732856,0.0464911428593923,0.00858314,0.00296421,99.8,3.83,-1.092,-0.1462509803921568,0.8857835669169858,-1.1782855277012994,15.7,0.02113816655524392,0.3737873281539854,-0.24841566169674856,0.9959903180047194,0.0655,7.0
2026-10-06,DECK,DECKERS OUTDOOR ,81.66,75.78,81.58,70.43,83.18,60.59,99.54,-3.7803030303030054,-7.388157894736786,-1.1784116331096186,6.159999999999997,-2.2597254901960793,3.2569641057097853,-7.776415086101943,0.00582342,-0.008054531647058823,-0.043027931157162316,0.026918867863044673,-0.07529126,-0.016742408142292508,-0.058278296743846825,0.024793480459261805,-0.08365582,-0.039403474726562464,-0.061594657667131174,-0.017212291785993754,0.0112853,0.00221831,23.6,-1.18,-0.175,-0.3131725490196079,0.800061178602019,-1.4264062766412349,59.3,0.8246681051708453,0.2316410071795423,-0.2724165363172649,0.7356985506763495,0.0675,7.0
2026-10-06,IRM,IRON MOUNTAIN INC.,116.5,107.07,116.11,104.9,122.21,90.63,138.3,-4.710843373493981,-2.03152364273205,-1.1866972477064217,2.8599999999999994,-6.722352941176467,-1.5505778654411344,-11.8941280169118,0.00361927,0.0012900349803921553,-0.028599485681934742,0.031179555642719053,-0.00058131,0.0191259994071146,-0.01047163058391138,0.04872362939814058,-0.02972455,0.01663044867187502,-0.0007102019323266297,0.033971099276076666,0.01106105,0.00631575,35.5,-0.79,0.007,0.07858039215686258,1.1152924154782178,-0.9581316311644925,51.0,0.3045277198049483,0.12262543293406192,-0.09876077423616444,0.3440116401042883,0.0675,7.0
2026-10-06,MP,MP MATERIALS CORP,48.53,43.58,48.23,37.97,55.73,35.18,75.37,,-1.466666666666668,2.0104868913857676,-7.079999999999998,-14.286862745098048,-7.285777595745235,-21.287947894450863,-0.02817383,-0.007810645098039219,-0.06407245976550566,0.04845116956942722,-0.04459973,-0.007635636047430839,-0.051624491220186655,0.03635321912532498,0.10345151,0.12289099046875021,0.11561805494863166,0.13016392598886875,0.009125,0.00983522,48.2,-0.38,-0.962,-0.175729411764706,0.6957086709500433,-1.0471674944794553,18.5,0.32386169406291154,0.022000235374049,-0.17866001132679382,0.2226604820748918,0.058,7.0
2026-10-06,PAYX,"PAYCHEX, INC.",101.02,91.05,102.99,87.9,112.61,83.5,132.23,-5.5423728813559014,-1.1320103537532344,1.781392694063927,-5.890000000000001,-2.435843137254905,1.9874254166209133,-6.859111691130723,-0.05987629,-0.006262736156862746,-0.03268882900979679,0.020163356696071295,-0.00515891,-0.013827251857707473,-0.05478235086395967,0.02712784714854472,-0.02009618,-0.02418407273437503,-0.040371265146080915,-0.007996880322669143,-0.0026527,-0.0113671,72.4,1.13,-1.368,-0.2988745098039215,0.7415731641052318,-1.3393221837130747,18.1,-0.25027204754407484,0.164063405857522,-0.07360963648491917,0.4017364481999631,0.065,7.0
2026-10-06,SMCI,"SUPER MICRO COMPUTER, INC.",43.46,40.31,46.11,39.79,52.1,28.69,57.75,1.5609756097560923,2.354223433242506,-1.0335899230230932,-0.7100000000000009,-1.24764705882353,3.8631483660533164,-6.358442483700376,0.04663283,-0.0041294895686274456,-0.07656748884395918,0.06830850970670428,0.11284246,-0.01674985936758901,-0.08540939224151535,0.05190967350633734,-0.0079419,-0.0863791218359375,-0.17088118634003305,-0.0018770573318419581,0.01173246,0.02322955,35.1,-0.72,0.381,-0.031956862745097896,0.9415952916587889,-1.0055090171489847,64.7,0.16808229505168737,0.009443162319332012,-0.3289758719306246,0.34786219656928863,0.0635,6.0
2026-10-06,WSM,"WILLIAMS-SONOMA, INC.",242.25,223.56,243.81,218.51,257.45,192.02,282.57,-2.4399375975038993,-1.5618421052631597,-1.24578373015873,-5.47999999999999,-17.07580392156862,-7.513066443647459,-26.63854139948978,0.01407434,0.0031416969803921544,-0.022170634438900244,0.028454028399684556,0.01684491,0.003924886798418969,-0.024607849671088186,0.032457623267926124,0.02139053,0.030483466093749897,-0.0014261971667658274,0.06239312935426562,0.00729621,0.00983455,59.1,0.43,0.766,0.02453725490196079,0.9781616618009136,-0.929087151996992,74.0,0.5591091273207205,0.3128250094284637,0.0705223600104779,0.5551276588464495,0.05175,6.0
2026-10-06,DD,"DUPONT DE NEMOURS, INC.",133.28,126.27,134.08,120.15,140.2,107.15,157.91,-3.1479591836734575,-1.8973988439306386,-1.0609013398294762,-1.9399999999999977,-6.559315294117645,-0.3237304317878653,-12.794900156447424,0.01142623,0.0038776976470588265,-0.02063574716728307,0.02839114246140072,-0.0122358,0.01292403268774707,-0.02556573933612672,0.05141380471162086,0.00688348,0.009737024804687503,-0.010870164806585392,0.0303442144159604,0.00814172,0.00268854,36.1,-0.69,0.204,0.15829411764705903,1.077946343384508,-0.76135810809039,48.2,0.6806078876097346,0.21066802311939242,-0.1436130720563074,0.5649491182950923,0.0635,6.0
2026-10-06,GE,GENERAL ELECTRIC COMPANY,309.39,300.39,320.41,282.08,332.65,272.02,390.65,-1.0494623655913955,-1.1741186586414452,2.1744715012041738,-33.389999999999986,-42.94937254901962,-27.83839600204621,-58.06034909599303,-0.00760444,0.0006760692549019628,-0.023240799715537167,0.02459293822534109,-0.0349813,0.011563270276679838,-0.013306486557656984,0.03643302711101666,0.05113894,0.0788268464453125,0.04892117673830701,0.10873251615231799,0.00440542,-0.00323941,24.4,-1.16,-1.205,0.05120000000000002,1.0049389761594463,-0.9025389761594463,10.5,0.5322655605160569,0.10284428782639002,-0.14408233200830062,0.34977090766108065,0.054,6.0
2026-10-06,GGB,GERDAU SA,5.12,4.6,5.32,4.47,5.78,4.06,6.15,-1.1315789473684206,1.015384615384615,-1.0291262135922332,-0.1200000000000001,-0.17172549019607852,0.070812280093382,-0.4142632604855391,0.02102102,0.00884679576470588,-0.02400653962014282,0.04170013114955458,0.01338398,0.027876850592885385,0.002464890891983547,0.05328881029378722,0.01566372,-0.0019717888671874845,-0.018927638187860207,0.01498406045348524,0.00569505,0.00275786,21.2,-1.1,0.077,0.42315686274509834,1.5568864992471318,-0.7105727737569352,35.5,0.07667150382734667,1.3342137871789184,-0.06763988855816949,2.736067462916006,0.0635,6.0
2026-10-06,HON,HONEYWELL INTERNATIONAL INC.,212.87,209.2,220.46,194.17,229.2,179.33,243.79,2.5975975975975896,-1.1451316595223537,-1.0847347994825358,-3.759999999999991,-8.480392156862742,0.42057699341024524,-17.381361307135727,0.01932013,0.0021093437647058785,-0.018906268382356595,0.02312495591176835,-0.01734098,0.0072893471936758885,-0.015459416104787464,0.030038110492139242,-0.00104534,5.66001953125013e-05,-0.0067640615802881,0.006877261970913102,0.00088193,0.00383931,12.3,-1.38,0.406,-0.016,1.0191435329741805,-1.0511435329741805,64.9,0.9656233896549873,0.14366070442211612,-0.1797605606147835,0.4670819694590157,0.0635,6.0
2026-10-06,IR,INGERSOLL RAND INC.,79.21,73.96,79.86,69.08,84.98,62.34,89.26,-2.2552083333333304,-1.755632582322353,-1.6786069651741264,2.739999999999995,-3.112274509803923,0.245511061088854,-6.470060080696699,0.02456486,-0.0027303496078431373,-0.02948782530407345,0.024027126088387175,-0.00548742,-0.0029234678656126474,-0.036700570081751246,0.03085363435052595,-0.02826191,-0.012635297890624987,-0.026633414290671502,0.0013628185094215258,0.00437528,0.01207202,72.2,1.12,0.69,-0.18947450980392164,0.8558702654500809,-1.2348192850579243,78.0,0.2810199843488286,0.08091961073837747,-0.16995909897037328,0.3317983204471282,0.05175,6.0
2026-10-06,PFF,ISHARES:PREF AND INC SEC,29.52,28.8,29.97,27.95,30.82,27.37,31.45,-1.5365853658536557,-1.2076923076923072,-1.113989637305699,0.03999999999999915,-0.1736470588235288,0.13411670830870778,-0.48141082595576534,-0.00720895,-0.0024145748235294123,-0.008097573742126347,0.0032684240950675214,-0.0100322,-0.0036937218181818175,-0.010009700639591834,0.0026222570032281988,-0.02459941,-0.013977261875000015,-0.017717350000326405,-0.010237173749673626,0.00108765,0.00088565,33.3,-0.5,-1.41,-0.34501568627450974,0.5491517748712589,-1.2391831474202784,11.3,-0.2539673900011076,0.49571322830856507,-0.49751689360888257,1.4889433502260128,0.054,6.0
2026-10-06,RUT,RUSSELL 2000 INDEX,2830.3,2751.37,2865.55,2725.14,2924.55,2607.5,3148.38,-1.3276759884281633,-1.1157559681697646,1.4276481149012552,-84.52999999999975,-109.91666666666653,-48.82169248432312,-171.01164084900995,-0.0066931,0.0008772225882352943,-0.01153319023370407,0.013287635410174659,-0.00377609,0.007637517154150198,-0.0032080451928507177,0.018483079501151113,0.00923941,0.018344163007812508,0.012334498976784607,0.024353827038840408,0.00310043,0.00082347,13.1,-1.73,-1.508,0.14946274509803895,1.0474143541007428,-0.748488863904665,5.0,,,,,0.0465,5.0
2026-10-06,STX,SEAGATE TECHNOLOGY HOLDINGS,805.63,810.92,986.0,731.59,1004.23,677.85,1361.79,8.584705257567691,2.6823338735818494,4.352480826420411,-420.36,-194.3969803921569,-49.586873578667365,-339.2070872056464,0.01665588,0.02481187215686275,-0.02465251036340487,0.07427625467713037,-0.00083173,0.0895018177865615,0.03848369994168395,0.14051993563143905,0.23094364,0.18162297984374992,0.13253484055833994,0.2307111191291599,0.00058389,0.0004109,78.0,1.23,-0.579,0.5755058823529408,1.5084107009468921,-0.3573989362410105,6.9,-0.0980130905091281,0.07118574325785997,-0.1714231686394902,0.3137946551552101,0.05625,5.0
2026-10-06,WMB,"THE WILLIAMS COMPANIES, INC.",72.39,65.95,71.68,64.38,74.81,59.93,89.5,-7.756756756756803,-3.309917355371901,1.3731942215088282,-4.890000000000001,-9.271254901960782,-6.9735598926027045,-11.56894991131886,-0.0073326,0.0029020187058823557,-0.01547145052663244,0.02127548793839715,-0.02193556,0.015393777430830053,-0.005428858196360069,0.036216413058020175,0.06141816,0.08761667304687484,0.07874215445501082,0.09649119163873887,0.00837591,0.0038122,39.7,-0.61,-0.777,0.1652627450980391,1.1214707854951036,-0.7909452952990255,15.3,0.3285298289406755,0.1806414013125061,-0.079347651286236,0.4406304539112482,0.043,5.0
2026-10-06,XLI,SEL SECTOR:INDUST SPDR,171.58,165.25,171.65,156.65,180.68,150.0,194.98,-3.780821917808279,-1.6406593406593424,1.0843373493975887,-2.780000000000001,-6.61541176470588,-2.967647088505959,-10.2631764409058,-0.00067828,0.0010163214117647043,-0.011046934269761543,0.013079577093290952,-0.01384731,0.00474948731225297,-0.01127763145600668,0.02077660608051262,0.00880007,0.013860976054687495,0.01056177886012036,0.01716017324925463,0.00420327,0.00119207,44.2,-0.12,-0.525,0.0619529411764705,1.0049508733793746,-0.8810449910264336,22.8,0.3932881538090378,0.19216669124712343,-0.08313454124450143,0.4674679237387483,0.043,5.0
2026-10-06,XLV,SEL SECTOR:H CARE SPDR,167.09,163.74,171.63,159.08,180.7,149.48,191.57,1.022222222222216,1.6991260923845195,1.3901192504258928,-6.240000000000009,-4.793607843137254,-1.6358485703086427,-7.951367115965866,0.00306849,0.004253227960784315,-0.007454153073063916,0.015960608994632544,0.01958058,0.009622283873517793,-0.007754804871324404,0.02699937261835999,0.00922906,0.004825067070312508,-0.0012878524907869032,0.01093798663141192,-0.00052117,-0.00131154,28.2,-0.77,-0.083,0.2592784313725491,1.1117117091350377,-0.5931548463899394,32.3,0.2538793952480387,0.10040318005530367,-0.21103475642518976,0.41184111653579714,0.04575,5.0
2026-10-06,CARR,CARRIER GLOBAL ,56.1,52.47,57.15,49.23,57.39,44.56,68.03,-2.3720930232558173,-5.325581395348844,1.0337954939341423,-0.10000000000000142,-3.1993333333333385,-0.6570775408459464,-5.741589125820731,-0.00697274,-0.0024248718431372543,-0.02712111444370827,0.022271370757433764,-0.07966406,-0.004268453913043478,-0.04239538434885198,0.033858476522765024,-0.03221577,0.0021914105078125017,-0.0085397520440642,0.012922573059689203,0.0067956,0.01123409,45.4,0.0,-0.84,-0.2140470588235294,0.7713094085807746,-1.1994035262278333,26.4,0.7848614548975246,0.19547275790084565,-0.23841649096710907,0.6293620067688004,0.043,5.0
2026-10-06,CCJ,CAMECO ,93.02,81.15,89.61,76.82,98.55,73.46,124.73,,-2.9294755877034357,1.6211656441717794,-8.340000000000003,-18.714862745098046,-11.471103669041398,-25.958621821154694,-0.01275919,0.0014955825098039205,-0.03413914068409836,0.03713030570370621,-0.02979166,0.019767749683794484,-0.027013860730190953,0.06654936009777992,0.08478706,0.08885217761718762,0.07586008467847978,0.10184427055589547,0.01976353,0.01252673,48.6,-0.47,-0.865,0.06163921568627447,1.0468221572648095,-0.9235437258922605,14.9,0.19748201521175712,0.08123256581087997,-0.18202083993745372,0.3444859715592136,0.043,5.0
2026-10-06,CF,"CF INDUSTRIES HOLDINGS, INC.",116.02,106.97,117.7,102.69,130.53,98.44,161.55,-5.271676300578017,1.0885221305326336,2.589874857792948,-18.540000000000006,-12.005882352941175,-3.0815371716273923,-20.930227534254957,-0.05147561,0.005355894941176466,-0.028843022618075347,0.03955481250042828,0.00520929,0.02534512924901183,-0.02572127663734541,0.07641153513536907,0.08059252,0.053716779843749986,0.019872639266466943,0.08756092042103303,0.00172493,-0.01510489,8.9,-2.07,-1.618,0.14703529411764718,1.1378187721410873,-0.843748183905793,4.6,0.35330791670767603,0.10846754278410779,-0.12908247406150342,0.346017559629719,0.0485,5.0
2026-10-06,LII,LENNOX INTERNATIONAL INC.,365.63,343.31,370.84,294.72,389.96,298.4,439.79,-2.1501079913606898,-2.9145088368269634,1.103078982597055,-2.9399999999999977,-39.599372549019606,-13.731125977071255,-65.46761912096795,-0.00356063,-0.007947075764705882,-0.039659326990509954,0.023765175461098194,-0.12932446,-0.021115397391304344,-0.06528478524941941,0.023053990466810732,-0.02515178,0.016617986914062438,-0.0049705650144707125,0.03820653884259559,0.005666,0.00140767,9.7,-1.64,-0.876,-0.25854509803921577,0.6083132698876179,-1.1254034659660495,26.8,0.8092677630963874,0.07423907641453807,-0.24291451028880473,0.3913926631178809,0.043,5.0
2026-10-06,MRNA,"MODERNA, INC.",187.46,183.34,223.66,152.02,342.53,118.19,308.28,9.900726392251823,4.375564334085778,1.7441894037823005,-36.849999999999994,-5.29611764705882,14.228522091364999,-24.820757385482636,0.10527508,0.04787379576470588,-0.04644114555612676,0.14218873708553853,0.29245298,0.10243432249011873,-0.003156734375152237,0.2080253793553897,0.09834623,-0.07255367585937511,-0.14691852411965411,0.001811172400903907,-0.00119408,-0.00711018,32.3,-0.78,1.261,0.3686666666666668,1.1634002293752879,-0.42606689604195436,87.1,0.2249837046920764,0.061207131351859054,-0.33696748261577986,0.459381745319498,0.05375,5.0
2026-10-06,SBUX,STARBUCKS ,96.11,91.31,96.21,87.46,101.68,80.3,117.38,-5.746835443037937,-1.5529622980251336,1.3453510436432634,-1.1099999999999994,-2.1805098039215687,1.4716895300821498,-5.832709137925287,-0.01006187,0.002681175450980391,-0.01646678238368849,0.02182913328564927,-0.01587713,0.004142464822134395,-0.025240068577688714,0.0335249982219575,-0.01114484,-0.019688186210937392,-0.03971311016011761,0.00033673773824282813,0.00813829,-0.00241314,33.3,-0.56,-1.197,0.016772549019607976,0.918795832078579,-0.8852507340393629,11.3,0.8580907601456476,0.23036781828966882,-0.09130031966626026,0.5520359562455979,0.039,4.0
2026-10-06,SPG,"SIMON PROPERTY GROUP, INC.",201.74,195.28,204.98,186.13,214.3,180.46,236.13,-2.028662420382176,-1.2428343949044593,1.616071428571428,-11.780000000000001,-12.83901960784314,-6.650388853803095,-19.027650361883182,-0.01143049,0.0011061375294117626,-0.013178520170884125,0.015390795229707651,-0.02172017,0.010831669762845846,-0.0050433884854646106,0.026706728011156304,0.02444341,0.0300471144921875,0.019497666742478673,0.040596562241896325,0.00118843,-0.00020367,32.5,-0.76,-1.192,0.03958431372549006,1.0022151943601167,-0.9230465669091366,13.7,0.2849867368888246,0.2434245935129135,0.011155064916845259,0.47569412210898177,0.039,4.0
2026-10-06,STE,STERIS PUBLIC LIMITED COMPANY,208.65,203.53,214.65,192.58,228.44,183.5,249.07,1.2094717668488115,1.2314872433105166,1.6071570576540748,-5.909999999999997,-9.199647058823533,-1.7765107784399605,-16.622783339207107,-0.00475329,-0.007821719019607843,-0.03093454337539972,0.015291105336184036,-0.00055438,-0.012072641225296435,-0.04110828850650695,0.01696300605591408,-0.00718738,-0.009723139062499992,-0.017194653480420104,-0.0022516246445798806,0.00176614,0.00031526,54.6,-0.05,-0.99,-0.32125098039215666,0.632847204392651,-1.2753491651769642,22.0,0.7615206076878016,0.11172310207755422,-0.30510144399237316,0.5285476481474816,0.039,4.0
2026-10-06,TAP,MOLSON COORS BEVERAGE COMPANY,36.91,34.41,38.09,32.48,40.26,30.98,44.01,-1.7573529411764572,-1.3223880597014919,1.1973018549747059,-0.5900000000000034,-1.1492941176470572,0.3190809992833472,-2.6176692345774617,-0.02065881,-0.005801046823529411,-0.024605479155152588,0.013003385508093764,-0.02393956,-0.01143052786561265,-0.03252700354929151,0.009665947818066206,-0.03317993,-0.021990553632812437,-0.027304269034820135,-0.01667683823080474,8.617e-05,6.904e-05,26.2,-1.05,-0.78,-0.272992156862745,0.5349352342000793,-1.080919547925569,27.6,0.3168913063753458,0.11577948757767484,-0.13431799624600718,0.3658769714013569,0.039,4.0
2026-10-06,UBER,"UBER TECHNOLOGIES, INC.",69.08,66.26,69.81,61.29,74.23,59.07,82.87,-3.0215053763440665,-1.512621359223299,1.3776223776223786,-0.4399999999999977,-4.706196078431376,-0.3252369152174177,-9.087155241645334,-0.01492009,-0.00861076615686274,-0.03173957821922076,0.014518045905495273,-0.04203108,-0.01761193533596837,-0.037580613250099065,0.0023567425781623255,-0.02221886,-0.0024620875000000066,-0.03323263335824802,0.02830845835824801,0.00220276,-0.00066032,27.2,-1.15,-0.879,-0.325737254901961,0.37753503305497443,-1.0290095428588963,20.8,0.5229384515907094,0.11620905102050186,-0.14206129089058475,0.3744793929315885,0.039,4.0
2026-10-06,XLB,SEL SECTOR:MATRLS SPDR,49.73,47.07,50.09,45.26,52.66,43.66,56.84,-3.722222222222191,-1.5255972696245732,1.171334431630973,-0.8800000000000026,-1.1556862745098035,0.018152748012075337,-2.329525297031682,-0.01307266,0.00046863745098039137,-0.013229258535214854,0.014166533437175636,-0.0073558,0.0062239895256917125,-0.010164306834047537,0.02261228588543096,-0.00609941,-0.0036950563281249894,-0.012308683427575306,0.004918570771325327,6.85e-05,0.00013518,30.8,-0.77,-1.159,0.05171372549019622,1.064174091394662,-0.9607466404142695,12.5,0.6793147475263552,0.763429791889484,0.17296204768313705,1.353897536095831,0.039,4.0
2026-10-06,XLP,SEL SECTOR:C STP SPDR,81.8,78.65,81.86,75.58,85.77,73.85,92.91,-13.079999999999984,-1.5667506297229221,1.3974842767295592,-2.6400000000000006,-4.01956862745098,-2.3128149601335046,-5.726322294768455,-0.01151122,0.00037195443137254936,-0.010761935100246227,0.011505843962991326,-0.01666304,0.00428085328063241,-0.008914575238389313,0.01747628179965413,0.01549699,0.021536885117187526,0.015971492901752125,0.027102277332622927,0.00025192,-0.00230198,41.9,-0.43,-0.844,-0.023772549019608014,0.9842171256709845,-1.0317622237102007,18.5,0.40848715986361905,0.29994806087502046,-0.11770753503856368,0.7176036567886046,0.039,4.0
2026-10-06,XYZ,"BLOCK, INC.",76.54,71.18,76.59,68.84,80.93,59.59,96.43,-5.329787234042572,-1.7539863325740324,1.1734513274336282,0.3500000000000085,-2.970627450980392,1.0899653355451946,-7.031220237505979,-0.01521811,-0.0020208559215686233,-0.037619977048891196,0.03357826520575395,-0.00424675,-0.0007946809881422944,-0.04882743758707971,0.04723807561079512,-0.02016444,-0.024406263007812436,-0.05070960470804897,0.0018970786924241007,-4.69e-05,-0.00211955,9.3,-1.79,-0.577,0.02013333333333335,0.8868600598006225,-0.8465933931339559,23.6,0.7600124551555114,0.18696662291808744,-0.16149878849612906,0.5354320343323039,0.039,4.0
2026-10-06,YUM,"YUM! BRANDS, INC.",139.84,131.05,140.27,124.39,148.0,118.15,167.93,-7.04065040650412,-1.8933823529411775,1.2950668510834489,-3.75,-7.175450980392154,-2.4826879462894107,-11.868214014494896,-0.01648295,0.000336008235294115,-0.015268365614212924,0.015940382084801155,-0.03184114,0.001980747786561264,-0.009703246876980582,0.01366474245010311,-0.0006101,0.004951626093749984,0.001578535714512237,0.008324716472987732,0.00327909,-0.01190469,31.9,-0.6,-0.849,-0.09667843137254903,0.6435144718505107,-0.8368713345956088,17.3,0.046338755220611816,-0.0006973527039357655,-0.22994566190384128,0.22855095649596976,0.039,4.0
2026-10-06,BKNG,BOOKING HOLDINGS INC.,157.63,150.76,165.32,138.47,177.77,130.43,211.01,-1.3102362204724411,1.0511482254697295,1.9625000000000006,-8.180000000000007,-10.809960784313727,-1.107206304958643,-20.51271526366881,-0.03506594,-0.006418725098039217,-0.038177575090900376,0.025340124894821944,-0.0360067,-0.008928857233201571,-0.037773854693223335,0.01991614022682019,-0.03484443,-0.007127839726562495,-0.030699379292140297,0.016443699839015308,-0.0003038,-0.00574595,43.3,-0.05,-1.308,-0.27005490196078447,0.7645851572346911,-1.3046949611562602,18.1,0.14936853286143004,0.06496913554670178,-0.22987588051858301,0.3598141516119866,0.039,4.0
2026-10-06,BLDR,"BUILDERS FIRSTSOURCE, INC.",56.22,52.99,59.63,49.07,59.47,44.17,70.29,-1.1999999999999973,-2.1999999999999997,1.1676348547717852,2.1899999999999977,-1.800352941176467,4.532992403960564,-8.133698286313498,-0.02413681,-0.018785449098039222,-0.052957693419873456,0.015386795223795009,-0.09144023,-0.039787128260869546,-0.07689057693801551,-0.0026836795837235777,-0.12346727,-0.07219981421875012,-0.10359096197653822,-0.040808666460962005,-0.00035277,0.00710309,16.1,-1.43,-1.129,-0.5620470588235295,0.39123881148644957,-1.5153329291335085,29.4,0.7122392750422091,0.1507710588137665,-0.08027997075058005,0.38182208837811304,0.039,4.0
2026-10-06,CANE,TEUCRIUM:SUGAR,12.25,11.15,12.18,11.09,13.23,10.12,13.32,-3.5833333333333277,-1.1836734693877546,-1.9906542056074767,0.23000000000000043,0.02752941176470574,0.41951679470388986,-0.36445797117447837,0.01175061,0.0017363534117647065,-0.018773735162610158,0.022246441986139568,0.04626799,0.0038543201581027675,-0.019042424355532387,0.026751064671737924,-0.00083455,-0.030974516289062528,-0.0566766025011943,-0.005272430076930755,0.00691725,0.0020057,72.4,1.07,0.863,0.03809019607843139,1.1070944772906077,-1.0309140851337448,76.8,0.8371372824876295,0.8666911385427508,0.08294619058878627,1.6504360864967154,0.04775,4.0
2026-10-06,DIA,SPDR DOW JONES INDUS AVG,514.56,500.0,515.12,479.65,552.11,462.33,574.05,-5.59925093632941,1.0756230306502463,1.1390005743825398,-4.180000000000064,-10.57941176470588,-2.547868730463666,-18.610954798948093,-0.01040598,0.00106689705882353,-0.00770751402711951,0.00984130814476657,0.01262947,0.009158454980237154,-0.00457769209675327,0.022894602057227577,-0.00539649,-0.0013971828125000046,-0.007530193565147459,0.004735827940147449,-0.00013781,-0.00134207,34.3,-0.53,-0.95,0.1609019607843137,0.9951845526597386,-0.6733806310911111,13.3,0.20635035736349683,0.19512555677479962,-0.06501939017472333,0.45527050372432254,0.039,4.0
2026-10-06,FSLR,"FIRST SOLAR, INC.",179.8,157.67,179.17,150.55,198.81,140.5,249.74,-16.9765625,-1.538663861125724,1.7796437659033073,-19.19999999999999,-36.69121568627452,-19.201968897441738,-54.1804624751073,-0.06916212,-0.0030441072941176494,-0.04521737651916642,0.03912916193093112,-0.02372265,0.019264730632411093,-0.028290643676888372,0.06682010494171056,0.02726212,0.06636471218750013,0.03840927552100171,0.09432014885399856,0.0064871,0.00312006,68.7,1.13,-1.021,-0.07969411764705882,0.8781669594802549,-1.0375551947743726,16.1,-0.016062411831891055,0.20973699664918602,-0.18149978487193866,0.6009737781703107,0.03925,4.0
2026-10-06,HRL,HORMEL FOODS ,19.88,19.16,20.67,18.1,20.84,16.5,23.89,1.070422535211274,-1.8541666666666625,1.1863905325443795,0.18999999999999773,-0.19517647058823523,0.6425349953901103,-1.0328879365665806,-0.01424506,-0.0035764600000000014,-0.03051741977620027,0.02336449977620027,-0.06120914,-0.014597959249011827,-0.051801693833085596,0.022605775335061945,-0.05959068,-0.047656081210937444,-0.053514175527735894,-0.041797986894138994,0.00022488,0.00150146,20.6,-1.39,-1.429,-0.32058431372549023,0.6570331257776565,-1.298201753228637,13.3,0.7144805771800689,0.10542190738130673,-0.3249156879279943,0.5357595026906078,0.039,4.0
2026-10-06,IP,INTERNATIONAL PAPER COMPANY,32.14,30.35,33.84,28.28,36.01,26.8,40.82,-1.4609929078014237,1.002590673575129,1.6254681647940075,-1.6599999999999966,-3.1922352941176477,-0.7716748837324348,-5.612795704502861,-0.02663298,-0.01206648992156863,-0.04731514629675464,0.023182166453617373,-0.04093106,-0.022541509723320176,-0.06379927247722171,0.01871625303058136,-0.03619614,-0.00036420156250001145,-0.015057625068154345,0.014329221943154322,0.00095335,-0.00563955,22.0,-1.18,-1.412,-0.221521568627451,0.758270578765055,-1.201313716019957,15.1,0.30328253155168317,0.055886059801315745,-0.3110534696125905,0.42282558921522195,0.039,4.0
2026-10-06,IVZ,INVESCO LTD.,30.38,28.96,31.4,28.19,33.29,25.73,38.62,-1.1071428571428548,1.3287671232876728,1.7720430107526883,-2.8099999999999987,-2.234078431372549,-1.198411050908068,-3.26974581183703,-0.01429076,0.0014992999607843125,-0.02223603290856475,0.025234632830133375,0.01204012,0.015943266442687752,-0.013337219221384509,0.04522375210676001,0.03656289,0.035461416210937624,0.027967171325252987,0.04295566109662226,0.00557494,-0.00789066,1.8,-2.66,-1.044,0.2698235294117647,1.0767509111780469,-0.5371038523545174,6.2,0.6619480089715777,0.1875592195328771,-0.12257529415548266,0.4976937332212369,0.0335,4.0
2026-10-06,IWD,ISHARES:RUSS 1000 VL ETF,251.74,243.71,251.86,238.09,268.69,230.15,275.82,-4.678362573099471,1.2417582417582405,1.1153311718388133,-3.8400000000000034,-4.93623529411765,-1.6001258941322924,-8.272344694103008,-0.00835205,0.0025275660000000006,-0.0055989744722960075,0.010654106472296008,0.02612744,0.013947786324110667,0.0004901342051810646,0.02740543844304027,0.00323087,0.0036241329296875014,-0.00026472029021795424,0.007512986149592957,0.00144612,-0.0012603,37.5,-0.51,-0.696,0.4243137254901962,1.2930181660946112,-0.4443907151142188,14.1,0.14636256699405426,0.20483247029238097,-0.04721786294618838,0.45688280353095034,0.039,4.0
2026-10-06,L,LOEWS ,106.46,102.53,107.21,98.89,110.25,95.34,123.66,-2.8102189781021765,-1.9973614775725543,1.5467625899280593,-6.040000000000006,-8.40925490196078,-5.7774862693571105,-11.04102353456445,-0.00694436,0.0010727618823529407,-0.012365785005991208,0.01451130877069709,-0.02131531,0.008871747865612654,-0.007878034698320616,0.025621530429545923,0.03934775,0.04488583992187486,0.04094243550432246,0.04882924433942726,0.00271939,-0.00358193,51.8,-0.24,-0.651,0.0678666666666668,1.1556034586383843,-1.0198701253050508,24.0,0.9613610912445376,0.3430629932393876,0.02456136901608591,0.6615646174626892,0.039,4.0
2026-10-06,LMT,LOCKHEED MARTIN ,510.12,486.33,517.84,452.32,557.43,421.2,640.19,-3.3133704735376304,-1.2217290213485537,1.4627755285650026,-18.58000000000004,-39.918784313725496,-13.063421491826858,-66.77414713562413,-0.01615712,0.0024664182352941173,-0.025545801772308148,0.030478638242896386,-0.02569239,0.007346553122529625,-0.03838619495365747,0.05307930119871672,-0.0005137,0.02790508648437497,0.010952812017405444,0.044857360951344495,-0.0002172,-0.00752652,15.3,-1.54,-1.059,-0.017509803921568628,1.297347213132835,-1.3323668209759723,24.8,0.5959812532117168,0.132779873277411,-0.19586615487074463,0.4614259014255666,0.039,4.0
2026-10-06,MNST,MONSTER BEVERAGE ,43.25,40.63,43.9,38.54,46.27,36.42,53.42,-2.7738095238095104,-1.5596026490066213,1.489019033674964,-3.0900000000000034,-2.6264509803921565,-0.632042296946518,-4.620859663837795,-0.01027184,0.007258780352941172,-0.012944541104106325,0.02746210180998867,-0.01698168,0.021333470237154165,-0.004712396598165747,0.047379337072474076,0.05029942,0.026900559492187472,0.006217130872774333,0.04758398811160061,-0.0024844,-0.00287591,42.5,-0.3,-0.012,0.3104549019607841,1.242073507034966,-0.6211637031133976,34.3,0.38462327712190736,0.2235219935468627,-0.18241261056092845,0.6294565976546538,0.04575,4.0
2026-10-06,ODFL,"OLD DOMINION FREIGHT LINE, INC.",178.02,170.1,184.44,158.44,188.26,145.31,226.32,1.0014124293785298,-1.9121093750000049,1.4766126566799136,-7.439999999999998,-11.206745098039223,0.44566237826473554,-22.85915257434318,-0.00827868,0.003876259019607841,-0.026986086917902087,0.034738604957117766,-0.06231153,0.02912127656126481,-0.02296510568640094,0.08120765880893056,-0.00122508,0.008009077695312516,-0.012348897071095512,0.028367052461720544,0.00131494,-0.00396847,11.3,-1.77,-0.737,0.09151764705882356,1.1702346702052733,-0.9871993760876262,21.2,0.5318154279615164,0.15196684059159235,-0.15942434576661865,0.4633580269498033,0.039,4.0
2026-10-06,OMC,OMNICOM GROUP INC.,75.1,71.03,76.63,68.43,80.84,65.05,91.04,-2.0760869565217317,-1.1620209059233408,1.586069651741295,-2.0200000000000102,-2.963137254901961,0.6632594568503798,-6.589533966654302,-0.02502482,-0.0017236918431372545,-0.029317211134563655,0.025869827448289147,-0.01876253,-0.01065247332015811,-0.03219996661208063,0.010895019971764413,-0.02101321,-0.01433632546874999,-0.023598374064662482,-0.0050742768728374976,0.00059013,-0.01548282,1.4,-2.87,-1.151,-0.1367058823529412,0.7064076222584931,-0.9798193869643755,12.5,0.18662302112400075,0.04137500845282006,-0.303187990886345,0.3859380077919851,0.039,4.0
2026-10-06,PSA,PUBLIC STORAGE.,285.85,274.29,289.88,261.91,298.21,249.41,330.47,-2.5087336244541594,-1.9368932038835018,1.224478594950603,-2.3100000000000023,-11.943333333333332,-1.3659386533933322,-22.52072801327333,-0.01251971,-0.000440438313725491,-0.02074866896664659,0.019867792339195608,-0.03441005,0.0024545096442687726,-0.014842126355079031,0.019751145643616574,-0.02138734,0.0025351692968749936,-0.006861941428057239,0.011932280021807226,0.00152017,-0.00317579,47.8,-0.16,-1.097,-0.08307843137254899,1.02143401037801,-1.187590873123108,21.6,0.17576286343221104,0.06750862780196841,-0.13529439501918655,0.27031165062312335,0.039,4.0
2026-10-06,TDY,TELEDYNE TECHNOLOGIES INC.,622.22,601.5,632.39,561.14,670.01,535.98,736.1,-1.185236768802226,-1.2780916509730087,1.3205009276437847,-39.67999999999995,-57.84811764705883,-29.7686608629045,-85.92757443121316,0.01268215,0.0023252846274509817,-0.020259001471281794,0.024909570726183754,-0.00847074,0.013282977905138356,-0.014878908725798773,0.04144486453607549,0.05689119,0.05453249738281247,0.03474830125501653,0.0743166935106084,0.00114958,0.00079968,38.3,-1.0,0.636,-0.05416078431372546,1.0297904276659178,-1.1381119962933688,74.0,1.1103828399818263,0.1377811311065639,-0.19094915083528866,0.4665114130484165,0.02525,3.0
2026-10-06,TMO,THERMO FISHER SCIENTIFIC INC.,656.58,639.43,708.46,628.65,751.88,533.66,814.05,2.3320912901723276,3.4121016827783652,1.281077123332247,-43.64999999999998,-23.49098039215685,-1.6952066691468346,-45.286754115166865,0.02029531,0.007106760470588239,-0.020071565452068077,0.034285086393244554,0.05679684,0.012445338260869562,-0.023290860791879295,0.04818153731361842,0.0145423,-0.002196309140624989,-0.016927405891415715,0.012534787610165736,-0.00674672,-0.00388482,99.0,2.43,0.983,0.2527607843137254,1.3470767220960562,-0.8415551534686054,70.0,0.213127058390973,0.11175817899424599,-0.158379077686626,0.381895435675118,0.03,3.0
2026-10-06,WEAT,TEUCRIUM:WHEAT,25.49,24.0,25.26,23.42,27.89,22.12,30.42,,1.1594202898550754,1.4629080118694382,-0.8200000000000003,-0.8461176470588243,-0.00048177655973269395,-1.691753517557916,-0.01606559,0.004518573254901963,-0.013858980558037845,0.02289612706784177,0.03954006,0.015237521146245058,-0.005536461876585082,0.0360115041690752,0.01874095,0.0026598489062499993,-0.007989624378878972,0.013309322191378972,0.0050949,-0.00762011,16.9,-1.44,-0.933,0.07034901960784312,0.9814417872495551,-0.8407437480338689,16.1,0.15631845146780265,0.34897973238674174,-0.24244112997211908,0.9404005947456026,0.039,3.0
2026-10-06,ABT,ABBOTT LABORATORIES,98.16,92.93,101.5,89.16,110.63,84.23,122.06,-1.4106666666666645,1.3855555555555554,1.7157214644651844,-4.939999999999998,-5.362549019607841,-0.8774446075395383,-9.847653431676143,-0.01851714,-0.007320906941176466,-0.03318403104342903,0.018542217161076097,0.01132872,-0.018244475256917036,-0.05299297903949764,0.016504028525663562,-0.01235156,-0.0027230798828124982,-0.02030327441547472,0.014857114649849722,0.00463516,-0.00513289,62.9,0.61,-1.211,-0.4095372549019606,0.658716739262139,-1.47779124906606,30.0,0.503526118999662,0.14308366426252414,-0.24320971707747538,0.5293770456025236,0.026,3.0
2026-10-06,AIG,"AMERICAN INTERNATIONAL GROUP, INC.",75.11,72.99,76.57,69.69,79.23,66.24,85.53,-1.0944444444444454,-1.3155339805825232,1.174746335963923,-2.049999999999997,-3.8439607843137233,-0.9129156483584193,-6.775005920269027,-0.00348057,-0.00032433894117647126,-0.020868923900588258,0.020220246018235317,-0.01439741,-0.0031700048616600755,-0.01651990586545819,0.010179896142138038,0.00206329,0.009236104218749954,-0.0017529584111050656,0.020225166848604974,0.00145513,-0.00399641,87.5,1.46,0.049,-0.09996470588235291,0.7610548295996851,-0.960984241364391,59.3,0.15991081898234105,0.14418054319071796,-0.17014513528474082,0.4585062216661767,0.026,3.0
2026-10-06,APH,AMPHENOL ,88.62,82.4,91.83,78.71,95.93,72.21,107.7,-1.004576659038904,-1.3556771545827644,1.1627056672760503,-10.25,-11.34760784313725,-7.562884514757858,-15.132331171516643,0.03173148,0.005396615058823533,-0.023543362824974684,0.03433659294262175,0.0035233,0.013125421225296464,-0.012422349910870125,0.03867319236146305,0.09636029,0.0892379501562501,0.07643437566418274,0.10204152464831748,0.00997642,0.01132674,25.0,-1.11,0.748,0.22581176470588224,1.0234623428056766,-0.5718388133939121,75.2,0.2238022522638392,0.13100710476895308,-0.14117005971916205,0.4031842692570682,0.02525,3.0
2026-10-06,BRK.B,"BERKSHIRE HATHAWAY INC.,",505.54,486.08,516.94,472.83,548.98,446.87,585.57,-1.3691119691119717,1.3280342402934866,1.3640702232827682,-21.63999999999993,-30.31168627450976,-20.938600207430568,-39.68477234158895,0.0018965,0.001563012196078431,-0.008088231139776535,0.011214255531933396,0.02467828,0.006230368023715418,-0.006856794706586762,0.019317530754017598,0.02000282,0.03456718328124992,0.02257479264663636,0.04655957391586348,0.00046271,-0.00198798,45.0,0.06,-0.108,-0.05116862745098043,0.6240787688831207,-0.7264160237850815,49.4,0.41512191158708545,0.28063766250794986,-0.0037989735488755394,0.5650742985647752,0.026,3.0
2026-10-06,CTAS,CINTAS ,195.96,186.67,199.84,178.2,222.5,165.83,231.37,-2.6183844011142052,1.4943693693693674,1.175240623962828,-8.189999999999998,-10.170549019607847,-2.8310683252572533,-17.510029713958442,-0.01893788,-2.3164980392155995e-05,-0.021106175884961158,0.021059845924176847,0.03662895,-0.00024287754940712357,-0.03418665428665867,0.03370089918784442,-0.00179613,0.015770379960937532,-0.0012051017872564476,0.03274586170913151,0.00048165,-0.0040774,65.1,1.14,-0.429,-0.12918039215686286,0.7414333693133215,-0.9997941536270472,30.4,0.0825691722356583,0.28168775617950204,-0.06981201261921266,0.6331875249782167,0.026,3.0
2026-10-06,EIS,ISHARES:MSCI ISRAEL,120.23,117.59,125.64,117.05,126.75,113.89,142.23,1.8692579505300337,2.0503144654087992,3.4700315457413207,-14.899999999999991,-12.22333333333334,-8.308726894679026,-16.137939771987654,-0.00096104,0.004032221725490195,-0.010702780526960123,0.018767223977940513,0.00890428,0.008313039960474307,-0.011564591041721523,0.02819067096267014,0.07271551,0.07031595601562499,0.06417855779534906,0.07645335423590091,-1.801e-05,-8.282e-05,9.9,-1.9,-0.852,0.36781568627450967,1.152812818365301,-0.4171814458162817,6.5,,,,,0.0325,3.0
2026-10-06,FIX,"COMFORT SYSTEMS USA, INC.",1817.96,1634.97,1774.94,1541.05,1918.27,1402.25,2381.19,-6.2678500986193555,-2.760542318811686,1.3548627649082292,-290.7399999999998,-409.5913333333331,-260.8147317505232,-558.367934916143,0.03448805,0.008046823411764707,-0.023784227574011767,0.03987787439754118,-0.00508273,0.034953383003952614,-0.00954217954023414,0.07944894554813936,0.18252433,0.1899160197265625,0.18107721581262587,0.19875482364049912,0.01785783,0.02419888,43.1,-0.45,0.727,0.3912745098039214,1.1249354486350611,-0.3423864290272183,72.4,0.4019086177249611,0.16805397672670597,-0.02121627090761169,0.3573242243610236,0.02525,3.0
2026-10-06,ORLY,"O'REILLY AUTOMOTIVE, INC.",85.14,81.62,87.84,79.82,89.31,75.41,98.28,-1.7412280701754372,-1.2757793764988021,1.350462487153134,-5.230000000000004,-7.899215686274511,-4.757401523593362,-11.04102984895566,-0.00653293,-0.005503850862745097,-0.02116337658304457,0.010155674857554373,-0.00893901,-0.008696556561264827,-0.02385212831594653,0.006459015193416875,0.02135572,0.035338610390625004,0.026818381522196146,0.04385883925905386,-0.00101885,0.00629887,63.7,0.81,-0.18,-0.3207647058823529,0.4925555617887161,-1.134084973553422,61.7,0.2852076208283132,0.18507598509568496,-0.12952582274717717,0.4996777929385471,0.026,3.0
2026-10-06,VRTX,VERTEX PHARMACEUTICALS INC.,502.31,490.74,529.5,466.43,557.23,434.39,621.29,1.1494927923117997,1.530657748049053,1.751766784452296,-31.619999999999948,-14.684392156862748,2.039516594983981,-31.408300908709478,-0.00860068,0.0077466802352941224,-0.010105909129037853,0.0255992695996261,0.00615592,0.012546621936758888,-0.016579697721477014,0.04167294159499479,-0.00107332,-0.009161457929687528,-0.012505556494908499,-0.005817359364466557,-0.00144303,-0.00732184,25.2,-0.85,-1.005,0.21828235294117648,0.9723681938081278,-0.5358034879257748,6.2,0.7093763756217004,0.18475536233306886,-0.11894005872075822,0.48845078338689596,0.02625,2.0
2026-10-06,WBD,"WARNER BROS. DISCOVERY, INC.",30.95,29.52,33.48,23.1,34.78,22.43,40.12,-2.098591549295775,-2.049608355091382,1.0762910798122065,-6.599999999999998,-3.934941176470591,-2.406817456732762,-5.46306489620842,-0.00875392,0.008999268196078427,-0.019108475534505634,0.037107011926662485,-0.04821049,0.04064883189723309,-0.017002642702435365,0.09830030649690155,0.12268819,0.10438888574218762,0.07846709030201321,0.13031068118236203,-0.04085531,-0.086073,75.4,0.81,0.836,0.22905490196078426,1.1732148903039041,-0.7151050863823357,76.0,,1.023618294113742,-0.09072461813848043,2.137961206365964,0.02,2.0
2026-10-06,EDEN,ISHARES:MSCI DENMARK,108.21,104.39,109.87,101.59,114.48,97.95,124.39,-2.3450292397660655,-1.055821371610842,1.5769980506822632,-3.3300000000000125,-1.6788627450980398,1.0269628236787023,-4.384688313874782,-0.02442667,-0.0011038994901960795,-0.017404746745938136,0.015196947765545976,-0.01418653,-0.0005987811857707503,-0.012933328888508813,0.011735766516967311,-0.0160793,-0.013818678398437506,-0.02186137005607309,-0.005775986740801922,0.00239849,-0.00452471,50.4,0.09,-1.925,0.0208156862745098,0.9870654468193554,-0.9454340742703358,3.0,,,,,0.0175,2.0
2026-10-06,EIRL,ISHARES:MSCI IRELAND,80.72,77.64,81.88,76.07,85.7,74.94,90.39,-3.0925925925926006,1.0709677419354835,1.6730103806228374,-3.6899999999999977,-2.142235294117648,-0.5525249928185398,-3.731945595416756,-0.01420358,0.0033123353725490186,-0.008684921750144329,0.015309592495242367,-0.00162788,0.011487896916996055,0.002988793145772377,0.019987000688219732,0.00901783,0.0033292579687500107,-0.006163439589175394,0.012821955526675416,0.0023338,0.00014253,81.0,1.45,-1.086,0.31426274509803925,1.0085593681432345,-0.3800338779471561,5.0,,,,,0.0175,2.0
2026-10-06,KHC,THE KRAFT HEINZ COMPANY,22.03,21.15,23.06,20.42,24.59,19.17,27.63,-1.8333333333333421,1.590062111801242,1.9580419580419577,-1.2999999999999972,0.014980392156863163,0.7932946792769692,-0.7633338949632428,-0.03625655,-0.003254648588235293,-0.020391571008848974,0.013882273832378389,-0.00332842,-0.004719066600790513,-0.02677289021819119,0.017334757016610167,-0.03059526,-0.04695067707031256,-0.06029552717391521,-0.033605826966709905,-0.0021716,-0.00733037,11.9,-1.61,-2.543,-0.22152156862745115,0.5644152254075412,-1.0074583626624434,1.0,0.5064309866304251,0.13781240732704317,-0.20921416143826507,0.4848389760923514,0.02625,2.0
2026-10-06,MA,MASTERCARD INC..,566.58,533.52,567.36,513.57,609.26,486.18,659.07,-6.53578732106342,-1.2420337394564211,1.1503731343283579,-14.25,-25.80549019607844,-11.56483207382774,-40.046148318329145,-0.01325914,-0.0023611480784313725,-0.01672380493809348,0.012001508781230736,0.00252456,-0.0029078720553359803,-0.020052908402561492,0.01423716429188953,0.00571285,0.007043877656249999,-0.00396508158045592,0.01805283689295592,0.00175957,-0.00528391,51.0,-0.25,-0.223,-0.1137333333333333,0.7054681404160585,-0.9329348070827252,49.4,0.4225835132732121,0.12627847724255092,-0.10397996560363706,0.35653692008873894,0.017,2.0
2026-10-06,ADI,"ANALOG DEVICES, INC.",420.55,399.23,430.73,376.32,453.13,324.06,498.64,1.1773362766740223,-1.357581338244323,-1.235625560250993,-13.439999999999998,-29.67596078431374,-10.844371084334156,-48.507550484293326,0.04042789,0.005670153921568625,-0.021966696948721977,0.033307004791859225,0.01248151,0.02946926529644266,-0.003310487707143834,0.06224901830002916,0.05079954,0.04016946019531253,0.0260472108366131,0.054291709554011955,0.0037462,0.0030907,50.0,0.33,1.553,0.33614509803921533,1.3124525912929326,-0.6401623952145019,83.3,0.13325654661702324,0.18222121986938883,-0.06312620127403437,0.427568641012812,0.0065,1.0
2026-10-06,DOC,"HEALTHDOC PROPERTIES, INC.",19.0,18.68,20.2,17.79,21.07,16.95,22.92,1.4769230769230814,1.7107438016528915,1.9121951219512197,-1.0500000000000007,-0.6320392156862751,0.059884781118080044,-1.3239632124906302,-0.02293266,0.0014084601176470588,-0.02073323349018483,0.02355015372547895,-0.01607124,0.006330145770750984,-0.010771598651533506,0.023431890193035473,-0.02550489,-0.006948900781250008,-0.016518655531743844,0.0026208539692438287,-0.00133842,-0.00551996,91.1,1.61,-1.489,-0.07411372549019606,0.8180249278475983,-0.9662523788279903,5.0,0.8591252188930789,0.23084036440597672,-0.32713350353875653,0.7888142323507099,0.01125,1.0
2026-10-06,QQQ,INVESCO QQQ TRUST 1,759.66,731.55,776.9,705.11,802.53,641.47,868.77,1.0494117647058856,-1.2724515978539759,-1.0832187700485743,-22.180000000000064,-36.795647058823484,-16.946849234476737,-56.64444488317023,0.02253889,0.0017342690196078421,-0.012740952055927488,0.01620949009514317,0.00737686,0.010421721897233198,-0.00677242588133955,0.027615869675805947,0.02667001,0.026748749687500014,0.019351933122734016,0.034145566252266016,0.00334379,0.00174432,58.5,0.34,1.23,0.32840000000000014,1.3330819358015673,-0.6762819358015669,84.7,0.2761441549640866,0.1852362782502204,-0.131386410421962,0.5018589669224028,0.0065,1.0
2026-10-06,SD,"SANDRIDGE ENERGY, INC.",13.76,12.88,13.97,12.58,14.95,11.56,16.96,-3.4399999999999977,1.0084745762711862,1.4545454545454555,-0.5999999999999996,-0.5760392156862747,0.19165776872450113,-1.3437362000970505,-0.02100193,0.00396182992156863,-0.020149860953969277,0.028073520797106538,0.00908886,0.011701512450592925,-0.025517114561920854,0.04892013946310671,0.00946157,-0.012160521679687548,-0.033152679823634804,0.00883163646425971,-0.00373341,-0.00106371,49.4,0.15,-0.872,0.17396862745098032,1.0817332864773392,-0.7337960315753786,12.1,0.46262951291406895,0.2646030415955776,-0.13777494566613652,0.6669810288572917,0.0025,0.0
2026-10-06,XOP,SPDR S&P OIL&GAS EXP,188.46,173.88,188.9,170.48,203.22,157.21,227.45,-5.190661478599237,-1.2181571815718177,1.2476799999999995,-9.75,-4.377411764705881,4.113988491673171,-12.868812021084933,-0.0178477,0.0057801145490196095,-0.015064077155996176,0.026624306254035397,0.03014612,0.019637004347826108,-0.008764267395336707,0.04803827609098892,0.03252283,-0.012928974804687405,-0.04305014595472592,0.01719219634535111,-0.00058559,-0.00369404,67.1,0.78,-0.403,0.3398313725490194,1.3058867004933785,-0.6262239553953398,29.2,0.23013396391385577,0.13541425364801574,-0.0856142167617423,0.3564427240577738,0.0025,0.0
2026-10-06,CMS,CMS ENERGY ,65.07,60.74,65.44,58.29,66.96,56.32,74.23,-4.395604395604336,-3.587301587301583,1.046857142857145,-1.1500000000000057,-4.342941176470585,-2.5897379280180743,-6.0961444249230965,-0.01518221,-0.003036871176470588,-0.01623393180660592,0.010160189453664743,-0.04329584,-0.0008523053754940739,-0.014080820159436756,0.012376209408448607,-0.00376888,0.02220526597656241,0.012545796764517286,0.03186473518860753,0.0044283,-0.00259395,89.3,1.54,-1.436,-0.24664313725490192,0.7806152247097694,-1.2739014992195732,13.3,0.9732487982518898,0.25967101525215175,-0.12052907465991458,0.6398711051642181,0.003,0.0
2026-10-06,CNR,"CORE NATURAL RESOURCES, INC.",90.21,81.49,92.23,79.06,100.4,72.77,116.21,-2.5337620578778126,-1.0942100098135406,1.4908256880733948,-5.510000000000005,-6.157882352941174,0.1707517549168589,-12.486516460799207,-0.02422116,0.0032157152156862723,-0.03455241624837742,0.04098384667974997,0.01337354,0.018345976996047463,-0.008537571512408509,0.04522952550450343,0.01423129,0.007295239804687496,-0.0074298052225065525,0.022020284831881544,0.00617124,0.00463513,5.8,-2.05,-1.382,0.10745098039215677,1.0732530972291565,-0.8583511364448431,6.5,0.7779332492326232,0.12949322435972138,-0.096342134071672,0.3553285827911148,-0.0035,-0.0
2026-10-06,CTVA,"CORTEVA, INC.",13.91,9.37,44.29,4.25,75.03,23.93,86.9,-1.8861940298507465,6.32712215320911,,-62.78,-6.641568627450986,1.3812681606275126,-14.664405415529483,-0.80389503,-0.008174389294117646,-0.08920851817805107,0.07285973958981577,-0.54080022,-0.015311185849802377,-0.1344080111642209,0.10378563946461615,-0.11091074,0.0248852753515625,0.0047074889204169156,0.04506306178270808,-0.10090289,0.17330364,95.2,2.06,-2.142,0.2478352941176469,1.259098807760363,-0.7634282195250692,2.2,-0.807622162495131,0.14743414358619467,-0.23242289043456743,0.5272911776069568,0.21475,0.0
2026-10-06,LH,LABORATORY  OF AMERICA HOLDINGS,311.71,292.76,318.09,283.95,336.84,276.2,373.03,-3.601851851851827,-1.1046557898925586,1.7268375105604057,-27.819999999999993,-19.960274509803913,-9.329878875507395,-30.59067014410043,-0.01928838,-0.0001930732549019588,-0.020706373302949933,0.020320226793146014,0.00684057,0.0036565636363636357,-0.016734335935151064,0.024047463207878338,0.04640323,0.023334465546874936,0.00973945699143367,0.0369294741023162,-0.00409708,-0.00496494,49.4,0.66,-0.592,0.08553725490196086,1.0077661011578403,-0.8366915913539185,28.8,0.12845924498908023,0.12349883697097636,-0.11478475928333862,0.36178243322529136,0.0025,0.0
2026-10-06,TEL,TE CONNECTIVITY LTD,219.51,210.11,226.49,206.28,236.34,175.9,265.32,1.4313432835820925,1.2721088435374168,1.0504471451501953,-10.710000000000008,-21.304274509803918,-12.1161330938127,-30.492415925795136,0.01876473,-0.0029511006274509795,-0.02540319094409723,0.019500989689195274,0.0239703,0.005032694664031615,-0.02117018748960406,0.03123557681766729,0.03091044,0.036868131328124984,0.024906756362502815,0.04882950629374715,0.00382309,0.00293077,16.1,-1.3,0.78,0.07405490196078418,0.8681587727508902,-0.7200489688293217,85.1,0.33602939774163176,0.18057991977913457,-0.17150167164892294,0.5326615112071921,-0.012,-1.0
2026-10-06,XLK,SEL SECTOR:TECH SPDR,202.0,195.84,206.04,186.48,215.63,168.67,236.15,1.4842105263157814,-1.1386647101980936,1.0246024602460244,-9.800000000000011,-10.828901960784313,-3.876843892270478,-17.780960029298146,0.02698009,0.00317961894117647,-0.015901064526545786,0.022260302408898723,0.01231488,0.016054278616600765,-0.013653005700339914,0.045761562933541444,0.05255216,0.031894956953125,0.015921996774111945,0.047867917132138046,0.00366169,0.0039438,14.9,-1.68,1.408,0.40136862745098056,1.4302464837130233,-0.6275092288110623,84.7,0.31698400949726246,0.11504195120310894,-0.12267488428128885,0.3527587866875067,-0.016,-1.0
2026-10-06,DLTR,"DOLLAR TREE, INC.",116.19,109.23,116.95,103.99,125.31,97.12,149.36,-2.6473214285714146,-1.3377192982456136,1.739381227058208,-6.810000000000002,-1.6424313725490198,6.036772801212676,-9.321635546310715,-0.00172711,0.00266391168627451,-0.032423433353117086,0.0377512567256661,-0.00207615,0.010664701739130443,-0.035388127640388414,0.0567175311186493,0.03113723,-0.045348755937500054,-0.07422677247651324,-0.016470739398486874,0.0120947,-0.00099559,35.3,-0.69,-0.628,0.03174117647058828,0.9900929745943847,-0.9266106216532082,30.0,-0.024782302137397183,0.11551234866087659,-0.2246165979649297,0.45564129528668285,-0.0105,-1.0
2026-10-06,GILD,"GILEAD SCIENCES, INC.",144.23,141.61,153.39,137.21,160.54,129.79,179.74,1.7339246119734006,2.3233618233618296,2.459141274238229,-20.57000000000002,-14.691294117647066,-9.426328469203005,-19.95625976609113,0.00130475,0.004299223529411767,-0.015105738142996185,0.023704185201819716,0.02824594,0.014535630553359684,-0.012335893920045997,0.04140715502676536,0.07350405,0.0700389317187499,0.05711706478350585,0.08296079865399396,-0.00252664,-0.01569109,24.4,-1.1,-0.345,0.1689450980392157,1.0496859843303719,-0.7117957882519403,33.1,0.6615608708914897,0.16294030048171207,-0.07726896979082301,0.4031495707542472,-0.0055,-1.0
2026-10-06,NKE,"NIKE, INC.",34.61,31.38,36.09,29.82,36.82,27.79,40.54,-3.1754385964912273,-2.167420814479637,-1.1500843170320405,0.9299999999999997,0.12443137254902026,2.399194397802229,-2.150331652704189,-0.04368143,-0.014788577921568619,-0.03703214290852378,0.007454987065386541,-0.04962996,-0.03780244632411072,-0.06701784808838923,-0.008587044559832214,-0.11321583,-0.07515155566406266,-0.09147592457223663,-0.05882718675588868,0.00015687,0.00097209,37.9,-0.65,-1.419,-0.6049254901960784,0.21250249450622116,-1.4223534748983782,13.9,0.39224393634981514,0.23532655437647618,-0.20298942814614415,0.6736425368990965,-0.0135,-1.0
2026-10-06,SPHB,INVESCO S&P500 HI BE,156.77,148.92,160.39,143.08,166.27,131.87,177.23,-1.1050505050505073,-1.4410526315789471,-1.2170087976539605,-6.22999999999999,-6.9461568627451005,-2.1485430227227083,-11.743770702767492,0.02194875,0.0020212454117647075,-0.01386063430494592,0.017903125128475333,0.0017809,0.013054587667984187,-0.003693873340769779,0.02980304867673815,0.03342561,0.019155884804687426,0.008358583952879627,0.029953185656495226,0.0063975,0.00629702,23.0,-0.99,0.626,0.35281568627451015,1.1574595609838765,-0.4518281884348561,70.0,0.0976486944716568,0.09211575621588827,-0.09910660820258899,0.28333812063436553,-0.02725,-2.0
2026-10-06,STNG,SCORPIO TANKERS INC.,86.23,79.18,93.05,78.98,94.53,69.36,108.19,-1.0890937019969298,1.1448275862068962,1.301719027860106,-9.030000000000001,-4.147215686274508,-0.6682325993023968,-7.62619877324662,0.00734217,0.006540535294117649,-0.02332860317813984,0.036409673766375134,0.02568292,0.02666044043478264,-0.0041806370407551155,0.0575015179103204,0.04411704,0.007992653789062507,-0.0025592842255476866,0.0185445918036727,-0.00327034,-0.00051125,32.7,-1.24,0.653,0.169043137254902,1.3230683326796633,-0.9849820581698594,61.7,0.7850106203191842,0.27237441724850414,-0.015461037361174323,0.5602098718581826,-0.0205,-2.0
2026-10-06,TSCO,TRACTOR SUPPLY COMPANY,32.29,30.0,31.81,28.64,34.87,25.22,38.98,-10.63636363636369,-1.414728682170543,-1.056801195814649,1.6400000000000006,-2.251843137254903,0.9638577841994032,-5.467544058709209,-0.01399014,-0.013904310862745095,-0.04305203240743682,0.015243410681946625,0.00574928,-0.03171632466403162,-0.07674104565854475,0.01330839633048151,-0.06819972,-0.017586447265625,-0.06723997364948943,0.03206707911823943,0.01070483,0.00445175,95.0,2.28,-1.076,-0.5532039215686277,0.4573042054584193,-1.5637120485956748,31.5,0.14181412536598703,0.25131488189511614,-0.09916831319550229,0.6017980769857345,-0.0225,-2.0
2026-10-06,AME,"AMETEK, INC.",253.72,245.24,261.6,231.96,277.99,215.58,289.13,1.2106782106782117,1.1153492647058834,-1.07709686529229,-10.700000000000017,-10.923647058823525,-3.8802311048890292,-17.967063012758018,0.02164662,0.0064259844705882386,-0.010599816536989097,0.023451785478165572,0.01974846,0.017070886719367594,0.003974669620816789,0.0301671038179184,0.0287407,0.0160668142578125,0.0067290963530506065,0.025404532162574392,0.00257694,0.00703446,20.8,-1.07,1.006,0.27882745098039213,1.1224840413953332,-0.564829139434549,78.0,0.24759781159810235,0.1482345773092652,-0.1201415093589982,0.4166106639775286,-0.02725,-2.0
2026-10-06,AZO,"AUTOZONE, INC.",2898.57,2676.05,2920.07,2610.17,3008.13,2430.28,3342.93,-7.115153538050728,-2.6323475721066103,-1.0538527320190842,-63.409999999999854,-257.1083137254901,-84.1243713118312,-430.0922561391491,-0.00613193,-0.009850007254901955,-0.030602064715674518,0.010902050205870609,-0.02217477,-0.020720263833992107,-0.04729870599447024,0.005858178326486024,-0.00262349,0.020867232500000058,0.0024519067400580845,0.039282558259942035,0.00258264,0.00398553,87.1,1.46,-0.262,-0.36452549019607855,0.48139027315060395,-1.210441253542761,57.3,0.1493154327335411,0.16197447290014128,-0.11381827649901305,0.4377672222992956,-0.0225,-2.0
2026-10-06,CNC,CENTENE ,64.61,58.42,64.42,56.29,67.45,41.84,88.17,-13.26190476190471,-2.929577464788729,1.0346947738252088,4.350000000000001,3.2041176470588253,6.254404310023828,0.153830984093823,-0.02297944,0.009725187686274516,-0.034425187559568124,0.05387556293211716,-0.03236222,0.04152886126482213,-0.018489049204569903,0.10154677173421417,-0.09211306,-0.12507740167968748,-0.14315151181231958,-0.10700329154705537,0.00095283,-0.00287605,82.7,1.09,-0.026,0.41825882352941135,1.3990852846936024,-0.5625676376347798,31.2,0.5490300169646052,0.13213275159696963,-0.17839284571927833,0.4426583489132176,-0.023,-2.0
2026-10-06,DLR,"DIGITAL REALTY TRUST, INC.",184.65,169.52,182.32,164.9,198.59,152.08,213.14,-64.26315789473766,-1.4167862266857965,-1.1432081432081438,1.200000000000017,-10.078784313725505,-3.840951141099234,-16.316617486351774,-0.00316644,0.0011998075294117655,-0.020898213070486425,0.023297828129309955,0.02400799,0.010564955375494066,-0.01292177210110857,0.0340516828520967,-0.00978529,0.0123094607421875,0.004477383716599901,0.0201415377677751,0.01085275,0.0070997,47.6,0.1,-0.364,0.03301568627450987,0.9262619951148594,-0.8602306225658396,38.3,0.11786489834262026,0.21302810258796,-0.07796744111143245,0.5040236462873524,-0.0225,-2.0
2026-10-06,NDSN,NORDSON ,334.22,325.86,344.01,313.79,366.51,279.71,381.78,1.8642384105960186,1.5805188448360232,-1.1461312026913395,-5.169999999999959,-6.563411764705885,3.8880970235901646,-17.014920553001936,0.02629454,0.00718321117647059,-0.008524233976666438,0.022890656329607618,0.04318323,0.024379700474308298,0.005178202678583536,0.04358119827003306,0.00913111,-0.008033681249999963,-0.019809454370935578,0.003742091870935651,0.00279256,0.00659566,32.5,-0.99,0.995,0.4230980392156861,1.3643331896752868,-0.5181371112439146,75.6,0.07276029418786445,0.2778901039919618,-0.09739376070001926,0.6531739686839428,-0.02725,-2.0
2026-10-06,TPR,"TAPESTRY, INC.",116.75,111.35,123.3,99.41,132.89,100.9,155.1,1.3046875000000002,-1.0743494423791833,2.4195583596214516,-22.19999999999999,-29.670745098039205,-20.401708598401314,-38.9397815976771,0.00308193,-0.0011142947058823526,-0.03430217728346593,0.03207358787170122,-0.02858355,-0.0001225418972331963,-0.02832797453856722,0.028082890744100825,0.13171848,0.14580086984374988,0.13843425309551335,0.1531674865919864,-0.00110131,0.00769562,41.1,-0.53,-0.123,0.10677254901960784,1.1160533189106348,-0.902508220871419,45.8,0.8304204310666399,0.16608412109135662,-0.2432023839876431,0.5753706261703564,-0.034,-3.0
2026-10-06,UNG,UNITED STATES NAT GAS,10.74,9.88,11.06,9.65,11.61,8.38,12.83,-1.8999999999999977,-1.2528735632183918,-1.1291866028708133,0.3000000000000007,-0.30592156862745107,0.7253084102884326,-1.3371515475433347,0.02088553,-0.0017929120392156871,-0.035437467500557505,0.03185164342212613,0.00987424,-0.0014451684584980194,-0.028058505742948207,0.025168168825952165,-0.04157312,-0.044707219218750066,-0.06268134170368773,-0.026733096733812398,-4.69e-06,0.01617122,73.0,1.3,0.182,-0.137443137254902,0.6409531065085682,-0.9158393810183721,59.3,0.06090782967107877,0.17488027721008917,-0.16016877985882286,0.5099293342790012,-0.0265,-3.0
2026-10-06,ALB,ALBEMARLE ,106.35,97.91,107.23,90.58,116.92,82.12,160.22,-6.8793103448275135,-1.4919583727530734,2.223276929426332,-11.11,-14.201725490196083,0.33155684505629246,-28.735007825448456,-0.04065556,0.006520361921568627,-0.0384663561911409,0.05150708003427816,-0.05026265,0.03677624770750984,-0.0395743662216414,0.11312686163666108,0.03413998,0.016483892031249996,-0.019167359523470512,0.0521351435859705,0.00926977,0.00262538,11.9,-1.74,-1.649,0.06616078431372498,1.235632941994246,-1.1033113733667959,9.7,0.31295020076247493,0.13231310355544929,-0.11538156852521897,0.38000777563611754,-0.0285,-3.0
2026-10-06,CI,THE CIGNA GROUP,274.37,254.13,282.08,248.04,291.94,229.78,308.98,-2.848437500000013,-1.4985771200910656,-1.2883559664836748,1.5400000000000205,-1.5216470588235298,8.641002075826211,-11.684296193473273,-0.01484306,-0.0026843132941176463,-0.023456547493287166,0.01808792090505187,-0.01357491,-0.005559355138339915,-0.02979008701907959,0.01867137674239976,-0.04921123,-0.04444134714843761,-0.05183309943757756,-0.03704959485929766,-0.00023403,-0.00535642,53.0,0.51,-0.118,-0.03734509803921567,0.5540917604704894,-0.6287819565489208,42.3,0.3620561364964243,0.1303889730903555,-0.1868950148577613,0.4476729610384723,-0.0265,-3.0
2026-10-06,COP,CONOCOPHILLIPS,129.35,119.17,130.53,118.31,143.63,109.54,157.91,-4.773399014778321,1.2934782608695663,1.4416961130742059,-8.090000000000003,-3.7028627450980363,2.1050720967158956,-9.510797586911968,-0.02396492,0.008153705647058829,-0.013271183592306461,0.02957859488642412,0.05379688,0.018636296719367597,-0.01564266982402878,0.052915263262763974,0.02782372,-0.006673744648437508,-0.031684626349715334,0.01833713705284032,-0.00186735,-0.00149106,63.7,0.45,-0.504,0.2895843137254902,1.2072317035416638,-0.6280630760906835,25.2,-0.02894378287801125,0.05787552302527388,-0.1253000537192337,0.24105109976978145,-0.035,-3.0
2026-10-06,CPRT,"COPART, INC.",26.82,25.78,27.77,24.33,30.53,22.65,35.26,-1.0571428571428558,1.489959839357429,2.0239808153477203,-1.009999999999998,-1.7074901960784312,0.054526805061194894,-3.469507197218057,-0.03424899,-0.01214361839215686,-0.035573652016479725,0.011286415232166008,0.00565149,-0.028125123794466383,-0.051340082141803134,-0.0049101654471296295,-0.0378023,-0.01196236566406252,-0.03807748638639635,0.014152755058271318,0.00289111,0.0014794,21.2,-1.28,-1.975,-0.5032039215686275,0.3257132817187822,-1.3321211248560372,2.2,0.06706723260069047,0.30033578948955914,-0.23137867056903555,0.8320502495481539,-0.0285,-3.0
2026-10-06,FICO,FAIR ISAAC ,695.46,497.81,697.0,470.08,856.73,438.91,1096.82,-5.879529872673851,-1.39753208904322,1.564451374001169,-38.48000000000002,-149.28952941176468,-22.751890298431647,-275.8271685250977,-0.15892377,-0.018624384941176478,-0.06739132452551419,0.030142554643161228,-0.17728498,-0.01325935335968378,-0.08660444901450778,0.060085742295140215,-0.1406697,0.0013245375000000945,-0.0646707167298953,0.0673197917298955,0.00571346,-0.02051541,78.6,1.24,-0.945,-0.241749019607843,0.6326228988121602,-1.116120938027846,24.0,-0.3833453817876219,0.029995152582494182,-0.2740576721813813,0.33404797734636965,-0.02975,-3.0
2026-10-06,URA,GLBL X URANIUM ETF,41.8,37.66,40.98,35.8,44.9,33.47,55.85,-75.19999999999355,-1.935483870967741,1.686674669867948,-3.0,-5.783960784313722,-2.5884227413101892,-8.979498827317254,-0.01656399,-0.0027543276862745116,-0.038952226606114665,0.033443571233565644,-0.01895515,0.004571224268774697,-0.034131673446696896,0.04327412198424629,0.04634262,0.04251016316406247,0.034592879635896044,0.05042744669222889,0.01673379,0.00753894,21.6,-1.18,-1.168,-0.06255294117647056,0.813277173573378,-0.9383830559263192,9.3,0.1684177732239973,0.014146049886829553,-0.19223652146326137,0.22052862123692046,-0.0435,-4.0
2026-10-06,VRSN,"VERISIGN, INC.",293.1,272.96,300.19,266.26,313.97,249.87,352.1,-1.9317180616740144,-1.286056540488741,1.3647929678464024,-19.75999999999999,-22.134392156862752,-9.767055846862021,-34.50172846686348,-0.00148821,-0.004201262235294114,-0.03188562770913023,0.023483103238542007,0.01879915,-0.00760505454545452,-0.04743371144237821,0.03222360235146916,0.04409812,0.03134539507812504,0.01920249218683173,0.043488297969418346,-0.00022188,-0.00433796,48.4,0.04,0.481,-0.021976470588235136,1.0068070168429721,-1.0507599580194422,60.5,0.25677254115023285,0.122574255211625,-0.20280833472803583,0.44795684515128587,-0.049,-4.0
2026-10-06,VRT,VERTIV HOLDINGS CO,253.14,236.99,261.79,209.77,269.7,191.92,368.8,-1.2935982339955845,-2.6189613526570032,1.8892518784710883,-37.860000000000014,-52.1633725490196,-28.99067928754087,-75.33606581049833,0.00803725,0.006706450901960785,-0.036534650391748975,0.04994755219567055,-0.09956372,0.027821090909090834,-0.0437563799290004,0.09939856174718208,0.09490556,0.1224696640625002,0.11129213488686703,0.1336471932381334,0.00647201,0.00898471,26.8,-0.95,-0.836,0.2539058823529411,1.0536636846206628,-0.5458519199147807,5.4,0.03320291287015498,0.012657199373136105,-0.16057108775392465,0.18588548650019687,-0.0435,-4.0
2026-10-06,WYNN,"WYNN RESORTS, LIMITED",76.62,72.85,79.29,68.51,85.05,65.08,98.57,-1.6147859922179053,1.0394574599260165,1.9020797227036375,-5.1499999999999915,-6.947764705882355,-2.453202187918756,-11.442327223845954,-0.04487311,-0.009210094,-0.033834974797787125,0.015414786797787123,-0.04794387,-0.009065439328063245,-0.041714949717189705,0.023584071061063215,-0.02543056,0.0022664300000000285,-0.012146586473839472,0.016679446473839527,0.00240818,0.00119658,54.8,-0.21,-2.743,-0.4512235294117647,0.48474845318178117,-1.3871955120053105,1.4,0.9172294105597769,0.2307077147305781,-0.03906980238838986,0.5004852318495461,-0.0435,-4.0
2026-10-06,DJI,DOW JONES INDUSTRIAL AVG INDEX,51521.28,50220.72,51522.93,49249.46,53996.31,47821.14,55613.19,-6.905967261126531,1.0894481076845872,1.1058797775219327,-272.15000000000146,-794.8462352941174,45.60998754710954,-1635.3024581353443,-0.00886226,0.0013908985098039209,-0.007470036437409722,0.010251833457017565,0.01382777,0.009696439407114621,-0.004718703395368449,0.024111582209597693,-0.00534952,-0.0014216625390625032,-0.007606320708899472,0.004762995630774466,-0.00022882,-0.00131859,29.6,-0.79,-0.894,0.16660784313725496,1.0025414453688062,-0.6693257590942961,14.1,,,,,-0.036,-4.0
2026-10-06,EPHE,ISHARES:MSCI PHILIPPINES,22.75,21.98,22.94,21.22,23.84,20.4,25.54,-3.038461538461517,-1.4036697247706433,1.1872340425531904,-0.10000000000000142,-0.6469019607843128,0.028491924144541048,-1.3222958457131666,-0.01877563,-0.0024327718431372547,-0.01573992831990699,0.010874384633632479,-0.02882961,-0.004482577747035575,-0.01702717800637739,0.008062022512306238,-0.02666341,-0.0035138100390625024,-0.011372302214520746,0.004344682136395741,0.00192028,-0.00297698,60.9,0.83,-1.486,-0.2107019607843137,0.6834827013719493,-1.1048866229405767,12.1,,,,,-0.036,-4.0
2026-10-06,FANG,"DIAMONDBACK ENERGY, INC.",184.98,172.89,190.28,167.73,208.67,159.53,224.07,-2.980722891566255,1.3733333333333333,1.535952848722987,-9.02000000000001,-2.070941176470596,5.520515992304391,-9.662398345245583,-0.03891744,0.005118340666666667,-0.014993821868953256,0.02523050320228659,0.02141224,0.01745794328063242,-0.0004613751162454542,0.03537726167751029,-0.01615111,-0.03527687468749994,-0.04296698872378089,-0.02758676065121899,-0.00479552,-0.00083965,59.9,0.45,-0.782,0.25964705882352895,1.014344667963319,-0.49505055031626105,8.9,0.03975228513593021,0.25628738741942575,-0.17139972480731702,0.6839744996461685,-0.03875,-4.0
2026-10-06,ROL,"ROLLINS, INC.",30.35,27.89,30.83,26.01,31.73,24.41,38.62,-6.75000000000001,-3.144927536231886,1.3922558922558912,-0.6699999999999982,-3.718235294117647,-1.2278869123587928,-6.208583675876501,-0.05475194,-0.016118457058823536,-0.04050411363722576,0.008267199519578688,-0.09178011,-0.03195799245059291,-0.06589848517986388,0.001982500278678058,-0.05073681,0.006831769296874929,-0.022188382602590387,0.035851921196340245,0.00035896,-0.00969188,83.9,1.35,-1.512,-0.4862941176470587,0.5648288194551003,-1.5374170547492179,19.6,0.021443780206611418,0.20706495337634126,-0.3879778035082906,0.802107710260973,-0.047,-5.0
2026-10-06,STIP,ISHARES:0-5 TIPS BD ETF,99.99,98.73,101.25,96.33,102.98,94.32,105.85,1.074380165289271,-1.2240802675585236,1.0335097001763665,-0.8900000000000006,-1.9299607843137232,-1.4902422827007018,-2.3696792859267446,0.00140133,-0.0013268633333333333,-0.004258427506094087,0.00160470083942742,-0.00599122,-0.0029904401976284557,-0.008635503389145956,0.0026546229938890446,-0.00299017,0.0020380976562499875,-2.6678222743780917e-05,0.0041028735352437555,-0.00022802,-0.00600134,80.4,1.32,-1.59,-0.8045686274509802,-0.015489740171342747,-1.5936475147306177,12.9,2.5479422739333244,4.9678723993574225,1.6552202771589823,8.280524521555863,-0.047,-5.0
2026-10-06,T,AT&T INC.,24.43,23.33,25.0,23.04,27.55,21.01,29.5,-3.371428571428557,2.2446043165467624,1.482456140350878,-1.0599999999999987,-2.268666666666664,-1.127885495806089,-3.4094478375272392,-0.02416769,-0.005168659686274511,-0.030306020127397998,0.019968700754848974,0.05571997,-0.00893627758893282,-0.04314002799788933,0.025267472820023694,-0.00537096,0.034970720429687456,0.014556847933790834,0.05538459292558408,-0.00552562,0.0005545,50.6,-0.17,-0.808,-0.27647450980392163,0.8359324633646172,-1.3888814829724605,38.1,0.417495469419606,0.15020945094461804,-0.257441986976061,0.5578608888652972,-0.045,-5.0
2026-10-06,THD,ISHARES:MSCI THAI,71.91,68.62,72.75,67.57,75.81,63.91,81.08,-2.542857142857151,-1.112820512820512,1.1462500000000002,-2.219999999999999,-2.399215686274509,-0.07995480487857698,-4.718476567670441,-0.00837681,0.0026330655686274515,-0.0125729079321226,0.017839039069377505,-0.00188974,0.007829318972332017,-0.007839354996061922,0.023497992940725958,0.0015825,0.006501963632812524,-0.0105944852169105,0.02359841248253555,0.00351748,0.00336969,62.9,0.99,-0.763,0.16671372549019606,0.877715625057857,-0.544288174077465,8.7,-0.09186491246038053,0.25026378185062853,-0.1884663583550239,0.688993922056281,-0.04725,-5.0
2026-10-06,WEC,"WEC ENERGY GROUP, INC.",103.19,98.12,103.78,93.39,107.31,90.8,117.15,-7.8305084745762334,-2.378640776699026,1.1267150928167884,-3.1299999999999955,-7.764901960784313,-5.345661847324935,-10.18414207424369,-0.01200934,-0.0015123494901960785,-0.014057736419227168,0.011033037438835012,-0.03354262,0.003891192806324115,-0.01107594279225609,0.01885832840490432,0.00936399,0.03415390773437497,0.025242585806115093,0.043065229662634846,0.00235823,-0.00274296,74.0,0.88,-0.853,-0.14745490196078426,0.8560589897378683,-1.1509687936594368,27.6,0.4247778439695953,0.2752929533499383,-0.12302049629045136,0.6736064029903279,-0.047,-5.0
2026-10-06,XEL,XCEL ENERGY INC.,72.73,67.73,72.47,64.56,75.0,62.38,84.3,-8.901960784313896,-3.5991189427312844,1.1178743961352648,-2.3799999999999955,-6.102784313725491,-3.910440331058615,-8.295128296392367,-0.01620895,-0.0017222204705882335,-0.017669749185823768,0.0142253082446473,-0.0412715,0.00165607758893281,-0.014394720132928465,0.017706875310794085,0.01543641,0.03784178750000002,0.025774732673038973,0.04990884232696107,0.00918483,-0.00256969,89.9,1.77,-1.011,-0.14871764705882348,0.764807897172396,-1.062243191290043,18.8,0.2884132196084619,0.23560246945545776,-0.07080341532016071,0.5420083542310763,-0.047,-5.0
2026-10-06,AMZN,"AMAZON.COM, INC.",256.29,241.99,258.21,227.84,272.9,213.26,305.49,-3.553370786516861,-1.7128236002408244,1.143388333720659,-8.859999999999957,-19.063960784313736,-7.324972595409058,-30.802948973218413,-0.00100971,0.0009662536470588238,-0.026472042223058108,0.028404549517175755,-0.01522229,0.007942913596837955,-0.02025723313869822,0.03614306033237413,0.02586955,0.02713061218749995,0.014442835478227091,0.03981838889677281,0.00387331,-0.00180043,20.8,-1.32,-0.09,0.001992156862745119,1.029749155747764,-1.025764842022274,45.0,0.7459525964112346,0.17694126458819134,-0.18814080336922626,0.542023332545609,-0.049,-5.0
2026-10-06,AVY,AVERY DENNISON ,168.45,165.41,175.61,157.23,192.68,146.86,194.61,1.9918699186991944,2.159536541889485,1.2116720704029669,-3.0,-3.901960784313728,2.0366409558585636,-9.84056252448602,-0.00089973,0.0020535963921568617,-0.020260273795872398,0.02436746658018612,0.04460924,0.016190590750988148,-0.018758891383196332,0.051140072885172624,-0.02298937,-0.022288983164062536,-0.031922718483627294,-0.012655247844497775,-0.0010319,0.00022281,13.9,-1.61,-0.324,-0.0933725490196079,0.8435635356748244,-1.0303086337140401,35.9,0.7462624900692445,0.13016240458065165,-0.18473005706989837,0.44505486623120166,-0.049,-5.0
2026-10-06,CHRW,"C.H. ROBINSON WORLDWIDE, INC.",135.05,136.03,157.45,118.09,165.46,124.72,186.4,4.969620253164535,1.7930424528301876,4.9709583736689185,-34.079999999999984,-29.0807843137255,-16.029902507584453,-42.131666119866544,-0.0448284,-0.0027735581568627465,-0.04593202491086073,0.040384908597135234,-0.07183441,0.0015292594861659877,-0.04796701568646536,0.051025534658797334,0.06251289,0.08588774777343743,0.0673022298133607,0.10447326573351415,-0.0114721,-0.01710208,96.6,2.95,-0.779,0.23346666666666654,1.1814848055232234,-0.7145514721898905,14.5,-0.09860751921797095,0.08429456059408197,-0.4161996280933658,0.5847887492815298,-0.0425,-5.0
2026-10-06,CMRE,COSTAMARE INC.,15.1,14.36,15.9,13.94,16.64,11.85,18.55,1.2647058823529436,1.3275862068965523,1.0615384615384618,-0.13000000000000078,-0.7648235294117645,-0.055661422462742305,-1.4739856363607866,0.00576722,0.0045008305490196006,-0.018697387029928587,0.02769904812796779,0.01870052,0.016955146600790526,-0.016499557119977484,0.050409850321558536,-0.02622343,0.006975812539062473,-0.02148159139009626,0.0354332164682212,-0.00046537,0.00053065,32.7,-0.72,0.133,0.17306666666666667,1.2047554394487083,-0.8586221061153749,54.4,0.29287368545895065,0.2871461341254316,-0.132251624160988,0.7065438924118512,-0.049,-5.0
2026-10-06,CNP,"CENTERPOINT ENERGY, INC.",38.56,35.86,38.28,34.17,39.97,33.7,44.29,-9.360000000000014,-3.1134751773049723,1.1790123456790118,-1.6400000000000006,-3.459803921568628,-2.410478885048473,-4.509128958088783,-0.00722315,3.6488274509804326e-05,-0.012101210886830329,0.012174187435849939,-0.03363463,0.004945427747035587,-0.011342888155930682,0.021233743650001857,0.03888298,0.0481212940234376,0.043063142939042155,0.05317944510783305,0.00775506,0.00026867,57.9,0.4,-0.834,-0.0520627450980391,0.8450401488593738,-0.949165639055452,21.2,0.28458069521078655,0.2643046833229131,-0.08615254549330431,0.6147619121391306,-0.047,-5.0
2026-10-06,CPT,CAMDEN PROPERTY TRUST,97.65,93.21,97.96,88.85,102.95,84.81,112.7,-3.440298507462714,-1.660377358490569,1.1721183800623047,0.30000000000001137,-3.0652549019607864,-0.253754645049594,-5.876755158871979,-0.01860498,-0.0034604941568627473,-0.017564450430391336,0.01064346211666584,-0.03414002,-0.003069660395256909,-0.01986190943210187,0.013722588641588051,-0.03275752,-0.007753215117187502,-0.02011446121643624,0.004608030982061237,0.00405975,-0.00408171,72.0,0.97,-1.695,-0.2747960784313726,0.7820302643904742,-1.3316224212532193,12.9,0.3427721009439506,0.25188772372573814,-0.09451892135594309,0.5982943688074194,-0.047,-5.0
2026-10-06,DHI,"D.R. HORTON, INC.",136.75,130.01,141.9,124.84,143.21,115.92,159.53,-1.948019801980203,-1.8436532507739911,1.0936149783965436,-1.8100000000000023,-8.653019607843145,-0.7867535037201785,-16.519285711966113,-0.00578979,-0.005820798235294117,-0.031245768046317093,0.01960417157572886,-0.03518604,-0.004744180671936754,-0.026110979342685144,0.016622617998811637,-0.02997454,-0.003067021562500008,-0.026442899950084694,0.020308856825084678,-0.00241593,0.0033733,40.7,-0.39,-0.192,-0.27502352941176467,0.6080158127237644,-1.1580628715472936,51.0,0.3651541215580958,0.08760840602469053,-0.13199745908188643,0.3072142711312675,-0.049,-5.0
2026-10-06,DTE,DTE ENERGY COMPANY,128.22,117.19,126.63,109.82,132.6,107.33,149.15,-16.064516129032132,-4.200913242009138,1.0019147917663958,-1.6100000000000136,-8.73160784313726,-4.964909566317141,-12.498306119957379,-0.01951611,-9.555313725490385e-05,-0.01646988837127849,0.016278782096768682,-0.05815164,0.0038603713043478287,-0.019010830601774834,0.026731573210470493,0.00098023,0.025687412968749955,0.01603277426017709,0.03534205167732282,0.00828418,-0.00317341,99.8,3.29,-1.312,-0.2058705882352941,0.8994260918027833,-1.3111672682733715,18.5,0.22421953343396783,0.2019276691087479,-0.04223987728914297,0.4460952155066388,-0.047,-5.0
2026-10-06,ED,"CONSOLIDATED EDISON, INC.",105.12,99.8,105.7,97.4,108.2,92.99,118.62,-5.050505050505077,-2.5064935064935074,1.1129431162407246,-2.799999999999997,-6.264509803921565,-3.8670873743097385,-8.661932233533392,-0.01033197,0.0011841289019607825,-0.009553800660659698,0.011922058464581262,-0.01687776,0.0029589454940711427,-0.013426407348333984,0.01934429833647627,0.00956582,0.025256414765625033,0.017743708977815305,0.03276912055343476,0.00186553,-0.00187946,60.5,0.47,-0.771,0.03890980392156859,0.8527259890464536,-0.7749063812033163,18.5,0.596387774418033,0.15123514016756273,-0.14582689179603514,0.4482971721311606,-0.047,-5.0
2026-10-06,EWH,ISHARES:MSCI HONG KONG,21.62,21.26,22.31,20.32,23.69,19.83,24.96,1.1489361702127583,1.5923076923076918,1.8659217877094942,-0.9399999999999977,-1.5597254901960789,-0.9980698920205909,-2.121381088371567,-0.01262365,-0.0008811396862745092,-0.015606722185669983,0.013844442813120965,0.00837714,0.0009827638339920963,-0.009633037964887608,0.011598565632871802,-0.00262728,0.037786516914062436,0.02639092957329063,0.04918210425483424,-0.00020496,0.00148496,77.4,1.13,-1.301,0.014686274509803967,1.0093294640090176,-0.9799569149894097,11.3,0.05030607922622665,0.3742830086224217,-0.14321166773424443,0.8917776849790878,-0.047,-5.0
2026-10-06,EXC,EXELON ,41.68,38.8,41.49,36.83,43.12,35.89,48.54,-13.5999999999998,-3.368055555555562,1.1848013816925735,-1.4699999999999989,-3.5100784313725506,-2.2051335680980504,-4.815023294647051,-0.01808015,-0.0015672033333333328,-0.01844635296067139,0.015311946294004723,-0.04381043,-0.0033912992885375536,-0.018583540752950684,0.011800942175875575,0.01506001,0.03743669765625005,0.030018853960649926,0.04485454135185018,0.0057411,-0.00469873,56.3,0.43,-1.213,-0.1595411764705883,0.8260317240271177,-1.1451140769682944,12.9,0.3498285168107993,0.17399226838064696,-0.1447576285711552,0.49274216533244913,-0.047,-5.0
2026-10-06,FE,FIRSTENERGY CORP.,44.26,41.61,44.44,40.12,45.72,38.91,50.53,-6.35000000000002,-2.8356164383561633,1.1719626168224302,-1.3700000000000045,-2.710823529411766,-1.4724436393133795,-3.9492034195101526,-0.01879312,0.000625869098039214,-0.014232240387191623,0.01548397858327005,-0.02999491,0.0056535992490118646,-0.009627111693833013,0.02093431019185674,0.0068066,0.02097606535156245,0.014881504400713282,0.02707062630241162,0.00288453,-0.00254176,53.8,0.28,-1.256,-0.038105882352941246,1.0963415118966082,-1.1725532766024906,14.5,0.4992873265164606,0.4300962810307961,0.03467953471159507,0.8255130273499971,-0.047,-5.0
2026-10-06,GEV,GE VERNOVA INC.,1029.21,935.81,1038.07,881.48,1099.61,802.6,1348.36,-2.2496030485868532,-2.098437500000004,1.4083667975817478,-170.26999999999998,-292.8535294117647,-232.33030766860753,-353.3767511549219,0.03447282,0.006349284392156863,-0.025700526774752448,0.038399095559066176,-0.01709949,0.03337358142292482,-0.006446739943965316,0.07319390278981495,0.16077593,0.24407768007812425,0.1961212754822541,0.2920340846739944,0.01290579,0.00820708,46.0,-0.02,0.414,0.17830196078431373,0.9549842288119682,-0.5983803072433408,62.1,0.0654772011188316,0.058539474726761055,-0.17594107792301086,0.293020027376533,-0.045,-5.0
2026-10-06,GLW,CORNING INC.,168.97,147.6,171.72,129.04,184.5,128.04,232.49,-3.1578947368421058,-2.571152607855763,1.5519179086244808,-37.96000000000001,-44.19882352941179,-17.09051627439282,-71.30713078443077,0.02139208,0.013570840274509818,-0.037200770930925844,0.06434245147994548,-0.08147901,0.056634003833992,0.0006200904379732725,0.11264791723001073,0.18156621,0.17671358523437494,0.14264630741478868,0.2107808630539612,0.02017034,0.0172205,72.4,1.13,0.071,0.3603607843137259,1.1871657837649223,-0.4664442151374704,35.1,-0.13724162376350268,-0.0035071895431849536,-0.2860169326081282,0.2790025535217583,-0.05275,-5.0
2026-10-06,GWW,"W.W. GRAINGER, INC.",1275.56,1226.97,1311.69,1167.2,1357.13,1105.21,1505.33,1.1174547283702232,-1.3284295696947368,1.348811270912827,-55.37000000000012,-70.90705882352937,-32.67463751708818,-109.13948012997056,0.00043436,0.005391626039215687,-0.012371759591237957,0.02315501166966933,-0.02395916,0.02300393256916995,-0.0060613393665714214,0.052069204504911315,0.02136368,0.02966986328124992,0.02119740968755852,0.03814231687494132,0.00185406,-0.00065304,29.0,-0.75,-0.243,0.20312549019607812,1.0584981445935628,-0.6522471642014067,33.1,0.40484102765432906,0.11195785265008598,-0.1676289776926956,0.3915446829928676,-0.049,-5.0
2026-10-06,IDXX,"IDEXX LABORATORIES, INC.",515.41,507.86,539.86,480.78,579.98,443.24,632.43,2.4239450441609605,1.8645682933872383,1.6214493556879597,-32.50999999999999,-42.353647058823505,-21.723190509488575,-62.984103608158435,0.00485783,-0.003840673176470588,-0.023692463446388617,0.016011117093447443,0.01590293,-0.00283170584980237,-0.03167765338945775,0.02601424168985301,0.01540338,0.015030936953125,0.0019545833002427206,0.02810729060600728,-0.00040853,-0.00044558,46.0,-0.5,-0.193,-0.3233333333333332,0.3684453016287666,-1.015111968295433,51.8,0.7335825924396235,0.23428742078008372,-0.23070318371004087,0.6992780252702083,-0.049,-5.0
2026-10-06,KMI,"KINDER MORGAN, INC.",32.16,29.3,31.81,28.43,33.17,26.88,37.55,-8.999999999999792,-3.6930693069306715,1.020833333333334,-1.240000000000002,-3.6365882352941177,-2.750799446360094,-4.522377024228142,0.00266199,0.003073046980392154,-0.011340266582185286,0.017486360542969592,-0.01252002,0.012732531106719385,-0.00731877243377381,0.03278383464721258,0.04302024,0.07739394785156263,0.06750050458130963,0.08728739112181563,0.00750852,0.00341632,35.3,-0.48,0.043,0.13157647058823516,1.055011005139368,-0.7918580639628977,54.2,0.3418741970543233,0.2013927714437767,-0.14086965899783832,0.5436552018853917,-0.045,-5.0
2026-10-06,LNT,ALLIANT ENERGY ,65.49,60.99,65.8,57.97,67.86,57.79,74.28,-6.014492753623072,-3.1729957805907096,1.141558441558443,-2.6099999999999994,-4.889764705882347,-3.25504665862618,-6.524482753138514,-0.01750858,-0.00018340921568627298,-0.0130507167897645,0.012683898358391954,-0.04993322,0.004863921620553355,-0.010920235043163026,0.020648078284269736,0.01848405,0.03529916203124996,0.02867782731139311,0.04192049675110682,0.00311188,-0.00326868,94.8,2.04,-1.021,-0.06836078431372553,0.8821128001043517,-1.0188343687318027,18.8,0.61038390767386,0.3203281643655578,-0.039872266006611035,0.6805285947377266,-0.047,-5.0
2026-10-06,LOW,"LOWE'S COMPANIES, INC.",183.67,173.99,186.0,164.71,195.06,151.04,225.97,-9.46017699115024,-1.6646180860403823,1.2963530493410977,-1.6800000000000068,-12.531607843137248,-3.5234210940170403,-21.539794592257458,-0.02921931,-0.006729897647058823,-0.027703000769073154,0.01424320547495551,-0.03984645,-0.012164132727272741,-0.0374091525367769,0.01308088708223142,-0.03705005,0.007239930117187489,-0.01058210389684351,0.025061964131218487,0.00070114,-0.00523464,55.0,0.28,-1.599,-0.5014862745098041,0.6641671289915689,-1.6671396780111771,18.1,0.7479167655250749,0.1534196491316885,-0.1829913458456793,0.4898306441090563,-0.047,-5.0
2026-10-06,LYV,"LIVE NATION ENTERTAINMENT, INC.",171.8,162.58,175.27,157.31,181.06,146.98,206.69,-2.3520408163265376,-1.5647948164146894,1.405721192586622,-10.689999999999998,-14.662313725490206,-8.709538704345029,-20.615088746635383,-0.00315021,-0.0016798494117647052,-0.025035852523127844,0.02167615369959843,-0.01186575,0.005788834743083009,-0.0196286221700858,0.031206291656251817,0.03217393,0.04107432507812497,0.029932564861956244,0.05221608529429369,0.00155765,-0.00170341,16.9,-1.4,0.112,-0.03471372549019604,0.8183798993159471,-0.8878073502963392,52.4,1.2423653156848657,0.19905277700635182,-0.15288560798020728,0.5509911619929109,-0.049,-5.0
2026-10-06,MTUM,ISHARES:MSCI USA MOM FCT,324.45,310.85,335.75,295.58,346.72,273.81,371.05,1.2397716460513835,-1.296362819937133,-1.0866952789699562,-16.400000000000034,-14.936862745098033,-3.0357305138101705,-26.837994976385893,0.02163254,0.0007003374901960778,-0.015137013278180633,0.016537688258572786,-0.00341599,0.0077341762055336,-0.017919538467853748,0.033387890878920946,0.03428748,0.017317612890624983,0.0007333366602189119,0.03390188912103105,0.00412172,-0.00087228,8.1,-1.9,0.919,0.21054509803921573,1.060493895087502,-0.6394036990090707,80.4,0.5319969105769597,0.09185224729934799,-0.18762370133867717,0.37132819593737315,-0.0575,-5.0
2026-10-06,PHM,"PULTEGROUP, INC.",116.1,110.16,120.89,104.92,123.83,98.55,139.05,-1.6640826873384988,-1.4463130659767125,1.3076923076923088,-3.5600000000000023,-8.971999999999996,-3.263911637342532,-14.680088362657461,-0.00807723,-0.0032550313333333347,-0.028231620684603193,0.021721558017936522,-0.03073751,-0.0012372369169960488,-0.024966545451492624,0.02249207161750053,-0.02029923,0.015136667265624909,-0.0049075118557625665,0.03518084638701238,-0.00161447,0.00475719,51.0,-0.32,-0.478,-0.228321568627451,0.6551624072071902,-1.1118055444620922,40.7,0.3429043046015847,0.156111351674964,-0.11017633037241839,0.42239903372234644,-0.049,-5.0
2026-10-06,BF.B,BROWN-FORMAN ,26.35,25.26,26.78,24.58,28.28,21.77,29.54,-2.2391304347826244,1.0903954802259865,-1.435736677115989,1.4800000000000004,0.6953725490196075,2.0071723279010487,-0.6164272298618335,-0.00857443,-0.0010622933333333325,-0.03411426819848477,0.03198968153181811,0.01920683,0.0007014158102766801,-0.023338721665425728,0.024741553285979087,-0.08301606,-0.08311588363281215,-0.09206385407187481,-0.07416791319374949,0.00169374,0.00495184,1.8,-2.32,-0.079,-0.0588039215686274,0.8100470623567092,-0.9276549054939639,49.8,0.8889242681067062,0.14731974160671318,-0.13808803644079637,0.43272751965422274,-0.0615,-6.0
2026-10-06,ENZL,ISHARES:MSCI NEW ZLND,44.8,43.67,45.67,42.28,47.12,41.02,49.5,-1.3780487804877988,-1.0862068965517222,1.2433862433862461,-0.47000000000000597,-0.7616078431372565,0.19843325011117519,-1.7216489363856882,-0.00560535,-0.000759005529411764,-0.01118418293578084,0.009666171876957312,-0.00721751,0.006021826403162052,-0.0029646801511361513,0.015008332957460254,-0.01867427,-0.012193015625000024,-0.016006524082395328,-0.00837950716760472,0.00257115,-0.00502515,20.6,-1.4,-1.041,-0.04450980392156864,0.6943472025990484,-0.7833668104421857,12.7,0.6437031123250505,1.2307880490328043,0.24136944849646935,2.220206649569139,-0.06,-6.0
2026-10-06,EXPE,"EXPEDIA GROUP, INC.",260.07,247.87,274.69,226.17,298.82,218.05,354.53,-1.2058091286307044,1.1430678466076694,2.2479771537363167,-33.43000000000001,-28.962509803921566,-12.756629322441345,-45.168390285401784,-0.03519055,0.005507610509803918,-0.0357371198152716,0.04675234083487943,-0.00961982,0.022262898735177887,-0.01642055652098843,0.0609463539913442,0.04029972,0.03970360300781258,0.023469958491890357,0.0559372475237348,-0.0079584,-0.00650771,7.3,-1.8,-0.464,0.14043137254901958,1.083383234925843,-0.8025204898278038,28.4,0.33283686329330786,0.0975788588176664,-0.2988093065757632,0.49396702421109606,-0.0575,-6.0
2026-10-06,KMB,KIMBERLY-CLARK ,96.77,92.4,98.19,86.82,102.61,81.0,116.01,-5.22826086956521,-1.7037671232876708,1.220038046924541,1.5799999999999983,-2.263960784313727,2.455080264845833,-6.983001833473287,-0.01118308,-0.006515654980392155,-0.02703113477462324,0.013999824813838928,-0.03871233,-0.01741821636363641,-0.04726157988483333,0.01242514715756051,-0.049795,-0.0299220966796875,-0.0434572611467218,-0.0163869322126532,0.00173466,-0.00900022,43.5,-0.31,-0.998,-0.3224588235294116,0.6296472905312435,-1.2745649375900667,26.0,0.10166224637296839,0.1543086883255045,-0.20234996761076515,0.5109673442617741,-0.06,-6.0
2026-10-06,ROKU,"ROKU, INC.",152.06,148.72,154.47,145.37,161.67,132.52,190.82,-1.7249999999999943,1.4364723467862464,1.9836233367451386,-14.530000000000001,-10.57886274509805,-3.3802325795308192,-17.77749291066528,-0.00816178,0.00865382552941177,-0.023167517548774934,0.04047516860759847,0.01579604,0.020147881383399197,-0.024317310169861512,0.06461307293665991,0.06976689,0.03662294308593747,0.0040876382349930365,0.06915824793688191,-0.0025159,-0.00385477,6.5,-2.02,-0.733,0.3507607843137255,1.3529985097554464,-0.6514769411279955,14.1,0.6492869438105298,0.28504513960403016,-0.18100082375216558,0.7510911029602259,-0.0725,-7.0
2026-10-06,A,"AGILENT TECHNOLOGIES, INC.",169.33,164.97,184.82,157.1,199.31,131.67,210.6,2.7137809187279007,2.451349141455433,1.095857673924587,-10.769999999999982,-7.293333333333328,-1.1622795945779307,-13.424387072088724,0.04892639,0.0058827598039215695,-0.02210494628352088,0.03387046589136402,0.06349954,0.01694995691699603,-0.01624269457451344,0.0501426084085055,0.02098395,0.002909538007812499,-0.010933228927856711,0.01675230494348171,-0.00267459,0.00349358,80.0,1.34,1.429,0.08937254901960785,1.0872601715089807,-0.9085150734697649,94.6,-0.030177151050648776,0.12147090556252639,-0.18183663295565428,0.42477844408070703,-0.07625,-7.0
2026-10-06,ADM,ARCHER-DANIELS-MIDLAND COMPANY.,82.21,75.7,82.84,73.74,88.54,70.24,99.58,-3.8802395209580736,-1.3380726698262215,1.4511278195488726,-5.5800000000000125,-3.529411764705881,-0.008222132739080568,-7.050601396672681,-0.02008836,0.0034420346666666664,-0.01732687528594699,0.024210944619280323,0.00072103,0.01659689897233199,-0.0067359189372767705,0.039929716881940754,0.0381285,0.004894849101562474,-0.026216961670750313,0.03600665987387526,-0.00194406,-0.00600321,28.0,-1.05,-0.418,0.26918039215686285,1.0750761174752563,-0.5367153331615306,20.0,0.33704138422046603,0.18889074856876897,-0.04491023043139841,0.42269172756893636,-0.0725,-7.0
2026-10-06,AVGO,BROADCOM INC.,375.81,337.8,370.08,327.17,393.64,295.38,469.07,-9.405325443787001,-2.727986539540103,1.1595175929379582,-27.079999999999984,-71.35047058823532,-44.07603395833474,-98.62490721813592,0.01558379,-0.002526034745098038,-0.03357493361569851,0.02852286412550243,-0.00833641,0.016782795177865587,-0.016650741602183425,0.0502163319579146,0.07974451,0.11267706753906212,0.09077433017863366,0.13457980489949056,0.01721099,0.00461797,68.5,0.48,0.162,0.009698039215686247,0.8002037025327163,-0.7808076241013439,65.3,0.055196207352522064,0.11645130727692275,-0.16569288402785226,0.3985954985816978,-0.06075,-7.0
2026-10-06,CLX,THE CLOROX COMPANY,83.52,76.76,82.88,70.24,90.98,66.29,103.34,-9.746268656716396,-1.7801608579088455,1.1503192106790492,3.3799999999999955,-0.8760000000000004,3.9292116228276033,-5.681211622827604,-0.02351649,-0.009159546392156862,-0.03823441747105764,0.019915324686743917,-0.0502824,-0.022240924584980268,-0.0566311736953532,0.012149324525392663,-0.06927732,-0.041796571289062494,-0.050559233838619454,-0.033033908739505534,0.00710144,-0.00261933,83.3,1.24,-1.046,-0.38094901960784316,0.9270531390283974,-1.6889511782440836,30.0,0.262224914293155,0.10384939580744393,-0.2583597786508385,0.4660585702657264,-0.073,-7.0
2026-10-06,CSCO,"CISCO SYSTEMS, INC.",117.94,105.0,114.9,102.04,123.26,94.26,144.1,-11.134615384615316,-2.9887218045112722,1.1047297297297298,-9.600000000000009,-12.643098039215696,-3.709158009259456,-21.577038069171934,0.01421065,0.008784177686274512,-0.01912765623865277,0.03669601161120179,0.00285067,0.03759540810276683,0.006876537287927337,0.06831427891760632,0.10826557,0.07155170613281248,0.02810036065581347,0.11500305160981147,0.01169857,0.00013548,74.2,1.17,0.767,0.3372627450980392,1.228828017760468,-0.5543025275643896,70.0,0.24800997739831243,0.14946296252442448,-0.27657048620925717,0.5754964112581061,-0.06475,-7.0
2026-10-06,DBA,INVESCO DB MS AGRI,28.85,27.5,28.67,27.22,29.86,25.82,32.26,-10.583333333333584,-1.6138613861386195,1.1254125412541238,-0.7299999999999969,-1.3027843137254893,-0.8310805700470908,-1.7744880574038877,-0.00550846,0.00128056443137255,-0.006981856667666715,0.009542985530411816,0.0084533,0.0005955710671936762,-0.0176731651301253,0.018864307264512655,0.01990759,0.025824633593750042,0.01869595335093776,0.032953313836562324,0.00540592,-0.00459399,62.7,0.69,-0.323,0.07864705882352943,1.0255110585601448,-0.8682169409130859,33.5,0.2872989557556962,1.096585175609444,-0.5928336695497034,2.7860040207685914,-0.069,-7.0
2026-10-06,ECHO,ECHOSTAR CORPORATION,100.01,86.03,98.38,83.93,104.72,69.02,139.04,-6.043902439024399,-3.4140127388535073,1.2594385285575984,-9.739999999999995,-27.00290196078432,-15.378077916302887,-38.62772600526576,0.01015673,0.006061981254901962,-0.03527657136824333,0.047400533878047255,-0.01149367,0.045628751699604744,-0.03643943360094143,0.12769693700015092,0.11717411,0.17034601906250021,0.13651758992954033,0.2041744481954601,0.00533691,0.00935719,96.2,2.17,0.594,0.08230980392156875,1.004136445107192,-0.8395168372640545,76.4,0.22664084812008012,0.23558891074049623,-0.01683685261861176,0.4880146740996042,-0.06075,-7.0
2026-10-06,EG,"EVEREST GROUP, LTD.",366.84,355.38,377.87,345.38,393.55,327.22,416.29,-1.0706106870228962,1.2446411929170578,1.2481070166582562,-10.0,-8.275647058823521,1.9143905857476184,-18.46568470339466,-0.0081227,-0.0011002337647058828,-0.020108219893068366,0.017907752363656604,0.005027,-0.00922299988142292,-0.037925597911655964,0.019479598148810125,-0.01067091,-0.019159956914062432,-0.025131029229698572,-0.013188884598426293,-0.00138541,-0.00384433,3.8,-2.72,-0.24,0.12717647058823522,1.0419039999583175,-0.7875510587818471,39.5,0.5520280609654509,0.1385239892802764,-0.16658473929248793,0.4436327178530407,-0.07925,-7.0
2026-10-06,EMR,EMERSON ELECTRIC CO.,161.4,154.62,167.78,148.21,180.64,130.7,191.37,1.8091106290672405,1.4586808188021216,-1.0243576910243584,-8.280000000000001,-9.74290196078431,-4.180365982824393,-15.305437938744229,0.02613869,0.001416665294117648,-0.02207503506718372,0.024908365655419016,0.03457744,0.004847721304347827,-0.018605328785662956,0.02830077139435861,0.03254023,0.023966981093750103,0.0152165865867746,0.03271737560072561,0.00501545,0.00950131,13.1,-1.66,0.855,0.10959607843137253,0.9185507684701546,-0.6993586116074095,81.5,0.49271936602510746,0.005608785079913724,-0.21558028068682616,0.2267978508466536,-0.0685,-7.0
2026-10-06,GEHC,GE HEALTHCARE TECHNOLOGIES INC.,64.77,62.41,67.43,57.48,72.65,51.92,78.85,1.1097560975609801,1.0809327846364898,1.095719844357977,1.1099999999999994,-1.4366274509803907,1.6092765364785506,-4.482531438439332,0.00024426,-0.0029266838823529427,-0.030540441715071757,0.02468707395036587,-0.01787734,-0.012892934229249005,-0.0481069854074043,0.022321116948906296,-0.06605807,-0.03776904566406254,-0.06009788197268858,-0.015440209355436503,0.00218922,-0.00276412,93.5,1.79,-0.513,-0.19921960784313728,0.71544957572109,-1.1138887914073645,34.7,0.3672894366551469,0.07799535797781347,-0.2679917218443275,0.4239824377999545,-0.073,-7.0
2026-10-06,O,REALTY INCOME ,54.25,51.63,54.43,48.71,58.28,47.2,65.96,-16.235294117646884,-1.374689826302729,1.6609929078014183,-2.4200000000000017,-2.7215294117647084,-1.047288834679589,-4.395769988849828,-0.03687714,-0.0021703206666666666,-0.01838531625959387,0.014044674926260537,-0.03481061,0.002344965731225295,-0.015340643513054622,0.020030574975505214,-0.00487429,0.013724118554687519,0.0040431153086400405,0.023405121800734997,0.00179229,-0.00536062,90.3,1.84,-2.963,-0.2265137254901961,1.0234368116444976,-1.4764642626248898,4.6,0.08121521500230422,0.12442060966024311,-0.14855548447653255,0.39739670379701875,-0.0675,-7.0
2026-10-06,OKE,"ONEOK, INC.",89.23,81.76,88.91,78.85,97.37,72.88,112.0,-8.244186046511638,-1.2751842751842764,1.3926605504587146,-4.670000000000002,-5.926431372549015,-2.753104265033095,-9.099758480064935,-0.03372964,0.0034180921176470576,-0.014200185352970572,0.021036369588264686,-0.00164697,0.009285730948616594,-0.013249659023717358,0.031821120920950546,0.01536532,0.02656201714843742,0.021505726632403847,0.03161830766447099,0.00348043,-0.00322355,83.3,1.34,-1.316,0.15313333333333323,0.9768820084703719,-0.6706153418037054,4.2,0.3315485011162371,0.13954237297306193,-0.21772518342276487,0.49680992936888874,-0.0675,-7.0
2026-10-06,AXON,"AXON ENTERPRISE, INC.",418.62,384.85,431.04,353.9,459.17,331.47,624.86,-3.1781140861466928,-1.5960542540073985,2.3664945496270806,-43.26999999999998,-94.83219607843144,-38.751695348789355,-150.91269680807352,-0.0427404,-0.01412061462745097,-0.07551752367674325,0.047276294421841315,-0.07337109,-0.023624187035573087,-0.09576603894329058,0.0485176648721444,0.01814729,0.06370440433593769,0.026274589484238428,0.10113421918763695,0.01535083,-0.03850449,6.2,-2.2,-1.397,-0.3013843137254899,0.8321267015717662,-1.434895329022746,21.2,0.43467914687333,0.06538633813552543,-0.20400192843357262,0.33477460470462345,-0.071,-8.0
2026-10-06,COMT,ISHARES:GSCI COMM DYN RS,37.18,35.92,37.85,35.12,40.24,32.83,43.56,-2.2542372881355774,1.485436893203883,1.4666666666666668,-2.789999999999999,-1.6230980392156868,-0.24333363425913213,-3.0028624441722416,-0.00535832,0.00618353282352941,-0.014008043049436543,0.026375108696495363,0.04143974,0.01545352217391304,-0.02545832427853191,0.05636536862635799,0.05325868,0.023173270351562532,-0.0022069878587101105,0.048553528561835174,-0.00208595,-0.00336308,64.5,0.71,0.249,0.3369294117647058,1.4617627585275983,-0.7879039349981868,42.3,0.43339530068423504,0.9042183139354234,-0.3948747614356707,2.2033113893065175,-0.0855,-8.0
2026-10-06,EDV,VANGUARD EXT DUR T;ETF,54.38,52.03,56.09,49.3,58.93,50.08,61.29,-1.8309859154929657,-1.1164835164835183,1.606976744186044,-1.9199999999999946,-0.8961176470588234,0.3543484966875242,-2.146583790805171,-0.02741575,-0.0034343922745098047,-0.012350799730916897,0.005482015181897287,-0.0328641,-0.005693084229249013,-0.01590973643064058,0.004523567972142553,-0.02941603,-0.013781632460937504,-0.02358646165692298,-0.003976803264952027,0.00031795,-0.00367583,57.9,-0.05,-2.371,-0.39265490196078434,0.4312348248918313,-1.2165446288133999,1.0,-0.022150730575635325,-0.05622799029379016,-0.36449397463502775,0.2520379940474474,-0.07625,-8.0
2026-10-06,LULU,LULULEMON ATHLETICA INC.,93.61,90.25,99.17,82.96,105.53,73.99,125.8,1.0701357466063353,1.1192488262910794,1.6406727828746173,2.010000000000005,3.212549019607845,12.324087962185834,-5.898989922970143,-0.01974372,-0.012393490156862743,-0.04695623396437854,0.022169253650653052,-0.0363354,-0.032050956837944705,-0.07467976182600355,0.010577848150114144,-0.10496291,-0.09243899480468722,-0.09982091968787069,-0.08505706992150375,-0.00196198,-0.01155357,0.2,-4.26,-1.02,-0.29485098039215707,0.5732353445027276,-1.1629373052870418,20.8,0.20329058380888143,0.213505710028263,-0.19598060368168416,0.6229920237382102,-0.0725,-8.0
2026-10-06,NORW,GLBL X MSCI NORWAY ETF,35.4,34.23,35.85,33.84,38.42,31.95,41.34,-1.983333333333325,1.935897435897444,1.7217391304347844,-1.8500000000000014,-1.6904313725490199,-0.6229793829059311,-2.757883362192109,-0.01754701,0.002702202823529411,-0.01444172467200998,0.019846130319068803,0.02307367,0.01215591715415017,-0.011299903293937284,0.035611737602237625,0.01313569,0.020976919218750015,0.009105296777830603,0.032848541659669425,0.00349885,-0.00074798,52.6,0.14,-2.074,0.31587843137254884,1.5323369532945192,-0.9005800905494215,5.0,-0.19813268465091605,0.24192765854971576,-0.7462334886489468,1.2300888057483783,-0.07625,-8.0
2026-10-06,CINF,CINCINNATI FINANCIAL ,163.08,154.2,165.41,151.06,168.3,147.16,189.71,-2.7222222222222494,-2.3026819923371673,1.6727386934673347,-11.789999999999992,-14.974705882352936,-10.019911197816539,-19.92950056688933,-0.0194298,0.0001340396470588243,-0.013858333899546188,0.014126413193663836,-0.0296157,0.007226273992094859,-0.006056810653964745,0.02050935863815446,0.03375963,0.048640477734374826,0.04089861509578219,0.056382340372967465,0.00128129,-0.00748526,0.6,-2.93,-1.04,-0.002239215686274474,0.8406769410428351,-0.8451553724153841,10.1,0.7990714391599454,0.13711657502063332,-0.1392688452494332,0.41350199529069986,-0.086,-9.0
2026-10-06,CL,COLGATE-PALMOLIVE COMPANY,87.25,83.08,86.5,80.45,90.34,74.61,101.0,-11.474999999999845,-2.200647249190935,1.0878164556962024,0.030000000000001137,-3.4166274509803913,-0.885226466675856,-5.948028435284927,-0.00688255,0.0010471314509803915,-0.01611474446699478,0.018209007368955563,-0.01475937,0.0014675757312252887,-0.020042633319935502,0.022977784782386077,-0.00668098,0.007575986171874981,0.0002573743369911202,0.014894598006758842,0.00291107,-0.00204564,72.0,0.76,-0.35,-0.06110196078431378,0.911672700041189,-1.0338766216098165,32.7,0.4984691457875101,0.08551756177780306,-0.19030754049116355,0.3613426640467697,-0.085,-9.0
2026-10-06,GRMN,GARMIN LTD,279.21,273.16,300.97,249.71,335.03,236.91,357.68,2.2037037037037095,1.8922033898305102,1.8550827423167862,-38.72000000000003,-29.76003921568627,-16.637694759980036,-42.8823836713925,0.00150433,0.003168531764705884,-0.035450961956497794,0.04178802548590956,0.02621485,0.008587293162055342,-0.026791637750374235,0.04396622407448492,0.05689984,0.06184747023437512,0.053851326461518495,0.06984361400723174,-0.00316953,-0.00322413,68.5,0.95,0.138,0.031282352941176435,1.1060950626296264,-1.0435303567472733,48.6,0.6316876789450376,0.15448626815895858,-0.25279906039836997,0.5617715967162872,-0.0855,-9.0
2026-10-06,IBM,INTERNATIONAL BUSINESS MACHINES ,221.29,210.98,231.05,185.97,252.13,188.41,288.72,-1.0022222222222201,-1.1452658884565496,2.0507907542579087,-21.54000000000002,-35.97682352941178,-16.177937224232174,-55.77570983459139,-0.02933075,-0.0050825689019607856,-0.04571154366669632,0.03554640586277475,-0.07102956,-0.008751224110671944,-0.04983863017861379,0.0323361819572699,0.01968969,0.0493882725390626,0.02195990041248793,0.07681664466563726,-0.00234103,-0.0193279,40.1,0.25,-0.517,-0.02042352941176475,0.7366415149100235,-0.777488573733553,28.8,0.2241072511263098,0.004257397681156151,-0.40505034192318734,0.4135651372854996,-0.07725,-9.0
2026-10-06,PBR,BRAZILIAN PETROLEUM  - PETROBRAS,23.8,20.36,24.0,20.92,26.2,17.69,28.08,-2.4778761061946932,-1.2000000000000004,-1.4275700934579445,-0.25,-0.9106274509803917,0.06513895405527703,-1.8863938560160602,0.0294076,0.009635626509803923,-0.022404937065115905,0.04167619008472375,0.07603422,0.0266380250988142,-0.024441583747409745,0.07771763394503814,0.05139461,0.008709155624999982,-0.015915641536654403,0.03333395278665437,0.00525716,0.01494425,95.8,2.14,0.93,0.2779607843137256,1.5815909725754946,-1.0256694039480432,63.7,-0.11515332785888965,0.21239343763853688,-0.5432348081793528,0.9680216834564266,-0.10525,-9.0
2026-10-06,ROK,"ROCKWELL AUTOMATION, INC.",450.74,431.01,467.15,407.8,483.63,370.27,519.72,1.5280821917808196,-1.3055640012161756,-1.166570020295738,-13.95999999999998,-20.83533333333333,-3.092858234726826,-38.577808431939836,0.02250057,0.0038540046666666644,-0.016445368410855025,0.024153377744188353,-0.01617584,0.01766084944664033,-0.009597505012442088,0.04491920390572275,0.01886054,0.007931857578125007,-0.0023241653611454534,0.018187880517395467,0.00415945,-0.00613818,52.8,0.42,0.785,0.17948627450980378,0.9639877353967187,-0.605015186377111,75.6,0.7982142822000893,0.22043676402193116,-0.20646175628407712,0.6473352843279394,-0.11725,-10.0
2026-10-06,ROP,"ROPER TECHNOLOGIES, INC.",362.28,335.0,369.96,318.29,399.41,287.96,452.77,-2.266071428571419,-1.184756261782922,1.2175726587728743,6.4599999999999795,4.449607843137265,21.206106848022674,-12.306891161748144,-0.02554397,-0.00893860301960784,-0.03945110698481441,0.02157390094559873,-0.00456304,-0.02638174750988141,-0.06382949580129246,0.01106600078152965,-0.06270241,-0.06565382953125011,-0.08597812188306353,-0.04532953717943669,0.00092189,-0.00969984,53.8,0.43,-1.198,-0.3624666666666667,0.6571498226575485,-1.382083155990882,26.0,0.22473727924176967,0.2456731809349793,-0.13761710923445564,0.6289634711044143,-0.09225,-10.0
2026-10-06,TAGS,TEUCRIUM:AGRICULTURAL,28.15,26.66,27.86,26.36,29.96,25.06,31.0,-10.384615384615165,1.0111731843575436,-1.0842105263157888,-0.15000000000000213,-0.4924313725490195,0.09252266881487325,-1.0773854139129122,-0.00210954,0.0032258622745098063,-0.008801790319162815,0.015253514868182428,0.0359359,0.006929147114624504,-0.010487563694647373,0.02434585792389638,0.00575425,-0.0030498297656249783,-0.01438517890571168,0.008285519374461722,0.00546808,-0.00280282,34.5,-0.28,-0.178,0.1588313725490197,1.2713967802502761,-0.9537340351522369,41.5,1.56554435353587,1.8486298176828726,0.5006738091387695,3.1965858262269755,-0.1015,-10.0
2026-10-06,ZTS,ZOETIS INC.,71.33,67.15,71.66,63.71,76.29,54.35,82.69,-3.408000000000004,-1.5362903225806421,-1.4947183098591548,8.019999999999996,1.6176078431372536,9.000895430224661,-5.7656797439501535,-0.01366057,-0.016176368666666673,-0.05511296477936596,0.02276022744603261,-0.02016445,-0.04832725612648222,-0.09816214409636753,0.0015076318434030997,-0.14511889,-0.09555749652343724,-0.13200378402938848,-0.05911120901748602,0.00241554,0.00032089,37.5,-0.77,-0.54,-0.4154784313725486,0.3353015767496409,-1.166258439494738,40.3,1.2213968556111388,0.29458737821755804,-0.26214973099535027,0.8513244874304664,-0.1015,-10.0
2026-10-06,ALL,THE ALLSTATE ,224.27,207.13,228.13,199.7,243.66,195.07,287.73,-4.769662921348317,-1.2671480144404352,2.1732876712328757,-25.169999999999987,-15.981764705882352,-7.369400515238022,-24.594128896526684,-0.05246841,0.0028175672156862753,-0.016679456569342214,0.022314591000714763,-0.02823476,0.016868069644268784,-0.0007820774497589861,0.03451821673829655,0.03385648,0.03308260695312507,0.020508818254170343,0.0456563956520798,-0.0006077,-0.00820597,46.8,0.29,-1.734,0.10051764705882366,1.0275575592002069,-0.8265222650825597,3.8,0.1383413779185172,0.034005803776841224,-0.18210292136709197,0.2501145289207744,-0.09,-10.0
2026-10-06,APTV,APTIV PLC,44.72,41.97,45.13,38.42,46.69,34.57,54.8,-3.16455696202532,-3.1979695431472086,-1.0069444444444444,1.5600000000000023,-2.3198823529411743,0.862630332654704,-5.502395038537053,-0.00069368,-0.014404039647058829,-0.04875339242506604,0.019945313130948376,-0.07198218,-0.023019722252964416,-0.06837870728475894,0.022339262778830107,-0.04977304,-0.03777059144531255,-0.04823297190066539,-0.02730821098995971,0.00388985,0.00692318,20.0,-1.29,-0.264,-0.43527450980392185,0.353837880982444,-1.2243869005902877,62.5,0.4341799196265046,0.12013563557100441,-0.29338535023299933,0.5336566213750081,-0.0975,-10.0
2026-10-06,BMY,BRISTOL-MYERS SQUIBB COMPANY,59.59,58.01,63.54,55.53,67.02,52.69,75.28,1.0646387832699598,1.830049261083741,2.2739130434782586,-6.349999999999994,-3.1036470588235288,-0.8612902170941039,-5.346003900552954,-0.02141954,0.008114767803921565,-0.00849156792590224,0.02472110353374537,0.01014624,0.022195859169960443,-0.0005755531390859159,0.0449672714790068,0.01935192,0.015899481445312495,-0.0018238995780484393,0.03362286246867343,-0.00264725,-0.00380189,60.1,0.47,-1.287,0.2082039215686277,1.0436939691871499,-0.6272861260498944,4.2,0.45904442665965983,0.12004964299158638,-0.16997017293651334,0.4100694589196861,-0.09,-10.0
2026-10-06,CPAY,"FLEETCOR TECHNOLOGIES, INC.",406.79,378.44,405.18,371.37,438.75,337.72,474.71,-7.851190476190576,-1.1082603254067596,-1.0169316843345118,-1.2299999999999613,-12.506117647058813,1.3174916586931733,-26.329726952810802,-0.01120383,0.003484980941176469,-0.019950365625897946,0.026920327508250883,0.03597497,0.003958718181818191,-0.031755066167456464,0.03967250253109285,-0.00612109,-0.005973603398437481,-0.014373950482600123,0.002426743685725162,-0.0004846,-0.00333045,45.4,-0.79,-0.073,0.16045098039215686,1.043576499014926,-0.7226745382306125,35.3,0.8097683701752911,0.03847994814464487,-0.2632953636530122,0.340255259942302,-0.1015,-10.0
2026-10-06,FAST,FASTENAL COMPANY,50.81,48.72,52.09,46.34,54.92,44.02,59.34,-1.1375000000000042,-1.0875912408759123,1.2562592047128134,-3.6400000000000006,-4.1598431372549,-2.6201898455162143,-5.699496428993586,0.00803258,0.0004323774901960766,-0.01722485711940385,0.018089612099796003,0.0028594,0.005113739604743086,-0.020159826546788676,0.03038730575627485,0.04920669,0.048048446054687374,0.04146564764116262,0.05463124446821213,0.00163069,0.00144761,4.0,-2.44,0.661,0.0005529411764706492,0.8196203074734403,-0.818514425120499,78.0,1.5321882822332302,0.2712945058152693,-0.19832876708908292,0.7409177787196215,-0.09975,-10.0
2026-10-06,J,JACOBS SOLUTIONS INC.,139.23,131.48,143.28,126.4,153.63,119.29,164.76,-1.685714285714275,1.1223694466095109,1.2803410230692087,-5.640000000000015,-9.235529411764698,-2.81436733198193,-15.656691491547466,-0.01539951,-0.003506490431372547,-0.026977754700966302,0.01996477383822121,0.01568442,-0.01177388335968379,-0.048523528056047927,0.02497576133668035,-0.00196019,0.011225544101562481,-0.0005149339961744211,0.022966022199299385,-0.00183565,-0.00471762,81.7,1.5,-0.536,0.00741176470588242,0.8570989970298902,-0.8422754676181253,28.0,0.18379209214868308,0.10031666674070006,-0.26323009582856016,0.4638634293099603,-0.09225,-10.0
2026-10-06,KEYS,"KEYSIGHT TECHNOLOGIES, INC.",388.03,368.58,401.55,347.57,429.57,308.29,462.7,2.044871794871809,1.0266930301532389,-1.0678987545198866,-36.700000000000045,-40.56403921568626,-15.28740879485036,-65.84066963652215,0.05774553,0.011074843215686275,-0.020916462595496538,0.04306614902686909,0.03848635,0.04518462920948614,-0.012350573818799893,0.10271983223777217,0.11140978,0.07348960945312481,0.033763123958636884,0.11321609494761274,0.00953245,0.00680943,36.3,-0.59,1.414,0.44206274509803895,1.216203892262167,-0.33207840206608913,91.9,0.10716865197121628,0.14535213345807477,-0.28951642550794465,0.5802206924240942,-0.096,-10.0
2026-10-06,SO,THE SOUTHERN COMPANY,85.44,79.54,85.81,77.38,87.31,73.46,97.02,-4.711864406779636,-4.310160427807477,-1.034542314335061,-1.6299999999999955,-5.630745098039218,-3.466013696440306,-7.795476499638129,-0.01584927,-0.002346934117647058,-0.01587104709120561,0.01117717885591149,-0.03545453,-0.001134806996047433,-0.017029654562458287,0.01476004057036342,-0.00409566,0.026015089531249896,0.013175424241644654,0.03885475482085514,0.00527169,-0.00514899,91.1,1.82,-1.017,-0.28736862745098035,0.7302448446195535,-1.3049820995215142,25.2,0.4559288003851165,0.18733953814277177,-0.11351850531989593,0.48819758160543947,-0.0995,-11.0
2026-10-06,BA,THE BOEING COMPANY,189.82,174.96,202.22,168.74,209.75,158.8,234.08,-1.1402640264026394,-1.0577019568489703,1.4268214055448112,-13.379999999999995,-2.4810196078431344,7.88604835609466,-12.848087571780928,-0.0368627,-0.002465367607843137,-0.027976375843404663,0.02304564062771839,-0.03360109,-0.004759228498023715,-0.026093750649066445,0.01657529365301902,-0.02429845,-0.0344475261328126,-0.044703435456963175,-0.02419161680866203,-0.0011596,-0.01002761,81.2,1.42,-1.036,-0.155121568627451,0.9286021686350447,-1.2388453058899467,20.0,-0.004419902869759573,0.062317362068733784,-0.21312462291323775,0.3377593470507053,-0.10125,-11.0
2026-10-06,CB,CHUBB LTD,334.21,317.8,336.78,313.32,347.05,299.11,377.98,-3.1280991735536956,-1.6269470404984372,1.2470085470085492,-12.890000000000043,-16.814549019607846,-9.738327129868672,-23.89077090934702,-0.0098262,0.0038795936078431324,-0.009943844187577633,0.017703031403263896,-0.0074738,0.017093684940711472,0.0005785191095358071,0.03360885077188713,0.01514819,0.02320879296875002,0.020283345221953,0.02613424071554704,0.00369771,-0.00741163,5.4,-2.01,-0.267,0.17505882352941177,0.9716251755799383,-0.6215075285211147,34.3,0.578592667429578,0.10669336582423485,-0.17170612706407318,0.38509285871254284,-0.108,-11.0
2026-10-06,COHR,COHERENT CORP.,338.36,285.33,355.99,252.36,397.73,229.02,447.52,-1.2809917355371914,-1.4485430352029645,-1.0016489556614148,-43.129999999999995,-73.55262745098042,-34.850564801742415,-112.25469010021843,0.04415939,0.015316617333333333,-0.030235895916501436,0.0608691305831681,-0.02000644,0.0599259918181818,-0.006858441666927673,0.12671042530329127,0.11501929,0.1499955909765628,0.12985376597204817,0.1701374159810774,0.01417896,0.02282912,42.7,0.2,0.461,0.39923921568627424,1.1052980241263082,-0.30681959275375964,50.6,-0.09775820394036472,0.005764215421555167,-0.23806031960198026,0.2495887504450906,-0.10525,-11.0
2026-10-06,GEN,GEN DIGITAL INC.,22.8,18.32,23.9,17.26,26.43,17.55,31.9,-3.3467741935483932,-1.5261707988980717,1.733333333333333,-2.919999999999998,-0.9954901960784309,0.6522236982792667,-2.6432040904361287,-0.11144086,-0.00523067007843137,-0.04156297036971111,0.031101630212848366,-0.06231315,-0.012007556600790486,-0.05875601566622238,0.03474090246464141,-0.02848618,-0.015356869921875002,-0.028974363795781027,-0.0017393760479689768,-0.00113672,-0.01079775,71.4,1.26,-1.521,-0.22616862745098057,0.8562406270768431,-1.3085778819788043,15.7,-0.11169669251128411,0.2029811934516121,-0.3714834493972906,0.7774458363005149,-0.10125,-11.0
2026-10-06,OXY,OCCIDENTAL PETROLEUM ,58.33,53.49,59.66,52.95,63.87,47.67,71.9,-1.9764150943396173,1.0297397769516736,1.2729831144465302,-2.6400000000000006,-0.9528627450980397,2.071691110331552,-3.9774166005276315,-0.01627213,0.004937847803921566,-0.022011822213646157,0.03188751782148929,0.02713148,0.017926539486166022,-0.01497470560231716,0.050827784574649204,0.01003738,-0.03394441480468761,-0.06343530598472873,-0.004453523624646485,-0.00098583,-0.0083748,75.6,1.09,-0.409,0.10929411764705875,1.056153798737094,-0.8375655634429764,30.8,-0.0013510686568611874,0.026832065222769912,-0.15332874859239537,0.20699287903793517,-0.123,-11.0
2026-10-06,POWA,INVESCO BLOOMBERG PRICING POWER,88.07,84.91,89.0,82.72,92.06,80.03,95.6,-1.9787234042552984,-1.34085213032581,-1.0677290836653375,-0.3200000000000074,-2.0746274509803917,-0.7044669057463968,-3.4447879962143864,-0.00303647,-0.000987953490196079,-0.010095257219609398,0.008119350239217239,-0.00292151,-0.0021922250988142314,-0.008467799720553813,0.004083349522925351,-0.010377,-0.0008661772656249953,-0.009149414379554497,0.007417059848304507,0.00101364,-0.00024069,72.4,0.84,-0.363,-0.17364313725490194,0.7189591595921181,-1.0662454341019219,29.6,0.0550605761267049,0.16408357462864065,-0.13123444770703463,0.45940159696431593,-0.0995,-11.0
2026-10-06,PPL,PPL ,33.7,31.4,33.8,29.4,35.24,29.29,37.79,-5.500000000000075,-2.7922077922077966,-1.078239608801958,-0.4899999999999949,-2.567019607843137,-1.577703183334276,-3.5563360323519975,-0.0099685,-0.002612907254901961,-0.016192334410672405,0.010966519900868485,-0.04059903,0.0009671651778656095,-0.014942372770325379,0.0168767031260566,-0.00019561,0.030744328671874974,0.015125579846574413,0.04636307749717553,0.00639551,-0.00035265,58.1,0.57,-0.909,-0.18467058823529417,0.6853923933057422,-1.0547335697763305,20.8,0.1687179601562594,0.16749983374178648,-0.12435180805827076,0.45935147554184375,-0.0995,-11.0
2026-10-06,SNA,SNAP-ON INC.,368.61,355.17,375.61,344.28,382.08,331.81,424.21,-1.499416569428242,-1.8062360801781807,1.51086956521739,-18.930000000000007,-28.213450980392178,-18.934098368585623,-37.49280359219873,-0.00905835,0.0016272120784313702,-0.010654810990510346,0.013909235147373087,-0.02515449,0.009926119446640328,-0.0026684370374180522,0.02252067593069871,0.02287802,0.040572528203125006,0.032386930582489606,0.048758125823760406,0.00050753,-0.00319338,16.1,-1.6,-1.222,-0.01256078431372553,1.0171656735301209,-1.0422872421575717,14.1,1.5933731338457107,0.26528251761315536,-0.15788543846749548,0.6884504736938062,-0.122,-12.0
2026-10-06,SPY,SPDR S&P 500 ETF,779.09,751.87,784.41,730.05,825.97,679.81,862.5,-2.320039880358928,-1.0460750853242338,-1.1902649562402605,-4.1200000000000045,-19.83074509803922,-5.301575258908798,-34.35991493716964,0.00268308,0.0004981674117647063,-0.009645347048595576,0.010641681872124989,0.01521522,0.009526540237154161,-0.0002043972043265039,0.019257477678634824,-0.00121458,0.006606462343749994,-0.0010925730944885666,0.014305497781988554,0.00210818,0.00103524,57.5,0.62,0.464,0.27988235294117614,1.1605061218261357,-0.6007414159437835,66.5,0.22650979615963385,0.24763171685392768,-0.06543184478985534,0.5606952784977107,-0.11325,-12.0
2026-10-06,TMUS,"T-MOBILE US, INC.",165.93,152.9,166.94,148.49,178.07,137.81,201.61,-10.110236220472588,-1.436573311367382,1.2688477951635846,-3.219999999999999,-16.681803921568633,-8.430370314274981,-24.933237528862286,-0.04130815,-0.009991278352941176,-0.027531115803059305,0.007548559097176954,-0.01858756,-0.021668375217391324,-0.04009727510684541,-0.0032394753279372385,-0.03066438,0.027295053085937486,0.002860240086389177,0.0517298660854858,-0.00035979,-0.00529066,39.1,-0.18,-1.111,-0.4815137254901959,0.3529835811154811,-1.316011032095873,24.0,0.22002316095523877,0.15245082131731613,-0.16050156386345665,0.4654032064980889,-0.122,-12.0
2026-10-06,URI,"UNITED RENTALS, INC.",1080.62,996.23,1100.94,922.06,1185.75,840.45,1281.65,-1.5315551321743255,-1.5082279083040024,-1.1946973088593722,-32.66000000000008,-93.0258823529412,-40.66944579805083,-145.38231890783157,0.0126199,0.0005016103137254915,-0.03460363598787703,0.03560685661532801,-0.01856763,0.014642013715415007,-0.0371661740344135,0.06645020146524352,0.01918132,0.03942554339843754,0.019711967414418878,0.0591391193824562,0.00493234,0.00559825,60.9,0.58,0.674,-0.04819215686274507,0.9394265045702416,-1.0358108182957317,72.0,0.4572597689922484,0.03845124755778665,-0.35393491545602485,0.4308374105715982,-0.11325,-12.0
2026-10-06,AEP,"AMERICAN ELECTRIC POWER COMPANY, INC.",121.67,115.38,122.52,110.3,126.46,107.86,138.01,-3.9652777777777897,-2.373695198329859,1.1832005792903684,-4.739999999999995,-10.492705882352944,-6.970794585229212,-14.014617179476675,-0.00754697,0.001326165058823529,-0.014585490079839137,0.017237820197486195,-0.02942942,0.007286140750988166,-0.007595568831852691,0.022167850333829023,0.02477214,0.04405008121093753,0.034700026782055936,0.05340013563981912,0.00365163,-0.00036441,53.4,-0.3,-0.852,0.09109019607843132,1.0876295879487043,-0.9054491957918418,22.0,0.7141396501992234,0.16747441037314012,-0.2225190268075994,0.5574678475538797,-0.122,-12.0
2026-10-06,AFL,AFLAC INC.,113.63,107.15,114.7,103.75,120.52,100.55,130.84,-6.259999999999991,-1.4339622641509426,1.3157492354740068,-4.920000000000002,-8.328509803921563,-5.999593972107291,-10.657425635735834,-0.01184821,0.0007304261960784326,-0.012153289122664437,0.013614141514821302,-0.0040791,0.010703095612648239,0.0013037186444562962,0.02010247258084018,0.01824964,0.038300237499999966,0.030359344815611117,0.046241130184388815,0.00019984,-0.00493886,30.0,-0.85,-0.429,-0.0049294117647058775,0.8483646840166501,-0.8582235075460618,28.8,0.4584686893632963,0.20646541528834128,-0.11894978837324854,0.5318806189499311,-0.122,-12.0
2026-10-06,ANET,"ARISTA NETWORKS, INC.",215.36,201.72,214.45,196.23,234.81,164.06,276.27,-4.86311787072245,1.0167276529012004,1.187329434697855,-18.099999999999994,-28.605254901960794,-16.926297655869465,-40.28421214805212,0.02895524,0.004375121019607843,-0.03188298149583541,0.040633223535051104,0.06839556,0.025795677154150175,-0.014999667575132401,0.06659102188343274,0.10308546,0.10223334695312489,0.08633309817687865,0.11813359572937113,0.00519899,-0.00944245,22.4,-1.28,0.889,0.14092549019607845,0.8871744448355124,-0.6053234644433555,89.1,0.41104607962323847,0.05917681486636257,-0.12752010449140594,0.24587373422413106,-0.115,-12.0
2026-10-06,CASY,"CASEY'S GENERAL STORES, INC.",620.8,584.64,635.04,517.08,680.69,520.85,849.99,-1.350860865518844,-1.7318417098012981,2.293046523261633,-66.94000000000005,-105.96274509803912,-57.00240850438504,-154.9230816916932,0.00349092,0.0005000756078431361,-0.03311689503815311,0.03411704625383938,-0.06774988,0.018379203280632413,-0.01666943701973402,0.05342784358099885,0.06487802,0.09165733871093734,0.07351243471977834,0.10980224270209635,0.0096525,-5.99e-06,48.8,0.19,-1.025,0.2521960784313722,1.3611083393189347,-0.8567161824561904,16.5,-0.4584377172271572,0.014632235265641162,-0.40017814537918406,0.4294426159104664,-0.11475,-12.0
2026-10-06,CBRE,"CBRE GROUP, INC.",130.66,122.97,134.89,119.37,141.63,109.97,163.04,-1.7333333333333338,-1.0291704649042839,1.5650072498791687,-5.310000000000002,-15.948431372549015,-6.299619897343826,-25.597242847754202,-0.02124404,-0.006978141019607838,-0.03546565665364034,0.02150937461442466,-0.00762166,-0.011696383201581022,-0.0551437039823996,0.03175093757923756,-0.01395193,0.040122742851562254,0.011209663236740799,0.0690358224663837,0.0008846,-0.00723819,7.1,-1.84,-1.139,-0.10489803921568626,0.7703714386335121,-0.9801675170648847,16.9,0.3538200987400064,0.1587264771255443,-0.13669960908669823,0.45415256333778686,-0.122,-12.0
2026-10-06,CMG,"CHIPOTLE MEXICAN GRILL, INC.",30.9,29.56,32.8,27.88,36.01,25.61,40.12,1.0753424657534267,1.6920529801324504,1.7429111531190926,-1.1600000000000037,-0.34505882352941103,1.9350409585439998,-2.625158605602822,-0.04487355,-0.005046115843137252,-0.04148128503609537,0.03138905334982087,-0.00459549,-0.02074467628458496,-0.05913664659782081,0.01764729402865089,-0.06461653,-0.057307474101562554,-0.0844425309936236,-0.03017241720950151,-0.00165421,-0.01118032,30.8,-0.48,-1.963,-0.039254901960784294,0.9789054980369342,-1.0574153019585029,1.0,0.5105389644085787,0.16828629669985443,-0.2972816689817791,0.633854262381488,-0.11375,-12.0
2026-10-06,EME,"EMCOR GROUP, INC.",824.52,747.45,797.52,696.19,883.92,647.55,996.04,-8.509020618556708,-2.16043771043771,-1.031774720149254,-41.75999999999999,-132.69309803921576,-94.60605999297199,-170.7801360854595,0.0262772,-0.0020179798039215704,-0.030299173033971078,0.026263213426127936,-0.00629586,0.013850557233201565,-0.0161028191985315,0.04380393366493463,0.08041477,0.1060470002343749,0.08872228563174207,0.12337171483700772,0.02330412,0.0171664,48.2,0.2,0.583,0.1258078431372549,1.011520113973499,-0.7599044276989894,69.6,0.27673635114350814,0.061264867555584905,-0.2566473810467994,0.37917711615796923,-0.11325,-12.0
2026-10-06,EVRG,"EVERGY, INC.",80.35,76.05,80.91,72.26,84.12,70.34,92.85,-4.4333333333333,-2.1458885941644477,1.24875124875125,-4.180000000000007,-6.515607843137258,-4.759704099806275,-8.27151158646824,-0.00925831,0.0006751304705882352,-0.01163098763745057,0.01298124857862704,-0.02594679,0.007203356640316218,-0.005412419841135305,0.01981913312176774,0.03564545,0.048614986328125165,0.04254623625698183,0.0546837363992685,0.00313365,-0.00172581,27.2,-0.85,-0.713,0.0792274509803919,1.0202073030073324,-0.8617524010465487,22.0,0.6651175956015207,0.2362147992022261,-0.09095699726458961,0.5633865956690418,-0.122,-12.0
2026-10-06,EWC,ISHARES:MSCI CANADA,59.18,57.06,59.21,55.02,62.63,53.78,68.05,-8.199999999999989,-1.2057971014492734,1.6425925925925926,-3.0700000000000003,-3.1447450980392153,-2.149191284627251,-4.14029891145118,-0.01118806,0.0028235195686274533,-0.0069347422707747115,0.012581781408029617,-0.00018243,0.011437004980237128,0.004539441455753156,0.0183345685047211,0.03462695,0.031453444375000035,0.028913732478294915,0.033993156271705155,0.00200225,-0.00169426,3.0,-2.39,-1.26,0.3259137254901958,1.1231572495290512,-0.47132979854865964,3.0,0.15150467529371503,0.11592936309776647,-0.20441380767656092,0.43627253387209386,-0.1425,-12.0
2026-10-06,FRT,FEDERAL REALTY INVESTMENT TRUST,106.2,103.5,109.09,95.74,116.54,92.69,127.71,-1.4999999999999967,-1.0116054158607355,1.5921539600296064,-2.719999999999999,-0.6247450980392181,1.9529839873998984,-3.2024741834783343,-0.0243521,-1.4943647058823701e-05,-0.012787299187618168,0.012757411893500522,-0.03335038,0.008617831581027666,-0.010786666607243176,0.02802232976929851,-0.02817607,-0.02361536789062502,-0.03236733122606904,-0.014863404555181006,-0.00062574,-0.00507708,35.1,-0.82,-3.655,0.016298039215686514,1.087559271296053,-1.0549631928646797,0.6,0.5345242096011167,0.25086336132155485,-0.11201807909929568,0.6137448017424054,-0.11375,-12.0
2026-10-06,LHX,"L3HARRIS TECHNOLOGIES, INC.",237.9,229.71,240.13,215.44,247.49,201.64,299.1,-3.1680327868852562,-2.3420229405630866,1.6878102592388302,-9.939999999999998,-30.945960784313712,-17.842791134173872,-44.04913043445355,-0.01739298,-0.003912010039215684,-0.026565154737225486,0.01874113465879412,-0.05377384,0.0012884617391304184,-0.03649649017488973,0.03907341365315057,0.01128001,0.05056337457031249,0.033867020331612124,0.06725972880901286,0.00072285,-0.00548436,24.4,-1.13,-1.754,-0.25036078431372555,0.8920314542814657,-1.392753022908917,12.5,1.0373125187008427,0.07020199203389817,-0.20205410504794763,0.34245808911574394,-0.122,-12.0
2026-10-06,ON,ON SEMICONDUCTOR ,86.31,76.7,89.24,70.35,92.72,55.95,107.35,-1.2151462994836488,-2.489859594383778,-1.4429657794676811,-0.539999999999992,-5.395803921568624,3.6956240758511454,-14.487231918988392,0.04529799,0.005921345960784313,-0.04523886934590612,0.05708156126747475,-0.04872074,0.025406900988142255,-0.04340100025696152,0.09421480223324603,0.0279513,-0.007715638046874984,-0.052917359159702644,0.03748608306595267,0.00511833,-0.00913183,62.1,0.94,1.042,0.2027529411764709,1.2446278967126903,-0.8391220143597483,79.2,0.04764527322867318,0.11173857881690241,-0.15009603603388166,0.3735731936676865,-0.11725,-12.0
2026-10-06,QUAL,ISHARES:MSCI USA QF,226.47,219.74,229.75,210.91,245.48,199.89,244.82,-1.3734015345268566,1.2217223650385596,-1.4485013623978213,0.8700000000000045,-5.103764705882353,-0.9554011228704145,-9.252128288894292,0.00644478,0.0016960453725490194,-0.006505456556173737,0.009897547301271776,0.02464254,0.010490596126482206,-0.0010867789570969816,0.022067971210061394,-0.01122097,3.962683593748974e-05,-0.00993414884529765,0.01001340251717263,0.0015863,0.0009134,56.5,0.42,0.784,0.2678784313725491,1.0645587563969556,-0.5288018936518576,75.6,0.2651488661875645,0.24614186024931198,-0.02765479930583628,0.5199385198044603,-0.11325,-12.0
2026-10-06,COO,"THE COOPER COMPANIES, INC.",56.43,55.06,59.32,44.7,64.49,43.59,72.35,2.1140350877193006,-1.4553349875930526,1.2398753894080996,1.5399999999999991,-0.5033725490196063,3.1735087786368466,-4.180253876676059,0.01380195,-0.0030914996862745074,-0.039111817656973615,0.0329288182844246,-0.09246942,5.227490118577844e-05,-0.04534099699671136,0.045445546799082914,-0.08489372,-0.0421000287109375,-0.06013925705963356,-0.024060800362241445,0.00120115,-0.001972,61.3,0.48,-1.07,-0.19357647058823524,0.9663189500621618,-1.3534718912386323,25.2,-0.41560494466694076,0.33466484039093347,-0.16581414044057086,0.8351438212224378,-0.12975,-13.0
2026-10-06,GM,GENERAL MOTORS COMPANY,82.01,73.75,81.53,72.14,89.96,69.97,99.38,-44.88235294117608,-1.2415094339622665,1.4426910299003306,-8.379999999999995,-10.560901960784316,-7.043594644374929,-14.078209277193702,-0.03364055,0.006223657803921569,-0.018761706073955102,0.03120902168179824,0.01520424,0.018748034664031608,-0.008624696192073886,0.0461207655201371,0.06474407,0.07702801882812525,0.06501139787385504,0.08904463978239546,8.64e-06,0.00234312,79.6,1.51,-0.408,0.19372549019607843,1.0909745158915491,-0.7035235354993924,28.4,-0.15013818885266306,0.13896530707685503,-0.2116817478418229,0.48961236199553293,-0.12975,-13.0
2026-10-06,SILJ,ETFMG PRIME JR SILVR MNR,27.34,25.52,28.12,23.96,31.13,23.83,38.64,-2.500000000000005,1.121301775147929,3.2193732193732183,-5.819999999999997,-6.971647058823533,-3.7642722472324843,-10.17902187041458,-0.03009694,0.0033850405882352975,-0.04008356389356092,0.04685364507003152,0.0002565,0.02779780047430831,-0.029415892307919505,0.08501149325653612,0.12500408,0.13983133742187484,0.11852560196411535,0.16113707287963433,0.00683254,-0.00067773,14.1,-1.74,-1.199,0.19557647058823538,1.1373766864983197,-0.746223745321849,6.5,0.1369558995065412,0.10492247830082571,-0.18131614848242325,0.39116110508407465,-0.1275,-14.0
2026-10-06,TDG,TRANSDIGM GROUP INC.,1103.33,1046.1,1128.72,994.07,1163.06,937.85,1304.67,-1.678191489361694,-1.8292315419387217,1.2167029248247538,-30.38000000000011,-92.88470588235296,-41.0409082156345,-144.72850354907143,-0.00160246,-0.0038213178431372574,-0.02229322038458397,0.014650584698309455,-0.03835044,-0.010201073280632444,-0.03287804239207153,0.012475895830806641,-0.00660219,0.02436382566406243,0.001774889856193368,0.04695276147193149,0.00698425,-0.00148399,51.4,0.07,-0.7,-0.19532941176470592,0.7782072375691083,-1.1688660610985202,31.2,0.6122587499054788,0.2036579620061066,-0.13450430584174697,0.5418202298539602,-0.135,-14.0
2026-10-06,TKO,"TKO GROUP HOLDINGS, INC.",176.46,164.88,180.9,160.69,191.15,159.09,217.42,-2.959287531806631,-1.0735194009530302,2.3580886586067917,-23.539999999999992,-31.95905882352941,-23.406572291394276,-40.511545355664545,-0.03671461,-0.0025161130588235285,-0.021049787506790877,0.016017561389143817,-0.01287919,0.007291780276679836,-0.004871701450568733,0.019455262003928404,0.05750385,0.09593902921875025,0.07568073628448632,0.11619732215301418,-0.00112113,0.00384615,22.4,-1.42,-1.314,-0.12090588235294115,0.6727889799298384,-0.9146007446357208,3.8,0.33352279320932166,0.21365751370768502,-0.13159160698252584,0.5589066343978959,-0.1275,-14.0
2026-10-06,UAL,"UNITED AIRLINES HOLDINGS, INC.",111.87,107.64,116.99,98.39,122.32,89.39,143.09,1.4661654135338298,-1.2899521531100497,1.3887900355871883,-7.22999999999999,-16.817215686274512,-10.311221017776496,-23.323210354772527,0.01268021,0.0004045408235294108,-0.03168875094609232,0.032497832593151144,-0.04108307,0.004861434584980228,-0.03440108887170314,0.044123958041663594,0.02734299,0.07717757574218753,0.061926122541600605,0.09242902894277447,0.00253607,0.00130996,20.2,-1.33,0.304,-0.024388235294117662,0.8368364982065699,-0.8856129687948053,65.7,0.4350375680596066,0.14948268656208952,-0.13109342376048672,0.43005879688466575,-0.13575,-14.0
2026-10-06,VTRS,VIATRIS INC.,17.54,17.25,18.63,16.11,20.25,14.67,21.68,2.428571428571438,1.895104895104896,1.4425087108013943,-1.5300000000000011,-0.9897647058823531,-0.14835796788376754,-1.8311714438809386,0.02535356,0.01138250694117647,-0.01477916248115397,0.03754417636350691,0.03607972,0.03412061766798412,0.00910501088574956,0.059136224450218676,0.04506028,0.02401122097656249,0.0066580573595958585,0.04136438459352912,-0.00184449,-0.00464313,49.0,-0.21,0.848,0.517039215686275,1.5454291000985956,-0.5113506687260457,63.7,0.6170747873539517,0.29513129483873524,-0.2968807318877428,0.8871433215652132,-0.1605,-14.0
2026-10-06,AAPL,APPLE INC.,333.63,322.79,343.46,312.91,368.49,278.98,398.16,-1.2795180722891555,1.6824324324324356,1.180786825251602,-18.75999999999999,-18.988666666666667,-9.6253856559264,-28.351947677406933,0.0018483,0.004547072745098039,-0.014977798670738264,0.02407194416093434,0.03388978,0.017011477312252967,0.004502146486172979,0.029520808138332955,0.02520366,0.0253240857031251,0.020942417000799206,0.029705754405450993,-0.00031759,-0.00078632,13.7,-1.78,0.855,0.2699764705882355,1.333380172159305,-0.7934272309828341,72.8,0.2387793626978425,0.14723160863005638,-0.2339121847380283,0.528375401998141,-0.13975,-14.0
2026-10-06,DAL,"DELTA AIR LINES, INC.",83.66,81.18,89.03,75.96,91.87,68.28,102.58,2.122605363984677,1.0662337662337669,1.230169050715215,-5.8700000000000045,-6.631843137254902,-2.8121225339766687,-10.451563740533135,0.02147256,0.0056984329019607845,-0.022472948819418546,0.033869814623340114,-0.01503021,0.01725854790513834,-0.010363512087632552,0.04488060789790923,0.02908898,0.033689909921875,0.0195491134284126,0.04783070641533739,-0.0005036,0.00493509,16.9,-1.5,0.741,0.1648392156862746,1.0510611142953,-0.7213826829227508,72.8,0.6729204069279355,0.20015538223789975,-0.10216214598397777,0.5024729104597773,-0.13975,-14.0
2026-10-06,DASH,"DOORDASH, INC.",193.62,173.86,194.53,163.35,216.91,151.85,250.49,-7.342741935483905,-1.2996994418205248,1.3615034713909502,-4.650000000000006,-25.68180392156861,-5.640612150638493,-45.72299569249873,-0.02502288,-0.008492345686274511,-0.0494204645083573,0.03243577313580828,0.00367351,-0.022549944505928846,-0.07605848137344004,0.030958592361582344,-0.00392865,0.04028660785156238,-0.0030625213926957218,0.08363573709582048,0.00019787,-0.00572341,80.8,1.39,-0.29,-0.1905607843137253,0.9332728486927564,-1.3143944173202071,50.2,0.19869163752053676,0.2480603058405723,-0.17974294560615903,0.6758635572873036,-0.135,-14.0
2026-10-06,ES,EVERSOURCE ENERGY,65.26,61.22,66.23,58.66,68.2,56.13,76.73,-3.065040650406532,-2.244897959183678,1.2562979189485208,-1.8699999999999903,-3.51756862745098,-1.1901707931031766,-5.8449664617987835,-0.0201802,-0.0014794080784313742,-0.02045077628163096,0.01749196012476821,-0.03690416,0.000795500039525688,-0.016217710614663077,0.017808710693714456,-0.00627568,0.00616328718750001,-0.0008034949027242071,0.013130069277724227,0.00424734,-0.00359846,57.7,0.26,-1.795,-0.006082352941176462,0.8806700543146312,-0.892834760196984,3.0,0.08564967470932872,0.060856482602159916,-0.26954984261423465,0.3912628078185545,-0.1335,-14.0
2026-10-06,FXB,INVESCO:GBP STERLING,127.59,124.72,129.03,123.05,130.81,120.48,136.1,-1.9934210526315663,-1.4099378881987603,1.1969057665260185,-2.6999999999999886,-2.879725490196077,-1.7225263859502358,-4.036924594441919,-0.00648955,-0.0008377118039215688,-0.005181985698762629,0.003506562090919492,-0.00642887,-0.0014586605533596854,-0.006949681680519295,0.004032360573799925,0.00160581,0.004485743476562516,0.0028788963428453967,0.006092590610279636,-0.0002787,-0.0010721,93.8,1.87,-1.522,-0.2534078431372548,0.6473348547583533,-1.1541505410328627,8.9,0.6506780320418188,0.3268736999090672,-0.056702201721723466,0.7104496015398578,-0.1335,-14.0
2026-10-06,GDX,VANECK:GOLD MINERS,88.22,83.17,89.62,77.44,102.48,77.93,120.8,-3.7499999999999973,1.3228200371057517,3.166180758017495,-17.28,-19.907137254901958,-12.339401188283334,-27.474873321520583,-0.02566605,0.002819908509803926,-0.03454760598246201,0.04018742300206986,0.03054372,0.022537752766798397,-0.027152049284037222,0.07222755481763402,0.1305645,0.14136292132812495,0.1250058914407925,0.1577199512154574,0.00454338,-0.00213787,16.5,-1.46,-1.077,0.19068627450980394,1.1515072917513474,-0.7701347427317394,6.9,0.10548949436228039,-0.03353195069818558,-0.23827071888545392,0.17120681748908279,-0.1275,-14.0
2026-10-06,GDXJ,VANECK:JR GOLD MINERS,113.55,106.95,116.89,100.02,132.01,100.41,158.16,-2.3356643356643336,1.364375461936437,3.3949771689497714,-24.250000000000014,-27.763294117647057,-16.68484141418174,-38.84174682111237,-0.02606828,0.0026218230588235265,-0.03786213852113749,0.04310578463878454,0.02504714,0.022774285059288458,-0.03161793301177733,0.07716650313035424,0.13171867,0.14697957605468812,0.1287516923540032,0.16520745975537304,0.00496633,-0.00220133,12.9,-1.63,-0.964,0.19732156862745076,1.1371226483325407,-0.7424795110776392,8.1,0.05818663499544097,-0.0072045103575741655,-0.2455703846915089,0.23116136397636058,-0.1275,-14.0
2026-10-06,GS,"THE GOLDMAN SACHS GROUP, INC.",897.18,850.4,910.32,813.14,966.44,778.68,1182.47,-4.073288331726121,-1.2133987871787444,2.4075105485232076,-111.47000000000003,-111.8883921568628,-73.14719638586385,-150.62958792786176,-0.0393057,0.002032679372549014,-0.02058669062373635,0.02465204936883438,-0.03311355,0.01728787395256919,-0.009265751152245177,0.043841499057383555,0.05504374,0.07113082929687507,0.06493493657492946,0.07732672201882068,0.00628125,-0.00227527,16.5,-1.45,-2.092,0.17369803921568627,1.055279612229795,-0.7078835337984223,0.6,0.25947199739111126,0.09292024402167123,-0.13343233431979953,0.31927282236314203,-0.1275,-14.0
2026-10-06,IEF,ISHARES:7-10 TRS BD ETF,89.13,87.56,90.03,83.84,92.75,84.77,95.11,-1.9404761904761771,-1.4613259668508247,1.371559633027524,-1.3500000000000085,-1.9849411764705884,-1.3192020687727635,-2.6506802841684136,-0.00813264,-0.0013938923921568626,-0.0046791914456594565,0.0018914066613457314,-0.02008475,-0.0036668333201581053,-0.009474047428513214,0.002140380788197003,-0.00397565,0.004175666289062522,-0.0003297944283822043,0.008681127006507248,2.8e-07,-0.00039348,60.9,0.79,-2.072,-0.5734117647058823,0.15606601680587462,-1.302889546217639,3.0,0.2608653307287474,0.22076498804606606,-0.047435068632284444,0.4889650447244166,-0.1335,-14.0
2026-10-06,LQD,ISHARES:IBOXX $IG CORP,102.14,99.65,103.58,94.33,109.32,94.17,111.4,-1.756944444444448,-1.0877437325905306,1.1618569636135516,-1.2999999999999972,-2.2287058823529406,-1.1267890254118513,-3.33062273929403,-0.00673903,-0.0014198389411764706,-0.0050039287521141075,0.0021642508697611662,-0.00754015,-0.003481865059288537,-0.011215184131217078,0.004251454012640004,-0.00895539,0.0021277647656249977,-0.0034581612500107976,0.007713690781260793,0.00047411,0.00165818,57.5,0.38,-1.784,-0.514443137254902,0.21523854538100662,-1.2441248198908106,6.2,0.2622216475839134,0.30654959552249483,-0.132685004986485,0.7457841960314746,-0.1335,-14.0
2026-10-06,MAA,"MID-AMERICA APARTMENT COMMUNITIES, INC.",116.99,111.84,118.44,106.43,123.94,103.31,135.0,-3.0726256983240114,-1.5194244604316522,1.3165204678362583,-1.5700000000000074,-4.650431372549023,-1.1640276049816527,-8.136835140116393,-0.02313672,-0.0044934610588235275,-0.017786140033769243,0.00879921791612219,-0.03224164,-0.006796304664031625,-0.02390051951019142,0.01030791018212817,-0.02935475,-0.0012075402343749875,-0.01396211565390632,0.011547035185156344,0.00357213,-0.00512538,49.0,0.06,-2.151,-0.4079450980392154,0.5919383975981132,-1.407828593676544,6.5,0.5571569630397,0.24506803046647982,-0.150026634834613,0.6401626957675727,-0.1335,-14.0
2026-10-06,NEM,NEWMONT ,116.39,109.68,118.7,101.9,136.57,101.82,158.69,-2.7298387096774133,1.3926846100759145,2.903225806451611,-22.709999999999994,-23.34411764705879,-14.37418976515377,-32.31404552896382,-0.02073858,0.006565187882352944,-0.029520424044847036,0.04265079980955293,0.03968798,0.02720076984189718,-0.017469217685283357,0.07187075736907772,0.13255659,0.13872451937499997,0.11743291987041349,0.16001611887958644,0.00398911,-0.00325899,19.2,-1.49,-1.072,0.2555490196078432,1.248963780101739,-0.7378657408860527,8.1,0.4348216697590095,0.013668221202574705,-0.23811822785876147,0.2654546702639109,-0.1275,-14.0
2026-10-06,Q,"QNITY ELECTRONICS, INC.",133.63,122.93,136.45,116.01,142.13,106.65,184.59,-1.5223880597014934,-2.072941176470587,1.888806523350631,-37.379999999999995,-84.21877192982456,-62.300788493962216,-106.1367553656869,0.03026927,0.005368652489270394,-0.033991487487648124,0.04472879246618892,-0.01824321,0.05892864642201847,-0.004870662448613096,0.12272795529265004,0.24662491,0.4229399529651158,0.3145676126217428,0.5313122933084887,0.01718306,0.01751751,21.8,-1.3,0.727,0.18387096774193554,1.0194947267429166,-0.6517527912590455,68.4,0.5695084310957252,0.1100333663732597,-0.11359394658062105,0.33366067932714044,-0.13575,-14.0
2026-10-06,RF,REGIONS FINANCIAL ,27.05,25.36,27.52,24.46,29.03,23.27,32.96,-2.87719298245614,-1.3080808080808077,1.563492063492063,-1.5799999999999983,-1.8072549019607855,-0.7985587012539694,-2.8159511026676016,-0.03794939,-0.0005955864705882351,-0.023458034446439808,0.02226686150526334,-0.02565457,0.0029494560869565275,-0.02139977248045685,0.027298684654369906,-0.00041454,0.024778660039062556,0.01512881173070208,0.03442850834742303,0.00081319,-0.00563585,12.9,-1.53,-2.0,0.04089019607843139,1.117499028685155,-1.0357186365282922,1.8,0.4190769763351414,0.18666272460436248,-0.04315324537175447,0.4164786945804794,-0.1425,-15.0
2026-10-06,XLF,SEL SECTOR:FINL S SPDR,54.01,51.67,54.07,49.21,58.47,47.1,63.36,-4.979591836734669,-1.0762331838565014,1.3531114327062237,-1.3400000000000034,-1.7292156862745105,-0.4516715314722157,-3.0067598410768053,-0.02217215,-0.0002857627058823515,-0.011437765568486276,0.010866240156721574,-0.00509069,0.0009441272727272713,-0.012636041324444038,0.01452429586989858,-0.00415239,0.0076026241796875,-0.001907610170222982,0.01711285852959798,0.0022496,-0.00520533,4.6,-2.34,-1.843,0.012537254901960788,0.9714806805978403,-0.9464061707939188,3.8,0.3983470579299926,0.25267442600338746,-0.06985569347345533,0.5752045454802303,-0.1425,-15.0
2026-10-06,AOS,A. O. SMITH ,56.9,54.59,58.69,52.2,61.44,48.44,66.98,-1.2290502793296072,-1.0352422907488978,1.1914893617021283,-0.9400000000000048,-3.291764705882348,-0.9113294367765121,-5.6721999749881835,-0.00219221,-0.005969735215686276,-0.027156030572500878,0.015216560141128328,-0.01014157,-0.013010982766798436,-0.03984628516233553,0.013824319628738655,-0.02488726,-0.0004991203124999963,-0.016473287607029145,0.015475046982029152,0.00159219,-0.00129444,25.6,-1.2,-0.634,-0.3477764705882353,0.7304530571120671,-1.4260059982885378,37.9,0.6009879459243845,0.08183418536197698,-0.23959336283024804,0.40326173355420203,-0.148,-15.0
2026-10-06,CSGP,"COSTAR GROUP, INC.",27.63,25.78,28.27,24.24,29.9,20.85,34.63,-2.5151515151515147,-1.493392070484582,1.0324483775811217,1.8299999999999983,-1.0289411764705876,2.758450886447965,-4.81633323938914,-0.03605556,-0.025837918235294112,-0.05572949617112273,0.004053659700534503,-0.04442069,-0.07139870727272725,-0.10139028102090895,-0.041407133524545545,-0.12469754,-0.07928469898437501,-0.12349604011340351,-0.035073357855346515,-0.00343279,0.00084419,28.8,-0.86,-1.039,-0.7709176470588236,-0.035279873330357425,-1.5065554207872898,39.5,0.7451964182559714,0.23387588911200238,-0.11606610937899234,0.5838178876029971,-0.148,-15.0
2026-10-06,EWD,ISHARES:MSCI SWEDEN,50.35,48.41,50.69,46.88,53.72,45.84,56.86,-4.585365853658581,-1.0296735905044514,1.443458980044346,-1.8799999999999955,-2.2921176470588236,-1.0636510648576656,-3.5205842292599816,-0.01167103,-0.0002520878431372549,-0.015478969255975788,0.01497479356970128,0.00333305,0.002859477351778667,-0.008935562092735966,0.014654516796293298,0.01023471,0.014640347304687535,0.0086414709812739,0.02063922362810117,0.00153156,-0.00154229,49.0,-0.1,-1.218,0.11366274509803911,0.9642722787412484,-0.7369467885451703,8.5,0.6072483354051985,0.3848836074147303,-0.09989635509429079,0.8696635699237514,-0.1425,-15.0
2026-10-06,MTB,M&T BANK ,218.74,206.64,221.4,199.53,236.05,191.08,263.61,-3.55389221556886,-1.1097631426920858,1.622198120028923,-14.469999999999999,-17.583568627450987,-10.241750359305385,-24.92538689559659,-0.03468177,0.0006066227058823526,-0.02041740249731647,0.021630647909081178,-0.01110287,0.00876686984189723,-0.015328629991987567,0.03286236967578203,0.01561213,0.04532644718750006,0.03795446292303144,0.05269843145196869,0.00114272,-0.00251182,14.3,-1.43,-1.769,0.11736470588235318,1.2734174849038304,-1.038688073139124,4.6,0.3143307868603298,0.2213375884429441,0.03466635725022041,0.4080088196356678,-0.1425,-15.0
2026-10-06,NDX,NASDAQ 100 INDEX,31224.69,30172.33,31843.58,29650.35,32246.95,27548.59,34186.72,1.0732247857444865,-1.5400583021931769,-1.241074533343685,-820.2400000000016,-1369.8582745098042,-586.5688973587793,-2153.147651660829,0.0226442,0.001588605568627451,-0.012858370442395071,0.016035581579649974,0.00706859,0.010284550237154133,-0.007176797721410777,0.027745898195719043,0.02681093,0.026953109218750056,0.019533479280084184,0.03437273915741593,0.00338787,0.00173913,56.9,0.34,1.228,0.3239999999999999,1.3220487301312174,-0.6740487301312177,84.7,,,,,-0.1435,-15.0
2026-10-06,NQ=F,NASDAQ 100 FUTURES,31501.25,30370.74,32099.14,29958.0,32527.02,27982.85,34307.78,-1.1059286975635643,-1.504479561695116,-1.2536477429423534,-862.3100000000013,-1294.1023137254908,-540.2430992475577,-2047.961528203424,0.01756618,0.0012994050980392154,-0.013111819629161378,0.015710629825239807,0.00324917,0.00890090383399209,-0.008749722164323568,0.026551529832307748,0.02575049,0.02370885714843749,0.015802359006069862,0.03161535529080512,0.00199344,0.00133516,57.3,0.41,1.494,0.33720784313725477,1.3507098018974162,-0.6762941156229068,87.5,,,,,-0.1435,-15.0
2026-10-06,RSP,INVESCO S&P500 EWGHT,212.33,204.13,213.59,197.48,223.39,192.16,232.0,-2.5000000000000124,-1.3426763110307467,-1.0254194204372156,-1.0999999999999943,-3.322705882352935,-0.10744464038532175,-6.537967124320549,-0.00442794,0.0007793904705882346,-0.007558397371117066,0.009117178312293535,0.00093488,0.007347827075098816,-0.0016483462065226351,0.01634400035672027,-0.00843786,-0.0036445344921874996,-0.009028842065929715,0.0017397730815547153,0.00065249,-0.00072628,51.0,0.08,-0.871,0.16722745098039218,1.076005961473043,-0.7415510595122586,16.1,0.428676754042147,0.2670588396923645,-0.03957428646493394,0.5736919658496629,-0.14475,-16.0
2026-10-06,SLV,ISHARES:SILVER TRUST,55.45,51.92,56.87,49.63,61.33,47.83,77.14,-1.929411764705888,1.0103092783505145,2.846456692913384,-12.129999999999995,-19.285725490196082,-7.043464904215394,-31.52798607617677,-0.01741474,0.005021891333333328,-0.044167422715268134,0.05421120538193479,0.00233239,0.03860232553359683,-0.03196642472237402,0.1091710757895677,0.14917603,0.1783021209375002,0.13964874322085769,0.2169554986541427,0.00404024,-0.00168176,23.0,-1.08,-0.655,0.31060784313725487,1.4728600464865154,-0.8516443602120055,18.5,-0.10050106384168522,0.03621762043590349,-0.2602428502401792,0.33267809111198615,-0.1425,-16.0
2026-10-06,TRV,"THE TRAVELERS COMPANIES, INC.",360.64,344.74,368.72,334.18,391.78,322.58,437.12,-2.0910384068278702,1.1768707482993201,2.0094587493431426,-38.639999999999986,-28.974117647058822,-14.861014563487092,-43.08722073063055,-0.01782043,0.004830778666666664,-0.012636290808516061,0.02229784814184939,0.01139149,0.016484242648221358,-0.001011097121068262,0.03397958241751098,0.06116896,0.05401806750000006,0.036467177441848,0.07156895755815212,-0.00107399,-0.00625563,14.1,-1.43,-0.363,0.24019999999999997,1.197211088557519,-0.716811088557519,30.0,0.47129030669353855,0.22299709848417537,-0.0991467075096844,0.5451409044780351,-0.1455,-16.0
2026-10-06,XOM,EXXON MOBIL ,164.48,156.86,168.25,153.6,179.71,139.74,199.29,-1.8152709359605843,1.3998161764705905,1.4070331447049325,-12.630000000000024,-11.013019607843134,-3.913490740558399,-18.11254847512787,-0.00646014,0.007906646509803923,-0.010233053850825966,0.026046346870433813,0.04082988,0.02212105209486163,0.0014341998117711197,0.04280790437795214,0.04708422,0.03491103964843757,0.01695926769066563,0.052862811606209516,-0.00081951,-0.00106972,22.0,-1.09,0.307,0.3821647058823528,1.298237857988266,-0.5339084462235604,47.8,0.1819775388777991,0.11507073334670065,-0.06493264909300958,0.29507411578641085,-0.1605,-16.0
2026-10-06,BAX,BAXTER INTERNATIONAL INC.,24.36,22.61,24.78,21.1,27.62,18.36,30.03,-2.7142857142857024,1.000000000000001,-1.058201058201058,0.9299999999999997,0.21854901960784337,1.4729177053430107,-1.0358196661273238,0.00237097,-0.0004578009803921542,-0.038594876362014814,0.0376792744012305,0.03604431,0.0005522513833992204,-0.061502166130478646,0.06260666889727709,-0.05717593,-0.08427370562499992,-0.10997935021104494,-0.0585680610389549,0.00619744,-0.00528299,91.1,1.67,-0.305,-0.017752941176470596,1.0178414399333329,-1.053347322286274,32.7,1.0437139742121553,0.23089675206758306,-0.22173208891167565,0.6835255930468418,-0.18275,-16.0
2026-10-06,FISV,"FISERV, INC.",45.48,42.37,46.16,41.13,48.91,30.93,58.97,-3.3666666666666387,-1.2682215743440217,-1.0785767234988877,5.709999999999994,1.7416470588235284,10.362064843845777,-6.878770726198721,-0.04127195,-0.024818833450980404,-0.0865183289469203,0.036880662044959496,-0.01553934,-0.05865073905138341,-0.13962358501773084,0.02232210691496401,-0.19449643,-0.13236275109374998,-0.1572863493939182,-0.10743915279358177,0.00130732,-0.01453908,50.2,0.1,-1.068,-0.3820627450980392,0.4715650274119166,-1.235690517607995,24.4,0.38014396359836056,0.3383080173574242,-0.2956970476494477,0.9723130823642961,-0.14475,-16.0
2026-10-06,LDOS,"LEIDOS HOLDINGS, INC.",116.69,114.75,124.45,107.61,136.12,98.73,154.88,1.5702479338843003,2.1398678414096928,2.1263919821826285,-6.490000000000009,-17.42000000000001,-3.399661455107962,-31.440338544892057,-0.03601296,-0.006981977098039219,-0.039545984117795016,0.02558202992171658,0.02156292,-0.018126720909090874,-0.06362866767400702,0.027375225855825264,-0.03688372,0.03902622261718738,-0.013955267860772738,0.09200771309514749,-0.00869357,-0.00942805,38.7,-0.43,-1.258,-0.41745490196078444,0.6618816017823672,-1.4967914057039362,19.8,0.32084913406877624,0.12556670854727775,-0.20536382182073654,0.45649723891529204,-0.15225,-16.0
2026-10-06,LLY,ELI LILLY AND COMPANY,1157.49,1108.93,1225.42,1079.33,1281.85,984.85,1410.74,1.0425250425250425,1.591095189355166,1.4669253938832254,-93.69000000000005,-85.92533333333346,-40.46972351059589,-131.38094315607103,0.00802086,0.00981679823529411,-0.015366254374545333,0.03499985084513355,0.01628721,0.018342991462450567,-0.019067059239460178,0.05575304216436131,0.03208247,0.037047386953124976,0.02010426398082806,0.0539905099254219,-0.00296173,-0.00180381,36.1,-0.71,0.47,0.3224196078431372,1.3123528755017042,-0.6675136598154299,62.5,0.9125863753451275,0.12635487314054286,-0.18984542772925792,0.4425551740103436,-0.1605,-16.0
2026-10-06,MDLZ,"MONDELEZ INTERNATIONAL, INC.",59.62,55.38,59.21,54.26,63.87,50.24,68.73,-13.612903225806349,-1.2611764705882351,-1.0296377607025236,0.28999999999999915,-0.7796470588235288,0.7425856417275863,-2.301879759374644,-0.01878063,-0.0009487945490196087,-0.016261754275849027,0.014364165177809808,0.00204572,-0.002624667549407116,-0.016376606085464967,0.011127270986650735,-0.03137891,-0.02792967761718747,-0.033458903069377,-0.02240045216499794,0.00705025,-0.00227212,55.4,0.33,-0.71,-0.12791372549019614,0.6836621695881917,-0.9394896205685841,25.2,0.5126048708253548,0.13984213808674703,-0.18263015174351108,0.46231442791700517,-0.14475,-16.0
2026-10-06,TJX,"THE TJX COMPANIES, INC.",137.03,129.55,139.44,118.91,144.85,112.3,158.79,-1.9845201238390144,-2.3171355498721256,-1.136488970588236,-4.780000000000001,-12.89996078431372,-8.46380302474887,-17.33611854387857,0.01868943,-0.0015421151372549025,-0.01952602857861114,0.016441798304101335,-0.03474307,0.0016359154940711537,-0.02252424630239962,0.025796077290541928,0.03135863,0.04960572460937501,0.03778213184887638,0.06142931736987364,0.0045492,0.00655817,87.3,1.49,0.813,-0.12283529411764701,0.9604077644552066,-1.2060783526905006,84.3,0.21260768773846395,0.19600163904312806,-0.08309582066566445,0.4750990987519206,-0.1545,-17.0
2026-10-06,TT,TRANE TECHNOLOGIES PLC,476.39,442.25,482.68,420.63,501.24,378.91,539.38,-1.9779050736497468,-2.2438631790744443,-1.5475472297190023,-5.680000000000007,-40.93407843137255,-22.600881834102903,-59.26727502864219,0.02527293,-0.0022902577254901974,-0.02473390996872795,0.020153394517747558,-0.01533389,-0.004149575810276686,-0.022452689926081366,0.014153538305527995,0.01223153,0.044907617929687275,0.024971337438003383,0.06484389842137117,0.0124832,0.00775978,76.4,1.11,0.966,-0.037345098039215714,0.8721224922361662,-0.9468126883145976,85.1,0.4303324715550616,0.13794599218841178,-0.16935347010989213,0.4452454544867157,-0.1545,-17.0
2026-10-06,TXT,TEXTRON INC.,75.53,73.69,78.73,70.07,81.44,66.04,89.63,1.225961538461538,1.0824175824175801,1.48577449947313,-2.6099999999999994,-3.049921568627449,-0.227506230609142,-5.8723369066457565,-0.01950676,-0.0028340807843137256,-0.019749588948887644,0.014081427380260194,-0.02869552,-0.0026289449407114617,-0.018370671452481727,0.013112781571058805,-0.02256608,-0.01141669050781249,-0.017420463892952164,-0.005412917122672816,-0.00201902,-0.00539082,37.7,-0.61,-1.057,-0.07498823529411765,0.8486311663392855,-0.9986076369275209,14.5,0.6266600218718923,0.12091475677596142,-0.18704380873757698,0.4288733222894998,-0.16725,-17.0
2026-10-06,VST,VISTRA CORP.,160.5,131.68,146.53,126.41,166.27,115.02,187.94,,-5.908145580589244,-1.6574344023323617,6.689999999999998,-33.9178431372549,-14.767332637107849,-53.06835363740195,0.01336994,-0.00825989133333333,-0.027357240678740617,0.01083745801207396,0.00084488,-0.033374400079051396,-0.05258148738955916,-0.014167312768543636,0.01489531,0.10727495117187494,0.03760911128315109,0.1769407910605988,0.02598727,0.04119027,99.8,3.82,0.383,-0.19885098039215687,0.30471643620671185,-0.7024183969910256,87.9,0.036303978680702675,0.13303422906993198,-0.10801755600347898,0.37408601414334297,-0.1545,-17.0
2026-10-06,ALLE,ALLEGION PUBLIC LIMITED COMPANY,155.2,150.03,159.18,140.36,173.54,132.61,181.89,-1.2512820512820484,1.2358490566037759,1.1814962372731308,-5.25,-12.450784313725483,-6.562185613014026,-18.33938301443694,0.0051135,-0.0042570235686274485,-0.028043748352018227,0.01952970121476333,0.02594041,-0.005051879525691718,-0.037078595963413105,0.026974836912029673,0.01199284,0.027734937617187427,0.011843149244733876,0.04362672598964098,0.00119812,0.00062154,7.3,-2.09,-0.172,-0.24047843137254918,0.6898140711668371,-1.1707709339119354,55.0,0.6322069218066055,0.125632562738872,-0.22769455923735185,0.47895968471509587,-0.17,-17.0
2026-10-06,AMCR,AMCOR PLC,41.77,40.44,43.03,38.25,45.56,35.84,50.12,-1.247706422018359,1.0767045454545443,1.4080944350758844,-0.759999999999998,-1.4150588235294117,0.4022693768418786,-3.232387023900702,-0.00850328,0.0001421304705882361,-0.025340041338340145,0.025624302279516616,-0.00474454,0.0019370746640316257,-0.02757304975206338,0.03144719908012663,-0.02554446,-0.012566541406249965,-0.01980569793924692,-0.005327384873253008,0.00101073,-0.00601231,13.3,-1.62,-1.135,-0.07271372549019608,0.9589544559624897,-1.104381906942882,14.9,0.5239492620436237,0.2647583732608799,-0.5454520907331052,1.0749688372548651,-0.16725,-17.0
2026-10-06,BRO,"BROWN & BROWN, INC.",60.97,57.6,62.28,53.63,65.88,49.9,76.72,-2.584615384615376,-1.4949083503054992,1.4227642276422763,-0.20000000000000284,-3.1721960784313725,0.658660906238302,-7.0030530631010475,-0.03495613,-0.0076715108235294125,-0.03397624161316707,0.01863321996610825,-0.03451768,-0.01648513241106717,-0.047546535669110906,0.014576270846976571,-0.05123023,-0.0140727461328125,-0.040592184685491146,0.012446692419866146,-0.00140297,-0.00517877,47.4,-0.09,-1.382,-0.38339999999999996,0.5726546454253384,-1.3394546454253384,17.3,0.2136824459279114,0.06965401450595075,-0.19679064506301375,0.3360986740749153,-0.16725,-17.0
2026-10-06,DPZ,"DOMINO'S PIZZA, INC.",302.87,283.09,307.3,265.96,330.31,252.4,365.52,-3.0401284109149187,-1.3451166180758027,1.2413314840499303,-1.339999999999975,-9.994745098039221,4.682537358491521,-24.672027554569965,-0.01598197,-0.008186722862745096,-0.03276188842135729,0.016388442695867096,-0.00441774,-0.024384795810276652,-0.04884816365909814,7.857203854483297e-05,-0.03169287,-0.029280618046875068,-0.053150307835365736,-0.0054109282583843996,0.00414942,-0.00237798,20.0,-1.17,-1.132,-0.4099450980392159,0.42610999760828944,-1.2460001936867213,20.0,0.15289581802669994,0.12797840860294113,-0.14721062590893763,0.4031674431148199,-0.16725,-17.0
2026-10-06,FOXA,FOX ,62.08,58.73,64.09,56.63,70.32,52.94,78.26,-2.133333333333333,1.5119266055045875,1.770240700218819,-5.25,-7.590078431372556,-3.355298366416558,-11.824858496328552,-0.02452193,0.002676480627450981,-0.03261897386261624,0.0379719351175182,0.03229477,-0.00022168853754940944,-0.04780817190510948,0.04736479483001065,0.02546047,0.061148259765625025,0.03361185620320331,0.08868466332804674,-0.0024425,-0.00867576,14.9,-1.56,-0.709,0.2199882352941176,1.4226857954150691,-0.9827093248268339,22.0,0.6265582689182243,0.15491658289650528,-0.22078116407964898,0.5306143298726596,-0.16725,-17.0
2026-10-06,JCI,JOHNSON CONTROLS INTERNATIONAL PLC,158.76,148.73,160.85,143.11,171.68,129.81,185.08,-1.4468546637743964,-1.2113003095975199,-1.0999240121580534,-11.240000000000009,-16.639960784313722,-11.483625372381542,-21.7962961962459,0.03413329,0.005302075921568632,-0.01753804633817451,0.02814219818131177,0.0283016,0.01349249395256918,-0.00024487602496988184,0.02722986393010824,0.07980025,0.0818193212499997,0.07743612193494091,0.08620252056505849,0.01026703,0.00750718,54.6,0.48,0.901,0.2555686274509806,1.1827462398835398,-0.6716089849815785,81.7,0.21285716390362808,0.1648010496153886,-0.20003006888435088,0.5296321681151281,-0.1545,-17.0
2026-10-06,LIN,LINDE PUBLIC LIMITED COMPANY,489.95,463.25,492.15,431.83,511.48,411.21,547.05,-3.711915535444952,-2.699489084997674,-1.378984238178635,2.829999999999984,-18.709019607843153,-5.919041885524427,-31.498997330161878,0.01054879,-0.002113370823529412,-0.01783258605615482,0.013605844409095999,-0.03607574,-0.0021981449802371523,-0.026095124931055425,0.021698834970581123,-0.00239565,0.0025754603906249945,-0.004051759514600444,0.009202680295850434,0.00315786,0.00161657,83.5,1.41,0.916,-0.08367058823529412,0.9715693112147712,-1.1389104876853595,83.5,0.4127394472172148,0.2725920900598832,-0.004133549270831871,0.5493177293905983,-0.1545,-17.0
2026-10-06,MPWR,"MONOLITHIC POWER SYSTEMS, INC.",1473.69,1341.18,1551.9,1270.96,1640.92,1035.77,1815.08,1.3729685490471164,-1.2122824852000238,-1.2827557924953872,-53.3599999999999,-170.76360784313732,-77.65352956219394,-263.8736861240807,0.08177479,0.005068917333333336,-0.0353627774901443,0.04550061215681096,0.0275606,0.0318088601185771,-0.0016445793510163897,0.06526229958817059,0.05796796,0.068673332421875,0.05568767911189011,0.08165898573185988,0.01255543,0.00985825,63.5,0.98,1.225,0.21538039215686267,1.1371766190237271,-0.7064158347100019,84.3,0.08087621796854894,0.16915317458208554,-0.038087728194288295,0.37639407735845937,-0.1545,-17.0
2026-10-06,MRSH,"MARSH & MCLENNAN COMPANIES, INC.",171.74,164.91,173.56,155.57,183.44,145.39,206.64,-3.6978021978022215,-1.3820512820512847,1.3244781783681194,-1.75,-7.334784313725489,-1.3338264626435805,-13.335742164807398,-0.01705192,-0.003987670509803921,-0.022341232820674746,0.014365891801066906,-0.01351177,-0.006646431857707506,-0.022148211862389282,0.008855348146974269,-0.01682195,-0.007919497109375,-0.014549328950357378,-0.0012896652683926212,-0.00081673,-0.00063384,29.6,-0.96,-0.995,-0.21086274509803912,0.5921884544642421,-1.0139139446603203,15.7,0.14776425562549655,0.12723292268569186,-0.2849976692613524,0.5394635146327361,-0.16725,-17.0
2026-10-06,NDAQ,"NASDAQ, INC.",92.27,87.18,95.76,85.23,100.07,78.54,107.37,-1.2041343669250624,1.1079545454545463,1.0997815003641676,-2.950000000000003,-5.596000000000002,-1.2028419695718977,-9.989158030428106,-0.00045437,-0.0010789650588235306,-0.024883184705779694,0.022725254588132633,0.0136667,-0.0017202258498023669,-0.023327070636587774,0.01988661893698304,-0.01575983,0.01716562187500001,-0.003832516651986813,0.03816376040198683,0.00563909,-0.00934351,45.4,-0.16,-0.482,0.11027058823529406,1.0793417896559538,-0.8588006131853656,27.2,0.18639346671041834,0.09473577171620011,-0.2133238124362309,0.40279535586863113,-0.16725,-17.0
2026-10-06,NFLX,"NETFLIX, INC.",68.69,63.33,69.93,60.29,75.99,57.24,88.65,-10.24561403508758,-1.1506849315068495,1.7432314410480363,-3.9099999999999966,-9.377098039215685,-2.860081412054381,-15.89411466637699,-0.05375197,-0.01127132866666667,-0.04071172141283477,0.018169064079501432,-0.02112265,-0.031221018853754914,-0.05890995675276891,-0.003532080954740918,-0.02226667,0.029494336328125002,-0.007559162303503106,0.06654783495975311,-0.00364542,-0.00544753,2.2,-2.81,-1.227,-0.5803372549019608,0.4186478974552854,-1.579322407259207,28.4,0.41364665033946113,0.19382050073662693,-0.31121895985556913,0.698859961328823,-0.16725,-17.0
2026-10-06,NOC,NORTHROP GRUMMAN ,483.11,454.53,491.53,429.33,528.59,414.1,598.53,-4.657812500000017,-1.1824978012313105,1.6725112302564842,-33.39999999999998,-46.362980392156835,-19.71580307824933,-73.01015770606435,-0.03461672,-0.0038079271372549028,-0.026861728048063443,0.019245873773553634,-0.03869742,-0.01068634363636364,-0.046779037978545976,0.0254063507058187,0.00677299,0.031478915039062534,0.018530186156313334,0.044427643921811734,-0.00228931,-0.00622265,38.3,-0.15,-1.164,-0.25201960784313726,0.9075200457588587,-1.411559261445133,27.2,0.29779257529003833,0.12817445909213343,-0.15188762954112117,0.40823654772538803,-0.16725,-17.0
2026-10-06,NXPI,NXP SEMICONDUCTORS NV,244.38,233.7,250.6,211.37,264.12,180.51,297.29,-1.0627352572145545,-1.67223910840932,-1.2071442071442067,4.900000000000006,-9.203058823529412,4.629913911976534,-23.036031559035358,0.01524143,-0.001086273960784313,-0.04165397092097924,0.03948142299941062,-0.04386859,0.0011141113833992025,-0.05047787221103565,0.05270609497783405,-0.02790646,-0.022206264921875,-0.03216993315145331,-0.012242596692296685,0.00106758,0.0044922,68.3,0.57,0.785,-0.13582745098039214,0.8609462547840204,-1.1326011567448047,80.8,0.2648617574911398,0.11898166396824528,-0.24424407291642963,0.4822074008529202,-0.1545,-17.0
2026-10-06,PTC,PTC INC.,193.0,141.52,184.4,141.61,210.52,114.5,201.44,-3.4357394366197145,-2.9332191780821892,-9.30094786729858,31.24000000000001,-6.179725490196079,3.1765785618801967,-15.536029542272354,0.08764488,-0.010905878078431375,-0.045396054539763274,0.023584298382900527,0.05851895,-0.029139899169960494,-0.06150595582266147,0.00322615748274048,-0.02979825,-0.024052882187499982,-0.05453382295145095,0.0064280585764509846,0.02131536,0.03062839,98.2,2.94,1.041,-0.39789803921568634,0.5191198024027487,-1.3149158808341213,92.7,-0.9461575080601515,0.159305985329047,-0.2414087460201263,0.5600207166782203,-0.16075,-17.0
2026-10-06,PWR,"QUANTA SERVICES, INC.",719.56,644.31,695.3,602.77,765.84,536.42,864.16,-33.45355191256751,-2.5235522904062173,-1.266528354080221,-25.590000000000032,-84.68054901960782,-48.51668454969561,-120.84441348952004,0.03251016,0.004622641607843142,-0.023205456185388357,0.03245073940107464,0.00664434,0.023454289328063274,-0.014726481003140238,0.061635059659266786,0.08491992,0.08675667761718714,0.07674394217841905,0.09676941305595523,0.01536087,0.01881941,53.8,0.18,1.066,0.29830980392156853,1.1125964066359921,-0.5159767987928552,81.0,0.25013609708469065,0.06972731718591783,-0.19885642357222488,0.3383110579440606,-0.1545,-17.0
2026-10-06,SBLK,STAR BULK CARRIERS CORP.,29.86,28.55,31.62,28.0,33.5,25.67,37.69,1.5116279069767447,1.9569892473118289,1.8687350835322203,-2.969999999999999,-1.0698431372549018,0.11807702252262597,-2.2577632970324295,-0.00472071,0.008883352588235294,-0.01489850299655739,0.03266520817302798,0.03677794,0.021806541501976282,-0.006426669022437329,0.0500397520263899,0.03917262,0.0022359930468749778,-0.013560329127368067,0.018032315221118023,-0.0005706,-0.0009391,41.5,-0.23,-0.445,0.37658823529411767,1.2868915501611444,-0.5337150795729092,22.0,-0.07925486272233262,0.1075126367106877,-0.1777078895075476,0.392733162928923,-0.195,-18.0
2026-10-06,ADP,"AUTOMATIC DATA PROCESSING, INC.",262.36,248.76,271.14,242.69,284.53,220.06,320.12,-1.8144044321329746,1.1270971021860672,1.3654846335697395,-8.539999999999964,-8.8564705882353,0.15686856935778337,-17.869809745828384,-0.01437774,-0.0013975645490196145,-0.027441775073395156,0.024646645975355926,0.01692084,-0.005101780276679885,-0.04626095312824688,0.036057392574887104,-0.01076707,-0.011134904804687486,-0.029623303076908337,0.007353493467533364,-0.00407295,-0.01171417,52.2,0.31,-0.354,-0.24920784313725494,0.7816465918243335,-1.2800622780988433,44.6,0.20686423725883785,0.11524589046211983,-0.1672341334824123,0.39772591440665195,-0.18025,-18.0
2026-10-06,CEG,CONSTELLATION ENERGY,300.4,238.92,275.65,237.88,324.57,207.91,368.52,,-2.5866776996276353,-1.3577510275983555,9.129999999999995,-42.725176470588224,-14.803109507478982,-70.64724343369747,0.00241008,-0.005990173058823527,-0.038229026040146094,0.026248679922499043,0.0518166,-0.01583085928853754,-0.04537685878885989,0.013715140211784813,0.00322112,0.05431737085937503,0.004588968576146733,0.10404577314260333,0.02935323,0.03297686,99.8,3.42,0.009,-0.08414509803921566,0.7148369995383822,-0.8831271956168135,57.1,-0.2175970544461694,0.08727336941452177,-0.07825462361140584,0.2528013624404494,-0.16625,-18.0
2026-10-06,CTSH,COGNIZANT TECHNOLOGY SOLUTIONS ,57.22,55.38,63.99,53.01,71.77,44.78,74.92,3.6531791907514517,3.456057007125889,1.4228295819935697,-0.6700000000000017,-1.2776862745098043,2.976813397630732,-5.5321859466503405,-0.00646633,-0.004400658117647057,-0.05264822717118042,0.043846910935886316,0.09000591,-0.015201320316205521,-0.07165196379524612,0.04124932316283507,-0.08785387,-0.04457688839843754,-0.07881273899680713,-0.010341037800067954,-0.0106836,-0.0020054,72.6,1.16,-0.376,-0.041850980392156796,1.1959955436469936,-1.279697504431307,42.5,0.22279764210668884,0.11198773839796322,-0.18538841182584648,0.4093638886217729,-0.18025,-18.0
2026-10-06,DVA,DAVITA INC.,180.4,167.55,186.81,151.74,203.64,145.03,231.17,-1.7234352256186312,-1.2332185886402762,1.4353972292903583,-11.759999999999991,-12.44372549019608,1.5293760261938942,-26.416827006586054,-0.00943889,0.006584688549019602,-0.04093883329288439,0.0541082103909236,-0.03467032,0.029419912569169947,-0.0369893148570316,0.09582913999537149,0.02035161,0.02893704296875006,0.017140600593247627,0.04073348534425249,-0.00196767,-0.00896602,63.5,0.73,-0.012,0.06781960784313726,1.1430633225751565,-1.007424106888882,55.8,0.3324329140810689,0.29056813078679783,-0.33738983124278205,0.9185260928163776,-0.18025,-18.0
2026-10-06,GOOGL,ALPHABET INC.,347.68,331.42,362.94,314.21,375.81,289.38,447.14,-1.1267281105990812,-1.1898329185922514,1.7060034305317318,-41.93000000000001,-48.76658823529413,-34.400745581122116,-63.13243088946614,0.0093204,0.005528294980392153,-0.02024345198940705,0.03130004195019136,-0.00794041,0.022695947114624453,-0.013845128851546127,0.05923702308079504,0.08414282,0.09403047902343767,0.08420268636618189,0.10385827168069345,-0.00161619,-0.0055537,49.8,0.52,0.333,0.21760392156862748,1.223062674145861,-0.7878548310086061,59.3,0.37673921287612155,0.20112590509734246,-0.19987776633835835,0.6021295765330432,-0.18025,-18.0
2026-10-06,IWF,ISHARES:RUSS 1000 GR ETF,129.19,123.92,131.27,120.67,135.8,108.82,160.31,-1.3006329113924062,-1.2889561270801784,1.5277368679430534,-14.629999999999995,-66.3060784313725,-50.67320590395797,-81.93895095878702,0.01837206,-0.0005656269803921574,-0.01390353306967521,0.012772279108890894,0.0102823,0.004402942529644274,-0.0113197426850318,0.020125627744320345,0.10589952,0.4108771369531255,0.3164169264885089,0.5053373474177422,0.00369302,0.00197255,38.7,-0.43,1.127,0.10234509803921568,0.9886361036238414,-0.78394590754541,86.7,0.22541676048172787,0.23056506304967922,-0.06277049910448479,0.5239006252038432,-0.177,-18.0
2026-10-06,LUV,SOUTHWEST AIRLINES CO.,42.45,40.87,44.26,37.58,45.57,33.81,51.33,1.3892617449664413,-1.5608974358974386,1.0277777777777772,-1.6699999999999946,-3.6677254901960774,-0.9706348436208168,-6.3648161367713385,0.02449063,0.0024163557647058865,-0.03576184218119519,0.04059455371060696,-0.04508418,0.009960704545454536,-0.044114056285585485,0.06403546537649456,0.01814502,0.024159823359375027,0.014780035492839561,0.033539611225910496,0.00025073,0.00385037,13.1,-1.74,1.294,0.14480000000000012,1.2766554218905317,-0.9870554218905315,83.9,0.8481631482065757,0.19004533442165053,-0.17751244471444969,0.5576031135577507,-0.181,-18.0
2026-10-06,MET,"METLIFE, INC.",97.16,90.67,98.16,89.2,104.11,81.56,112.91,-2.4126984126984024,-1.1453237410071928,1.009615384615385,-1.9399999999999977,-2.248980392156861,0.16969590269928547,-4.667656687013007,-0.00388179,0.0032141641960784315,-0.013297887082721156,0.019726215474878017,0.00898035,0.011491180316205513,-0.011325985660346666,0.0343083462927577,-0.00200671,-0.007448027890624979,-0.01801841028344203,0.003122354502192071,0.00305889,-0.00281557,3.4,-2.33,0.29,0.22385882352941175,1.103217074043184,-0.6554994269843605,52.2,0.6380699963401306,0.13670400063274296,-0.11734788944971375,0.39075589071519967,-0.174,-18.0
2026-10-06,NVDA,NVIDIA ,239.24,228.88,244.98,218.61,260.55,190.51,292.19,1.4478114478114474,1.0329617062530299,1.0865996306176886,-15.019999999999982,-30.581529411764702,-17.810751883543773,-43.35230693998563,0.0359657,0.0033855724313725474,-0.017284724474256954,0.024055869337002052,0.02402377,0.01834980707509878,-0.002068779192334915,0.03876839334253247,0.06339087,0.09472245769531226,0.05272876612053336,0.13671614927009118,0.00757321,0.00601986,14.7,-1.58,0.765,0.16911764705882354,0.8284073163199472,-0.4901720222023001,85.9,0.14680397113131383,0.09201115727740604,-0.13281868563719773,0.31684100019200984,-0.177,-18.0
2026-10-06,PEG,PUBLIC SERVICE ENTERPRISE GROUP INC.,71.73,64.82,69.67,61.78,73.7,60.55,78.93,,-5.050761421319801,-1.552777777777778,1.6899999999999977,-6.696431372549019,-4.157257152709637,-9.2356055923884,-0.00864603,-0.005122856509803921,-0.016944555698255613,0.006698842678647771,-0.03307305,-0.005890408300395254,-0.019915607900170666,0.008134791299380158,-0.01824193,0.042135066484374956,0.021569711743477413,0.0627004212252725,0.01315077,0.0159954,99.8,3.9,-0.537,-0.35178039215686274,0.42627940885121374,-1.1298401931649393,37.9,-0.05763740746850954,0.27639850726718695,0.054500932922042195,0.49829608161233174,-0.16625,-18.0
2026-10-06,RL,RALPH LAUREN ,368.67,354.44,377.26,327.89,390.06,301.96,434.4,-1.04788213627993,-1.9064983637213677,-1.0149094781682653,-17.639999999999986,-45.207568627450975,-30.015838737235057,-60.39929851766689,0.02664215,2.0941176471960493e-08,-0.022956703314379212,0.02295674519673216,-0.02352482,0.0032792721739130343,-0.023661672085030682,0.030220216432856748,0.04898313,0.07053317800781254,0.0492685086246802,0.09179784739094489,0.00158856,0.00648765,47.4,0.03,0.735,-0.009984313725490267,0.8073441120976204,-0.8273127395486009,79.2,0.47855042841418194,0.15213662410626366,-0.17182830692819667,0.476101555140724,-0.18825,-19.0
2026-10-06,ECL,ECOLAB INC.,280.82,264.31,283.44,253.82,297.97,240.5,319.93,-3.6458797327394143,-1.5743440233236121,-1.0309383789312192,-7.319999999999993,-16.300392156862745,-7.55883214167376,-25.04195217205173,0.0011379,0.0005715369019607849,-0.01671044915227646,0.01785352295619803,-0.00335558,0.00018850845849802434,-0.020506202238031308,0.020883219155027357,0.0132518,0.021125056210937538,0.01322662013169595,0.029023492290179125,0.00207089,-0.0010225,68.8,0.66,0.13,-0.0031058823529411432,0.9745348140506379,-0.9807465787565203,53.2,0.487862314102647,0.1287084629452799,-0.08979906918410191,0.3472159950746617,-0.1875,-19.0
2026-10-06,HUBB,HUBBELL INC.,485.41,450.63,489.32,428.88,515.82,387.64,554.23,-2.0046583850931725,-1.858927984215718,-1.4206625980819536,-3.909999999999968,-40.385803921568616,-21.320085024867748,-59.45152281826948,0.01853088,-0.0007909798431372549,-0.024152788143556394,0.022570828457281884,-0.00850932,0.0033685470750988234,-0.01672779764842363,0.023464891798621275,0.00644304,0.026409047070312528,0.016522067885949086,0.03629602625467597,0.007751,0.00871889,28.8,-0.89,0.56,-0.008235294117646964,0.867105840468765,-0.8835764287040591,68.5,0.3577861758330301,0.12021573491003544,-0.09191683334873053,0.33234830316880143,-0.18825,-19.0
2026-10-06,MAS,MASCO ,69.93,65.7,70.68,62.2,71.88,56.57,81.33,-3.284552845528488,-3.964102564102589,-1.171929824561405,1.6800000000000068,-2.7249019607843135,0.4816875713133548,-5.931491492881982,0.00340478,-0.0026091897254901983,-0.030220680842403893,0.0250023013914235,-0.04372651,0.00026319304347825236,-0.030654302232488224,0.031180688319444733,-0.0368094,-0.01417949261718751,-0.027695370405622498,-0.0006636148287525196,0.0016154,-0.00294405,54.4,0.57,-0.228,-0.19666274509803924,0.8706839375357914,-1.2640094277318699,44.6,0.3333676573971578,0.06022576697260607,-0.24732676772431356,0.3677783016695257,-0.1875,-19.0
2026-10-06,MSCI,MSCI INC.,554.92,527.09,558.83,502.56,578.39,488.6,613.96,-2.8887652947719564,-2.23093310609288,-1.123306233062328,1.2699999999999818,-25.35729411764707,-4.32819170786302,-46.38639652743112,-0.00206281,-0.0011833989019607847,-0.021327375668346277,0.018960577864424705,-0.02111555,-0.0006938851778656131,-0.01694950218842774,0.015561731832696515,-0.01266752,-0.004323280976562508,-0.015344527849048797,0.006697965895923781,-0.00017368,-0.00321553,62.1,0.77,0.047,-0.05369803921568628,0.684646325282812,-0.7920424037141846,55.0,0.3357168768318761,0.09972871645138684,-0.25122327972353964,0.45068071262631326,-0.1875,-19.0
2026-10-06,MTD,METTLER-TOLEDO INTERNATIONAL INC.,1533.07,1459.47,1645.34,1385.95,1721.49,1177.45,1778.63,1.6995325116872102,1.2807232191408389,-1.4482000325785944,4.710000000000036,-50.74098039215692,11.118488645856722,-112.60044943017056,0.05347972,0.0021762713725490203,-0.02477863488088687,0.02913117762598491,0.02866406,0.003745343359683787,-0.02821680046885059,0.035707487188218166,-0.02699828,-0.015096273007812484,-0.03864815470063618,0.008455608685011214,0.00134462,0.00021016,72.0,1.07,1.467,0.11598039215686272,1.085366732872872,-0.8534059485591465,95.0,0.023977216135180335,0.13172003810005675,-0.16564894318765486,0.42908901938776833,-0.186,-19.0
2026-10-06,PNW,PINNACLE WEST CAPITAL ,98.04,89.69,98.49,85.35,102.18,84.01,108.24,-3.9891891891892066,-3.0652173913043503,-1.375490196078433,-2.6400000000000006,-6.315607843137259,-3.9039783087846325,-8.727237377489885,-0.0093071,0.0007338387450980392,-0.011787293620335208,0.013254971110531286,-0.03819604,0.001825061264822126,-0.013695180451274524,0.017345302980918777,0.01466749,0.03400389289062508,0.025127405046358704,0.04288038073489146,0.00546052,-0.00326796,98.2,2.4,-0.061,-0.037003921568627494,0.9684220252967941,-1.0424298684340492,47.0,0.32443480377623857,0.28742694003325403,-0.021149829926622343,0.5960037099931303,-0.1875,-19.0
2026-10-06,WST,"WEST PHARMACEUTICAL SERVICES, INC.",372.64,356.29,390.91,340.77,413.7,291.18,468.07,-1.0688723835246443,1.2883589582679635,1.1714952123741718,-19.689999999999998,-10.885960784313733,3.025124544941713,-24.79704611356918,0.01369585,0.009528068352941167,-0.015586540449792421,0.034642677155674755,0.02188947,0.03159597608695649,-0.01692824662900993,0.0801201988029229,0.02639546,-0.01391551894531248,-0.04100100297042705,0.013169965079802094,-0.00904044,-0.00297534,85.9,1.37,1.354,0.31471764705882355,1.1496571084660052,-0.5202218143483581,85.9,0.6827691659242405,0.27888256797518063,-0.300296748159009,0.8580618841093702,-0.2175,-20.0
2026-10-06,AES,THE AES ,14.93,14.77,15.08,14.56,15.39,12.93,16.76,-1.0,1.243243243243248,-1.092896174863387,0.1899999999999995,-0.2972549019607842,0.2625794324751074,-0.8570892363966758,0.00219322,0.005422384784313731,-0.01445040676900372,0.025295176337631183,0.00913505,0.021548121620553355,0.009050403864750638,0.03404583937635607,-0.01969619,-0.013163668593749997,-0.022835611658146408,-0.0034917255293535863,-0.00023534,-0.00027474,38.3,-0.75,0.565,0.20759215686274515,0.8900113585763083,-0.47482704485081806,67.3,1.9832286613693642,1.7376674313506948,-1.822913835792014,5.298248698493404,-0.19225,-20.0
2026-10-06,INCY,INCYTE ,112.73,111.12,123.13,107.52,129.9,106.02,147.74,1.9164677804295955,3.2955854126679416,5.217585692995524,-22.679999999999993,-14.153960784313732,-10.14396299355117,-18.163958575076293,-0.01984316,0.009685675882352945,-0.010871137235343751,0.03024248900004964,0.02095633,0.019410457272727246,-0.002674926496661064,0.04149584104211555,0.07386664,0.0781712975,0.07171195064852605,0.08463064435147395,-0.00311461,-0.00222982,17.7,-1.29,-1.408,0.20478431372549025,1.0304923829006698,-0.6209237554496893,5.0,0.7379609579198905,0.28564030167696053,-0.12864555257746085,0.6999261559313819,-0.1875,-20.0
2026-10-06,SBAC,SBA COMMUNICATIONS ,169.7,149.79,163.87,145.24,176.0,138.2,198.63,,-3.8825396825396723,-1.0888351192533698,5.139999999999986,-3.8077254901960798,4.6195437270403525,-12.234994707432513,-0.0352588,-0.004307559803921569,-0.031051373130978284,0.02243625352313515,-0.03534595,-0.01961634636363634,-0.03732716831524638,-0.0019055244120263042,-0.0491607,-0.023691970546875007,-0.03547540068063369,-0.01190854041311632,0.01201189,-0.01123007,99.0,3.2,-1.283,-0.3054627450980393,0.5116573016825438,-1.1225827918786222,11.3,0.004986341044304066,0.1314418666730321,-0.2626983672807661,0.5255821006268303,-0.1985,-21.0
2026-10-06,VMC,VULCAN MATERIALS COMPANY,248.85,233.84,251.14,218.88,258.1,210.4,289.18,-3.946524064171111,-3.23999999999999,1.0488946684005207,-1.3199999999999932,-15.902235294117654,-5.165957653230473,-26.638512935004833,-0.0082932,-0.004044387058823531,-0.0255782599627338,0.017489485845086736,-0.04807826,-0.0031324488932806434,-0.02532584805105604,0.019060950264494753,-0.01478873,0.005717265781250039,-0.008788586060636053,0.020223117623136132,-0.00050979,0.00533352,11.1,-1.66,-0.653,-0.24291764705882354,0.6619222815146778,-1.1477575756323248,31.9,0.5107727686903523,0.05192553171345584,-0.18589496325024338,0.28974602667715504,-0.21,-21.0
2026-10-06,WMT,WALMART INC.,107.2,100.64,107.81,97.26,113.65,94.37,124.53,-7.900000000000038,-1.5410852713178285,1.3507404520654716,-6.539999999999992,-12.996117647058831,-9.321047313771505,-16.671187980346158,-0.00743176,0.0006385854901960765,-0.01788882599305899,0.01916599697345114,-0.01556211,0.0067145533596838294,-0.02088461810470636,0.03431372482407402,0.03578245,0.0642180064843749,0.05185329458712921,0.07658271838162059,0.00152739,0.00037734,35.1,-0.75,0.124,0.03807843137254901,0.8015178937544325,-0.7253610310093346,55.8,0.02043038861958557,0.1256112833677545,-0.27239613539485846,0.5236187021303675,-0.21,-21.0
2026-10-06,XLRE,SEL SECTOR:RL EST SPDR,41.1,39.71,41.29,37.95,43.76,37.44,45.72,-5.730769230769282,-1.1842105263157905,1.2622950819672112,-0.37999999999999545,-1.0789803921568628,-0.2255645255676002,-1.9323962587461254,-0.01748047,-0.0013052710588235292,-0.012892792085477096,0.010282249967830037,-0.00994452,0.004531970671936764,-0.007400950690011597,0.016464892033885126,-0.01722896,-0.001971093046875003,-0.010291918694214128,0.006349732600464122,0.00166022,-0.00098313,52.6,-0.46,-2.353,-0.15053725490196077,0.8391646277475538,-1.1402391375514753,3.4,0.29632847466268863,0.49977947986817584,-0.3072243527161882,1.3067833124525399,-0.2085,-21.0
2026-10-06,XLY,SEL SECTOR:C DSC SPDR,111.72,106.27,111.91,101.01,117.0,96.78,126.86,-5.074468085106391,-2.0284090909090895,1.0133868808567605,0.01999999999999602,-5.1533725490196085,-2.4346540070835188,-7.872091090955698,-0.00516158,-0.003526653137254903,-0.01597281611983796,0.008919509845328156,-0.02310289,-0.0010199228458498003,-0.0147274339768447,0.012687588285145102,-0.0092576,0.010655775664062504,0.0015558369391247221,0.019755714389000284,0.00364509,-0.00147254,17.1,-1.58,-0.56,-0.1775607843137256,0.618225873500596,-0.9733474421280471,36.7,0.4882525819541099,0.1832737273968709,-0.1416373402403532,0.508184795034095,-0.21,-21.0
2026-10-06,AMT,AMERICAN TOWER ,164.78,155.39,166.83,152.73,175.85,142.63,188.95,-7.318181818181853,-1.0885275519421878,1.0911963882618503,-1.6999999999999886,-3.724431372549016,1.9231970379945467,-9.37205978309258,-0.02820816,-0.0034183111764705914,-0.019685286603471668,0.012848664250530484,-0.0018333,-0.01583348118577078,-0.02717326757844931,-0.004493694793092253,-0.03529688,-0.01988325480468755,-0.030800068590556805,-0.008966441018818291,-0.00087585,-0.00049139,36.7,-0.51,-1.145,-0.21146666666666655,0.4497967490663354,-0.8727300823996685,7.9,0.3694578526292658,0.09334521346709557,-0.12078231806415612,0.30747274499834726,-0.2085,-21.0
2026-10-06,APP,APPLOVIN CORP,278.78,254.34,298.77,224.22,319.58,219.53,454.54,-2.127626459143963,-1.3372549019607833,2.966413502109707,-83.35000000000002,-231.36780392156862,-131.78283480129522,-330.952773041842,-0.05835055,-0.016838982509803927,-0.07138695051741818,0.037708985497810335,-0.13313425,-0.026454362332015795,-0.10703219950704637,0.054123474843014774,0.12860088,0.2609613128515623,0.19999471307311129,0.32192791263001336,-0.00630697,-0.013911,87.9,1.59,-0.778,-0.20017254901960785,0.7129666552258846,-1.1133117532651002,28.0,0.3542960319922108,0.07745580235910794,-0.19635575102409591,0.35126735574231177,-0.18825,-21.0
2026-10-06,AWK,"AMERICAN WATER WORKS COMPANY, INC.",128.04,123.62,131.55,118.94,137.82,113.88,151.18,-1.74564459930313,1.0747252747252756,1.6341807909604533,-5.730000000000018,-5.939607843137248,-2.377438416129334,-9.501777270145162,-0.02526889,-0.0009960183921568643,-0.016027551670742244,0.014035514886428515,-0.01388237,-0.009023862450592885,-0.03171698408692791,0.013669259185742145,-0.00656868,0.00421651296875,-0.003926645465622813,0.012359671403122812,-0.00016095,-0.00693664,36.3,-0.75,-2.196,-0.13725490196078427,0.6205467009768533,-0.8950565048984218,1.0,0.7102585832268593,0.048317789626526025,-0.1661314591613412,0.26276703841439325,-0.2085,-21.0
2026-10-06,AXP,AMERICAN EXPRESS COMPANY,304.55,287.23,310.57,275.0,319.63,259.08,371.97,-2.82629870129872,-1.95954907161804,1.482735869804266,-17.20999999999998,-27.154509803921528,-13.769339388050406,-40.53968021979265,-0.02707111,-0.003280917803921569,-0.022724903707737665,0.016163068099894526,-0.04693057,-0.0040013737944664006,-0.028996624647701287,0.020993877058768484,0.00509312,0.031683560390625,0.013867328040236025,0.04949979274101397,-5.176e-05,-0.00524825,47.8,-0.09,-1.269,-0.1010313725490196,0.7841450673320641,-0.9862078124301034,9.7,0.5347275304839296,0.1510590042150222,-0.14186333903702722,0.44398134746707163,-0.2085,-21.0
2026-10-06,BX,BLACKSTONE INC,113.36,105.18,114.75,98.46,126.75,91.7,148.09,-5.5771812080537115,-1.1127707244212102,1.6034164358264085,-2.3799999999999955,-8.234784313725488,-0.6971461669815744,-15.7724224604694,-0.04553193,-0.0100394688627451,-0.0423125458442608,0.0222336081187706,-0.01270901,-0.021251508695652163,-0.05518257153378724,0.012679554142482917,-0.04204472,0.0013102077343749795,-0.022226998044409196,0.024847413513159153,0.00038915,-0.00696809,40.9,-0.72,-2.052,-0.33528627450980397,0.8017550963917024,-1.4723276454113103,6.9,0.5679748979162336,0.09305504413673424,-0.08855460700586912,0.27466469527933757,-0.2085,-21.0
2026-10-06,BXP,"BOSTON PROPERTIES, INC.",59.79,58.09,62.07,55.16,65.17,50.31,73.03,-1.0523560209424052,1.161987041036717,1.3966244725738404,-0.0799999999999983,-1.8878431372549023,0.6196542141740462,-4.395340488683851,-0.01852641,-0.00431060443137255,-0.02755683362858837,0.018935624765843276,-0.02416314,-0.005538591778656125,-0.04849604318105759,0.03741885962374533,-0.06072676,-0.022909445742187527,-0.04231844355928102,-0.0035004479250940364,-8.526e-05,-0.00788774,25.6,-1.18,-1.565,-0.19913333333333336,0.7298935503768036,-1.1281602170434704,5.4,0.3117422012704383,0.1921901938889635,-0.05477332175751562,0.43915370953544264,-0.2085,-21.0
2026-10-06,CFG,"CITIZENS FINANCIAL GROUP, INC.",64.09,60.65,64.97,58.56,69.04,56.34,78.96,-3.5789473684210478,-1.1171717171717168,1.9187096774193535,-6.109999999999999,-6.612274509803922,-4.397778530120796,-8.826770489487048,-0.0343402,0.003333662117647058,-0.018097713697415897,0.02476503793271001,-0.01164114,0.014135872648221366,-0.004401675523646245,0.03267342082008898,0.04174382,0.06446114433593754,0.05521055380885889,0.07371173486301619,-0.00049934,-0.00378787,40.5,-0.41,-1.416,0.24244313725490177,1.23517272141451,-0.7502864469047066,5.0,0.34506452203152405,0.12505584028626907,-0.12967863092643842,0.3797903114989766,-0.2085,-21.0
2026-10-06,CHD,"CHURCH & DWIGHT CO., INC.",96.54,92.77,96.59,87.82,102.55,81.55,115.09,-3.5656565656565853,-1.4509151414309527,1.237491661107404,-1.529999999999987,-4.362431372549019,-1.8236540825635914,-6.901208662534447,0.00447586,0.000412099098039216,-0.014702170797348939,0.015526368993427372,-0.00693494,0.0012176258498023758,-0.026323707542159323,0.02875895924176407,0.01351198,0.011837007929687506,0.007092391382185422,0.01658162447718959,0.00347769,0.00037814,37.5,-0.71,-0.072,-0.051513725490196095,0.9145165916478156,-1.0175440426282079,45.8,0.7272016255756653,0.1238348908356392,-0.19634525537693664,0.44401503704821504,-0.21,-21.0
2026-10-06,CME,CME GROUP INC.,270.18,253.6,269.55,247.16,291.43,227.41,318.91,-5.446735395189061,-1.0832941176470594,1.1393500116904374,-4.069999999999993,-18.583529411764697,-7.1194936546385374,-30.047565168890856,-0.01617431,-0.0011053525490196086,-0.022202420381547683,0.019991715283508467,0.02384645,-0.008415519604743077,-0.0392199137579183,0.022388874548432143,-0.00582812,0.02606288265624998,0.007361028384233102,0.04476473692826686,0.00286018,-0.00116487,38.7,-0.4,-0.519,0.11674901960784327,1.1892757733759007,-0.9557777341602142,30.0,0.2211957000584177,0.16614052598674456,-0.2387247537487634,0.5710058057222525,-0.21,-21.0
2026-10-06,F,FORD MOTOR COMPANY,12.28,11.44,12.3,10.99,13.4,10.53,15.73,-20.49999999999949,-1.1517857142857124,1.971428571428572,-1.0700000000000003,-1.2534117647058811,-0.4068026604248097,-2.1000208689869524,-0.04511341,0.004372011137254902,-0.02925061718518837,0.03799463945969818,-0.0159034,0.01631817130434786,-0.023637603448822243,0.05627394605751796,0.02919387,0.027538418789062484,0.01326289617635538,0.04181394140176959,0.00056827,-0.0003048,18.5,-1.2,-1.481,-0.038556862745098064,0.7827339805698343,-0.8598477060600305,6.9,0.3051391407403723,0.04966365155934745,-0.27997512266147184,0.3793024257801667,-0.2085,-21.0
2026-10-06,FXC,INVESCO:CANADIAN DOLLAR,68.73,67.55,69.02,66.36,70.82,64.85,73.78,-2.780000000000001,-1.1339712918660367,1.3015463917525734,-0.9899999999999949,-1.1624313725490183,-0.6144418741546875,-1.710420870943349,-0.00984597,-0.0003909027843137255,-0.00540880912207255,0.004627003553445099,-0.00384838,8.181743083004038e-05,-0.004668612069246779,0.00483224693090686,-0.00150473,0.0008490648046875024,-0.00037982509604754316,0.002077954705422548,0.0005677,-0.00046359,10.9,-1.68,-3.451,-0.484898039215686,0.8209442589479572,-1.7907403373793294,1.0,6.9244047830149125,2.743296010555092,0.3859453777362867,5.1006466433738975,-0.2085,-21.0
2026-10-06,GEOS,GEOSPACE TECHNOLOGIES ,4.69,4.52,4.99,4.18,5.19,3.29,6.97,1.2380952380952372,-1.0200000000000014,1.6285714285714277,-0.11999999999999922,-2.438588235294118,0.5476844868006312,-5.4248609573888675,-0.02254982,-0.02866308007843139,-0.12249083769311124,0.06516467753624845,-0.06478431,-0.0689021786956521,-0.1558407555473241,0.0180363981560199,-0.06478491,0.01949536734374996,-0.03185013966186166,0.07084087434936158,-0.00030132,-0.01810739,22.8,-1.31,-1.702,-0.2688941176470589,0.7823638392286054,-1.3201520745227233,5.0,2.2686627588965913,0.36754453088743083,-0.24162404681524968,0.9767131085901113,-0.2085,-21.0
2026-10-06,KEY,KEYCORP,20.14,19.01,20.55,18.52,21.36,17.37,24.42,-2.7560975609756064,-1.3278688524590185,1.5451263537906144,-1.2399999999999984,-1.3999999999999995,-0.6150374902377282,-2.1849625097622707,-0.03127118,0.00047335894117646993,-0.020741956611951804,0.021688674494304745,-0.02232319,0.009052044189723319,-0.014145249522245,0.03224933790169164,0.00515577,0.02771672984375006,0.018890090320877243,0.03654336936662288,-3.561e-05,-0.0030673,21.8,-1.14,-1.37,0.1385372549019607,1.2496481897025233,-0.9725736798986019,6.2,0.2565925765560162,0.22237599386495274,-0.038558914551019535,0.483310902280925,-0.2085,-21.0
2026-10-06,KIM,KIMCO REALTY .,22.14,21.42,22.63,20.35,23.43,19.52,26.23,-1.8292682926829262,-1.3875968992248064,1.5610687022900758,-0.8999999999999986,-1.1123137254901947,-0.42271914271681077,-1.8019083082635787,-0.01809605,-0.0003374644705882366,-0.01571358371233202,0.015038654771155546,-0.03255537,0.003323324031620545,-0.013729561677899075,0.020376209741140166,-0.00249445,0.01609156449218746,0.002619509241443706,0.029563619742931216,0.00065961,-0.00030868,19.6,-1.43,-2.265,-0.13522352941176483,0.9628871498966173,-1.2333342087201469,1.8,0.6773570816329755,0.653189035907925,0.10835219414421715,1.1980258776716328,-0.2085,-21.0
2026-10-06,KKR,KKR & CO. INC.,90.67,85.65,93.02,82.5,101.36,73.19,118.72,-2.7628865979381474,1.30844553243574,1.6046910755148736,-1.7999999999999972,-6.9337254901960765,0.7222798107714068,-14.58973079116356,-0.04230012,-0.011308957372549019,-0.04505703635471642,0.022439121609618376,0.0046964,-0.022037407312252916,-0.06534559455420118,0.02127077992969535,-0.05470111,-0.0022547851953125322,-0.03855692906321896,0.0340473586725939,6.913e-05,-0.00746607,21.2,-1.2,-2.078,-0.2649058823529411,0.6845779097267102,-1.2143896744325924,1.4,0.42266925447498593,0.12968320322073928,-0.08365857863667503,0.3430249850781536,-0.2085,-21.0
2026-10-06,LVS,LAS VEGAS SANDS CORP.,36.31,34.85,37.62,33.01,40.06,30.13,47.99,-2.2469135802469276,1.136363636363635,1.889967637540452,-1.1199999999999974,-2.004274509803923,0.3791266205074937,-4.38767564011534,-0.05109631,-0.009554809372549019,-0.03718889686505578,0.01807927811995775,-0.04191713,-0.015891524505928862,-0.04795574778625071,0.01617269877439299,-0.06113739,-0.021823788671875028,-0.03576969379432066,-0.007877883549429391,-0.00029107,-0.00184535,17.7,-1.42,-4.067,-0.44219607843137265,0.6308247258596039,-1.5152168827223491,0.6,1.3850428924787086,0.29081802498923215,-0.1808173188794034,0.7624533688578676,-0.2085,-21.0
2026-10-06,MAR,"MARRIOTT INTERNATIONAL, INC.",361.28,349.33,374.65,323.29,387.94,290.12,436.12,1.0639931740614386,-1.4249812453113246,1.0517144463181571,-17.510000000000048,-24.79576470588235,-11.03224075885186,-38.55928865291284,0.02210108,0.004885182000000003,-0.015599482085686466,0.02536984608568647,-0.01991331,0.008318830869565223,-0.021283459822615876,0.03792112156174632,0.03418113,0.035003590507812564,0.025211841489804973,0.044795339525820155,-0.00166845,0.00357366,38.7,-0.41,1.635,0.20245098039215656,1.0589055821033868,-0.6540036213190737,95.0,0.3427004200364445,0.08229598882604948,-0.17054490899750263,0.3351368866496016,-0.2085,-21.0
2026-10-06,MS,MORGAN STANLEY,191.02,177.81,193.02,170.39,204.01,164.76,242.57,-6.815476190476288,-1.5881447267128603,1.963061690784461,-20.310000000000002,-20.80776470588235,-13.509624066321308,-28.10590534544339,-0.03300502,0.0030823893333333306,-0.01831427544794381,0.02447905411461047,-0.03483508,0.017514138300395266,-0.007820492193409335,0.04284876879419987,0.04696488,0.06451678578125002,0.058185564591104265,0.07084800697139577,0.00347832,-0.00264915,22.2,-1.26,-2.092,0.25788627450980395,1.1608802833099618,-0.6451077342903538,0.6,0.5244643007728609,0.15537890688155298,-0.09173768416896586,0.40249549793207184,-0.2085,-21.0
2026-10-06,NRG,"NRG ENERGY, INC.",103.6,89.53,97.99,85.44,106.07,76.76,138.15,,-7.352226720647775,1.287257824143071,-0.8500000000000085,-25.604196078431368,-13.858918017310149,-37.34947413955258,-0.03055084,-0.010650123254901963,-0.035188507490523505,0.013888260980719576,-0.06672725,-0.01594401272727272,-0.04395161352941725,0.012063588074871803,-0.0013748,0.07651627203124986,0.03053408196723293,0.1224984620952668,0.0203812,0.01513173,40.1,-0.28,-1.209,-0.23570196078431366,0.4496429013940281,-0.9210468229626554,7.3,0.34215818561482747,0.04548552927595949,-0.17668807780318607,0.267659136355105,-0.2045,-21.0
2026-10-06,PCG,PG&E ,12.5,11.44,12.52,9.74,14.01,9.55,16.13,-7.384615384615347,-1.8278145695364238,1.230508474576271,0.1899999999999995,-0.6094509803921571,0.19516543219617388,-1.414067392980488,-0.03434959,-0.004885418470588235,-0.03453403840959116,0.02476320146841469,-0.09339494,0.0033979011462450465,-0.0297780332486896,0.03657383554117969,-0.05544448,-0.013873405000000009,-0.030838809918952565,0.0030919999189525475,0.00937026,-0.00221254,8.1,-2.02,-1.892,-0.03116470588235307,0.9437753832972735,-1.0061047950619797,1.4,0.38754032913389613,0.25968801569063216,-0.12742112522184224,0.6467971566031065,-0.2085,-21.0
2026-10-06,SYK,STRYKER ,278.2,266.63,288.0,244.7,301.98,233.24,349.61,1.0850047755491925,-1.4087468460891488,1.5883007117437735,-3.1100000000000136,-16.16207843137255,-4.326637659625142,-27.997519203119957,0.00624349,-0.008545499137254898,-0.03233705128490406,0.015246053010394263,-0.04517541,-0.01557454363636363,-0.03772739265017384,0.006578305377446575,-0.01889301,-0.005973865078125005,-0.018133596151402413,0.006185865995152405,0.00127123,0.00420675,57.7,0.78,0.029,-0.3622117647058824,0.48943200153999095,-1.2138555309517558,57.7,-0.10959021873934671,0.049384664868809165,-0.24298038591453314,0.34174971565215145,-0.21375,-22.0
2026-10-06,TPL,TEXAS PACIFIC LAND ,355.16,312.36,348.56,298.63,370.82,271.79,466.92,-10.075129533678881,-3.6098339719029466,1.34053016672664,-22.299999999999955,-76.13266666666674,-36.68574625621179,-115.57958707712169,-0.02406213,0.0018481706274509839,-0.0428667293435884,0.046563070598490366,-0.0507912,0.00825270861660075,-0.05531574512921296,0.07182116236241447,0.0390921,0.1068143081640626,0.07594670991543366,0.1376819064126915,0.00936328,0.00766064,85.9,1.39,-0.561,0.04163529411764707,1.0513039446108625,-0.9680333563755684,30.0,-0.06431925949425221,0.026541979004981536,-0.23380194471812896,0.286885902728092,-0.21375,-22.0
2026-10-06,VIX,CBOE MKT VOLATILITY IDX,15.01,14.66,17.79,14.13,18.47,12.35,25.04,4.228070175438598,3.931818181818185,3.770676691729323,-5.880000000000001,-11.428431372549012,-7.3586661620849965,-15.498196583013026,-0.01229596,0.024642148352941172,-0.036727771883488226,0.08601206858937058,0.01530341,0.06359265727272721,-0.007778628471044824,0.13496394301649925,0.1635784,0.32904176484375103,0.24987765438699963,0.40820587530050245,-0.01000916,0.01113693,53.4,-0.03,-0.174,-0.06056078431372549,0.5223948291552358,-0.6435163977826868,39.9,,,,,-0.204,-22.0
2026-10-06,IFF,INTERNATIONAL FLAVORS & FRAGRANCES INC.,83.92,79.92,86.82,77.23,91.55,71.84,95.74,-1.4868913857677888,1.1405082212257098,-1.0219966159052458,-1.0900000000000034,-1.49035294117647,1.464595709559344,-4.445301591912284,-0.00168974,0.006520346745098039,-0.01698485348054413,0.030025546970740207,0.00793317,0.015612211422924896,-0.010723733731646983,0.04194815657749677,-0.02898091,-0.02545172710937498,-0.032772242035721606,-0.018131212183028357,0.0008988,-0.00766753,29.6,-0.75,-0.456,0.1839529411764705,0.9859812494209913,-0.6180753670680502,16.1,0.9364382108382296,0.10929327969722974,-0.3138938519583727,0.5324804113528322,-0.21975,-22.0
2026-10-06,COST,COSTCO WHOLESALE ,935.68,890.92,944.88,867.93,981.91,794.68,1061.64,-3.155970149253707,-1.4654985939865883,-1.1194029850746254,-8.850000000000023,-54.912901960784325,-28.20179450294558,-81.62400941862307,0.00339758,-0.0006328487058823523,-0.01492025700889399,0.013654559597129285,0.00343594,-0.002884337035573132,-0.020547656805846515,0.014778982734700252,-0.00029865,0.02254799921875002,0.0056057243162626995,0.039490274121237345,0.00172159,0.00449167,31.2,-0.61,0.506,-0.12064313725490197,0.7087830340963538,-0.9500693086061577,80.6,0.17924633333659923,0.18220488847130029,-0.04738817401565337,0.41179795095825394,-0.2295,-23.0
2026-10-06,DOV,DOVER ,191.88,184.03,194.14,172.54,201.31,159.75,222.15,-1.676122931442074,-2.050901378579002,-1.0614469772051531,-0.03999999999999204,-8.015490196078433,-1.6356646135498494,-14.395315778607017,0.00332629,0.0009961927843137243,-0.019242194308400667,0.021234579877028117,-0.04083677,-0.000651138695652173,-0.02792219114576872,0.02661991375446437,-0.014551,0.0014387155859374983,-0.005867832966299604,0.0087452641381746,0.00260592,0.00447425,6.5,-1.94,-0.369,-0.0030666666666668957,0.9894317751232337,-0.9955651084565674,33.1,0.5135521984300937,0.13328897590778424,-0.20457266395946752,0.47115061577503603,-0.2225,-23.0
2026-10-06,EWL,ISHARES:MSCI SWITZERLAND,59.29,57.79,60.01,55.72,62.28,54.76,66.36,-2.234374999999998,-1.193979933110367,1.5607064017660042,-1.7899999999999991,-2.2270196078431357,-0.9717746511957,-3.4822645644905714,-0.00783635,0.0008215072156862749,-0.012174194151494757,0.013817208582867307,-0.01725029,0.0004924797233201558,-0.01438479594347615,0.015369755390116462,0.00447672,0.009637487773437503,0.00586107766472458,0.013413897882150427,0.00099723,-0.00104211,33.1,-0.89,-1.053,0.13047450980392153,1.0520098718819542,-0.7910608522741112,13.3,-0.4231743357222608,0.18805898160927473,-0.2564412286907234,0.6325591919092729,-0.2235,-23.0
2026-10-06,EWZ,ISHARES:MSCI BRAZIL,43.0,35.73,42.47,36.66,45.34,33.35,46.33,-3.2732240437158513,-2.709401709401707,-2.897897897897899,1.0399999999999991,-1.1592549019607845,0.20076443328761462,-2.5192742372091836,0.02509695,0.0023687735686274487,-0.019132134254844082,0.02386968139209898,0.02974788,0.01046506505928855,-0.015684286250545687,0.036614416369122785,0.02665793,-0.004452951406250031,-0.01987602468900356,0.010970121876503501,0.01343713,0.0064255,99.0,2.97,0.75,0.2397019607843138,1.309472635578535,-0.8300687140099074,68.1,-0.19826470782151473,0.3692228220783567,-0.10714604893079044,0.8455916930875038,-0.257,-23.0
2026-10-06,EWM,ISHARES:MSCI MALAYSIA,27.12,26.37,27.59,25.98,28.7,24.86,30.16,-1.813953488372097,1.3859649122806996,1.3451327433628306,-0.8099999999999987,-1.438862745098041,-0.813028592467543,-2.0646968977285387,-0.00970291,0.0009236372941176487,-0.010592536041503479,0.012439810629738776,0.00808564,0.009427325849802368,-0.003773435868184573,0.022628087567789307,-0.00121039,0.025236530976562577,0.014366938031260879,0.036106123921864276,0.00134797,0.00175909,11.3,-1.67,-1.04,0.12282745098039223,1.0824363411424844,-0.8367814391817,11.3,-0.06801169244138972,0.8739837835428675,-0.27017060809553073,2.018138175181266,-0.2195,-24.0
2026-10-06,HYD,VANECK:HIGH YIELD MUNI,47.9,46.98,49.12,45.53,49.73,44.8,51.42,1.307692307692318,-1.2950819672131146,1.1354838709677424,-0.3500000000000014,-0.6466274509803928,-0.26480783528665136,-1.028447066674134,-0.00192554,-0.0019158151372549025,-0.007788012027472011,0.003956381752962207,-0.01785818,-0.0022539938735177834,-0.009318888111625671,0.004810900364590104,-0.01843907,-0.00687599496093751,-0.01131646813383664,-0.0024355217880383806,0.00054499,-0.00179782,75.2,1.3,-2.1,-0.4711607843137253,0.5876817207003964,-1.530003289327847,8.5,1.1681358045217096,1.3138633476138941,0.163880042338709,2.463846652889079,-0.2325,-24.0
2026-10-06,TTWO,"TAKE-TWO INTERACTIVE SOFTWARE, INC.",202.53,196.71,208.86,185.26,212.79,178.36,252.12,-1.32258064516129,-1.6832358674463963,2.0517170045510977,-17.53,-23.898588235294113,-12.651147600477708,-35.14602887011052,-0.01646806,-0.005680813411764704,-0.03479210620847244,0.023430479384943026,-0.05436855,-0.007253714268774703,-0.04697505956734365,0.03246763102979424,0.04003425,0.03919085429687498,0.026726191675215342,0.05165551691853462,-0.00195562,-0.01183141,18.5,-1.17,-0.627,-0.1287254901960785,0.7747267138399808,-1.032177694232138,33.5,0.571716444398501,0.356804173065655,-0.06938990372790954,0.7829982498592195,-0.24025,-25.0
2026-10-06,CRH,CRH PUBLIC LIMITED COMPANY,83.6,78.66,84.13,73.11,87.79,71.09,100.49,-12.899999999999809,-2.5035799522672946,1.3501199040767395,-1.980000000000004,-9.871882352941176,-4.438121349039553,-15.3056433568428,-0.02796192,-0.0069911126666666705,-0.03080440849880507,0.016822183165471728,-0.0626465,-0.010002128458498032,-0.03951990379305077,0.019515646876054712,-0.01579897,0.031208803671875094,0.002313910730529927,0.060103696613220264,-0.00117491,0.00266886,5.4,-2.12,-1.193,-0.30894509803921577,0.6313440919196155,-1.2492342879980471,20.4,0.5310631698530159,0.0653569281762375,-0.1301425441059869,0.2608564004584619,-0.247,-25.0
2026-10-06,FDS,FACTSET RESEARCH SYSTEMS INC.,272.01,255.41,286.82,236.78,307.17,205.52,348.07,1.1394658753709193,-1.0019908987485768,1.143931418258385,8.409999999999968,2.891019607843138,17.2299034659016,-11.447864250215323,-0.0053591,-0.006841666000000005,-0.04830785830923799,0.034624526309237985,0.0044683,-0.024456079367588986,-0.07903247731481541,0.030120318579637435,-0.08697216,-0.08743884378906235,-0.10638681979562907,-0.06849086778249562,-0.00203372,-0.01152818,81.9,1.19,-0.442,-0.10387058823529427,0.8112325270108062,-1.0189737034813948,29.6,-0.21192179502822395,0.07698586762389616,-0.1975037964085028,0.3514755316562951,-0.236,-25.0
2026-10-06,MLM,"MARTIN MARIETTA MATERIALS, INC.",489.01,462.69,492.59,442.2,505.42,409.41,575.0,-3.8206278026905847,-2.8525289457647736,1.0802763819095482,-3.5600000000000023,-34.053372549019585,-12.500175817014032,-55.60656928102514,-0.01441334,-0.005322206470588234,-0.023007209467585558,0.012362796526409089,-0.04393785,-0.008564377667984183,-0.03520466938915646,0.01807591405318809,-0.0178702,0.008334085625000017,-0.009874663731740957,0.02654283498174099,0.00022089,0.00110469,7.3,-1.87,-0.815,-0.2678274509803921,0.585141048700693,-1.120795950661477,27.2,0.4321204922745989,0.07143537065668683,-0.16772609582102144,0.3105968371343951,-0.247,-25.0
2026-10-06,RMD,RESMED INC.,220.69,214.19,229.96,207.67,241.58,187.22,269.14,1.2306451612903242,1.6044546850998462,1.4475649835673734,-6.599999999999994,-16.466980392156856,-6.266922268402832,-26.667038515910882,-0.00196609,-0.00647656070588236,-0.0257120513339382,0.012758929922173482,0.02269785,-0.01427600019762847,-0.05265698005363362,0.02410497965837668,-0.00650016,0.017110118984375044,-0.00572627063619046,0.03994650860494055,-0.00700341,-0.01341836,27.8,-1.2,-0.08,-0.3595058823529411,0.5926884787641652,-1.3117002434700473,58.9,0.8160410805488638,0.30624346857318,-0.22027596135002253,0.8327628984963826,-0.25525,-26.0
2026-10-06,SCHW,THE CHARLES SCHWAB ,96.8,92.33,100.47,89.59,106.56,85.69,122.04,-1.3827893175074155,1.3536754507628312,2.2718271827182726,-9.850000000000009,-6.837686274509803,-3.3081529830505016,-10.367219565969105,-0.02995429,0.0017548946666666666,-0.014306291270358502,0.017816080603691834,0.00097307,0.0038177048221343887,-0.00941994384950404,0.017055353493772817,0.03017684,0.027253658749999948,0.011530635303222282,0.04297668219677761,-0.00196336,-0.01044741,57.3,0.57,-1.333,0.1548117647058824,1.0459774415811616,-0.7363539121693967,3.4,0.07887496080546463,0.23615552612628324,-0.08721657927436519,0.5595276315269316,-0.23,-26.0
2026-10-06,VRSK,"VERISK ANALYTICS, INC.",165.2,158.26,170.66,150.17,182.27,134.03,208.07,-1.9267015706806134,1.135728542914173,1.375360923965352,2.339999999999975,-3.801019607843139,5.934006069604191,-13.53604528529047,-0.02774073,-0.010156088352941173,-0.04049544668761538,0.020183269981733032,0.00089018,-0.035905071936758924,-0.0784827463467217,0.006672602473203844,-0.07050622,-0.04852253515625007,-0.06948110897343826,-0.02756396133906188,-0.00471981,-0.00919379,24.0,-0.98,-0.594,-0.3330980392156863,0.5199666548376045,-1.186162733268977,36.3,0.0779995343798503,0.1221973046069053,-0.2615237915220174,0.5059184007358279,-0.25525,-26.0
2026-10-06,WDAY,"WORKDAY, INC.",186.55,179.21,197.39,172.37,224.62,145.04,238.91,1.2035398230088434,2.6847672778561336,1.2613827993254627,2.4000000000000057,-0.8274117647058805,10.300403581399857,-11.955227110811618,-0.00261361,-0.00454131149019608,-0.04962766134427896,0.04054503836388681,0.09723358,-0.01732862063241107,-0.08655445283385306,0.05189721156903092,-0.06823384,-0.07885736199218739,-0.12208262162710368,-0.0356321023572711,-0.0034976,-0.02033621,21.8,-1.11,-0.015,-0.2815725490196079,0.6082345839531202,-1.1713796819923359,63.3,0.25771902303846406,0.03942701708464815,-0.2283582059056646,0.3072122400749609,-0.25525,-26.0
2026-10-06,ADBE,ADOBE INC.,238.12,226.91,248.79,210.61,273.18,189.61,294.98,-1.0143589743589758,1.274445656125046,1.172129457843744,13.300000000000011,5.8951764705882335,21.90934389003364,-10.118990948857174,-0.01894295,-0.008819882901960788,-0.042689344250998296,0.025049578447076722,0.02183005,-0.020246176086956585,-0.055192573909673685,0.014700221735760514,-0.11027492,-0.08883615355468757,-0.10835602142820477,-0.06931628568117038,-0.00307413,-0.01167203,1.4,-2.72,-0.775,-0.3264000000000003,0.6502206986217205,-1.303020698621721,32.7,0.11108717486435804,0.14084025438337586,-0.13467247715275307,0.41635298591950476,-0.25525,-26.0
2026-10-06,BAC,BANK OF AMERICA ,54.09,51.13,54.86,48.19,60.92,46.85,68.97,-8.500000000000094,1.1576271186440663,2.055248618784529,-4.659999999999997,-3.124352941176468,-1.0495875448616823,-5.199118337491253,-0.04017944,0.001646892078431373,-0.01831230288187994,0.021606087038742686,-0.00846127,0.014001745256916984,-0.003674412978565463,0.031677903492399434,0.01836892,0.021194100156249982,0.009673526792011385,0.03271467352048858,-0.00106239,-0.00602153,58.9,0.3,-2.133,0.17994901960784315,1.2666188083082703,-0.9067207690925841,1.4,0.06658651005037086,0.2363320592932514,-0.01383371264336275,0.48649783122986556,-0.23,-26.0
2026-10-06,BR,"BROADRIDGE FINANCIAL SOLUTIONS, INC.",158.66,152.99,163.95,146.24,179.45,132.38,197.98,-1.366013071895426,1.6739130434782619,1.496194824961948,-1.539999999999992,-6.7098823529411735,2.991474824715306,-16.411239530597655,-0.02277935,-0.008458300666666668,-0.03553604239665115,0.018619441063317817,0.03276361,-0.022912670869565215,-0.057986283384148615,0.012160941645018186,-0.04619752,-0.02238127703125,-0.05444006445040426,0.009677510387904258,-0.00124644,-0.01163696,22.4,-1.17,-0.939,-0.5233803921568626,0.48873135531858203,-1.5354921396323071,35.9,0.4788954995984249,0.23114612624147712,-0.061109236115959864,0.5234014885989141,-0.25525,-26.0
2026-10-06,CDW,CDW ,135.67,122.67,139.47,117.98,150.28,107.71,166.62,-2.4829787234042437,-1.2108145106091694,1.1069384835479266,0.1599999999999966,-2.082274509803919,6.22948754808879,-10.394036567696627,-0.03850955,-0.008850540588235287,-0.047949546066831286,0.030248464890360715,-0.01187417,-0.01128033770750987,-0.04866154919021931,0.026100873775199568,-0.06287004,-0.058176532226562654,-0.07493870033691268,-0.04141436411621263,-0.00235556,-0.00788898,38.7,-0.52,-0.471,-0.16298039215686258,0.6886278522702467,-1.0145886365839718,37.1,0.07232732408299203,0.07322183248956761,-0.3137067501069752,0.4601504150861104,-0.25525,-26.0
2026-10-06,INTU,INTUIT INC.,289.81,255.91,295.03,245.22,328.41,203.32,380.97,-3.851804123711343,-1.1551813471502586,1.0539946814660657,21.689999999999998,-9.136705882352913,28.355627372401912,-46.62903913710774,-0.04741158,-0.019023493411764708,-0.06513262347233598,0.02708563664880656,0.01748292,-0.04835206023715415,-0.09720862440658765,0.0005045039322793335,-0.13207012,-0.07670537453124987,-0.13307003134218595,-0.020340717720313782,-0.00311832,-0.00484164,34.9,-0.54,-0.821,-0.442494117647059,0.6143715494796049,-1.4993597847737228,35.1,0.1511717990602628,0.1338727380135473,-0.18911905832173484,0.45686453434882945,-0.25525,-26.0
2026-10-06,RJF,"RAYMOND JAMES FINANCIAL, INC.",159.43,150.03,163.13,147.47,170.82,138.08,196.85,-2.0,-1.0500438981562794,1.7526932084309133,-11.609999999999985,-13.358431372549022,-6.789269231871716,-19.927593513226327,-0.02687128,-0.0028641566274509814,-0.0208913892780989,0.01516307602319694,-0.00889104,-0.004484868616600792,-0.017810613891308252,0.008840876658106667,0.01490644,0.03787744039062501,0.02396797770125196,0.05178690307999806,0.00377393,-0.00787531,3.8,-2.62,-1.903,-0.051003921568627555,0.8584542345770172,-0.9604620777142723,0.6,0.38853696057888665,0.09936132238849936,-0.07913702684502379,0.2778596716220225,-0.2675,-27.0
2026-10-06,SPX,S&P 500 INDEX,7818.93,7574.28,7849.93,7524.46,8052.47,7090.89,8318.65,-2.683020364982817,-1.2608974907938695,-1.456895861682544,-10.819999999999709,-164.0914901960786,-22.84038807183356,-305.34259232032366,0.00334437,0.0007677459215686271,-0.009299019181169382,0.010834511024306636,0.0124642,0.009188997312252966,-0.00047767283828974855,0.01885566746279568,-0.00169515,0.006242990039062488,-0.0014977524266939508,0.013983732504818927,0.00222638,0.00067283,55.2,0.54,0.523,0.2768274509803921,1.1491988511726485,-0.5955439492118645,70.0,,,,,-0.26325,-27.0
2026-10-06,TSLA,"TESLA, INC.",380.68,341.69,386.23,309.3,424.47,284.08,490.3,-2.0335968379446636,-1.6300525234071697,1.134782608695652,-15.230000000000018,-56.69929411764705,-32.92673285910558,-80.47185537618853,0.01439062,-0.003642736705882352,-0.03721713017499893,0.029931656763234227,-0.02550488,-0.004454921897233217,-0.04484448189835913,0.03593463810389269,0.03334038,0.07259475906250014,0.05015495363189566,0.09503456449310461,0.00652458,0.00092284,1.0,-2.65,0.33,-0.04758431372549019,0.7629429471965927,-0.8581115746475731,71.2,0.2615720276862157,0.04176783798424689,-0.17012538817498196,0.2536610641434757,-0.26075,-27.0
2026-10-06,TXN,TEXAS INSTRUMENTS INC.,297.23,280.8,301.59,262.44,321.04,219.67,359.35,-1.4239373601789733,-1.461150776984461,-1.2485511912427563,-2.569999999999993,-17.661098039215684,-1.9379973386554799,-33.38419873977589,0.0317244,0.007983099647058824,-0.0312381926095704,0.047204391903688046,0.00532317,0.02702272375494071,-0.022519749558004076,0.07656519706788549,0.0285629,0.021732201875000023,0.005713930287332258,0.037750473462667786,0.00194801,-0.00046798,34.5,-0.62,1.744,0.09994117647058813,1.1740850218019188,-0.9742026688607425,97.0,0.6404047734212355,0.1361407235667044,-0.2337366201523369,0.5060180672857457,-0.261,-27.0
2026-10-06,HLT,HILTON WORLDWIDE HOLDINGS INC.,322.61,311.98,331.2,295.74,339.11,270.68,378.18,-1.2565320665083246,-1.6284848484848489,1.0700943577893316,-12.039999999999964,-23.35152941176472,-15.184125766948334,-31.518933056581105,0.016784,0.0017588260000000009,-0.014818137612352997,0.018335789612353,-0.01717321,0.00994044411067195,-0.009358836301843646,0.029239724523187547,0.02525976,0.038530813671875046,0.03154720681888783,0.045514420524862265,0.00031711,0.00258858,49.6,0.08,0.995,0.0830470588235295,0.9065828662558505,-0.7404887486087915,83.1,0.41925284327320234,0.17230715013977932,-0.09060914136791226,0.4352234416474709,-0.267,-27.0
2026-10-06,PODD,INSULET ,134.73,124.86,136.83,113.82,142.94,105.26,163.99,-2.9671052631578734,-2.546894031668694,-1.0071770334928218,5.5,-20.952235294117614,-3.981601832107465,-37.92286875612776,-0.01002571,-0.022693577058823532,-0.05453420406226861,0.009147049944621542,-0.07859713,-0.05433110699604739,-0.09518900023017993,-0.013473213761914855,-0.07263791,0.003895513515624996,-0.04241644908805759,0.050207476119307586,0.00106463,-0.00249776,40.3,-0.67,-0.654,-0.6370901960784311,0.15145233201012576,-1.425632724166988,47.4,0.6980641740287727,0.24019161169738357,-0.2650277276386842,0.7454109510334513,-0.2625,-27.0
2026-10-06,OEF,ISHARES:S&P 100,389.32,375.69,393.81,366.67,410.0,342.79,430.65,-1.8652246256239595,-1.095261121856865,-1.1258165981127508,-6.150000000000034,-14.56258823529413,-6.602797381256661,-22.5223790893316,0.00478492,0.0009717143921568637,-0.010408066601773933,0.012351495386087659,0.01232358,0.009981946007905123,-0.001487247438953317,0.02145113945476356,0.00790462,0.017348674453124997,0.008388944391862692,0.026308404514387304,0.00217764,0.00035433,57.3,0.55,0.603,0.2587803921568626,1.2001596736276854,-0.6825988893139603,72.0,0.2579462839343105,0.17422187642039066,-0.17052920990679382,0.5189729627475752,-0.27825,-28.0
2026-10-06,PG,THE PROCTER & GAMBLE COMPANY,148.41,142.04,149.38,138.57,154.24,128.03,167.07,-4.171052631578921,-1.6878216123499112,-1.0921757770632368,-1.4099999999999966,-5.420313725490198,-1.7322608842938396,-9.108366566686556,0.00509861,-0.001043416235294118,-0.01475148762014035,0.012664655149552114,-0.00703499,-0.0019866733992094875,-0.013912695152867966,0.00993934835444899,0.00262769,0.0019265919531250048,-0.0027628235351773787,0.006616007441427388,5.051e-05,-0.00063035,96.2,2.21,0.316,-0.16001568627450982,0.7158042264004716,-1.0358355989494912,77.6,0.35578993302871087,0.13301786413852185,-0.12107055378517612,0.3871062820622198,-0.27825,-28.0
2026-10-06,XYL,XYLEM INC.,104.57,96.63,105.07,92.05,108.81,86.77,118.61,-4.488372093023221,-2.952830188679238,-1.267806267806267,1.9899999999999949,-5.757411764705881,-0.37618305663906604,-11.138640472772696,-0.00915266,-0.006517992705882351,-0.026112328960970183,0.013076343549205482,-0.03285301,-0.01003032691699604,-0.028985589698357742,0.00892493586436566,-0.03859064,-0.008484120234374998,-0.03725424806334103,0.020286007594591038,0.00354401,-0.0015151,63.3,0.54,-0.583,-0.3364509803921569,0.5707237571735346,-1.2436257179578485,46.2,0.3543392770895579,0.2153884635283654,-0.11839928328082092,0.5491762103375517,-0.2865,-29.0
2026-10-06,QAT,ISHARES:MSCI QATAR,16.31,15.8,16.45,15.36,16.98,15.23,17.72,-2.833333333333327,-1.4179104477611895,1.3055555555555578,-0.25,-0.46352941176470597,-0.11496529566957492,-0.812093527859837,-0.0195033,-0.0023062567058823526,-0.012362231878883053,0.007749718467118348,-0.02877524,-0.00982202102766798,-0.023678740202393418,0.0040346981470574615,-0.01691403,-0.000706551484375005,-0.006800441030089722,0.005387338061339712,0.00088638,-0.00335265,88.3,1.49,-2.493,-0.4848039215686272,0.41322775850160137,-1.3828356016388559,1.0,,,,,-0.2835,-29.0
2026-10-06,SCHP,SCHWAB STR:US TIPS,25.12,24.7,25.37,23.69,26.05,23.83,28.67,-1.7999999999999972,-1.5376344086021507,2.7519379844961187,-2.16,-9.346156862745108,-7.141951831942191,-11.550361893548025,-0.00708498,-0.001177311764705882,-0.003928101176159864,0.0015734776467481,-0.0206427,0.002140479486166004,-0.003524393447244825,0.007805352419576833,0.06496662,0.2814942394531255,0.21307975891891312,0.3499087199873379,-0.00041895,-0.00453066,66.5,1.02,-2.398,-0.6456745098039215,0.17990558685613922,-1.4712546064639822,3.0,5.7877500623756495,1.6377023356312084,-1.4733317825208758,4.748736453783293,-0.2795,-30.0
2026-10-06,D,"DOMINION ENERGY, INC.",62.0,57.91,62.38,55.94,64.17,53.84,72.02,-4.829268292682926,-2.792626728110598,1.2279411764705883,-2.3900000000000006,-3.8978431372549,-2.3914944808974794,-5.40419179361232,-0.02144796,-0.0005146023921568622,-0.014724291480704865,0.013695086696391141,-0.0350163,0.013601923399209528,-0.006088230115225593,0.03329207691364465,0.00978867,0.0257197426953125,0.0197856706179595,0.031653814772665496,0.00326714,-0.002292,84.1,1.38,-1.548,-0.099878431372549,0.7912668046129085,-0.9910236673580066,7.7,0.16091222796632354,0.1359825449386365,-0.18092480410775338,0.45288989398502644,-0.2945,-30.0
2026-10-06,ETN,EATON  PUBLIC LIMITED COMPANY,445.09,417.31,463.94,387.53,496.52,353.99,530.64,-1.0632737276478677,-1.1191911335796227,-1.0648743424897715,-28.0,-29.773960784313736,-12.251756209886963,-47.29616535874051,0.02888813,-0.00013572400000000118,-0.023871889634570834,0.023600441634570833,0.00236218,0.004933100513833998,-0.014496491213795589,0.024362692241463587,0.03372967,0.024908711093749977,0.010699392565547094,0.03911802962195286,0.00704215,0.00441309,30.0,-0.33,0.423,0.08749019607843143,0.8599418960833654,-0.6849615039265025,68.8,-0.016664685982145766,0.02636996847631368,-0.19493052463780194,0.2476704615904293,-0.28975,-30.0
2026-10-06,NEE,"NEXTERA ENERGY, INC.",77.88,72.32,78.08,69.5,80.35,65.99,90.47,-5.815217391304331,-3.3927125506072873,1.058873002523129,-1.1500000000000057,-5.454666666666669,-2.5442934550370793,-8.365039878296258,-0.02501127,0.0006740156470588199,-0.020214179153449825,0.021562210447567464,-0.04678581,0.006816886956521713,-0.019432630511577405,0.03306640442462083,-0.01467693,0.027359266640625095,0.008694266980750688,0.0460242663004995,0.00456881,-0.00222116,92.3,1.79,-1.523,0.029925490196078496,1.2056242631233334,-1.1457732827311762,8.5,0.36789110119189394,0.31937417548003616,0.03499997503918084,0.6037483759208915,-0.2945,-30.0
2026-10-06,CMCSA,COMCAST ,21.56,20.41,21.93,19.21,23.03,17.57,27.7,-3.351351351351338,-1.598639455782309,1.538847117794487,0.16999999999999815,0.1124705882352946,1.2947427625717638,-1.0698015861011747,-0.04656144,-0.008028297254901964,-0.03738812965461844,0.021331535144814513,-0.05430461,-0.013905130909090931,-0.048701178626683106,0.020890916808501248,-0.07527004,-0.06028895906250001,-0.06834969685932642,-0.052228221265673606,0.00251835,-0.0005669,16.5,-1.2,-2.396,-0.3428196078431376,0.7742079362486309,-1.459847151934906,1.8,0.46081623797647664,0.21547569926636656,-0.22737034058607097,0.6583217391188041,-0.3075,-31.0
2026-10-06,DG,DOLLAR GENERAL ,123.27,115.63,122.89,111.7,134.69,102.66,155.65,,-1.013134851138353,1.5710819990295979,-7.8500000000000085,-5.650941176470592,1.7259875247881737,-13.027869877729358,-0.0131581,0.003494132392156865,-0.03251155861585279,0.03949982340016652,0.02083454,0.01904372478260869,-0.028026906602390107,0.0661143561676075,0.04455133,0.0008923849218750199,-0.022643729374432462,0.024428499218182503,-0.00214164,-0.00112998,26.6,-0.85,-0.416,0.014831372549019468,0.9755519267498008,-0.945889181651762,24.0,-0.017998732303607157,0.15352997303350013,-0.20135812350918325,0.5084180695761835,-0.335,-31.0
2026-10-06,HCA,"HCA HEALTHCARE, INC.",432.2,415.72,446.3,401.31,462.72,352.28,524.3,1.0362318840579718,-1.0121231979030128,1.1524024024024018,-21.30000000000001,-49.43929411764707,-27.898040720387073,-70.98054751490707,0.00903163,-8.493796078431547e-05,-0.026220712172322053,0.02605083625075342,-0.00661724,-0.0001995385375494117,-0.0412689784099611,0.04086990133486227,0.02039688,0.05149398171874983,0.028955936669914493,0.07403202676758516,0.00237129,-0.00971052,27.0,-1.02,0.873,-0.017184313725490195,0.9869123977780302,-1.0212810252290105,77.6,0.3123766534082695,0.11859696180872098,-0.25211683825939163,0.4893107618768336,-0.30075,-31.0
2026-10-06,PGR,THE PROGRESSIVE ,212.05,199.42,216.16,190.26,224.27,179.68,243.52,-2.3686354378818804,-1.7831423895253702,-1.028598665395615,-2.8899999999999864,-11.064039215686282,-1.6956005900709847,-20.43247784130158,-0.01890867,-0.005269139843137251,-0.025684282466723753,0.015146002780449253,-0.02970769,-0.013235837193675909,-0.035483052944945234,0.009011378557593413,-0.02425863,0.002966079531249981,-0.01822971211454304,0.024161871177043003,-0.00052282,-0.00358023,39.5,-0.7,-0.269,-0.1703921568627453,0.6473798277612577,-0.9881641414867484,41.5,0.23249283261112552,0.11066241519027578,-0.4495053996680157,0.6708302300485672,-0.30775,-31.0
2026-10-06,RSG,"REPUBLIC SERVICES, INC.",214.74,200.47,215.3,196.25,225.16,183.85,250.73,-6.96208530805692,-1.774472168905953,1.1651019747491085,-6.310000000000002,-11.681098039215687,-5.7095477411112325,-17.65264833732014,-0.02200425,-0.001241789450980391,-0.012997333973314824,0.010513755071354044,-0.00802761,-0.0059494836363636425,-0.01641382175038631,0.004514854477659026,0.00203893,0.018276928046874995,0.0038282639619339944,0.03272559213181599,-0.00252736,-0.00447841,63.7,0.49,-0.785,-0.15805098039215681,0.6365279610863859,-0.9526299218706995,22.8,0.257262244670174,0.1401644404078036,-0.13197918480175355,0.4123080656173608,-0.2985,-32.0
2026-10-06,WFC,WELLS FARGO & COMPANY,81.51,75.89,82.26,73.66,87.84,69.63,101.86,-5.817204301075327,-1.2401263823064788,1.712962962962961,-6.189999999999998,-7.456117647058826,-4.079799090705072,-10.83243620341258,-0.0357987,-0.00038991482352941284,-0.0201617896356495,0.019381959988590675,-0.01380937,0.0072630866007905165,-0.012729847956817968,0.027256021158399,0.03134641,0.042590536640624975,0.027527176108224107,0.05765389717302584,-0.00248438,-0.00399204,49.4,0.09,-1.126,0.03855294117647062,0.9360847909727859,-0.8589789086198445,10.1,0.23057437982724927,0.1440864361767128,-0.09796102480409771,0.38613389715752333,-0.2985,-32.0
2026-10-06,CCL,CARNIVAL CORP,26.58,23.64,27.94,20.69,29.33,19.04,31.18,-1.4044943820224711,-2.1418181818181807,-1.6391304347826081,0.17999999999999972,-3.064549019607843,-1.4508459822845698,-4.678252056931116,0.04284408,-0.007533007529411762,-0.044467476545424586,0.029401461486601065,-0.02246247,-0.012236860316205527,-0.044813388770012404,0.020339668137601345,-0.01025421,0.030593895234375005,0.014229125223196703,0.04695866524555331,0.0083872,0.00848377,89.1,1.59,0.843,-0.31547058823529417,0.6804728048557884,-1.3114139813263768,89.5,-0.27143480529246156,0.08093499065574926,-0.19614202195178826,0.3580120032632868,-0.29825,-32.0
2026-10-06,ESS,"ESSEX PROPERTY TRUST, INC.",272.49,262.59,275.32,252.29,285.66,235.32,310.03,-1.9591836734694015,-1.5337889141989365,1.0099542641915509,2.4499999999999886,-7.636823529411763,-1.5520602795130287,-13.721586779310497,-0.00320321,-0.0007953201176470584,-0.014885407189052508,0.01329476695375839,-0.01866185,0.006119344901185769,-0.012338521637385405,0.02457721143975694,-0.02733723,-0.005345919296875004,-0.017516449490589895,0.006824610896839886,0.00205327,-0.00188024,27.8,-1.08,-0.546,-0.061074509803921546,0.6756666801947139,-0.7978156998025571,30.0,0.34282989055033153,0.14527933748473734,-0.1626102943322484,0.4531689693017231,-0.309,-32.0
2026-10-06,USB,U.S. BANCORP,57.29,54.06,58.99,52.88,61.91,50.68,69.01,-2.154838709677411,1.047619047619048,1.773071104387293,-4.810000000000002,-3.3102745098039246,-1.5186227394869425,-5.101926280120907,-0.03412011,0.0013742438039215695,-0.0179642281865132,0.020712715794356337,-0.01158826,0.011876187391304345,-0.008108217822513182,0.03186059260512187,0.01266542,0.024893475507812436,0.01981603721745653,0.029970913798168342,-0.00089074,-0.00316813,22.4,-1.12,-1.68,0.20828235294117634,1.2829393091398755,-0.8663746032575228,2.6,0.3573845846950545,0.20719877847578586,-0.04550573268493094,0.4599032896365026,-0.32,-33.0
2026-10-06,KVUE,KENVUE INC.,17.59,16.92,17.84,16.08,18.57,14.31,21.23,-4.624999999999986,-1.5408163265306132,1.109756097560976,0.39000000000000057,-0.09356862745098067,0.4675552888149271,-0.6546925437168885,-0.00827218,-0.001737893803921568,-0.02352033339977922,0.020044545791936083,-0.0266441,-0.007592253833992114,-0.05156140215751334,0.03637689448952912,-0.04963518,-0.03494576605468747,-0.04383955360897825,-0.026051978500396693,0.00089234,-0.00695423,54.8,-0.15,-0.848,-0.02599607843137259,0.8341233716966301,-0.8861155285593754,18.5,-0.08529571138113079,0.5419985693142135,-0.551160410822269,1.635157549450696,-0.3225,-33.0
2026-10-06,PNC,"THE PNC FINANCIAL SERVICES GROUP, INC.",220.16,207.84,226.02,203.19,233.48,194.89,265.51,-2.484496124031008,-1.2740240240240246,1.7946181242580126,-17.830000000000013,-15.660588235294103,-8.132415842616263,-23.188760627971945,-0.03891997,0.00041215250980392243,-0.021537701913426705,0.022362006933034553,-0.0271033,0.009130598735177875,-0.01617982713437828,0.034441024604734034,0.0120062,0.03465938749999998,0.026604783269003094,0.04271399173099687,-0.00065481,-0.00361704,25.4,-1.09,-1.963,0.12590196078431368,1.322500046416848,-1.0706961248482205,1.4,0.6106186826737501,0.25648156009970485,-0.0038047615913395227,0.5167678817907493,-0.32,-33.0
2026-10-06,PNR,PENTAIR PUBLIC LIMITED COMPANY,52.94,50.45,54.05,44.34,56.21,43.58,64.02,-2.5247524752475092,-2.6299694189602403,1.1837606837606836,1.6400000000000006,-5.404823529411765,-1.0233991722113114,-9.786247886612218,-0.02718819,-0.017816118784313734,-0.04330752447623261,0.007675286907605144,-0.10863312,-0.04022255632411071,-0.0699424516809734,-0.010502660967248015,-0.07925367,-0.01122988359375001,-0.049469890846292906,0.027010123658792885,-0.00119201,-0.00302111,48.2,-0.34,-1.9,-0.6801294117647059,0.2331240108378716,-1.5933828343672833,12.1,1.253743989101784,0.16851136533828917,-0.2698055528894111,0.6068282835659894,-0.32825,-33.0
2026-10-06,RCL,ROYAL CARIBBEAN CRUISES LTD.,288.78,250.51,292.54,224.97,308.01,202.74,342.65,-3.047036688617105,-3.3182527301092,-1.5971783924262104,-4.660000000000025,-44.86886274509806,-27.17254703683716,-62.56517845335897,0.01602884,-0.007219492352941174,-0.04143583270337328,0.02699684799749093,-0.04509568,-0.010687851660079037,-0.04748305191098411,0.026107348590826036,0.01980876,0.06764835976562521,0.044418627626727394,0.09087809190452302,0.01104996,0.00035607,90.7,1.73,0.626,-0.34679607843137245,0.6874983430842139,-1.3810904999469586,84.1,0.019721316413509937,0.11914349702383852,-0.25444671340307295,0.49273370745075,-0.3195,-33.0
2026-10-06,REG,REGENCY CENTERS ,71.42,69.61,72.86,66.09,75.52,63.61,83.57,-1.800000000000013,-1.3000000000000014,1.5556978233034555,-2.799999999999997,-3.40811764705882,-1.6909836398528875,-5.125251654264753,-0.01608264,-0.0007874617254901955,-0.013547775614050909,0.011972852163070518,-0.03239618,0.002152373952569167,-0.01431954567313601,0.018624293578274345,-0.00022777,0.014467369374999954,0.004694679520617882,0.024240059229382025,6.163e-05,-0.0020311,6.9,-2.03,-2.371,-0.10300392156862742,0.8778682537906339,-1.0838760969278889,0.2,1.0479732679316673,0.33400451242700374,0.03824172800751385,0.6297672968464936,-0.3335,-34.0
2026-10-06,TECH,BIO-TECHNE ,72.43,71.8,73.24,67.64,77.71,58.95,84.84,1.343749999999998,1.102296450939453,-1.0862207896857379,2.730000000000004,-1.9539999999999969,2.283187412111289,-6.191187412111283,0.00178561,0.002273795607843138,-0.037042216422463935,0.04158980763815021,0.00029898,0.01862150932806322,-0.017357858895262698,0.054600877551389135,-0.0479551,-0.025191195742187467,-0.04337836846576301,-0.007004023018611919,0.00010291,-0.0111655,49.2,-0.52,-0.219,0.20443921568627457,1.183652271106235,-0.7747738397336857,33.9,,0.4967656337266069,-0.5992710342446548,1.5928023016978685,-0.3375,-34.0
2026-10-06,TSN,"TYSON FOODS, INC.",51.97,49.46,52.33,47.51,54.35,44.45,60.38,-2.9012345679012284,-1.8739495798319312,1.1183510638297882,0.14999999999999858,-3.410313725490196,-1.542445161577049,-5.278182289403343,-0.00833609,-0.0016893008235294123,-0.02198234800751192,0.018603746360453095,-0.02555492,0.0019835542687747067,-0.024355000257474356,0.028322108795023768,-0.01926492,0.010255587968750002,-0.0020307317819691917,0.022541907719469196,0.00035407,-0.00328125,1.4,-2.89,-0.186,-0.09481176470588232,0.8107259947052394,-1.0003495241170042,41.5,0.6039634019263567,0.10225956416241806,-0.2940722643905965,0.4985913927154326,-0.335,-34.0
2026-10-06,MCO,MOODY'S ,452.32,428.52,459.19,404.96,489.67,392.59,530.7,-3.7660208643815287,-1.2680053547523422,1.3122384061610586,-4.900000000000034,-16.076823529411772,1.7875802542994421,-33.94122731312299,-0.02151968,-0.00320214725490196,-0.024912995595733355,0.018508701085929436,-0.01606707,-0.0071640184189723025,-0.03426235477882515,0.01993431794088055,-0.03120332,-0.01207035746093747,-0.026437898814792575,0.002297183892917635,0.00026925,-0.01030238,5.4,-2.16,-1.104,-0.031666666666666655,0.7854801572019269,-0.8488134905352601,9.7,0.33660920178021847,0.04863542982029255,-0.16048795236508423,0.2577588120056693,-0.3335,-34.0
2026-10-06,ACGL,ARCH CAPITAL GROUP LTD.,94.82,90.98,95.29,86.3,101.23,82.55,107.54,-9.945945945945804,-1.3291731669266742,1.0366748166259183,-0.09000000000000341,-4.017411764705884,-1.5400945946046543,-6.494728934807113,-0.01510921,-0.0004014818823529417,-0.016540798938679803,0.015737835173973917,-0.01355311,0.012975604664031611,6.330035341351077e-05,0.02588790897464971,-0.01811481,0.0036784198437500044,-0.007957307833852215,0.015314147521352224,-0.00382456,-0.00782985,59.3,0.5,-0.234,0.023717647058823413,0.9167244842675476,-0.8692891901499008,47.0,0.3366173339131875,0.1869862245265089,-0.09435876916434702,0.4683312182173648,-0.34125,-35.0
2026-10-06,EWA,ISHARES:MSCI AUSTRALIA,28.55,27.47,28.68,26.35,30.4,25.34,32.19,-5.722222222222237,-1.1891891891891901,1.1339563862928337,-0.18999999999999773,-0.4939607843137259,0.12547158096031175,-1.1133931495877636,-0.01066185,-0.00034454956862745104,-0.014119414397245449,0.013430315259990548,-0.00061072,0.003882711027667984,-0.008294253685300155,0.01605967574063612,-0.01241973,-0.009939907578124995,-0.015152400441524973,-0.004727414714725019,0.00200519,-0.00148884,56.5,0.57,-1.03,0.059462745098039255,0.8767510436663514,-0.7578255534702728,8.5,0.06045305991582395,0.1749947682111781,-0.2922636059849856,0.6422531424073418,-0.33975,-35.0
2026-10-06,MCHI,ISHARES:MSCI CHINA,52.22,50.2,53.43,49.09,54.66,47.02,58.26,-1.722689075630253,-1.282786885245901,1.1615384615384623,-1.1400000000000006,-5.071686274509802,-3.1015074436423404,-7.041865105377264,-0.00635485,-0.004909221294117646,-0.017767639276065467,0.007949196687830173,-0.00630248,-0.010314157509881423,-0.02218919982299172,0.0015608848032288743,-0.00973811,0.04941380214843745,0.03056077830347092,0.06826682599340397,0.00086455,-0.00059179,90.7,1.77,-0.722,-0.3323686274509805,0.45524035600649115,-1.1199776109084523,35.9,0.007320642847129077,0.19703810736511748,-0.038685706993318636,0.4327619217235536,-0.34125,-35.0
2026-10-06,VLTO,VERALTO ,96.45,92.17,97.9,90.08,102.51,80.77,111.69,-2.2628571428571473,-1.0511551155115515,-1.0288713910761162,-0.04999999999999716,-5.4486666666666626,-0.9943154600467814,-9.903017873286544,0.00026096,-0.004385292705882352,-0.023019593000766593,0.01424900758900189,0.01300461,-0.013392440079051353,-0.03908995887829314,0.012305078720190434,-0.01678533,0.007295921171875038,-0.022603993329633202,0.037195835673383276,-0.00059556,0.00155128,45.0,-0.11,0.131,-0.24953333333333305,0.561267499193525,-1.060334165860191,68.5,0.6014955894926683,0.18962219831386487,-0.21958810523132113,0.5988325018590509,-0.35325,-36.0
2026-10-06,GNRC,GENERAC HOLDINGS INC.,223.62,199.22,240.65,181.36,250.49,151.91,291.99,1.0761622156280906,-1.5727577223669513,-1.0488518356004095,-6.810000000000002,-29.019450980392172,-10.78241717388747,-47.25648478689688,0.08751138,0.002002615137254904,-0.04780176048162017,0.051806990756129975,-0.0106031,0.011653754229249011,-0.03829527424431541,0.061602782702813434,0.02966948,0.0512365809765626,0.033758065632606776,0.06871509632051842,0.01344567,0.02743015,57.7,0.65,0.721,-0.01773725490196086,1.0352504804732914,-1.070724990277213,75.2,-0.2718849208546773,0.01679420056856044,-0.29015595817591994,0.32374435931304085,-0.357,-36.0
2026-10-06,JBHT,"J. B. HUNT TRANSPORT SERVICES, INC.",225.93,204.74,239.05,200.75,250.87,192.58,301.33,-1.6019938650306769,-1.00962309542903,2.260869565217391,-32.06999999999999,-11.836431372549022,4.274829111352119,-27.947691856450163,-0.06502572,0.00955522905882352,-0.021957557235090998,0.04106801535273804,-0.03923955,0.034718871383399234,0.004493356195487654,0.06494438657131081,0.0167014,0.002194058554687493,-0.026307097760149636,0.03069521486952462,-0.00161629,-0.00066003,50.4,0.34,-1.342,0.42223137254901943,1.3658256762810366,-0.5213629311829976,0.2,-0.26910578141808517,0.12210806321976936,-0.2553939457653627,0.4996100722049014,-0.33375,-36.0
2026-10-06,PYPL,"PAYPAL HOLDINGS, INC.",54.61,51.55,55.17,47.28,63.3,42.14,64.76,-3.0555555555555602,1.185538881309686,-1.2285714285714278,2.6000000000000014,-2.0550588235294107,2.0336797793489776,-6.143797426407799,0.00551207,-0.004871451176470583,-0.04756290023735173,0.03781999788441057,0.04327409,-0.01161101450592887,-0.07138296759640538,0.04816093858454764,-0.05610879,-0.036631246250000075,-0.06678241642187913,-0.006480076078121025,-0.00022832,-0.00506716,7.7,-1.94,0.279,-0.22111764705882359,0.7828703231740843,-1.2251056172917316,68.7,0.4841932559728219,0.14390755374825495,-0.33001137272592085,0.6178264802224308,-0.35325,-36.0
2026-10-06,GNK,GENCO SHIPPING & TRADING LIMITED,27.28,25.61,28.55,25.74,29.3,23.24,32.88,-1.0136986301369886,1.3116883116883091,1.3861386138613856,-2.1799999999999997,-1.2770196078431375,-0.3552984881715391,-2.198740727514736,0.00398177,0.00821227949019607,-0.013438791470067643,0.029863350450459784,0.03420605,0.016786701739130425,-0.0009194913420208436,0.03449289482028169,0.04559995,0.01119018183593751,-0.000760254711414261,0.023140618383289284,-0.00301402,-0.00520809,29.8,-0.49,0.153,0.27057647058823514,1.0283426870523014,-0.48718974587583114,39.9,-0.9990738888804338,0.20737387847163732,-0.40924635735319703,0.8239941142964717,-0.423,-37.0
2026-10-06,SPLV,INVESCO S&P500 LOWVL,71.73,68.88,71.56,66.42,74.52,65.9,78.67,-7.450000000000169,-1.9032258064516192,1.190394511149228,-1.3699999999999903,-2.9391764705882357,-1.8311170065601803,-4.047235934616291,-0.01421209,-0.0011566601568627443,-0.009663134906860327,0.007349814593134839,-0.0164187,-0.003189037865612643,-0.016069764689856936,0.009691688958631648,0.00374497,0.016729416718749966,0.01191185915141007,0.021546974286089864,0.00180788,-0.00087982,55.8,0.02,-1.899,-0.1714549019607843,0.903760303070928,-1.2466701069924966,6.5,0.35580232006895773,0.30466298395140395,-0.10483852712436231,0.7141644950271702,-0.3695,-38.0
2026-10-06,SRE,SEMPRA,79.97,74.92,79.42,70.44,83.68,65.14,95.66,-58.50000000000116,-2.5687331536388087,1.0579905596763317,0.28999999999999204,-4.580862745098045,-2.290870128980183,-6.870855361215908,-0.01966097,-0.0022448270196078423,-0.01768669599314,0.013197041953924314,-0.03773568,0.0067470655731225425,-0.013105555080641623,0.026599686226886708,-0.02136643,0.012209788085937475,-0.001945342154672812,0.026364918326547762,0.00820489,-0.00399016,26.0,-1.15,-1.244,-0.10559215686274499,0.7777995834582613,-0.9889838971837513,8.9,0.318228523924841,0.2876638856237414,-0.07836329191763047,0.6536910631651133,-0.3695,-38.0
2026-10-06,VICI,VICI PROPERTIES INC.,22.73,21.87,22.96,21.03,23.91,19.8,26.91,-8.900000000000196,-1.4406779661016946,1.4266211604095564,-0.21000000000000085,-0.6623529411764703,0.14643877995477972,-1.4711446623077202,-0.03479993,-0.006830741450980392,-0.021232866926674462,0.007571384024713677,-0.03595676,-0.016858189249011894,-0.03361480113601212,-0.00010157736201167264,-0.03896346,-0.0138373420703125,-0.025932709465442023,-0.0017419746751829758,0.00094084,-0.0045417,73.6,1.11,-2.402,-0.5736196078431369,0.41588563340051854,-1.5631248490867924,5.4,-0.9980914741186714,0.20205936446252,-0.38655965469955356,0.7906783836245936,-0.37625,-38.0
2026-10-06,AJG,ARTHUR J. GALLAGHER & CO.,229.85,216.15,233.1,203.13,247.85,189.02,290.82,-4.83745583038867,-1.4844444444444445,1.493264756306638,-5.5,-11.109999999999998,0.9705817375700203,-23.190581737570014,-0.03328007,-0.006779896352941185,-0.034196598818113454,0.020636806112231086,-0.02630203,-0.02451689300395256,-0.06550313179935485,0.01646934579144973,-0.02204154,-0.008118229101562492,-0.023018157957943493,0.00678169975481851,-0.00256881,-0.00516797,36.7,-0.51,-1.0,-0.2147490196078428,0.7776631097006625,-1.207161148916348,22.4,0.08103521399166658,0.08373414178400378,-0.12144943049401645,0.288917714062024,-0.3735,-38.0
2026-10-06,ATO,ATMOS ENERGY ,159.74,152.02,159.54,146.69,164.84,141.95,183.36,-8.186813186813236,-2.55882352941177,1.3277121978639672,-5.789999999999992,-15.630196078431377,-11.511742461159187,-19.748649695703566,-0.01241135,0.00012800188235293904,-0.013188208758801948,0.013444212523507828,-0.02338112,0.0026060130830039526,-0.010839595395207374,0.016051621561215278,0.01985664,0.05486773230468762,0.04326051044271272,0.06647495416666252,0.00334549,-0.00238021,30.4,-0.93,-1.704,-0.12063529411764712,1.0235309826219534,-1.2648015708572478,7.3,0.7670852025472328,0.18616537572940353,-0.04133435309882888,0.41366510455763594,-0.3695,-38.0
2026-10-06,CVNA,CARVANA CO.,63.88,57.98,66.08,54.26,70.68,49.0,87.49,-2.111538461538461,-1.414705882352941,1.586693548387096,-5.949999999999996,-18.78047058823529,-9.619411236877921,-27.941529939592655,-0.03576895,-0.009811084352941165,-0.057518626208746745,0.03789645750286441,-0.03990836,-0.015649680988142282,-0.053233705157443106,0.02193434318115854,0.01497309,0.14215044320312434,0.07790970366814792,0.20639118273810075,0.00860717,-0.00332169,48.4,-0.34,-1.219,-0.07350196078431374,0.8679285593332036,-1.014932480901831,8.5,0.6051227610700467,0.2298316292086151,-0.031983936337472596,0.4916471947547028,-0.3695,-38.0
2026-10-06,DUK,DUKE ENERGY ,115.66,109.49,116.21,106.18,120.45,102.52,130.71,-5.587155963302738,-1.979123173277657,1.1453576864535777,-3.1300000000000097,-7.6803529411764755,-4.970653195893289,-10.390052686459661,-0.01729066,-0.0015502916470588237,-0.01311133690938746,0.010010753615269813,-0.0185667,0.004358725968379446,-0.010304380956149089,0.01902183289290798,0.00202834,0.02891777414062504,0.01627312800202197,0.04156242027922811,0.00350143,-0.00320334,43.3,-0.2,-1.436,-0.15548235294117646,0.7926873295179284,-1.1036520354002812,8.5,0.73229582918373,0.21571633227886242,-0.13158682491209692,0.5630194894698217,-0.3695,-38.0
2026-10-06,DXY,US DOLLAR INDEX,101.88,101.31,103.31,99.05,105.43,96.18,105.85,5.000000000000043,1.2544169611307467,-1.4357682619647332,0.030000000000001137,-0.42349019607843114,0.42011426054458384,-1.2670946527014462,0.0107562,0.00030094549019607844,-0.004876529426070054,0.0054784204064622114,0.00630839,0.0006250566007905133,-0.005590331219784219,0.006840444421365246,-0.00283877,-0.007873849960937492,-0.010399876313064407,-0.005347823608810577,0.00092661,-0.00059576,21.0,-1.46,2.267,-0.04956078431372548,0.9090363098855299,-1.0081578785129808,99.4,,,,,-0.435,-38.0
2026-10-06,EIX,EDISON INTERNATIONAL,54.25,50.92,55.2,42.42,61.9,40.3,69.91,-2.695652173913048,-1.54640522875817,1.1225806451612899,0.9399999999999977,-2.800313725490195,0.5067363521695691,-6.107363803149959,-0.01942091,-0.0044601902352941186,-0.0349982471512072,0.02607786668061897,-0.08040725,0.006240784110671928,-0.028173074195869043,0.0406546424172129,-0.05487086,-0.012202368906250012,-0.030931707097559234,0.006526969285059208,0.00572741,-0.0014426,8.1,-1.94,-1.034,0.18096862745098038,1.0181487643922804,-0.6562115094903196,6.5,0.28529071834691866,0.15965211635057397,-0.16332510440832432,0.48262933710947226,-0.3695,-38.0
2026-10-06,ERIE,ERIE INDEMNITY COMPANY,223.22,207.7,225.94,192.9,241.9,184.88,262.32,-7.4902912621359174,-1.6231263383297634,1.019822639540949,7.3799999999999955,-6.598666666666679,8.20980674653147,-21.407140079864828,-0.04434433,-0.009490085607843136,-0.03518693593022727,0.016206764714541,-0.04587868,-0.02244689853754945,-0.040659576690988075,-0.004234220384110823,-0.08816637,-0.040464309414062455,-0.07248459055445547,-0.00844402827366944,-0.00289017,-0.00934841,37.1,-0.71,-1.046,-0.31378431372549015,0.4258843158937035,-1.0534529433446838,19.6,0.1783089242826863,0.02585592085820277,-0.1986311956580948,0.25034303737450037,-0.3735,-38.0
2026-10-06,EBAY,EBAY INC.,107.06,102.61,110.66,97.76,113.6,91.93,132.91,-1.465346534653464,-1.4220183486238545,1.7085261070720423,-12.179999999999993,-14.86572549019608,-10.566717711986835,-19.164733268405328,-0.00324913,0.0010997269803921573,-0.023086946199935992,0.02528640016072031,-0.02005469,0.014437193241106724,-0.009065563859811715,0.037939950342025165,0.07373565,0.09090712515624977,0.0831338682837571,0.09868038202874244,-0.00281926,-0.00724334,6.9,-2.04,0.298,0.20130980392156864,0.9668337625294734,-0.5642141546863362,53.8,0.561275679325685,0.14645963358124797,-0.2002886100835808,0.49320787724607673,-0.38025,-39.0
2026-10-06,EIDO,ISHARES:MSCI INDONESIA,11.93,11.24,11.87,11.03,12.74,9.7,13.7,-9.714285714285671,-1.111111111111111,-1.259887005649718,0.8599999999999994,0.18572549019607884,0.8133407767926841,-0.4418897964005264,-0.02723994,-0.009054716823529412,-0.031558862828484684,0.01344942918142586,0.0064586,-0.03606096798418972,-0.07713238880200919,0.005010452833629747,-0.10084478,-0.05538531855468737,-0.07862155785505939,-0.032149079254315344,0.00358621,-0.00142501,28.2,-1.28,-1.949,-0.3875137254901963,0.7583503635874054,-1.533377814567798,12.1,0.007415654217481915,0.7002149941528496,-0.2192263709640525,1.6196563592697517,-0.38075,-39.0
2026-10-06,NVR,"NVR, INC.",6046.6,5758.74,6331.27,5570.66,6455.24,5136.57,6991.48,-1.5862997168979498,-1.1646926389976537,1.038295440809642,-42.399999999999636,-352.2336862745098,-55.747776106606295,-648.7195964424134,-0.01289141,-0.006619661176470583,-0.02644394492446051,0.013204622571519341,-0.02312279,-0.013895959920948595,-0.03127309198058699,0.003481172138689804,-0.05099633,-0.004447342695312501,-0.031232900638235483,0.02233821524761048,-0.00215079,0.00480247,81.0,1.28,-0.222,-0.3274784313725486,0.5917581477040731,-1.2467150104491704,50.6,,,,,-0.384,-39.0
2026-10-06,SHW,THE SHERWIN-WILLIAMS COMPANY,321.16,310.23,332.59,285.87,351.88,279.77,362.01,-1.3277216610550038,-1.148763020833335,-1.0132190942472479,-3.7399999999999523,-15.480235294117628,-4.239972984241925,-26.72049760399333,-0.00074476,-0.0007590938823529405,-0.02198061114415604,0.02046242337945016,-0.03018945,-0.0064547858893280645,-0.025943114554160467,0.01303354277550434,-0.02863658,-0.0007813945312500156,-0.018133034240245767,0.01657024517774574,-0.00067846,-0.00286275,53.8,0.42,-0.296,-0.25374117647058825,0.716205621562355,-1.2236879745035316,44.6,0.4029799462079007,0.07488310735403395,-0.22394080509741313,0.37370701980548104,-0.39375,-40.0
2026-10-06,FTV,FORTIVE ,57.89,54.57,58.54,51.77,59.99,48.7,64.94,-2.0373134328358296,-2.914285714285711,-1.3035460992907804,0.5700000000000003,-1.8078431372549033,-0.17577364074474033,-3.4399126337650663,0.00986352,0.003935270509803924,-0.018729578698985033,0.026600119718592878,-0.0412037,0.022014470158102754,-0.00806417906685777,0.05209311938306328,-0.00855072,-0.008256018085937518,-0.016410142973296297,-0.00010189319857873899,-0.00194323,-0.00538402,52.8,0.07,0.33,0.10475686274509809,0.863542561033572,-0.6540288355433758,60.9,0.25816548723813315,0.2365984930990966,-0.12914355072363412,0.6023405369218273,-0.39375,-40.0
2026-10-06,MSFT,MICROSOFT ,529.3,507.57,539.42,478.31,595.41,419.27,621.93,-1.182918628110287,1.2965287311237512,-1.1878441109791642,4.339999999999918,-25.372549019607828,-2.3508786871962073,-48.39421935201945,0.01531854,-0.0005316622352941222,-0.030529370039142936,0.02946604556855469,0.04999285,-0.002112282371541503,-0.026860647958302834,0.02263608321521983,-0.01006266,0.004761375859374991,-0.020059805511127654,0.029582557229877633,0.00041671,0.00042245,18.8,-1.42,1.093,-0.1275921568627449,0.769658322970111,-1.024842636695601,88.7,0.4476841066351407,0.1366202013171461,-0.29940768240165305,0.5726480850359452,-0.3945,-40.0
2026-10-06,CIEN,CIENA CORPORATION,443.65,351.77,411.65,319.4,464.18,284.19,594.17,-22.12394366197175,-6.052118850462729,-1.0593941004517673,-45.0,-129.25627450980386,-53.17661373696541,-205.3359352826423,0.07042214,0.012215817568627448,-0.0348139432003156,0.05924557833757049,-0.02496346,0.060417102094861695,-0.009127056654879652,0.12996126084460305,0.2084316,0.21380161699218692,0.17670899704655219,0.25089423693782165,0.03040682,0.0316767,46.6,0.1,1.223,0.47674117647058806,1.4116233807595822,-0.458141027818406,80.8,-0.15730172259099695,0.14855009940522937,-0.10513198500791351,0.4022321838183722,-0.39825,-41.0
2026-10-06,FTNT,"FORTINET, INC.",191.27,175.24,190.73,163.54,207.07,139.42,237.59,-6.548717948717992,-1.7550632911392436,-1.1193868739205532,-8.259999999999991,-10.040784313725485,0.09080937734863248,-20.172378004799604,0.03360453,0.014764806705882353,-0.02223107055182289,0.05176068396358759,0.03315326,0.03137268584980236,-0.03229535814867835,0.09504072984828307,0.08124748,0.037958722500000035,-0.0027433593898767636,0.07866080438987683,-0.00124991,-0.00070046,17.1,-1.7,1.7,0.3233764705882353,1.0928005569288162,-0.4460476157523456,92.7,0.48331465878211644,0.30014477125102457,-0.22851148959588174,0.8288010320979309,-0.46725,-41.0
2026-10-06,GD,GENERAL DYNAMICS ,331.33,318.37,338.63,303.54,350.47,297.04,402.48,-2.294425087108003,-1.4519331243469122,2.0749489647127475,-23.620000000000005,-26.657725490196068,-18.01072690282386,-35.30472407756828,-0.02097098,0.001116890549019607,-0.014765330323799213,0.016999111421838426,-0.03191263,0.004130369604743096,-0.020366958870380376,0.028627698079866565,0.02554847,0.03702657914062506,0.02595030164957966,0.04810285663167045,-0.0025076,-0.00838989,13.7,-1.53,-1.837,-0.05669019607843132,0.9256997158591522,-1.0390801080160148,8.5,0.6805816143539418,0.1026801126277241,-0.17602746045379475,0.3813876857092429,-0.39975,-41.0
2026-10-06,IT,"GARTNER, INC.",184.92,178.58,206.46,171.92,229.91,129.47,233.56,3.0737410071942595,3.4607692307692313,-1.14000822368421,14.329999999999984,10.004627450980395,24.13702633395254,-4.12777143199175,0.00242517,-0.008477778549019602,-0.05857734753223688,0.041621790434197684,0.09366757,-0.038958667786561235,-0.11614504581339516,0.03822771024027269,-0.16552783,-0.14155314941406297,-0.177991135401453,-0.10511516342667293,-0.01890522,-0.00224814,35.1,-0.61,0.402,-0.17090980392156846,0.6549910235825624,-0.9968106314256995,74.0,0.009601722415382596,0.09143443841220222,-0.26005840211763664,0.4429272789420411,-0.3985,-41.0
2026-10-06,RDDT,"REDDIT, INC.",148.95,138.5,155.37,125.49,161.09,108.09,218.06,-1.6722532588454342,-1.9324546952224024,1.6913852178169368,-14.870000000000005,-58.26654901960786,-30.02328705659156,-86.50981098262416,-0.02362448,-0.012601373960784326,-0.06488435683984659,0.03968160891827794,-0.0857611,-0.027498665770750986,-0.09206161686342691,0.03706428532192495,0.03856681,0.1758357970703133,0.1151578889833333,0.2365137051572933,-0.004795,-0.01088484,19.4,-1.3,-0.044,-0.18993333333333337,0.680146651827472,-1.0600133184941387,52.2,0.45561037036219654,-0.09866015988036912,-0.4080954290549627,0.21077510929422444,-0.41625,-42.0
2026-10-06,TYL,"TYLER TECHNOLOGIES, INC.",330.91,308.47,335.24,296.31,364.73,254.79,408.4,-3.3075571177504495,-1.0230632761679488,1.0179978980557005,22.090000000000032,-12.282000000000007,15.12822619963142,-39.692226199631435,-0.02481001,-0.012143151215686274,-0.0458880989567933,0.021601796525420755,0.01702524,-0.04055274822134388,-0.08585556990859035,0.004750073465902588,-0.10319393,-0.052552176289062474,-0.1010086132237164,-0.004095739354408552,-0.00339474,-0.00912729,18.5,-1.07,-0.486,-0.38414117647058776,0.42642592577007843,-1.194708278711254,42.7,0.10455007834432961,0.16906529644652585,-0.14204018905449955,0.48017078194755125,-0.41625,-42.0
2026-10-06,AON,AON PLC,273.99,258.94,276.79,240.03,288.8,232.86,345.14,-9.937106918239158,-2.2930452397029035,1.7298808655482611,-8.649999999999977,-15.497098039215686,-4.230317439205065,-26.763878639226306,-0.04545141,-0.0063163244705882375,-0.027470909330632735,0.014838260389456261,-0.067428,-0.013129643122529634,-0.03230833650562638,0.006049050260567115,-0.02539038,-0.0004821142578125003,-0.009029460593306173,0.00806523207768117,-0.00073582,-0.00086213,12.1,-1.67,-1.964,-0.24440392156862756,0.533205648390261,-1.022013491527516,3.8,0.2580837449952187,0.07646965296261482,-0.227357756141931,0.38029706206716063,-0.41475,-42.0
2026-10-06,APO,"APOLLO GLOBAL MANAGEMENT, INC.",115.95,107.56,118.76,105.29,128.0,96.05,146.08,-4.353535353535347,1.1303939962476548,1.5140703517587941,-5.840000000000003,-6.245333333333334,0.06397298723148825,-12.554639653898157,-0.04476158,-0.0044438028235294115,-0.03571260298021428,0.02682499733315546,0.00639407,-0.006053006086956529,-0.03937324207709409,0.02726722990318103,-0.0264897,-0.006801895390624988,-0.024583426238364355,0.010979635457114377,-0.00061541,-0.00239788,32.7,-0.72,-1.995,-0.09118823529411774,0.912051444040664,-1.0944279146288995,1.4,0.8591941891690815,0.108721865087164,-0.1049351256064012,0.3223788557807292,-0.41475,-42.0
2026-10-06,ARES,ARES MANAGEMENT CORP,117.74,109.07,120.53,105.51,130.57,89.91,157.59,-2.8293515358361683,1.0490596892886352,1.4319080129356814,-1.0400000000000063,-5.560862745098044,3.812257184012884,-14.933982674208972,-0.04256188,-0.010860296117647068,-0.05169538788339173,0.02997479564809759,0.00611609,-0.028535888577075067,-0.08656546713549733,0.02949368998134719,-0.06105112,-0.02603471699218747,-0.05544512020808734,0.0033756862237123986,0.00206193,-0.00233368,38.7,-0.6,-2.105,-0.20022352941176477,0.8754988213006017,-1.2759458801241312,4.2,0.5113756499518092,0.07722894195488862,-0.145080002667626,0.2995378865774032,-0.41475,-42.0
2026-10-06,CHTR,"CHARTER COMMUNICATIONS, INC.",108.64,99.06,110.72,92.08,121.87,82.42,158.1,-3.9722222222222303,-1.2517006802721087,1.8863463005339434,-0.269999999999996,-4.595372549019604,11.518056063538282,-20.70880116157749,-0.09197618,-0.01796075862745098,-0.06548944111304311,0.02956792385814115,-0.07742328,-0.036131051146245034,-0.06644677664196949,-0.005815325650520585,-0.12021249,-0.06578100808593751,-0.09780588330320755,-0.03375613286866746,0.00489316,-0.00497581,3.4,-2.27,-2.183,-0.4000666666666665,0.6011321853139726,-1.4012655186473058,4.6,0.5680045705475407,0.33599716002945285,-0.21391382154400324,0.8859081416029089,-0.41475,-42.0
2026-10-06,EFX,EQUIFAX INC.,142.48,129.19,143.25,122.61,155.46,115.12,185.67,-6.499999999999964,-1.5308166409861297,1.57858187134503,1.1499999999999773,-2.6526274509803898,7.88806888701335,-13.19332378897413,-0.06104453,-0.014897145843137257,-0.04505641180168161,0.015262120115407092,-0.04968225,-0.035591247944664034,-0.06981369704576593,-0.0013687988435621343,-0.07771692,-0.05547724804687504,-0.08131927609124141,-0.029635220002508664,-0.00197685,-0.01505594,12.1,-1.62,-2.25,-0.42246274509803955,0.4982860544955657,-1.3432115446916448,3.4,0.6137446121226253,0.08251819856178391,-0.16320203102318892,0.32823842814675674,-0.41475,-42.0
2026-10-06,FFIV,"F5, INC.",469.79,437.38,476.25,413.1,500.94,367.36,574.81,-2.3628546861564943,-1.8199036918138054,1.0252855608708378,-36.349999999999966,-47.40980392156859,-26.180550158995295,-68.63905768414187,0.02591992,0.004948458470588237,-0.027149895834738424,0.0370468127759149,0.00730046,0.01440453383399211,-0.025459457091040825,0.05426852475902504,0.09104256,0.08287901605468764,0.06193953468772609,0.1038184974216492,-0.00149298,-0.00401247,8.7,-1.65,1.949,0.2977019607843139,1.3417266786958744,-0.7463227571272466,95.8,0.4666210262274766,0.17789816458177302,-0.17209006967629178,0.5278863988398378,-0.41475,-42.0
2026-10-06,FIS,FIDELITY NATIONAL INFORMATION SERVICES,33.42,31.2,33.3,29.05,36.88,26.49,41.43,-12.611111111111148,-1.2630057803468209,1.155844155844155,2.210000000000001,-0.3751372549019633,2.360875829715354,-3.11115033951928,-0.04896215,-0.0147425619607843,-0.04053457933643296,0.011049455414864358,-0.03797187,-0.031912292687747014,-0.055578895868255526,-0.008245689507238498,-0.12505108,-0.06355831503906259,-0.10347325354631928,-0.023643376531805906,0.00123916,-0.01507478,47.8,-0.24,-1.84,-0.5281450980392155,0.4177974590874619,-1.474087655165893,9.3,0.18832324463846128,0.273866272655844,-0.06524262143646375,0.6129751667481518,-0.41475,-42.0
2026-10-06,INVH,INVITATION HOMES INC.,26.39,25.48,26.56,24.2,28.21,22.86,30.85,-4.409090909090927,-1.203296703296704,1.263456090651558,0.08999999999999986,-0.28627450980392155,0.362167477548737,-0.9347164971565801,-0.01858497,-0.003980438666666667,-0.019601760161340527,0.011640882828007194,-0.01355698,-0.005823589288537563,-0.034165685523406895,0.022518506946331767,-0.03316673,-0.02852010585937503,-0.03439300667590521,-0.022647205042844853,0.00253408,-0.00288476,49.8,-0.27,-1.808,-0.2813058823529412,0.7435053968766193,-1.3061171615825016,7.3,0.5121259321705427,0.2845128718083115,-0.08758852405142475,0.6566142676680478,-0.41475,-42.0
2026-10-06,MSI,"MOTOROLA SOLUTIONS, INC.",456.28,436.82,458.07,422.21,502.09,388.23,557.1,-4.952879581151757,1.3445846786028768,1.4815576781778121,-15.850000000000023,-34.29098039215687,-16.13057517809338,-52.451385606220356,-0.01149442,-0.0002867705098039195,-0.027487901516469248,0.026914360496861408,0.03744441,0.0009933383003952433,-0.04215602208553848,0.04414269868632896,0.01967919,0.03619339617187504,0.024233107054921994,0.04815368528882808,-0.00310136,-0.00570336,23.6,-1.08,-0.387,-0.10612156862745105,1.0327373941644242,-1.2449805314193263,43.8,0.9749426927532341,0.19974648794953564,-0.24196708129229805,0.6414600571913693,-0.41625,-42.0
2026-10-06,CDNS,"CADENCE DESIGN SYSTEMS, INC.",359.55,335.31,380.36,289.01,410.31,259.24,409.48,2.206094627105047,-1.3896769109535074,-2.0090126176647303,10.670000000000016,-19.382039215686277,-2.795957447418857,-35.968120983953696,0.07869107,-0.004693834470588238,-0.03142614037340551,0.022038471432229034,-0.00864888,-0.006833789051383403,-0.037811230052685815,0.024143651949919014,-0.00266325,-0.0024104637109375027,-0.017545472336718805,0.0127245449148438,0.00872845,-0.00601587,4.8,-2.36,2.205,-0.20299999999999996,0.6440101190259083,-1.0500101190259081,99.8,0.24892847769145665,0.20262548639088213,-0.15906567786647108,0.5643166506482353,-0.422,-43.0
2026-10-06,BTI,BRITISH AMERICAN TOBACCO P.L.C.,53.01,51.09,54.71,48.74,56.62,48.09,65.06,-2.376344086021507,-1.182825484764542,2.4491869918699223,-6.149999999999999,-7.143058823529411,-5.180378053864414,-9.105739593194407,-0.02305511,-0.0007666807843137245,-0.018870736949576895,0.017337375380949448,-0.03430221,0.003324954940711465,-0.017162400433284673,0.023812310314707603,0.05148755,0.07487577601562494,0.06387635831083495,0.08587519372041492,-0.00369354,-0.00066355,42.1,-0.14,-0.735,-0.06376470588235283,0.8566954364120164,-0.9842248481767221,23.8,-0.11922868743902038,0.07468318930202589,-0.22649397686806755,0.3758603554721193,-0.41475,-44.0
2026-10-06,TIP,ISHARES:TIPS BD ETF,104.18,102.37,105.34,99.73,106.9,97.66,112.1,-1.613207547169837,-1.6360294117647076,1.2147239263803642,-1.3899999999999864,-2.335882352941177,-1.6525533765018001,-3.019211329380554,-0.00530622,-0.0010466101568627451,-0.0038801810343043197,0.0017869607205788292,-0.01640153,0.0034961467588932723,-0.00281812695103265,0.009810420468819196,-0.00380472,0.005890988476562503,0.0028534036670588288,0.008928573286066176,-0.00036346,-0.00381583,76.8,1.24,-2.166,-0.6180392156862746,0.18010324295306313,-1.4161816743256124,3.4,-0.9937916476967013,0.4032702392212649,-0.8012006799989849,1.6077411584415149,-0.43825,-45.0
2026-10-06,SPGI,S&P GLOBAL INC.,396.13,376.98,396.43,355.06,423.41,326.34,477.22,-10.922680412371145,-1.5054985337243383,1.1619143143716866,11.240000000000009,-14.680901960784333,8.847741655946031,-38.209545577514696,-0.02142083,-0.007640125529411766,-0.03328254826202724,0.018002297203203708,-0.01875765,-0.019801689683794494,-0.04688646800401318,0.007283088636424188,-0.0571563,-0.021406933515624994,-0.04679629317968935,0.003982426148439359,-0.00058056,-0.00541165,4.6,-2.36,-1.377,-0.16632941176470584,0.693778259414494,-1.0264370829439056,10.9,0.3447050797579092,0.053527999101025174,-0.1939694823611447,0.30102548056319506,-0.45325,-46.0
2026-10-06,PCAR,PACCAR INC,109.32,104.12,112.35,100.37,118.4,96.76,136.49,-2.164658634538139,1.0145251396648072,2.1632165605095577,-9.470000000000013,-7.62349019607843,-3.6162038237579557,-11.630776568398904,-0.03550826,0.003461338156862744,-0.019157081651678894,0.02607975796540438,-0.01476681,0.013253451422924889,-0.00703020577015756,0.03353710861600734,0.0191613,0.027214114609375024,0.017091010263016737,0.03733721895573331,-0.00089143,-0.00709097,6.2,-1.97,-2.601,0.0198117647058823,1.1288418420525121,-1.0892183126407478,1.8,1.019922319081552,0.12242180365141499,-0.12822849859409974,0.3730721058969297,-0.43,-46.0
2026-10-06,V,VISA INC.,370.64,347.55,372.0,340.06,389.55,316.36,435.97,-5.522499999999994,-1.6171337916446296,1.2035740604274148,-15.069999999999993,-19.55996078431373,-10.924612650044281,-28.19530891858318,-0.01170698,0.0008542228235294122,-0.01456229857490295,0.016270744221961772,-0.00281523,0.004713110434782611,-0.01725319366582211,0.026679414535387334,0.0215003,0.018229047304687485,0.007943882455803053,0.028514212153571916,-0.00114634,-0.00609925,49.4,-0.18,0.046,-0.01191764705882364,0.7748048006485783,-0.7986400947662254,50.6,0.2741257419665448,0.11553978389581597,-0.16784016785062028,0.39891973564225225,-0.4615,-47.0
2026-10-06,HWM,HOWMET AEROSPACE INC.,231.6,222.92,235.65,204.88,244.6,197.82,312.65,-2.1328320802004943,-2.0553846153846154,2.3993487270574296,-31.31000000000003,-47.18921568627453,-36.04762307136514,-58.33080830118392,0.00279666,0.003212838627450986,-0.02551283883885975,0.03193851609376172,-0.0432262,0.02390659996047432,-0.0009282545348261763,0.04874145445577481,0.10713668,0.13430387398437538,0.11582713506544726,0.1527806129033035,0.00148842,-0.00070362,8.1,-1.97,-0.023,0.1749019607843135,1.0310971068495935,-0.6812931852809666,33.5,-0.05149002887503795,0.2000271172724553,-0.11382247377064203,0.5138767083155527,-0.4575,-47.0
2026-10-06,UHS,"UNIVERSAL HEALTH SERVICES, INC.",177.08,170.38,181.92,166.08,194.3,144.19,208.28,-1.1636029411764734,1.5654545454545454,-1.0541666666666676,0.75,-13.792000000000014,-2.0233871862884794,-25.56061281371155,0.00705115,-0.0038442420784313746,-0.03318118850946168,0.025492704352598934,0.02596224,-0.0013917331225296397,-0.0454690744528748,0.04268560820781552,-0.03045229,0.008493838984374964,-0.024955135546279147,0.04194281351502907,0.0017598,-0.00341187,30.8,-0.67,0.384,-0.10110588235294106,1.0171788667531942,-1.2193906314590766,61.7,0.5023484307387707,0.17792112559489345,-0.17804632064363843,0.5338885718334253,-0.46875,-48.0
2026-10-06,UUP,INVESCO DB USD IDX BL,28.9,28.51,29.57,27.77,30.41,26.89,30.43,2.0555555555555642,1.3362831858407105,-1.3137254901960762,-0.25,-0.3129019607843136,0.06856770317823396,-0.6943716247468612,0.01031578,0.0006571744705882359,-0.004511702010302475,0.005826050951478947,0.0116425,0.003067240079051383,-0.0033861568301246417,0.009520636988227407,-0.00373293,-0.006507845351562493,-0.011307306405995447,-0.0017083842971295383,0.00062872,-0.00106434,37.7,-0.86,2.173,0.15070588235294122,1.083555586557511,-0.7821438218516286,99.0,9.024445692142903,1.4643491520331684,-1.0576017623394944,3.986300066405831,-0.46725,-48.0
2026-10-06,ZBRA,ZEBRA TECHNOLOGIES ,385.78,366.52,400.21,338.45,459.41,287.78,463.3,-1.0246222719641824,1.555672934713714,-1.2641898864809076,6.42999999999995,-4.353019607843146,13.15368976683761,-21.859728982523905,0.03391197,0.0030452249019607782,-0.03838799158853264,0.044478441392454195,0.08953123,0.016105688853754945,-0.032936008228355546,0.06514738593586544,-0.0230062,-0.040069593515625175,-0.05855909885917271,-0.021580088172077638,0.00287892,-0.00232387,36.9,-0.75,1.128,-0.015509803921568798,0.8288440274903814,-0.859863635333519,90.7,0.7132594045690384,0.1452541494242827,-0.3048633386278454,0.5953716374764109,-0.46725,-48.0
2026-10-06,ACN,ACCENTURE PUBLIC LIMITED COMPANY,193.4,182.19,230.96,172.97,248.76,146.21,235.38,4.641330166270773,2.709740577581986,-1.1241067174845167,2.219999999999999,1.4823529411764742,14.532004426587498,-11.56729854423455,0.03272226,-0.006539890470588237,-0.04972231880675891,0.03664253786558244,0.09916232,-0.026524131501976307,-0.08571911785738975,0.032670854853437147,-0.11921975,-0.07405338117187493,-0.11263165860943851,-0.035475103734311356,-0.01137982,-0.00053949,94.0,2.0,0.351,-0.09434901960784299,0.856060311886102,-1.044758351101788,69.0,-0.43858129273798196,0.09037294891959016,-0.19094103845089902,0.3716869362900793,-0.46725,-48.0
2026-10-06,BLK,"BLACKROCK, INC.",1079.42,1021.46,1103.81,994.49,1163.5,904.52,1249.53,-1.8181509177430417,-1.0101094196003821,-1.028158250543767,-10.529999999999973,-61.762235294117595,-21.69740222419462,-101.82706836404057,-0.0025897,-0.002220440078431371,-0.023007333670174372,0.018566453513311633,0.01593255,-0.0010898874703557332,-0.01730532208438551,0.015125547143674043,-0.01878043,0.012400747578124994,-0.0026460400620819096,0.027447535218331896,0.0027145,-0.00465275,39.9,-0.33,-0.27,-0.10250196078431374,0.7989282539759606,-1.003932175544588,42.1,0.32340870786188924,0.07884591517561744,-0.12392712314727868,0.28161895349851357,-0.46875,-48.0
2026-10-06,ES=F,E-MINI S&P 500 FUTURES,7882.0,7656.9,7891.63,7625.21,8084.8,7199.6,8329.51,-3.1627946127946305,-1.2662228796844168,-1.5248821255390925,33.89000000000033,-145.17815686274503,-7.8164011789221775,-282.53991254656785,0.00363717,0.00042316839215686343,-0.009606331358835,0.010452668143148729,0.01059286,0.007703724743083004,-0.0007274095500314519,0.01613485903619746,-0.00386916,0.003014150117187495,-0.004331553714550627,0.010359853948925617,0.00129922,-0.00028805,58.7,0.48,0.837,0.28826666666666656,1.1598864816303187,-0.5833531482969856,80.8,,,,,-0.4695,-48.0
2026-10-06,UDR,"UDR, INC.",33.91,32.48,34.28,31.09,35.31,29.21,39.02,-3.2173913043478133,-2.0142857142857036,1.087234042553194,0.46999999999999886,-0.867647058823529,0.04648130324805555,-1.7817754208951135,-0.01510409,-0.001958228274509803,-0.0179713743991985,0.014054917850178893,-0.03503334,-0.0019170790118577044,-0.023462775102304646,0.019628617078589237,-0.04095943,-0.015287899882812504,-0.024991796751382835,-0.005584003014242174,-0.00104173,-0.0052534,57.7,0.31,-1.573,-0.3069058823529411,0.7784027673512535,-1.3922145320571357,14.1,0.648926182474044,0.39005932987353187,-0.1273564237887015,0.9074750835357652,-0.4595,-49.0
2026-10-06,WM,"WASTE MANAGEMENT, INC.",207.88,195.72,208.63,189.67,216.69,178.29,242.1,-11.26168224299071,-2.066969353007946,1.1564717810070968,-3.490000000000009,-9.435725490196074,-3.5717277538470285,-15.299723226545119,-0.02246628,-0.0016369715686274508,-0.018471253243629207,0.015197310106374304,-0.02163549,-0.0015799843478260887,-0.02000288136803774,0.016842912672385565,-0.00871737,0.004969081562500002,-0.0038970511077926415,0.013835214232792645,-0.0029723,-0.00555174,52.6,0.49,-1.099,-0.13903137254901957,0.7272356475971884,-1.0052983926952275,15.7,0.3898388503939305,0.13469063483107335,-0.14074923511733217,0.4101305047794789,-0.4595,-49.0
2026-10-06,HD,"THE HOME DEPOT, INC.",286.69,271.16,287.21,255.82,303.25,239.83,341.93,,-1.8641304347826086,1.1788305591122499,3.3899999999999864,-11.294705882352948,2.8518751788165986,-25.441286943522496,-0.03199579,-0.007227415529411762,-0.026701969057082976,0.012247137998259452,-0.04192919,-0.017062535731225285,-0.042789634744122895,0.008664563281672324,-0.05001278,-0.014895818085937481,-0.034177500544396805,0.0043858643725218464,-0.00112357,-0.00616011,69.2,0.76,-1.519,-0.5203647058823528,0.5868101678894582,-1.6275395796541638,22.8,0.3717516793001965,0.17395243349809653,-0.15646190040093177,0.5043667673971248,-0.4595,-49.0
2026-10-06,EQR,EQUITY RESIDENTIAL,60.37,56.85,61.86,54.71,64.56,52.06,70.35,-2.693430656934296,-1.3508353221957017,1.2009626955475334,-1.230000000000004,-1.6891764705882366,-0.19161923776341983,-3.1867337034130534,-0.02743979,-0.0029327294901960797,-0.017294620812869144,0.011429161832476983,-0.02541477,-0.00195399252964427,-0.015418856748662509,0.01151087168937397,-0.03572676,-0.014063865039062498,-0.0248689032915633,-0.003258826786561699,0.00090012,-0.00856043,30.4,-0.84,-1.493,-0.13881568627450977,0.6735902097592723,-0.9512215823082919,5.6,,0.12162109507209433,-0.2582053762765309,0.5014475664207195,-0.48975,-50.0
2026-10-06,CRWD,"CROWDSTRIKE HOLDINGS, INC.",278.86,263.5,290.2,239.71,322.37,197.96,365.91,1.1770925110132147,1.1113665389527454,1.0760197775030902,-30.409999999999968,-19.671038823529425,-2.898897507860209,-36.443180139198645,0.05584472,0.014366351921568626,-0.02744518959755933,0.05617789344069658,0.06869618,0.033442884110671915,-0.04621110921043813,0.11309687743178196,0.12509946,0.060484833046874915,0.013984840530484995,0.10698482556326483,-0.00802109,-0.00470927,14.5,-1.76,1.7,0.3336745098039216,1.392847578990173,-0.72549855938233,91.9,-0.11238480624692093,0.042725941238960126,-0.2326959200063673,0.31814780248428753,-0.5825,-51.0
2026-10-06,BTC=F,BITCOIN FUTURES,85660.0,82014.23,90671.99,81466.68,96843.54,68231.98,101861.09,1.9805057765997276,2.6669894021920517,-1.0757313242504059,-2472.720000000001,-8679.473647058816,1702.0011308600206,-19060.94842497765,0.0347665,-0.010348866117647052,-0.05534755353852444,0.03464982130323034,0.08480907,-0.04594361790513833,-0.10455465147828562,0.012667415668008955,0.00386069,0.02435194597656234,-0.03179907372307837,0.08050296567620305,0.00564592,-0.00281404,6.3,-2.01,0.759,-0.13494509803921573,0.9008152435277337,-1.1707054396061651,81.2,,,,,-0.51475,-53.0
2026-10-06,PANW,"PALO ALTO NETWORKS, INC.",419.91,388.67,427.93,359.8,471.66,300.95,538.38,-1.8136882129277616,-1.161545893719807,-1.0041360682029212,-28.739999999999952,-23.446705882352948,0.3725915970681086,-47.266003361774004,0.04091265,0.010981863960784313,-0.03076905433715823,0.05273278225872686,0.0507711,0.039885179367588924,-0.04262372106943378,0.12239407980461163,0.08894174,0.034639009804687544,-0.01059429629811845,0.07987231590749354,-0.00072628,-0.00676296,9.3,-1.77,1.342,0.30522745098039195,1.4035298002561176,-0.7930748982953336,87.1,-0.08350498048890487,0.14410546282088044,-0.20754808062824542,0.4957590062700063,-0.6075,-53.0
2026-10-06,DDOG,"DATADOG, INC.",278.24,275.59,298.6,242.27,317.65,190.78,384.87,13.063953488371869,1.0956352515985535,1.2191859135604846,-23.5,-24.03427450980393,-2.0954521230024135,-45.97309689660544,0.07104286,0.011216833803921567,-0.0453780252251106,0.06781169283295373,0.02129732,0.03412205355731225,-0.05588905085842538,0.12413315797304988,0.08906845,0.049682658359374875,0.009668720956214252,0.0896965957625355,-0.00254622,-0.00892957,6.7,-2.09,2.439,0.0848196078431373,1.1437061454920108,-0.9740669298057361,99.8,0.7378289815273325,0.05343367080796586,-0.3804034970552124,0.4872708386711441,-0.53975,-55.0
2026-10-06,TTD,"THE TRADE DESK, INC.",11.92,10.93,12.57,9.61,13.61,7.68,15.99,-2.2000000000000037,-1.3668639053254446,-1.0417690417690417,1.8699999999999992,1.087098039215685,3.379584613892815,-1.205388535461445,-0.06796174,-0.02555209580392157,-0.07194400672716705,0.020839815119323913,-0.1041583,-0.07328878849802377,-0.10048174791243708,-0.04609582908361045,-0.28644181,-0.166059033945312,-0.2338714761077919,-0.09824659178283206,-0.01097269,-0.01873562,4.2,-2.3,-1.679,-0.6441098039215684,0.2964423896543721,-1.5846619974975087,15.7,1.4032236921785701,0.40056059148709583,-0.09779830485244456,0.8989194878266362,-0.551,-56.0
2026-10-06,MCD,MCDONALD'S ,232.45,218.42,236.69,212.99,245.15,206.71,273.14,-3.50753768844219,-1.5322834645669254,1.580808080808082,-10.590000000000003,-14.596627450980396,-6.9532747990196295,-22.23998010294116,-0.03946531,-0.005137395254901962,-0.018626884360677033,0.008352093850873108,-0.03572757,-0.0058096732411067175,-0.02547161087666526,0.013852264394451823,-0.01597913,0.013905056640625062,0.003682179995436432,0.024127933285813693,-0.00093211,-0.00758524,56.5,0.53,-1.633,-0.3619882352941177,0.5593676103753151,-1.2833440809635506,8.5,0.00832497713024516,0.1613263108888009,-0.10633777140946682,0.4289903931870686,-0.546,-56.0
2026-10-06,PM,PHILIP MORRIS INTERNATIONAL INC.,190.4,181.86,195.97,177.27,204.55,162.19,227.58,-2.0671296296296346,1.0776846915460785,1.3179723502304146,-15.539999999999992,-18.12835294117646,-11.72261587544725,-24.534090006905668,-0.00869205,0.0014397679999999975,-0.02138447930120418,0.024264015301204176,0.01216296,0.008307888142292488,-0.021591033312008803,0.038206809596593776,0.03975482,0.057824774179687545,0.05032983401997293,0.06531971433940216,-0.00195789,-0.00591194,18.3,-1.63,0.53,0.11210588235294115,0.9240588311787915,-0.6998470664729092,67.3,0.6415138515529182,0.07604821466826868,-0.16910855108017098,0.32120498041670836,-0.55225,-56.0
2026-10-06,CALM,"CAL-MAINE FOODS, INC.",63.4,60.96,67.5,57.22,71.35,54.49,84.62,1.2489959839357445,1.2864077669902907,2.3815937149270496,-6.350000000000001,-10.367960784313725,-6.156509513138943,-14.579412055488508,-0.04947926,-0.008131663960784317,-0.030217700087279867,0.013954372165711233,-0.04793211,-0.01718046308300399,-0.05090830397582517,0.016547377809817198,-0.01438683,0.061295411835937674,0.0372116706148092,0.08537915305706614,-0.00408995,-0.01118285,65.3,0.6,-2.239,-0.4500352941176472,0.5380229278159205,-1.438093516051215,4.6,0.2011453190559005,0.23181512537615567,-0.0418629267641929,0.5054931775165042,-0.531,-57.0
2026-10-06,NOW,"SERVICENOW, INC.",137.97,127.97,143.88,121.85,157.21,101.52,170.58,-1.4051724137931016,1.1935483870967745,-1.117755289788408,6.180000000000007,-4.6351372549019585,4.5756583133848485,-13.845932823188765,-0.00790912,-0.008471328274509816,-0.05234430087368673,0.035401644324667095,0.04271334,-0.01690351719367596,-0.08148828479132146,0.04768125040396955,-0.08001463,-0.059830961289062505,-0.0961346997174424,-0.02352722286068261,-0.01007747,-0.01389476,8.9,-2.06,0.196,-0.3095764705882354,0.6686793416050054,-1.287832282781476,67.3,0.3142201826934279,0.10716185761826821,-0.27652097734638237,0.49084469258291874,-0.5595,-57.0
2026-10-06,SHY,ISHARES:1-3 TRS BD ETF,81.13,80.42,81.71,77.52,84.2,77.42,85.24,-1.4901960784313397,-1.1758957654723097,1.1078167115902982,-0.7199999999999989,-1.4110588235294146,-1.1162733408845977,-1.7058443061742314,-0.0019943,-0.00047232913725490184,-0.0021878012419489726,0.0012431429674391687,-0.0076542,-0.0009857132806324101,-0.007845188195186436,0.0058737616339216165,0.00015143,0.003960175859375011,0.0013354656872205648,0.006584886031529458,-0.00090759,-0.00119183,25.8,-0.82,-1.909,-0.9329294117647055,-0.36236091942876947,-1.5034979041006413,7.7,0.31526118318127083,1.323576598756656,-0.20398222640329244,2.8511354239166042,-0.57575,-59.0
2026-10-06,TRMB,TRIMBLE INC.,60.95,55.67,60.28,52.62,66.51,48.02,70.15,-7.313432835820963,-1.4982014388489213,-1.4054347826086953,2.25,-4.288784313725488,-0.9902582033937288,-7.587310424057247,0.00775669,-0.008490215647058824,-0.031206775083556695,0.014226343789439046,0.02449601,-0.017575293320158142,-0.04057770659411938,0.005427119953803093,-0.02844939,-0.0028582709375000338,-0.028789140797984752,0.02307259892298468,0.00733818,-0.00140814,49.4,-0.14,0.441,-0.3109960784313724,0.5141377665836564,-1.136129923446401,80.0,0.7195203977099873,0.21514680453249704,-0.08071427112741955,0.5110078801924136,-0.60075,-61.0
2026-10-06,ICE,"INTERCONTINENTAL EXCHANGE, INC.",153.49,146.48,154.03,142.17,168.95,125.99,179.47,-4.6050955414013055,1.3657243816254372,-1.0585065434949972,5.180000000000007,-4.993568627450981,2.5473787149629095,-12.53451596986487,-0.01230308,-0.004856667803921568,-0.02873510599388397,0.019021770386040835,0.04159835,-0.017121215335968352,-0.04403334663787754,0.009790915965940835,-0.05525816,-0.012671875976562502,-0.03634649936379732,0.011002747410672321,0.00160507,-0.00470287,1.4,-2.94,-0.581,-0.1307137254901962,0.9745905545985594,-1.2360180055789518,37.9,0.5664553686307208,0.10475508666245407,-0.12003775054898187,0.32954792387389004,-0.59375,-61.0
2026-10-06,OTIS,OTIS WORLDWIDE ,66.45,61.73,66.29,59.35,69.2,56.22,75.31,-11.928571428571392,-2.5818181818181825,-1.1546275395033865,1.1300000000000097,-2.7105882352941193,-0.11248185963681578,-5.308694610951423,-0.02740254,-0.006964587960784315,-0.02318757744258854,0.00925840152101991,-0.0343815,-0.012794826561264825,-0.02829285473809253,0.0027032016155628807,-0.04395665,-0.008861051914062505,-0.02474271475810729,0.007020610929982282,-0.00528215,-0.00264063,91.9,2.01,-0.748,-0.3518,0.4483632530278202,-1.1519632530278203,31.2,0.1183591490155469,0.17309345498678125,-0.15073367710121038,0.4969205870747729,-0.6,-61.0
2026-10-06,COIN,"COINBASE GLOBAL, INC.",185.74,170.45,210.38,167.39,227.62,131.32,264.66,1.5805555555555544,2.2822888283378715,1.450202131569276,-23.53,-29.297764705882354,5.877639226896942,-64.47316863866165,-4.185e-05,-0.012937728039215684,-0.06616866097069152,0.04029320489226015,0.06038804,-0.051189200276679885,-0.11316573817553079,0.010787337622171017,-0.00531051,0.010348864609375076,-0.05939796845478343,0.08009569767353358,0.00299068,-0.00645203,4.2,-1.91,0.158,-0.2609999999999997,0.5525265507768616,-1.074526550776861,66.5,-0.14899573150520218,0.0018201153020494239,-0.2055727080083912,0.20921293861249005,-0.6085,-62.0
2026-10-06,TFC,TRUIST FINANCIAL ,46.25,44.03,47.01,42.7,49.34,40.16,55.56,-3.5901639344262293,-1.1488673139158554,1.5287356321839076,-2.1899999999999977,-2.5662352941176483,-0.7937056436628112,-4.338764944572485,-0.03686528,-0.0005812718039215683,-0.02206355481230531,0.02090101120446217,-0.02149624,0.0054668716205533594,-0.014332490232617973,0.025266233473724694,-0.00880856,0.013893451289062502,0.0016113431528706167,0.02617555942525439,-0.00187222,-0.00422472,17.5,-1.33,-1.615,0.08942745098039206,1.167682304512124,-0.9888274025513399,6.2,0.45530876099423656,0.2139846259557767,-0.08203402133603657,0.51000327324759,-0.621,-63.0
2026-10-06,WTW,WILLIS TOWERS WATSON,291.98,275.04,294.06,258.43,323.67,247.58,372.03,-7.48695652173929,-1.0586935941937523,1.8029279279279267,-16.549999999999955,-24.64278431372549,-11.473727387456542,-37.811841239994436,-0.0335643,-0.004747491098039219,-0.02981407222055984,0.020319090024481404,-0.00024387,-0.006742122015810291,-0.04021392775669937,0.02672968372507879,0.0125663,0.02379094117187499,0.006553309731792117,0.04102857261195786,-0.00118108,-0.01067972,21.6,-1.17,-1.682,-0.1267921568627453,0.8446320877031233,-1.098216401428614,5.0,0.336899563128118,0.10114423331946555,-0.24513216080871048,0.44742062744764155,-0.621,-63.0
2026-10-06,ABBV,ABBVIE INC.,266.69,255.3,271.15,248.12,282.45,227.63,307.62,-2.569196428571416,-1.178299492385787,1.0478750640040964,-11.5,-18.088627450980397,-10.910927344584636,-25.266327557376158,0.00400207,0.0027665777254901954,-0.014961698782599404,0.020494854233579794,0.00596492,0.008761045177865606,-0.020063525683074394,0.03758561603880561,0.0307024,0.03236894480468743,0.021421487612281062,0.0433164019970938,-0.00278808,-0.00128554,27.6,-1.16,1.396,0.1222235294117647,0.8507095937265736,-0.6062625349030442,95.8,0.8631453361282737,0.09295418142722012,-0.14612743074846604,0.33203579360290625,-0.621,-63.0
2026-10-06,FITB,FIFTH THIRD BANCORP,51.0,48.04,52.0,46.43,54.36,43.83,61.15,-3.5394736842105328,-1.360119047619048,1.4156206415620636,-2.8200000000000003,-3.3450980392156833,-1.4207090140256797,-5.269487064405687,-0.02873692,0.0013408843921568637,-0.022381119498601058,0.025062888282914784,-0.02338807,0.010884882885375483,-0.017768199726436725,0.03953796549718769,0.00622364,0.02668127273437491,0.017121152096655917,0.03624139337209391,-0.00130583,-0.00417884,26.4,-0.98,-1.214,0.10635294117647046,1.1498985293647117,-0.9371926470117707,9.3,0.30579064793140676,0.14046902639052977,-0.10512155466435052,0.38605960744541007,-0.621,-63.0
2026-10-06,BSX,BOSTON SCIENTIFIC ,42.19,41.59,44.47,38.05,47.18,33.88,54.46,2.0,1.205314009661836,1.476534296028882,0.36999999999999744,-5.633176470588246,-0.14079372566168402,-11.125559215514809,-0.00862208,-0.019222203137254902,-0.0461730047429032,0.0077285984683934,-0.02373318,-0.0430032750197629,-0.06608116407952572,-0.019925385960000076,-0.07120496,-0.007654092382812502,-0.05432530443122391,0.03901711966559891,-0.00235248,-0.00338545,10.5,-1.74,-0.682,-0.5588941176470595,0.32846865236032763,-1.4462568876544468,56.2,0.33963728307463725,0.1338429056081493,-0.28842810873982794,0.5561139199561265,-0.6225,-64.0
2026-10-06,LEN,LENNAR ,77.41,73.92,86.16,69.48,85.69,62.83,92.09,1.389097744360904,1.0441361916771763,1.006858710562415,-1.25,-2.429411764705879,4.172913527107313,-9.03173705651907,-0.014051,-0.011018066784313722,-0.03740249736642577,0.015366363797798325,-0.0414947,-0.024853249051383395,-0.052140292574871,0.0024337944721042164,-0.09676594,-0.046497067070312446,-0.08450241821720832,-0.008491715923416576,-0.00072522,-0.00399867,97.8,2.22,-0.297,-0.4384705882352942,0.4193758995307208,-1.2963170760013092,48.6,-0.0645175431890922,0.1343468172448655,-0.11096368604409024,0.37965732053382123,-0.63025,-64.0
2026-10-06,MO,"ALTRIA GROUP, INC.",68.55,64.87,68.91,62.03,73.9,60.42,80.52,-14.076923076922787,-1.218691588785044,1.4723247232472332,-4.829999999999998,-7.274980392156859,-5.003836715068987,-9.546124069244732,-0.01330899,0.00020325992156862646,-0.019175043192262136,0.01958156303539939,0.00209744,0.007951419011857695,-0.018757111541190433,0.034659949564905826,0.04763668,0.06249019468750011,0.05264531825084469,0.07233507112415553,-0.00263782,-0.00367923,26.4,-1.01,0.055,0.00617647058823534,0.8130300344149902,-0.8006770932385195,50.6,0.4710697041649581,0.015166192316196264,-0.3675979667425659,0.3979303513749584,-0.6225,-64.0
2026-10-06,KR,THE KROGER CO.,58.41,56.76,62.02,55.4,63.28,51.23,68.53,1.2311827956989285,1.6179401993355507,1.4094707520891372,-4.060000000000002,-5.28490196078431,-3.119775923328982,-7.450027998239639,-0.00986273,-0.004791245647058828,-0.02381871117680555,0.014236219882687891,0.00745047,-0.008938347272727276,-0.03207546343732097,0.01419876889186642,0.00819408,0.03103812160156241,0.013623730094291329,0.048452513108833486,-0.01209295,-0.00454661,67.7,1.2,0.2,-0.15713725490196068,0.5404677599004517,-0.854742269704373,67.9,-0.1083487481704426,0.052584448440656816,-0.19284018737168326,0.2980090842529969,-0.721,-74.0
2026-10-06,PLTR,PALANTIR TECHNOLOGIES INC.,192.07,186.6,202.43,170.17,226.9,154.42,264.18,2.3142250530785677,1.5904109589041098,1.9152722443559098,-38.74000000000001,-50.57976470588237,-32.583303331721545,-68.5762260800432,0.04363236,-0.0002658695294117619,-0.04572973183756859,0.04519799277874507,0.06311193,-0.005444322885375496,-0.04738692221616688,0.03649827644541589,0.17666664,0.21451124656250067,0.17992413923536224,0.2490983538896391,-0.00218201,-0.00798977,1.4,-3.07,1.537,-0.009788235294117617,0.7899276900683637,-0.809504160656599,97.8,1.0753394367832922,0.0315574420080636,-0.2992930931969129,0.3624079772130401,-0.746,-76.0
2026-10-06,ISRG,"INTUITIVE SURGICAL, INC.",404.76,387.39,427.62,341.38,455.22,309.35,465.88,1.1783960720130955,-1.2560443915973039,-1.5610274869109941,8.829999999999984,-33.06082352941175,-3.512943945559961,-62.60870311326354,0.01977379,-0.003882799607843143,-0.033793424430958244,0.026027825215271954,-0.03626241,-0.01688237015810277,-0.0618467273446872,0.02808198702848166,-0.0521493,0.00839982359374999,-0.027799809988594767,0.044599457176094745,-0.00237011,-0.01124721,57.1,0.31,1.582,-0.2299176470588238,0.6785482209564652,-1.1383835150741128,97.8,0.40627016242661784,0.1709361713741929,-0.2864421085638684,0.6283144513122542,-0.7595,-77.0
2026-10-06,SNPS,"SYNOPSYS, INC.",505.17,445.99,540.8,392.5,577.86,332.73,560.95,1.5416423995340696,-1.5500068785252445,-3.0914306202940107,42.400000000000034,-7.347137254901967,20.588795706677153,-35.283070216481086,0.0874271,-0.003398549176470591,-0.040268963033361915,0.03347186468042074,0.01590926,-0.03652451193675885,-0.1085542083503131,0.035505184476795404,-0.05255634,-0.05178632625000008,-0.06402671779236922,-0.039545934707630924,0.01652787,-0.00295134,43.5,-0.59,1.573,-0.0985098039215686,0.9048547048696933,-1.1018743127128305,94.0,-0.251153562415825,0.15725852003963753,-0.1847162648448762,0.49923330492415124,-0.7835,-80.0
2026-10-06,XLC,SEL SECTOR:COMM SVC SPDR,111.65,107.98,113.42,102.28,120.95,99.5,126.43,-2.5395683453237408,-1.0075268817204308,1.2164609053497937,-3.1199999999999903,-6.353803921568626,-3.7582548768977984,-8.949352966239454,-0.0071941,-0.0014635411372549013,-0.011448520089922531,0.00852143781541273,0.00097699,-0.005801858418972334,-0.014407157894351225,0.0028034410564065568,0.00484527,0.025934116875000128,0.012570145529799296,0.039298088220200963,-0.00106103,-0.00511093,50.6,0.5,-0.032,-0.1538196078431371,0.598022779366157,-0.9056619950524312,57.7,-0.09726576599441583,0.30296531648854214,-0.14284450405772797,0.7487751370348122,-0.79125,-81.0
2026-10-06,META,"META PLATFORMS, INC.",738.88,704.04,793.82,664.0,831.89,536.15,916.58,1.8197823303457108,1.2421207264957264,-1.1408553742262237,-28.340000000000032,-59.54678431372549,-13.547094287247752,-105.54647434020322,0.04044389,-0.0014956958823529383,-0.03565595227998103,0.03266456051527515,0.0236481,-0.012066041581027682,-0.0369043185986362,0.012772235436580836,0.00727996,0.028108470820312557,-0.0033202143041367246,0.05953715594476184,-0.00094809,-0.01893959,68.1,1.1,1.139,-0.12623921568627447,0.7767933009016555,-1.0292717322742044,91.9,-0.2833902274521575,0.04395942682763351,-0.3594006893411851,0.44731954299645216,-0.84225,-86.0
2026-10-06,ADSK,"AUTODESK, INC.",231.28,201.07,226.27,191.86,251.44,172.11,272.7,-79.00000000000169,-1.9553571428571426,-1.4285369386769677,18.460000000000008,-12.877803921568628,0.21919960815010242,-25.974807451287358,-0.00131262,-0.009627925176470585,-0.04190894618148003,0.02265309582853886,0.03131026,-0.013337933399209495,-0.04731951318125743,0.020643646382838443,-0.05883144,-0.02021832585937504,-0.04806884577251279,0.007632194053762715,-0.00060232,-0.00083359,6.2,-2.08,0.657,-0.34620392156862756,0.5271019556030945,-1.2195097987403496,82.7,-0.08082703906629018,0.17815678983615238,-0.11974178228603002,0.47605536195833476,-0.86325,-88.0
2026-10-06,GDDY,GODADDY INC.,98.18,91.07,104.06,86.7,109.0,72.82,120.07,1.0182421227197322,-1.0609981515711655,-1.1585198720877126,7.1200000000000045,-3.6573333333333324,4.181543832632283,-11.496210499298948,0.01316412,-0.011406354156862747,-0.040243300922566685,0.017430592608841194,0.01285213,-0.051692511146245054,-0.09280408074143537,-0.010580941551054733,-0.11362137,-0.05444041742187508,-0.11323958263476494,0.004358747791014771,-0.00221115,-0.0055375,58.9,0.79,0.296,-0.4115294117647059,0.5402426808381013,-1.3633015043675132,78.0,-0.08741266680007453,0.19713807492280633,-0.22062301695174452,0.6148991667973571,-0.9345,-95.0
