Date,Ticker,monthly_range,monthly_range_avg,monthly_range_hi,monthly_range_lo
2025-10-01,A,21.3,25.0,49.3,0.6
2025-11-01,A,20.0,25.0,49.3,0.6
2025-12-01,A,17.9,25.0,49.3,0.6
2026-01-01,A,20.5,25.0,49.3,0.6
2026-02-01,A,23.4,25.0,49.3,0.6
2026-03-01,A,11.3,25.0,49.3,0.6
2026-04-01,A,14.6,25.0,49.3,0.6
2026-05-01,A,31.0,25.0,49.3,0.6
2026-06-01,A,17.4,25.0,49.3,0.6
2026-07-01,A,17.4,25.0,49.3,0.6
2026-08-01,A,27.1,25.0,49.3,0.6
2026-09-01,A,35.8,25.0,49.3,0.6
2026-10-01,A,176.4,25.0,49.3,0.6
2025-10-01,AAPL,33.3,38.7,86.1,-8.6
2025-11-01,AAPL,15.1,38.7,86.1,-8.6
2025-12-01,AAPL,21.7,38.7,86.1,-8.6
2026-01-01,AAPL,34.4,38.7,86.1,-8.6
2026-02-01,AAPL,25.5,38.7,86.1,-8.6
2026-03-01,AAPL,21.0,38.7,86.1,-8.6
2026-04-01,AAPL,30.3,38.7,86.1,-8.6
2026-05-01,AAPL,40.1,38.7,86.1,-8.6
2026-06-01,AAPL,43.7,38.7,86.1,-8.6
2026-07-01,AAPL,55.4,38.7,86.1,-8.6
2026-08-01,AAPL,21.8,38.7,86.1,-8.6
2026-09-01,AAPL,35.4,38.7,86.1,-8.6
2026-10-01,AAPL,336.2,38.7,86.1,-8.6
2025-10-01,ABBV,28.8,33.2,70.6,-4.2
2025-11-01,ABBV,27.6,33.2,70.6,-4.2
2025-12-01,ABBV,11.8,33.2,70.6,-4.2
2026-01-01,ABBV,27.1,33.2,70.6,-4.2
2026-02-01,ABBV,31.0,33.2,70.6,-4.2
2026-03-01,ABBV,35.3,33.2,70.6,-4.2
2026-04-01,ABBV,29.7,33.2,70.6,-4.2
2026-05-01,ABBV,20.0,33.2,70.6,-4.2
2026-06-01,ABBV,47.0,33.2,70.6,-4.2
2026-07-01,ABBV,24.4,33.2,70.6,-4.2
2026-08-01,ABBV,25.8,33.2,70.6,-4.2
2026-09-01,ABBV,22.6,33.2,70.6,-4.2
2026-10-01,ABBV,268.9,33.2,70.6,-4.2
2025-10-01,ABNB,13.7,26.4,49.7,3.1
2025-11-01,ABNB,16.5,26.4,49.7,3.1
2025-12-01,ABNB,22.9,26.4,49.7,3.1
2026-01-01,ABNB,13.6,26.4,49.7,3.1
2026-02-01,ABNB,22.0,26.4,49.7,3.1
2026-03-01,ABNB,16.5,26.4,49.7,3.1
2026-04-01,ABNB,25.7,26.4,49.7,3.1
2026-05-01,ABNB,18.8,26.4,49.7,3.1
2026-06-01,ABNB,23.0,26.4,49.7,3.1
2026-07-01,ABNB,20.8,26.4,49.7,3.1
2026-08-01,ABNB,44.8,26.4,49.7,3.1
2026-09-01,ABNB,38.4,26.4,49.7,3.1
2026-10-01,ABNB,164.9,26.4,49.7,3.1
2025-10-01,ABT,12.8,15.8,29.8,1.8
2025-11-01,ABT,9.9,15.8,29.8,1.8
2025-12-01,ABT,9.2,15.8,29.8,1.8
2026-01-01,ABT,24.2,15.8,29.8,1.8
2026-02-01,ABT,10.6,15.8,29.8,1.8
2026-03-01,ABT,15.0,15.8,29.8,1.8
2026-04-01,ABT,13.6,15.8,29.8,1.8
2026-05-01,ABT,9.0,15.8,29.8,1.8
2026-06-01,ABT,9.6,15.8,29.8,1.8
2026-07-01,ABT,22.4,15.8,29.8,1.8
2026-08-01,ABT,13.1,15.8,29.8,1.8
2026-09-01,ABT,15.2,15.8,29.8,1.8
2026-10-01,ABT,101.0,15.8,29.8,1.8
2025-10-01,ACGL,12.4,11.0,24.2,-2.3
2025-11-01,ACGL,10.2,11.0,24.2,-2.3
2025-12-01,ACGL,7.1,11.0,24.2,-2.3
2026-01-01,ACGL,6.8,11.0,24.2,-2.3
2026-02-01,ACGL,8.6,11.0,24.2,-2.3
2026-03-01,ACGL,10.5,11.0,24.2,-2.3
2026-04-01,ACGL,8.2,11.0,24.2,-2.3
2026-05-01,ACGL,8.6,11.0,24.2,-2.3
2026-06-01,ACGL,11.8,11.0,24.2,-2.3
2026-07-01,ACGL,9.8,11.0,24.2,-2.3
2026-08-01,ACGL,5.0,11.0,24.2,-2.3
2026-09-01,ACGL,8.2,11.0,24.2,-2.3
2026-10-01,ACGL,95.3,11.0,24.2,-2.3
2025-10-01,ACN,21.8,42.9,77.6,8.3
2025-11-01,ACN,16.5,42.9,77.6,8.3
2025-12-01,ACN,30.1,42.9,77.6,8.3
2026-01-01,ACN,33.7,42.9,77.6,8.3
2026-02-01,ACN,80.4,42.9,77.6,8.3
2026-03-01,ACN,31.6,42.9,77.6,8.3
2026-04-01,ACN,28.5,42.9,77.6,8.3
2026-05-01,ACN,32.4,42.9,77.6,8.3
2026-06-01,ACN,79.9,42.9,77.6,8.3
2026-07-01,ACN,50.4,42.9,77.6,8.3
2026-08-01,ACN,34.1,42.9,77.6,8.3
2026-09-01,ACN,25.5,42.9,77.6,8.3
2026-10-01,ACN,227.6,42.9,77.6,8.3
2025-10-01,ADBE,36.2,56.2,89.9,22.5
2025-11-01,ADBE,30.9,56.2,89.9,22.5
2025-12-01,ADBE,46.6,56.2,89.9,22.5
2026-01-01,ADBE,66.5,56.2,89.9,22.5
2026-02-01,ADBE,55.1,56.2,89.9,22.5
2026-03-01,ADBE,52.2,56.2,89.9,22.5
2026-04-01,ADBE,34.6,56.2,89.9,22.5
2026-05-01,ADBE,33.4,56.2,89.9,22.5
2026-06-01,ADBE,85.3,56.2,89.9,22.5
2026-07-01,ADBE,59.2,56.2,89.9,22.5
2026-08-01,ADBE,48.7,56.2,89.9,22.5
2026-09-01,ADBE,69.9,56.2,89.9,22.5
2026-10-01,ADBE,248.3,56.2,89.9,22.5
2025-10-01,ADI,24.1,59.6,118.9,0.3
2025-11-01,ADI,42.3,59.6,118.9,0.3
2025-12-01,ADI,22.2,59.6,118.9,0.3
2026-01-01,ADI,48.8,59.6,118.9,0.3
2026-02-01,ADI,56.3,59.6,118.9,0.3
2026-03-01,ADI,55.5,59.6,118.9,0.3
2026-04-01,ADI,98.6,59.6,118.9,0.3
2026-05-01,ADI,54.5,59.6,118.9,0.3
2026-06-01,ADI,63.1,59.6,118.9,0.3
2026-07-01,ADI,48.0,59.6,118.9,0.3
2026-08-01,ADI,43.8,59.6,118.9,0.3
2026-09-01,ADI,57.4,59.6,118.9,0.3
2026-10-01,ADI,422.7,59.6,118.9,0.3
2025-10-01,ADM,6.8,11.0,22.5,-0.6
2025-11-01,ADM,6.3,11.0,22.5,-0.6
2025-12-01,ADM,4.2,11.0,22.5,-0.6
2026-01-01,ADM,12.5,11.0,22.5,-0.6
2026-02-01,ADM,7.7,11.0,22.5,-0.6
2026-03-01,ADM,9.1,11.0,22.5,-0.6
2026-04-01,ADM,9.7,11.0,22.5,-0.6
2026-05-01,ADM,9.0,11.0,22.5,-0.6
2026-06-01,ADM,13.8,11.0,22.5,-0.6
2026-07-01,ADM,13.2,11.0,22.5,-0.6
2026-08-01,ADM,8.1,11.0,22.5,-0.6
2026-09-01,ADM,10.2,11.0,22.5,-0.6
2026-10-01,ADM,83.2,11.0,22.5,-0.6
2025-10-01,ADP,35.5,34.3,71.9,-3.2
2025-11-01,ADP,15.1,34.3,71.9,-3.2
2025-12-01,ADP,14.7,34.3,71.9,-3.2
2026-01-01,ADP,24.4,34.3,71.9,-3.2
2026-02-01,ADP,46.7,34.3,71.9,-3.2
2026-03-01,ADP,27.9,34.3,71.9,-3.2
2026-04-01,ADP,27.0,34.3,71.9,-3.2
2026-05-01,ADP,22.9,34.3,71.9,-3.2
2026-06-01,ADP,23.3,34.3,71.9,-3.2
2026-07-01,ADP,52.3,34.3,71.9,-3.2
2026-08-01,ADP,24.5,34.3,71.9,-3.2
2026-09-01,ADP,30.3,34.3,71.9,-3.2
2026-10-01,ADP,266.5,34.3,71.9,-3.2
2025-10-01,ADSK,31.0,46.4,77.4,15.4
2025-11-01,ADSK,33.7,46.4,77.4,15.4
2025-12-01,ADSK,20.7,46.4,77.4,15.4
2026-01-01,ADSK,49.6,46.4,77.4,15.4
2026-02-01,ADSK,44.7,46.4,77.4,15.4
2026-03-01,ADSK,35.5,46.4,77.4,15.4
2026-04-01,ADSK,36.8,46.4,77.4,15.4
2026-05-01,ADSK,38.1,46.4,77.4,15.4
2026-06-01,ADSK,65.0,46.4,77.4,15.4
2026-07-01,ADSK,51.1,46.4,77.4,15.4
2026-08-01,ADSK,42.0,46.4,77.4,15.4
2026-09-01,ADSK,57.2,46.4,77.4,15.4
2026-10-01,ADSK,231.6,46.4,77.4,15.4
2025-10-01,AEE,5.1,10.7,24.9,-3.6
2025-11-01,AEE,6.5,10.7,24.9,-3.6
2025-12-01,AEE,9.5,10.7,24.9,-3.6
2026-01-01,AEE,7.0,10.7,24.9,-3.6
2026-02-01,AEE,11.3,10.7,24.9,-3.6
2026-03-01,AEE,8.3,10.7,24.9,-3.6
2026-04-01,AEE,7.0,10.7,24.9,-3.6
2026-05-01,AEE,9.8,10.7,24.9,-3.6
2026-06-01,AEE,13.3,10.7,24.9,-3.6
2026-07-01,AEE,9.2,10.7,24.9,-3.6
2026-08-01,AEE,6.2,10.7,24.9,-3.6
2026-09-01,AEE,9.2,10.7,24.9,-3.6
2026-10-01,AEE,101.7,10.7,24.9,-3.6
2025-10-01,AEP,11.1,13.6,30.6,-3.5
2025-11-01,AEP,6.6,13.6,30.6,-3.5
2025-12-01,AEP,9.6,13.6,30.6,-3.5
2026-01-01,AEP,8.3,13.6,30.6,-3.5
2026-02-01,AEP,16.5,13.6,30.6,-3.5
2026-03-01,AEP,9.9,13.6,30.6,-3.5
2026-04-01,AEP,7.2,13.6,30.6,-3.5
2026-05-01,AEP,14.8,13.6,30.6,-3.5
2026-06-01,AEP,15.6,13.6,30.6,-3.5
2026-07-01,AEP,13.8,13.6,30.6,-3.5
2026-08-01,AEP,8.8,13.6,30.6,-3.5
2026-09-01,AEP,9.6,13.6,30.6,-3.5
2026-10-01,AEP,121.8,13.6,30.6,-3.5
2025-10-01,AES,2.0,1.3,3.6,-1.0
2025-11-01,AES,1.4,1.3,3.6,-1.0
2025-12-01,AES,1.2,1.3,3.6,-1.0
2026-01-01,AES,1.7,1.3,3.6,-1.0
2026-02-01,AES,3.1,1.3,3.6,-1.0
2026-03-01,AES,0.4,1.3,3.6,-1.0
2026-04-01,AES,0.5,1.3,3.6,-1.0
2026-05-01,AES,0.5,1.3,3.6,-1.0
2026-06-01,AES,0.2,1.3,3.6,-1.0
2026-07-01,AES,0.4,1.3,3.6,-1.0
2026-08-01,AES,0.1,1.3,3.6,-1.0
2026-09-01,AES,0.2,1.3,3.6,-1.0
2026-10-01,AES,14.9,1.3,3.6,-1.0
2025-10-01,AFL,8.5,11.3,27.4,-4.7
2025-11-01,AFL,10.4,11.3,27.4,-4.7
2025-12-01,AFL,5.0,11.3,27.4,-4.7
2026-01-01,AFL,6.6,11.3,27.4,-4.7
2026-02-01,AFL,9.0,11.3,27.4,-4.7
2026-03-01,AFL,8.5,11.3,27.4,-4.7
2026-04-01,AFL,8.1,11.3,27.4,-4.7
2026-05-01,AFL,8.1,11.3,27.4,-4.7
2026-06-01,AFL,9.8,11.3,27.4,-4.7
2026-07-01,AFL,12.7,11.3,27.4,-4.7
2026-08-01,AFL,12.6,11.3,27.4,-4.7
2026-09-01,AFL,7.5,11.3,27.4,-4.7
2026-10-01,AFL,113.9,11.3,27.4,-4.7
2025-10-01,AIG,7.7,9.5,20.1,-1.2
2025-11-01,AIG,7.3,9.5,20.1,-1.2
2025-12-01,AIG,11.7,9.5,20.1,-1.2
2026-01-01,AIG,14.4,9.5,20.1,-1.2
2026-02-01,AIG,7.9,9.5,20.1,-1.2
2026-03-01,AIG,8.7,9.5,20.1,-1.2
2026-04-01,AIG,6.6,9.5,20.1,-1.2
2026-05-01,AIG,5.8,9.5,20.1,-1.2
2026-06-01,AIG,5.9,9.5,20.1,-1.2
2026-07-01,AIG,7.3,9.5,20.1,-1.2
2026-08-01,AIG,6.0,9.5,20.1,-1.2
2026-09-01,AIG,4.9,9.5,20.1,-1.2
2026-10-01,AIG,76.4,9.5,20.1,-1.2
2025-10-01,AIZ,17.6,30.0,68.0,-8.0
2025-11-01,AIZ,24.2,30.0,68.0,-8.0
2025-12-01,AIZ,24.2,30.0,68.0,-8.0
2026-01-01,AIZ,10.6,30.0,68.0,-8.0
2026-02-01,AIZ,36.5,30.0,68.0,-8.0
2026-03-01,AIZ,25.1,30.0,68.0,-8.0
2026-04-01,AIZ,23.7,30.0,68.0,-8.0
2026-05-01,AIZ,34.4,30.0,68.0,-8.0
2026-06-01,AIZ,24.2,30.0,68.0,-8.0
2026-07-01,AIZ,15.2,30.0,68.0,-8.0
2026-08-01,AIZ,29.6,30.0,68.0,-8.0
2026-09-01,AIZ,28.1,30.0,68.0,-8.0
2026-10-01,AIZ,271.3,30.0,68.0,-8.0
2025-10-01,AJG,70.8,41.6,74.7,8.4
2025-11-01,AJG,23.1,41.6,74.7,8.4
2025-12-01,AJG,27.5,41.6,74.7,8.4
2026-01-01,AJG,30.3,41.6,74.7,8.4
2026-02-01,AJG,60.2,41.6,74.7,8.4
2026-03-01,AJG,27.9,41.6,74.7,8.4
2026-04-01,AJG,23.8,41.6,74.7,8.4
2026-05-01,AJG,28.1,41.6,74.7,8.4
2026-06-01,AJG,30.9,41.6,74.7,8.4
2026-07-01,AJG,40.4,41.6,74.7,8.4
2026-08-01,AJG,32.0,41.6,74.7,8.4
2026-09-01,AJG,46.2,41.6,74.7,8.4
2026-10-01,AJG,234.1,41.6,74.7,8.4
2025-10-01,AKAM,6.7,29.1,49.7,8.6
2025-11-01,AKAM,21.2,29.1,49.7,8.6
2025-12-01,AKAM,8.1,29.1,49.7,8.6
2026-01-01,AKAM,20.4,29.1,49.7,8.6
2026-02-01,AKAM,22.6,29.1,49.7,8.6
2026-03-01,AKAM,25.8,29.1,49.7,8.6
2026-04-01,AKAM,29.7,29.1,49.7,8.6
2026-05-01,AKAM,63.8,29.1,49.7,8.6
2026-06-01,AKAM,56.0,29.1,49.7,8.6
2026-07-01,AKAM,24.0,29.1,49.7,8.6
2026-08-01,AKAM,23.0,29.1,49.7,8.6
2026-09-01,AKAM,27.7,29.1,49.7,8.6
2026-10-01,AKAM,113.1,29.1,49.7,8.6
2025-10-01,ALB,25.0,41.0,55.5,26.5
2025-11-01,ALB,42.6,41.0,55.5,26.5
2025-12-01,ALB,34.5,41.0,55.5,26.5
2026-01-01,ALB,54.3,41.0,55.5,26.5
2026-02-01,ALB,50.0,41.0,55.5,26.5
2026-03-01,ALB,32.3,41.0,55.5,26.5
2026-04-01,ALB,45.4,41.0,55.5,26.5
2026-05-01,ALB,55.3,41.0,55.5,26.5
2026-06-01,ALB,48.9,41.0,55.5,26.5
2026-07-01,ALB,28.3,41.0,55.5,26.5
2026-08-01,ALB,28.5,41.0,55.5,26.5
2026-09-01,ALB,33.4,41.0,55.5,26.5
2026-10-01,ALB,107.6,41.0,55.5,26.5
2025-10-01,ALGN,25.9,29.9,49.1,10.6
2025-11-01,ALGN,22.8,29.9,49.1,10.6
2025-12-01,ALGN,23.0,29.9,49.1,10.6
2026-01-01,ALGN,20.1,29.9,49.1,10.6
2026-02-01,ALGN,44.2,29.9,49.1,10.6
2026-03-01,ALGN,27.1,29.9,49.1,10.6
2026-04-01,ALGN,36.4,29.9,49.1,10.6
2026-05-01,ALGN,27.8,29.9,49.1,10.6
2026-06-01,ALGN,24.3,29.9,49.1,10.6
2026-07-01,ALGN,26.2,29.9,49.1,10.6
2026-08-01,ALGN,27.7,29.9,49.1,10.6
2026-09-01,ALGN,20.7,29.9,49.1,10.6
2026-10-01,ALGN,147.1,29.9,49.1,10.6
2025-10-01,ALL,26.4,30.7,62.5,-1.2
2025-11-01,ALL,27.7,30.7,62.5,-1.2
2025-12-01,ALL,14.3,30.7,62.5,-1.2
2026-01-01,ALL,23.9,30.7,62.5,-1.2
2026-02-01,ALL,18.6,30.7,62.5,-1.2
2026-03-01,ALL,13.5,30.7,62.5,-1.2
2026-04-01,ALL,16.1,30.7,62.5,-1.2
2026-05-01,ALL,22.8,30.7,62.5,-1.2
2026-06-01,ALL,40.5,30.7,62.5,-1.2
2026-07-01,ALL,41.0,30.7,62.5,-1.2
2026-08-01,ALL,22.6,30.7,62.5,-1.2
2026-09-01,ALL,44.6,30.7,62.5,-1.2
2026-10-01,ALL,225.3,30.7,62.5,-1.2
2025-10-01,ALLE,16.5,19.8,42.2,-2.7
2025-11-01,ALLE,10.7,19.8,42.2,-2.7
2025-12-01,ALLE,9.9,19.8,42.2,-2.7
2026-01-01,ALLE,11.0,19.8,42.2,-2.7
2026-02-01,ALLE,29.6,19.8,42.2,-2.7
2026-03-01,ALLE,22.0,19.8,42.2,-2.7
2026-04-01,ALLE,13.9,19.8,42.2,-2.7
2026-05-01,ALLE,13.1,19.8,42.2,-2.7
2026-06-01,ALLE,15.1,19.8,42.2,-2.7
2026-07-01,ALLE,31.4,19.8,42.2,-2.7
2026-08-01,ALLE,16.3,19.8,42.2,-2.7
2026-09-01,ALLE,7.9,19.8,42.2,-2.7
2026-10-01,ALLE,157.3,19.8,42.2,-2.7
2025-10-01,AMAT,38.9,118.9,223.7,14.2
2025-11-01,AMAT,49.3,118.9,223.7,14.2
2025-12-01,AMAT,29.2,118.9,223.7,14.2
2026-01-01,AMAT,79.5,118.9,223.7,14.2
2026-02-01,AMAT,108.5,118.9,223.7,14.2
2026-03-01,AMAT,63.3,118.9,223.7,14.2
2026-04-01,AMAT,83.3,118.9,223.7,14.2
2026-05-01,AMAT,76.8,118.9,223.7,14.2
2026-06-01,AMAT,301.5,118.9,223.7,14.2
2026-07-01,AMAT,257.5,118.9,223.7,14.2
2026-08-01,AMAT,109.9,118.9,223.7,14.2
2026-09-01,AMAT,103.9,118.9,223.7,14.2
2026-10-01,AMAT,547.3,118.9,223.7,14.2
2025-10-01,AMCR,3.7,6.3,12.2,0.4
2025-11-01,AMCR,5.0,6.3,12.2,0.4
2025-12-01,AMCR,2.5,6.3,12.2,0.4
2026-01-01,AMCR,4.6,6.3,12.2,0.4
2026-02-01,AMCR,7.6,6.3,12.2,0.4
2026-03-01,AMCR,10.3,6.3,12.2,0.4
2026-04-01,AMCR,5.3,6.3,12.2,0.4
2026-05-01,AMCR,5.1,6.3,12.2,0.4
2026-06-01,AMCR,6.4,6.3,12.2,0.4
2026-07-01,AMCR,5.5,6.3,12.2,0.4
2026-08-01,AMCR,4.1,6.3,12.2,0.4
2026-09-01,AMCR,5.4,6.3,12.2,0.4
2026-10-01,AMCR,42.4,6.3,12.2,0.4
2025-10-01,AMD,106.6,120.0,220.4,19.5
2025-11-01,AMD,69.2,120.0,220.4,19.5
2025-12-01,AMD,28.5,120.0,220.4,19.5
2026-01-01,AMD,67.2,120.0,220.4,19.5
2026-02-01,AMD,61.9,120.0,220.4,19.5
2026-03-01,AMD,33.1,120.0,220.4,19.5
2026-04-01,AMD,154.3,120.0,220.4,19.5
2026-05-01,AMD,188.5,120.0,220.4,19.5
2026-06-01,AMD,147.5,120.0,220.4,19.5
2026-07-01,AMD,150.2,120.0,220.4,19.5
2026-08-01,AMD,79.1,120.0,220.4,19.5
2026-09-01,AMD,198.5,120.0,220.4,19.5
2026-10-01,AMD,658.5,120.0,220.4,19.5
2025-10-01,AME,24.9,28.5,64.1,-7.1
2025-11-01,AME,14.0,28.5,64.1,-7.1
2025-12-01,AME,14.8,28.5,64.1,-7.1
2026-01-01,AME,22.7,28.5,64.1,-7.1
2026-02-01,AME,17.5,28.5,64.1,-7.1
2026-03-01,AME,34.7,28.5,64.1,-7.1
2026-04-01,AME,29.5,28.5,64.1,-7.1
2026-05-01,AME,23.2,28.5,64.1,-7.1
2026-06-01,AME,24.6,28.5,64.1,-7.1
2026-07-01,AME,18.5,28.5,64.1,-7.1
2026-08-01,AME,26.8,28.5,64.1,-7.1
2026-09-01,AME,24.6,28.5,64.1,-7.1
2026-10-01,AME,255.4,28.5,64.1,-7.1
2025-10-01,AMGN,20.9,51.8,111.5,-7.9
2025-11-01,AMGN,53.7,51.8,111.5,-7.9
2025-12-01,AMGN,34.0,51.8,111.5,-7.9
2026-01-01,AMGN,35.0,51.8,111.5,-7.9
2026-02-01,AMGN,51.6,51.8,111.5,-7.9
2026-03-01,AMGN,46.3,51.8,111.5,-7.9
2026-04-01,AMGN,25.9,51.8,111.5,-7.9
2026-05-01,AMGN,23.3,51.8,111.5,-7.9
2026-06-01,AMGN,40.8,51.8,111.5,-7.9
2026-07-01,AMGN,44.1,51.8,111.5,-7.9
2026-08-01,AMGN,71.1,51.8,111.5,-7.9
2026-09-01,AMGN,71.4,51.8,111.5,-7.9
2026-10-01,AMGN,422.8,51.8,111.5,-7.9
2025-10-01,AMP,58.3,71.2,140.7,1.6
2025-11-01,AMP,43.5,71.2,140.7,1.6
2025-12-01,AMP,59.1,71.2,140.7,1.6
2026-01-01,AMP,56.0,71.2,140.7,1.6
2026-02-01,AMP,101.6,71.2,140.7,1.6
2026-03-01,AMP,47.8,71.2,140.7,1.6
2026-04-01,AMP,64.7,71.2,140.7,1.6
2026-05-01,AMP,42.8,71.2,140.7,1.6
2026-06-01,AMP,44.3,71.2,140.7,1.6
2026-07-01,AMP,96.1,71.2,140.7,1.6
2026-08-01,AMP,28.6,71.2,140.7,1.6
2026-09-01,AMP,89.4,71.2,140.7,1.6
2026-10-01,AMP,497.9,71.2,140.7,1.6
2025-10-01,AMT,17.6,23.1,46.0,0.3
2025-11-01,AMT,10.4,23.1,46.0,0.3
2025-12-01,AMT,13.8,23.1,46.0,0.3
2026-01-01,AMT,17.3,23.1,46.0,0.3
2026-02-01,AMT,26.8,23.1,46.0,0.3
2026-03-01,AMT,27.2,23.1,46.0,0.3
2026-04-01,AMT,13.6,23.1,46.0,0.3
2026-05-01,AMT,21.2,23.1,46.0,0.3
2026-06-01,AMT,33.7,23.1,46.0,0.3
2026-07-01,AMT,20.3,23.1,46.0,0.3
2026-08-01,AMT,18.5,23.1,46.0,0.3
2026-09-01,AMT,16.5,23.1,46.0,0.3
2026-10-01,AMT,165.2,23.1,46.0,0.3
2025-10-01,AMZN,39.5,40.6,77.2,3.9
2025-11-01,AMZN,43.4,40.6,77.2,3.9
2025-12-01,AMZN,18.0,40.6,77.2,3.9
2026-01-01,AMZN,24.2,40.6,77.2,3.9
2026-02-01,AMZN,50.4,40.6,77.2,3.9
2026-03-01,AMZN,21.3,40.6,77.2,3.9
2026-04-01,AMZN,69.0,40.6,77.2,3.9
2026-05-01,AMZN,23.4,40.6,77.2,3.9
2026-06-01,AMZN,41.1,40.6,77.2,3.9
2026-07-01,AMZN,47.1,40.6,77.2,3.9
2026-08-01,AMZN,32.2,40.6,77.2,3.9
2026-09-01,AMZN,16.8,40.6,77.2,3.9
2026-10-01,AMZN,256.7,40.6,77.2,3.9
2025-10-01,ANET,28.2,38.5,68.2,8.7
2025-11-01,ANET,46.4,38.5,68.2,8.7
2025-12-01,ANET,14.8,38.5,68.2,8.7
2026-01-01,ANET,31.8,38.5,68.2,8.7
2026-02-01,ANET,24.4,38.5,68.2,8.7
2026-03-01,ANET,26.4,38.5,68.2,8.7
2026-04-01,ANET,60.0,38.5,68.2,8.7
2026-05-01,ANET,44.0,38.5,68.2,8.7
2026-06-01,ANET,32.2,38.5,68.2,8.7
2026-07-01,ANET,33.2,38.5,68.2,8.7
2026-08-01,ANET,41.4,38.5,68.2,8.7
2026-09-01,ANET,30.7,38.5,68.2,8.7
2026-10-01,ANET,216.1,38.5,68.2,8.7
2025-10-01,AON,46.0,44.1,83.1,5.1
2025-11-01,AON,24.5,44.1,83.1,5.1
2025-12-01,AON,22.1,44.1,83.1,5.1
2026-01-01,AON,29.5,44.1,83.1,5.1
2026-02-01,AON,53.5,44.1,83.1,5.1
2026-03-01,AON,32.6,44.1,83.1,5.1
2026-04-01,AON,31.0,44.1,83.1,5.1
2026-05-01,AON,23.7,44.1,83.1,5.1
2026-06-01,AON,29.7,44.1,83.1,5.1
2026-07-01,AON,54.5,44.1,83.1,5.1
2026-08-01,AON,46.1,44.1,83.1,5.1
2026-09-01,AON,67.4,44.1,83.1,5.1
2026-10-01,AON,279.5,44.1,83.1,5.1
2025-10-01,AOS,8.9,8.7,16.9,0.6
2025-11-01,AOS,4.4,8.7,16.9,0.6
2025-12-01,AOS,4.5,8.7,16.9,0.6
2026-01-01,AOS,7.8,8.7,16.9,0.6
2026-02-01,AOS,9.1,8.7,16.9,0.6
2026-03-01,AOS,15.1,8.7,16.9,0.6
2026-04-01,AOS,8.1,8.7,16.9,0.6
2026-05-01,AOS,8.1,8.7,16.9,0.6
2026-06-01,AOS,7.6,8.7,16.9,0.6
2026-07-01,AOS,6.8,8.7,16.9,0.6
2026-08-01,AOS,5.3,8.7,16.9,0.6
2026-09-01,AOS,4.8,8.7,16.9,0.6
2026-10-01,AOS,57.9,8.7,16.9,0.6
2025-10-01,APA,3.7,7.9,14.5,1.2
2025-11-01,APA,4.2,7.9,14.5,1.2
2025-12-01,APA,4.1,7.9,14.5,1.2
2026-01-01,APA,4.2,7.9,14.5,1.2
2026-02-01,APA,5.1,7.9,14.5,1.2
2026-03-01,APA,15.5,7.9,14.5,1.2
2026-04-01,APA,10.9,7.9,14.5,1.2
2026-05-01,APA,6.9,7.9,14.5,1.2
2026-06-01,APA,6.3,7.9,14.5,1.2
2026-07-01,APA,5.9,7.9,14.5,1.2
2026-08-01,APA,10.5,7.9,14.5,1.2
2026-09-01,APA,6.2,7.9,14.5,1.2
2026-10-01,APA,44.5,7.9,14.5,1.2
2025-10-01,APD,35.8,36.9,75.1,-1.2
2025-11-01,APD,30.2,36.9,75.1,-1.2
2025-12-01,APD,36.4,36.9,75.1,-1.2
2026-01-01,APD,31.6,36.9,75.1,-1.2
2026-02-01,APD,28.5,36.9,75.1,-1.2
2026-03-01,APD,28.7,36.9,75.1,-1.2
2026-04-01,APD,26.0,36.9,75.1,-1.2
2026-05-01,APD,30.0,36.9,75.1,-1.2
2026-06-01,APD,34.7,36.9,75.1,-1.2
2026-07-01,APD,29.0,36.9,75.1,-1.2
2026-08-01,APD,25.9,36.9,75.1,-1.2
2026-09-01,APD,35.3,36.9,75.1,-1.2
2026-10-01,APD,282.3,36.9,75.1,-1.2
2025-10-01,APH,10.8,15.6,27.7,3.5
2025-11-01,APH,8.6,15.6,27.7,3.5
2025-12-01,APH,9.1,15.6,27.7,3.5
2026-01-01,APH,18.2,15.6,27.7,3.5
2026-02-01,APH,13.9,15.6,27.7,3.5
2026-03-01,APH,13.0,15.6,27.7,3.5
2026-04-01,APH,16.2,15.6,27.7,3.5
2026-05-01,APH,16.8,15.6,27.7,3.5
2026-06-01,APH,20.2,15.6,27.7,3.5
2026-07-01,APH,17.2,15.6,27.7,3.5
2026-08-01,APH,12.4,15.6,27.7,3.5
2026-09-01,APH,9.5,15.6,27.7,3.5
2026-10-01,APH,89.9,15.6,27.7,3.5
2025-10-01,APO,15.7,22.4,38.9,5.9
2025-11-01,APO,14.5,22.4,38.9,5.9
2025-12-01,APO,22.8,22.4,38.9,5.9
2026-01-01,APO,24.4,22.4,38.9,5.9
2026-02-01,APO,36.2,22.4,38.9,5.9
2026-03-01,APO,15.1,22.4,38.9,5.9
2026-04-01,APO,28.3,22.4,38.9,5.9
2026-05-01,APO,10.5,22.4,38.9,5.9
2026-06-01,APO,27.7,22.4,38.9,5.9
2026-07-01,APO,9.6,22.4,38.9,5.9
2026-08-01,APO,18.4,22.4,38.9,5.9
2026-09-01,APO,20.2,22.4,38.9,5.9
2026-10-01,APO,117.7,22.4,38.9,5.9
2025-10-01,APP,182.5,165.1,212.2,118.0
2025-11-01,APP,185.7,165.1,212.2,118.0
2025-12-01,APP,162.0,165.1,212.2,118.0
2026-01-01,APP,220.4,165.1,212.2,118.0
2026-02-01,APP,150.0,165.1,212.2,118.0
2026-03-01,APP,153.7,165.1,212.2,118.0
2026-04-01,APP,127.4,165.1,212.2,118.0
2026-05-01,APP,173.7,165.1,212.2,118.0
2026-06-01,APP,203.5,165.1,212.2,118.0
2026-07-01,APP,198.8,165.1,212.2,118.0
2026-08-01,APP,140.3,165.1,212.2,118.0
2026-09-01,APP,48.0,165.1,212.2,118.0
2026-10-01,APP,291.6,165.1,212.2,118.0
2025-10-01,APTV,8.8,11.8,18.7,4.8
2025-11-01,APTV,14.7,11.8,18.7,4.8
2025-12-01,APTV,5.1,11.8,18.7,4.8
2026-01-01,APTV,14.3,11.8,18.7,4.8
2026-02-01,APTV,13.5,11.8,18.7,4.8
2026-03-01,APTV,8.1,11.8,18.7,4.8
2026-04-01,APTV,6.0,11.8,18.7,4.8
2026-05-01,APTV,16.5,11.8,18.7,4.8
2026-06-01,APTV,20.2,11.8,18.7,4.8
2026-07-01,APTV,7.6,11.8,18.7,4.8
2026-08-01,APTV,13.3,11.8,18.7,4.8
2026-09-01,APTV,5.3,11.8,18.7,4.8
2026-10-01,APTV,44.9,11.8,18.7,4.8
2025-10-01,ARE,30.4,12.2,20.5,4.0
2025-11-01,ARE,9.4,12.2,20.5,4.0
2025-12-01,ARE,10.1,12.2,20.5,4.0
2026-01-01,ARE,11.7,12.2,20.5,4.0
2026-02-01,ARE,7.2,12.2,20.5,4.0
2026-03-01,ARE,8.9,12.2,20.5,4.0
2026-04-01,ARE,9.8,12.2,20.5,4.0
2026-05-01,ARE,11.0,12.2,20.5,4.0
2026-06-01,ARE,8.3,12.2,20.5,4.0
2026-07-01,ARE,8.6,12.2,20.5,4.0
2026-08-01,ARE,8.9,12.2,20.5,4.0
2026-09-01,ARE,10.1,12.2,20.5,4.0
2026-10-01,ARE,48.2,12.2,20.5,4.0
2025-10-01,ARES,19.2,27.9,43.9,11.8
2025-11-01,ARES,19.6,27.9,43.9,11.8
2025-12-01,ARES,27.6,27.9,43.9,11.8
2026-01-01,ARES,32.3,27.9,43.9,11.8
2026-02-01,ARES,42.0,27.9,43.9,11.8
2026-03-01,ARES,23.6,27.9,43.9,11.8
2026-04-01,ARES,25.0,27.9,43.9,11.8
2026-05-01,ARES,15.2,27.9,43.9,11.8
2026-06-01,ARES,36.1,27.9,43.9,11.8
2026-07-01,ARES,20.2,27.9,43.9,11.8
2026-08-01,ARES,20.9,27.9,43.9,11.8
2026-09-01,ARES,27.8,27.9,43.9,11.8
2026-10-01,ARES,120.5,27.9,43.9,11.8
2025-10-01,ASC,2.1,3.4,6.1,0.7
2025-11-01,ASC,1.6,3.4,6.1,0.7
2025-12-01,ASC,2.0,3.4,6.1,0.7
2026-01-01,ASC,2.6,3.4,6.1,0.7
2026-02-01,ASC,4.1,3.4,6.1,0.7
2026-03-01,ASC,3.5,3.4,6.1,0.7
2026-04-01,ASC,3.1,3.4,6.1,0.7
2026-05-01,ASC,4.2,3.4,6.1,0.7
2026-06-01,ASC,4.1,3.4,6.1,0.7
2026-07-01,ASC,3.9,3.4,6.1,0.7
2026-08-01,ASC,3.0,3.4,6.1,0.7
2026-09-01,ASC,2.2,3.4,6.1,0.7
2026-10-01,ASC,19.9,3.4,6.1,0.7
2025-10-01,ATO,12.1,16.3,39.0,-6.5
2025-11-01,ATO,11.3,16.3,39.0,-6.5
2025-12-01,ATO,10.9,16.3,39.0,-6.5
2026-01-01,ATO,8.5,16.3,39.0,-6.5
2026-02-01,ATO,23.3,16.3,39.0,-6.5
2026-03-01,ATO,10.8,16.3,39.0,-6.5
2026-04-01,ATO,11.2,16.3,39.0,-6.5
2026-05-01,ATO,23.4,16.3,39.0,-6.5
2026-06-01,ATO,9.1,16.3,39.0,-6.5
2026-07-01,ATO,10.6,16.3,39.0,-6.5
2026-08-01,ATO,9.6,16.3,39.0,-6.5
2026-09-01,ATO,14.6,16.3,39.0,-6.5
2026-10-01,ATO,160.0,16.3,39.0,-6.5
2025-10-01,AVGO,62.4,80.2,135.6,24.7
2025-11-01,AVGO,73.9,80.2,135.6,24.7
2025-12-01,AVGO,93.2,80.2,135.6,24.7
2026-01-01,AVGO,46.6,80.2,135.6,24.7
2026-02-01,AVGO,57.0,80.2,135.6,24.7
2026-03-01,AVGO,63.2,80.2,135.6,24.7
2026-04-01,AVGO,127.6,80.2,135.6,24.7
2026-05-01,AVGO,44.1,80.2,135.6,24.7
2026-06-01,AVGO,134.5,80.2,135.6,24.7
2026-07-01,AVGO,51.1,80.2,135.6,24.7
2026-08-01,AVGO,82.7,80.2,135.6,24.7
2026-09-01,AVGO,36.9,80.2,135.6,24.7
2026-10-01,AVGO,380.8,80.2,135.6,24.7
2025-10-01,AVY,33.0,23.0,48.0,-2.1
2025-11-01,AVY,11.4,23.0,48.0,-2.1
2025-12-01,AVY,15.0,23.0,48.0,-2.1
2026-01-01,AVY,11.3,23.0,48.0,-2.1
2026-02-01,AVY,15.6,23.0,48.0,-2.1
2026-03-01,AVY,35.6,23.0,48.0,-2.1
2026-04-01,AVY,15.0,23.0,48.0,-2.1
2026-05-01,AVY,16.5,23.0,48.0,-2.1
2026-06-01,AVY,15.6,23.0,48.0,-2.1
2026-07-01,AVY,33.2,23.0,48.0,-2.1
2026-08-01,AVY,16.4,23.0,48.0,-2.1
2026-09-01,AVY,9.6,23.0,48.0,-2.1
2026-10-01,AVY,174.0,23.0,48.0,-2.1
2025-10-01,AWK,21.7,14.9,33.3,-3.6
2025-11-01,AWK,8.5,14.9,33.3,-3.6
2025-12-01,AWK,8.0,14.9,33.3,-3.6
2026-01-01,AWK,8.2,14.9,33.3,-3.6
2026-02-01,AWK,16.4,14.9,33.3,-3.6
2026-03-01,AWK,9.7,14.9,33.3,-3.6
2026-04-01,AWK,13.5,14.9,33.3,-3.6
2026-05-01,AWK,7.5,14.9,33.3,-3.6
2026-06-01,AWK,12.9,14.9,33.3,-3.6
2026-07-01,AWK,12.3,14.9,33.3,-3.6
2026-08-01,AWK,10.4,14.9,33.3,-3.6
2026-09-01,AWK,15.0,14.9,33.3,-3.6
2026-10-01,AWK,130.9,14.9,33.3,-3.6
2025-10-01,AXON,125.5,152.3,210.2,94.3
2025-11-01,AXON,229.5,152.3,210.2,94.3
2025-12-01,AXON,93.0,152.3,210.2,94.3
2026-01-01,AXON,168.5,152.3,210.2,94.3
2026-02-01,AXON,159.0,152.3,210.2,94.3
2026-03-01,AXON,176.2,152.3,210.2,94.3
2026-04-01,AXON,100.5,152.3,210.2,94.3
2026-05-01,AXON,84.7,152.3,210.2,94.3
2026-06-01,AXON,160.1,152.3,210.2,94.3
2026-07-01,AXON,179.3,152.3,210.2,94.3
2026-08-01,AXON,135.5,152.3,210.2,94.3
2026-09-01,AXON,144.7,152.3,210.2,94.3
2026-10-01,AXON,429.8,152.3,210.2,94.3
2025-10-01,AXP,49.8,45.5,87.9,3.1
2025-11-01,AXP,43.1,45.5,87.9,3.1
2025-12-01,AXP,30.1,45.5,87.9,3.1
2026-01-01,AXP,41.8,45.5,87.9,3.1
2026-02-01,AXP,61.9,45.5,87.9,3.1
2026-03-01,AXP,21.5,45.5,87.9,3.1
2026-04-01,AXP,47.4,45.5,87.9,3.1
2026-05-01,AXP,22.0,45.5,87.9,3.1
2026-06-01,AXP,52.5,45.5,87.9,3.1
2026-07-01,AXP,44.9,45.5,87.9,3.1
2026-08-01,AXP,22.9,45.5,87.9,3.1
2026-09-01,AXP,35.1,45.5,87.9,3.1
2026-10-01,AXP,307.3,45.5,87.9,3.1
2025-10-01,AZO,638.3,525.0,937.3,112.6
2025-11-01,AZO,487.4,525.0,937.3,112.6
2025-12-01,AZO,652.2,525.0,937.3,112.6
2026-01-01,AZO,626.8,525.0,937.3,112.6
2026-02-01,AZO,309.2,525.0,937.3,112.6
2026-03-01,AZO,601.2,525.0,937.3,112.6
2026-04-01,AZO,352.9,525.0,937.3,112.6
2026-05-01,AZO,798.2,525.0,937.3,112.6
2026-06-01,AZO,294.7,525.0,937.3,112.6
2026-07-01,AZO,336.9,525.0,937.3,112.6
2026-08-01,AZO,256.4,525.0,937.3,112.6
2026-09-01,AZO,243.0,525.0,937.3,112.6
2026-10-01,AZO,2921.0,525.0,937.3,112.6
2025-10-01,BA,27.9,36.1,61.7,10.5
2025-11-01,BA,28.9,36.1,61.7,10.5
2025-12-01,BA,35.5,36.1,61.7,10.5
2026-01-01,BA,39.1,36.1,61.7,10.5
2026-02-01,BA,23.0,36.1,61.7,10.5
2026-03-01,BA,44.2,36.1,61.7,10.5
2026-04-01,BA,34.2,36.1,61.7,10.5
2026-05-01,BA,30.1,36.1,61.7,10.5
2026-06-01,BA,23.4,36.1,61.7,10.5
2026-07-01,BA,33.6,36.1,61.7,10.5
2026-08-01,BA,34.8,36.1,61.7,10.5
2026-09-01,BA,31.3,36.1,61.7,10.5
2026-10-01,BA,196.9,36.1,61.7,10.5
2025-10-01,BAC,5.1,7.0,14.6,-0.5
2025-11-01,BAC,4.0,7.0,14.6,-0.5
2025-12-01,BAC,3.6,7.0,14.6,-0.5
2026-01-01,BAC,6.2,7.0,14.6,-0.5
2026-02-01,BAC,7.6,7.0,14.6,-0.5
2026-03-01,BAC,4.4,7.0,14.6,-0.5
2026-04-01,BAC,7.2,7.0,14.6,-0.5
2026-05-01,BAC,4.9,7.0,14.6,-0.5
2026-06-01,BAC,8.4,7.0,14.6,-0.5
2026-07-01,BAC,6.1,7.0,14.6,-0.5
2026-08-01,BAC,4.1,7.0,14.6,-0.5
2026-09-01,BAC,9.4,7.0,14.6,-0.5
2026-10-01,BAC,54.5,7.0,14.6,-0.5
2025-10-01,BALL,4.5,8.6,16.6,0.7
2025-11-01,BALL,5.5,8.6,16.6,0.7
2025-12-01,BALL,6.8,8.6,16.6,0.7
2026-01-01,BALL,5.4,8.6,16.6,0.7
2026-02-01,BALL,12.3,8.6,16.6,0.7
2026-03-01,BALL,10.2,8.6,16.6,0.7
2026-04-01,BALL,6.4,8.6,16.6,0.7
2026-05-01,BALL,7.2,8.6,16.6,0.7
2026-06-01,BALL,10.8,8.6,16.6,0.7
2026-07-01,BALL,7.6,8.6,16.6,0.7
2026-08-01,BALL,5.3,8.6,16.6,0.7
2026-09-01,BALL,7.9,8.6,16.6,0.7
2026-10-01,BALL,58.0,8.6,16.6,0.7
2025-10-01,BAX,5.9,4.3,8.0,0.7
2025-11-01,BAX,1.6,4.3,8.0,0.7
2025-12-01,BAX,1.9,4.3,8.0,0.7
2026-01-01,BAX,2.1,4.3,8.0,0.7
2026-02-01,BAX,3.8,4.3,8.0,0.7
2026-03-01,BAX,4.2,4.3,8.0,0.7
2026-04-01,BAX,3.0,4.3,8.0,0.7
2026-05-01,BAX,3.5,4.3,8.0,0.7
2026-06-01,BAX,4.1,4.3,8.0,0.7
2026-07-01,BAX,8.8,4.3,8.0,0.7
2026-08-01,BAX,2.6,4.3,8.0,0.7
2026-09-01,BAX,4.0,4.3,8.0,0.7
2026-10-01,BAX,24.4,4.3,8.0,0.7
2025-10-01,BBY,14.6,14.7,26.9,2.5
2025-11-01,BBY,10.7,14.7,26.9,2.5
2025-12-01,BBY,11.9,14.7,26.9,2.5
2026-01-01,BBY,9.3,14.7,26.9,2.5
2026-02-01,BBY,9.5,14.7,26.9,2.5
2026-03-01,BBY,8.5,14.7,26.9,2.5
2026-04-01,BBY,10.0,14.7,26.9,2.5
2026-05-01,BBY,23.1,14.7,26.9,2.5
2026-06-01,BBY,9.8,14.7,26.9,2.5
2026-07-01,BBY,16.2,14.7,26.9,2.5
2026-08-01,BBY,13.6,14.7,26.9,2.5
2026-09-01,BBY,17.5,14.7,26.9,2.5
2026-10-01,BBY,89.0,14.7,26.9,2.5
2025-10-01,BDX,15.5,22.9,49.0,-3.2
2025-11-01,BDX,26.8,22.9,49.0,-3.2
2025-12-01,BDX,11.2,22.9,49.0,-3.2
2026-01-01,BDX,13.2,22.9,49.0,-3.2
2026-02-01,BDX,29.8,22.9,49.0,-3.2
2026-03-01,BDX,23.6,22.9,49.0,-3.2
2026-04-01,BDX,15.4,22.9,49.0,-3.2
2026-05-01,BDX,13.5,22.9,49.0,-3.2
2026-06-01,BDX,16.8,22.9,49.0,-3.2
2026-07-01,BDX,20.9,22.9,49.0,-3.2
2026-08-01,BDX,26.3,22.9,49.0,-3.2
2026-09-01,BDX,16.6,22.9,49.0,-3.2
2026-10-01,BDX,187.5,22.9,49.0,-3.2
2025-10-01,BEN,2.0,4.2,8.9,-0.6
2025-11-01,BEN,2.3,4.2,8.9,-0.6
2025-12-01,BEN,2.3,4.2,8.9,-0.6
2026-01-01,BEN,3.2,4.2,8.9,-0.6
2026-02-01,BEN,2.2,4.2,8.9,-0.6
2026-03-01,BEN,4.8,4.2,8.9,-0.6
2026-04-01,BEN,7.7,4.2,8.9,-0.6
2026-05-01,BEN,3.2,4.2,8.9,-0.6
2026-06-01,BEN,4.7,4.2,8.9,-0.6
2026-07-01,BEN,3.2,4.2,8.9,-0.6
2026-08-01,BEN,3.0,4.2,8.9,-0.6
2026-09-01,BEN,3.1,4.2,8.9,-0.6
2026-10-01,BEN,33.3,4.2,8.9,-0.6
2025-10-01,BF.B,3.0,4.7,8.4,0.9
2025-11-01,BF.B,2.9,4.7,8.4,0.9
2025-12-01,BF.B,5.9,4.7,8.4,0.9
2026-01-01,BF.B,2.9,4.7,8.4,0.9
2026-02-01,BF.B,4.1,4.7,8.4,0.9
2026-03-01,BF.B,7.2,4.7,8.4,0.9
2026-04-01,BF.B,6.6,4.7,8.4,0.9
2026-05-01,BF.B,3.4,4.7,8.4,0.9
2026-06-01,BF.B,3.4,4.7,8.4,0.9
2026-07-01,BF.B,4.8,4.7,8.4,0.9
2026-08-01,BF.B,2.8,4.7,8.4,0.9
2026-09-01,BF.B,2.4,4.7,8.4,0.9
2026-10-01,BF.B,26.6,4.7,8.4,0.9
2025-10-01,BG,20.4,20.5,35.6,5.4
2025-11-01,BG,7.6,20.5,35.6,5.4
2025-12-01,BG,9.2,20.5,35.6,5.4
2026-01-01,BG,30.9,20.5,35.6,5.4
2026-02-01,BG,14.5,20.5,35.6,5.4
2026-03-01,BG,19.8,20.5,35.6,5.4
2026-04-01,BG,14.2,20.5,35.6,5.4
2026-05-01,BG,15.6,20.5,35.6,5.4
2026-06-01,BG,28.9,20.5,35.6,5.4
2026-07-01,BG,22.9,20.5,35.6,5.4
2026-08-01,BG,15.4,20.5,35.6,5.4
2026-09-01,BG,20.6,20.5,35.6,5.4
2026-10-01,BG,108.1,20.5,35.6,5.4
2025-10-01,BIIB,22.2,30.6,61.8,-0.7
2025-11-01,BIIB,36.7,30.6,61.8,-0.7
2025-12-01,BIIB,14.6,30.6,61.8,-0.7
2026-01-01,BIIB,29.8,30.6,61.8,-0.7
2026-02-01,BIIB,26.2,30.6,61.8,-0.7
2026-03-01,BIIB,21.6,30.6,61.8,-0.7
2026-04-01,BIIB,27.3,30.6,61.8,-0.7
2026-05-01,BIIB,20.5,30.6,61.8,-0.7
2026-06-01,BIIB,34.8,30.6,61.8,-0.7
2026-07-01,BIIB,33.0,30.6,61.8,-0.7
2026-08-01,BIIB,23.3,30.6,61.8,-0.7
2026-09-01,BIIB,21.6,30.6,61.8,-0.7
2026-10-01,BIIB,228.3,30.6,61.8,-0.7
2025-10-01,BKNG,28.1,34.3,56.6,12.1
2025-11-01,BKNG,26.6,34.3,56.6,12.1
2025-12-01,BKNG,25.4,34.3,56.6,12.1
2026-01-01,BKNG,22.7,34.3,56.6,12.1
2026-02-01,BKNG,54.6,34.3,56.6,12.1
2026-03-01,BKNG,24.2,34.3,56.6,12.1
2026-04-01,BKNG,31.9,34.3,56.6,12.1
2026-05-01,BKNG,25.4,34.3,56.6,12.1
2026-06-01,BKNG,28.4,34.3,56.6,12.1
2026-07-01,BKNG,34.3,34.3,56.6,12.1
2026-08-01,BKNG,27.0,34.3,56.6,12.1
2026-09-01,BKNG,47.9,34.3,56.6,12.1
2026-10-01,BKNG,165.2,34.3,56.6,12.1
2025-10-01,BKR,6.5,10.6,18.4,2.8
2025-11-01,BKR,4.7,10.6,18.4,2.8
2025-12-01,BKR,6.9,10.6,18.4,2.8
2026-01-01,BKR,13.2,10.6,18.4,2.8
2026-02-01,BKR,10.5,10.6,18.4,2.8
2026-03-01,BKR,13.2,10.6,18.4,2.8
2026-04-01,BKR,12.0,10.6,18.4,2.8
2026-05-01,BKR,7.6,10.6,18.4,2.8
2026-06-01,BKR,10.9,10.6,18.4,2.8
2026-07-01,BKR,10.4,10.6,18.4,2.8
2026-08-01,BKR,6.4,10.6,18.4,2.8
2026-09-01,BKR,11.3,10.6,18.4,2.8
2026-10-01,BKR,58.0,10.6,18.4,2.8
2025-10-01,BLDR,19.6,20.7,28.9,12.4
2025-11-01,BLDR,20.5,20.7,28.9,12.4
2025-12-01,BLDR,14.6,20.7,28.9,12.4
2026-01-01,BLDR,29.0,20.7,28.9,12.4
2026-02-01,BLDR,28.5,20.7,28.9,12.4
2026-03-01,BLDR,23.9,20.7,28.9,12.4
2026-04-01,BLDR,18.5,20.7,28.9,12.4
2026-05-01,BLDR,18.1,20.7,28.9,12.4
2026-06-01,BLDR,19.5,20.7,28.9,12.4
2026-07-01,BLDR,24.5,20.7,28.9,12.4
2026-08-01,BLDR,11.0,20.7,28.9,12.4
2026-09-01,BLDR,10.1,20.7,28.9,12.4
2026-10-01,BLDR,59.6,20.7,28.9,12.4
2025-10-01,BLK,146.2,145.2,294.2,-3.9
2025-11-01,BLK,108.1,145.2,294.2,-3.9
2025-12-01,BLK,76.3,145.2,294.2,-3.9
2026-01-01,BLK,121.2,145.2,294.2,-3.9
2026-02-01,BLK,107.3,145.2,294.2,-3.9
2026-03-01,BLK,158.1,145.2,294.2,-3.9
2026-04-01,BLK,144.8,145.2,294.2,-3.9
2026-05-01,BLK,80.9,145.2,294.2,-3.9
2026-06-01,BLK,129.3,145.2,294.2,-3.9
2026-07-01,BLK,167.9,145.2,294.2,-3.9
2026-08-01,BLK,91.0,145.2,294.2,-3.9
2026-09-01,BLK,131.7,145.2,294.2,-3.9
2026-10-01,BLK,1089.4,145.2,294.2,-3.9
2025-10-01,BMY,6.1,7.6,16.2,-1.1
2025-11-01,BMY,4.7,7.6,16.2,-1.1
2025-12-01,BMY,6.8,7.6,16.2,-1.1
2026-01-01,BMY,5.0,7.6,16.2,-1.1
2026-02-01,BMY,7.7,7.6,16.2,-1.1
2026-03-01,BMY,6.4,7.6,16.2,-1.1
2026-04-01,BMY,5.0,7.6,16.2,-1.1
2026-05-01,BMY,4.8,7.6,16.2,-1.1
2026-06-01,BMY,5.4,7.6,16.2,-1.1
2026-07-01,BMY,9.4,7.6,16.2,-1.1
2026-08-01,BMY,5.6,7.6,16.2,-1.1
2026-09-01,BMY,7.6,7.6,16.2,-1.1
2026-10-01,BMY,62.6,7.6,16.2,-1.1
2025-10-01,BNY,7.1,15.9,36.6,-4.8
2025-11-01,BNY,8.3,15.9,36.6,-4.8
2025-12-01,BNY,8.0,15.9,36.6,-4.8
2026-01-01,BNY,10.6,15.9,36.6,-4.8
2026-02-01,BNY,15.9,15.9,36.6,-4.8
2026-03-01,BNY,8.7,15.9,36.6,-4.8
2026-04-01,BNY,20.6,15.9,36.6,-4.8
2026-05-01,BNY,11.5,15.9,36.6,-4.8
2026-06-01,BNY,11.0,15.9,36.6,-4.8
2026-07-01,BNY,19.6,15.9,36.6,-4.8
2026-08-01,BNY,11.6,15.9,36.6,-4.8
2026-09-01,BNY,21.2,15.9,36.6,-4.8
2026-10-01,BNY,145.9,15.9,36.6,-4.8
2025-10-01,BR,20.8,28.1,51.0,5.3
2025-11-01,BR,15.7,28.1,51.0,5.3
2025-12-01,BR,10.1,28.1,51.0,5.3
2026-01-01,BR,31.5,28.1,51.0,5.3
2026-02-01,BR,37.9,28.1,51.0,5.3
2026-03-01,BR,40.4,28.1,51.0,5.3
2026-04-01,BR,16.3,28.1,51.0,5.3
2026-05-01,BR,19.4,28.1,51.0,5.3
2026-06-01,BR,26.2,28.1,51.0,5.3
2026-07-01,BR,27.0,28.1,51.0,5.3
2026-08-01,BR,30.4,28.1,51.0,5.3
2026-09-01,BR,23.4,28.1,51.0,5.3
2026-10-01,BR,164.6,28.1,51.0,5.3
2025-10-01,BRK.B,31.3,42.4,114.9,-30.0
2025-11-01,BRK.B,43.7,42.4,114.9,-30.0
2025-12-01,BRK.B,25.6,42.4,114.9,-30.0
2026-01-01,BRK.B,32.2,42.4,114.9,-30.0
2026-02-01,BRK.B,33.6,42.4,114.9,-30.0
2026-03-01,BRK.B,33.7,42.4,114.9,-30.0
2026-04-01,BRK.B,23.9,42.4,114.9,-30.0
2026-05-01,BRK.B,25.1,42.4,114.9,-30.0
2026-06-01,BRK.B,32.6,42.4,114.9,-30.0
2026-07-01,BRK.B,27.4,42.4,114.9,-30.0
2026-08-01,BRK.B,42.1,42.4,114.9,-30.0
2026-09-01,BRK.B,25.8,42.4,114.9,-30.0
2026-10-01,BRK.B,508.5,42.4,114.9,-30.0
2025-10-01,BRO,17.3,11.2,19.8,2.6
2025-11-01,BRO,5.9,11.2,19.8,2.6
2025-12-01,BRO,5.8,11.2,19.8,2.6
2026-01-01,BRO,9.9,11.2,19.8,2.6
2026-02-01,BRO,9.6,11.2,19.8,2.6
2026-03-01,BRO,10.5,11.2,19.8,2.6
2026-04-01,BRO,10.6,11.2,19.8,2.6
2026-05-01,BRO,7.4,11.2,19.8,2.6
2026-06-01,BRO,9.9,11.2,19.8,2.6
2026-07-01,BRO,11.1,11.2,19.8,2.6
2026-08-01,BRO,6.1,11.2,19.8,2.6
2026-09-01,BRO,15.0,11.2,19.8,2.6
2026-10-01,BRO,62.2,11.2,19.8,2.6
2025-10-01,BSX,14.8,11.9,18.5,5.4
2025-11-01,BSX,9.7,11.9,18.5,5.4
2025-12-01,BSX,11.5,11.9,18.5,5.4
2026-01-01,BSX,13.9,11.9,18.5,5.4
2026-02-01,BSX,21.5,11.9,18.5,5.4
2026-03-01,BSX,15.4,11.9,18.5,5.4
2026-04-01,BSX,10.8,11.9,18.5,5.4
2026-05-01,BSX,10.4,11.9,18.5,5.4
2026-06-01,BSX,7.9,11.9,18.5,5.4
2026-07-01,BSX,5.0,11.9,18.5,5.4
2026-08-01,BSX,6.9,11.9,18.5,5.4
2026-09-01,BSX,6.9,11.9,18.5,5.4
2026-10-01,BSX,44.0,11.9,18.5,5.4
2025-10-01,BTC=F,23495.0,14721.8,21399.0,8044.5
2025-11-01,BTC=F,30540.0,14721.8,21399.0,8044.5
2025-12-01,BTC=F,10830.0,14721.8,21399.0,8044.5
2026-01-01,BTC=F,16980.0,14721.8,21399.0,8044.5
2026-02-01,BTC=F,19225.0,14721.8,21399.0,8044.5
2026-03-01,BTC=F,10095.0,14721.8,21399.0,8044.5
2026-04-01,BTC=F,12045.0,14721.8,21399.0,8044.5
2026-05-01,BTC=F,9620.0,14721.8,21399.0,8044.5
2026-06-01,BTC=F,13010.0,14721.8,21399.0,8044.5
2026-07-01,BTC=F,6100.0,14721.8,21399.0,8044.5
2026-08-01,BTC=F,18035.0,14721.8,21399.0,8044.5
2026-09-01,BTC=F,11810.0,14721.8,21399.0,8044.5
2026-10-01,BTC=F,3020.0,14721.8,21399.0,8044.5
2025-10-01,BTI,3.3,6.5,14.1,-1.1
2025-11-01,BTI,6.9,6.5,14.1,-1.1
2025-12-01,BTI,2.8,6.5,14.1,-1.1
2026-01-01,BTI,7.5,6.5,14.1,-1.1
2026-02-01,BTI,4.7,6.5,14.1,-1.1
2026-03-01,BTI,5.7,6.5,14.1,-1.1
2026-04-01,BTI,5.2,6.5,14.1,-1.1
2026-05-01,BTI,9.3,6.5,14.1,-1.1
2026-06-01,BTI,5.4,6.5,14.1,-1.1
2026-07-01,BTI,5.5,6.5,14.1,-1.1
2026-08-01,BTI,5.4,6.5,14.1,-1.1
2026-09-01,BTI,3.2,6.5,14.1,-1.1
2026-10-01,BTI,54.3,6.5,14.1,-1.1
2025-10-01,BTU,11.4,8.4,11.8,4.9
2025-11-01,BTU,5.7,8.4,11.8,4.9
2025-12-01,BTU,5.2,8.4,11.8,4.9
2026-01-01,BTU,10.5,8.4,11.8,4.9
2026-02-01,BTU,8.1,8.4,11.8,4.9
2026-03-01,BTU,9.5,8.4,11.8,4.9
2026-04-01,BTU,9.2,8.4,11.8,4.9
2026-05-01,BTU,6.4,8.4,11.8,4.9
2026-06-01,BTU,9.5,8.4,11.8,4.9
2026-07-01,BTU,4.5,8.4,11.8,4.9
2026-08-01,BTU,9.3,8.4,11.8,4.9
2026-09-01,BTU,6.1,8.4,11.8,4.9
2026-10-01,BTU,25.7,8.4,11.8,4.9
2025-10-01,BX,25.9,23.8,39.1,8.5
2025-11-01,BX,13.6,23.8,39.1,8.5
2025-12-01,BX,14.7,23.8,39.1,8.5
2026-01-01,BX,25.0,23.8,39.1,8.5
2026-02-01,BX,32.2,23.8,39.1,8.5
2026-03-01,BX,15.7,23.8,39.1,8.5
2026-04-01,BX,24.5,23.8,39.1,8.5
2026-05-01,BX,15.5,23.8,39.1,8.5
2026-06-01,BX,22.8,23.8,39.1,8.5
2026-07-01,BX,18.6,23.8,39.1,8.5
2026-08-01,BX,22.7,23.8,39.1,8.5
2026-09-01,BX,28.9,23.8,39.1,8.5
2026-10-01,BX,115.6,23.8,39.1,8.5
2025-10-01,BXP,7.0,8.5,16.9,0.1
2025-11-01,BXP,5.2,8.5,16.9,0.1
2025-12-01,BXP,5.4,8.5,16.9,0.1
2026-01-01,BXP,6.2,8.5,16.9,0.1
2026-02-01,BXP,9.3,8.5,16.9,0.1
2026-03-01,BXP,7.6,8.5,16.9,0.1
2026-04-01,BXP,9.8,8.5,16.9,0.1
2026-05-01,BXP,4.2,8.5,16.9,0.1
2026-06-01,BXP,8.7,8.5,16.9,0.1
2026-07-01,BXP,9.1,8.5,16.9,0.1
2026-08-01,BXP,6.1,8.5,16.9,0.1
2026-09-01,BXP,8.1,8.5,16.9,0.1
2026-10-01,BXP,61.8,8.5,16.9,0.1
2025-10-01,C,8.5,18.0,36.1,-0.1
2025-11-01,C,8.5,18.0,36.1,-0.1
2025-12-01,C,20.4,18.0,36.1,-0.1
2026-01-01,C,13.7,18.0,36.1,-0.1
2026-02-01,C,17.7,18.0,36.1,-0.1
2026-03-01,C,14.1,18.0,36.1,-0.1
2026-04-01,C,23.5,18.0,36.1,-0.1
2026-05-01,C,12.2,18.0,36.1,-0.1
2026-06-01,C,24.4,18.0,36.1,-0.1
2026-07-01,C,17.9,18.0,36.1,-0.1
2026-08-01,C,11.3,18.0,36.1,-0.1
2026-09-01,C,11.8,18.0,36.1,-0.1
2026-10-01,C,130.1,18.0,36.1,-0.1
2025-10-01,CAG,2.4,2.6,4.5,0.6
2025-11-01,CAG,1.4,2.6,4.5,0.6
2025-12-01,CAG,1.2,2.6,4.5,0.6
2026-01-01,CAG,2.6,2.6,4.5,0.6
2026-02-01,CAG,2.2,2.6,4.5,0.6
2026-03-01,CAG,4.4,2.6,4.5,0.6
2026-04-01,CAG,2.2,2.6,4.5,0.6
2026-05-01,CAG,1.4,2.6,4.5,0.6
2026-06-01,CAG,1.7,2.6,4.5,0.6
2026-07-01,CAG,2.4,2.6,4.5,0.6
2026-08-01,CAG,2.2,2.6,4.5,0.6
2026-09-01,CAG,3.1,2.6,4.5,0.6
2026-10-01,CAG,13.7,2.6,4.5,0.6
2025-10-01,CAH,46.9,34.3,66.9,1.7
2025-11-01,CAH,26.8,34.3,66.9,1.7
2025-12-01,CAH,18.0,34.3,66.9,1.7
2026-01-01,CAH,16.6,34.3,66.9,1.7
2026-02-01,CAH,24.9,34.3,66.9,1.7
2026-03-01,CAH,29.7,34.3,66.9,1.7
2026-04-01,CAH,32.0,34.3,66.9,1.7
2026-05-01,CAH,23.5,34.3,66.9,1.7
2026-06-01,CAH,46.9,34.3,66.9,1.7
2026-07-01,CAH,22.8,34.3,66.9,1.7
2026-08-01,CAH,30.6,34.3,66.9,1.7
2026-09-01,CAH,32.6,34.3,66.9,1.7
2026-10-01,CAH,236.0,34.3,66.9,1.7
2025-10-01,CALM,10.3,12.8,21.6,3.9
2025-11-01,CALM,9.9,12.8,21.6,3.9
2025-12-01,CALM,10.5,12.8,21.6,3.9
2026-01-01,CALM,13.0,12.8,21.6,3.9
2026-02-01,CALM,9.5,12.8,21.6,3.9
2026-03-01,CALM,13.7,12.8,21.6,3.9
2026-04-01,CALM,12.2,12.8,21.6,3.9
2026-05-01,CALM,6.7,12.8,21.6,3.9
2026-06-01,CALM,7.2,12.8,21.6,3.9
2026-07-01,CALM,15.1,12.8,21.6,3.9
2026-08-01,CALM,11.9,12.8,21.6,3.9
2026-09-01,CALM,17.0,12.8,21.6,3.9
2026-10-01,CALM,67.0,12.8,21.6,3.9
2025-10-01,CANE,1.6,1.2,3.0,-0.5
2025-11-01,CANE,0.7,1.2,3.0,-0.5
2025-12-01,CANE,0.6,1.2,3.0,-0.5
2026-01-01,CANE,0.6,1.2,3.0,-0.5
2026-02-01,CANE,0.5,1.2,3.0,-0.5
2026-03-01,CANE,1.6,1.2,3.0,-0.5
2026-04-01,CANE,1.4,1.2,3.0,-0.5
2026-05-01,CANE,0.9,1.2,3.0,-0.5
2026-06-01,CANE,0.7,1.2,3.0,-0.5
2026-07-01,CANE,0.5,1.2,3.0,-0.5
2026-08-01,CANE,1.8,1.2,3.0,-0.5
2026-09-01,CANE,0.8,1.2,3.0,-0.5
2026-10-01,CANE,12.3,1.2,3.0,-0.5
2025-10-01,CARR,7.0,10.7,18.5,2.8
2025-11-01,CARR,9.1,10.7,18.5,2.8
2025-12-01,CARR,3.2,10.7,18.5,2.8
2026-01-01,CARR,9.8,10.7,18.5,2.8
2026-02-01,CARR,9.0,10.7,18.5,2.8
2026-03-01,CARR,10.3,10.7,18.5,2.8
2026-04-01,CARR,14.4,10.7,18.5,2.8
2026-05-01,CARR,7.5,10.7,18.5,2.8
2026-06-01,CARR,14.1,10.7,18.5,2.8
2026-07-01,CARR,14.7,10.7,18.5,2.8
2026-08-01,CARR,8.5,10.7,18.5,2.8
2026-09-01,CARR,7.4,10.7,18.5,2.8
2026-10-01,CARR,56.7,10.7,18.5,2.8
2025-10-01,CASY,74.8,126.2,216.9,35.5
2025-11-01,CASY,71.9,126.2,216.9,35.5
2025-12-01,CASY,46.1,126.2,216.9,35.5
2026-01-01,CASY,96.6,126.2,216.9,35.5
2026-02-01,CASY,84.0,126.2,216.9,35.5
2026-03-01,CASY,101.1,126.2,216.9,35.5
2026-04-01,CASY,100.7,126.2,216.9,35.5
2026-05-01,CASY,146.9,126.2,216.9,35.5
2026-06-01,CASY,188.7,126.2,216.9,35.5
2026-07-01,CASY,113.9,126.2,216.9,35.5
2026-08-01,CASY,142.7,126.2,216.9,35.5
2026-09-01,CASY,203.5,126.2,216.9,35.5
2026-10-01,CASY,633.4,126.2,216.9,35.5
2025-10-01,CAT,125.1,147.0,277.0,17.0
2025-11-01,CAT,46.9,147.0,277.0,17.0
2025-12-01,CAT,70.0,147.0,277.0,17.0
2026-01-01,CAT,104.7,147.0,277.0,17.0
2026-02-01,CAT,132.4,147.0,277.0,17.0
2026-03-01,CAT,92.9,147.0,277.0,17.0
2026-04-01,CAT,192.7,147.0,277.0,17.0
2026-05-01,CAT,85.8,147.0,277.0,17.0
2026-06-01,CAT,220.1,147.0,277.0,17.0
2026-07-01,CAT,265.3,147.0,277.0,17.0
2026-08-01,CAT,146.0,147.0,277.0,17.0
2026-09-01,CAT,60.6,147.0,277.0,17.0
2026-10-01,CAT,877.0,147.0,277.0,17.0
2025-10-01,CB,25.2,33.1,80.4,-14.1
2025-11-01,CB,27.7,33.1,80.4,-14.1
2025-12-01,CB,24.1,33.1,80.4,-14.1
2026-01-01,CB,20.9,33.1,80.4,-14.1
2026-02-01,CB,34.4,33.1,80.4,-14.1
2026-03-01,CB,27.4,33.1,80.4,-14.1
2026-04-01,CB,16.1,33.1,80.4,-14.1
2026-05-01,CB,23.4,33.1,80.4,-14.1
2026-06-01,CB,36.2,33.1,80.4,-14.1
2026-07-01,CB,31.9,33.1,80.4,-14.1
2026-08-01,CB,20.2,33.1,80.4,-14.1
2026-09-01,CB,23.8,33.1,80.4,-14.1
2026-10-01,CB,336.0,33.1,80.4,-14.1
2025-10-01,CBOE,19.6,49.6,93.1,6.1
2025-11-01,CBOE,19.8,49.6,93.1,6.1
2025-12-01,CBOE,14.8,49.6,93.1,6.1
2026-01-01,CBOE,32.0,49.6,93.1,6.1
2026-02-01,CBOE,47.4,49.6,93.1,6.1
2026-03-01,CBOE,33.5,49.6,93.1,6.1
2026-04-01,CBOE,31.1,49.6,93.1,6.1
2026-05-01,CBOE,56.8,49.6,93.1,6.1
2026-06-01,CBOE,103.3,49.6,93.1,6.1
2026-07-01,CBOE,70.1,49.6,93.1,6.1
2026-08-01,CBOE,44.4,49.6,93.1,6.1
2026-09-01,CBOE,56.4,49.6,93.1,6.1
2026-10-01,CBOE,283.5,49.6,93.1,6.1
2025-10-01,CBRE,20.9,23.2,42.7,3.8
2025-11-01,CBRE,17.3,23.2,42.7,3.8
2025-12-01,CBRE,10.6,23.2,42.7,3.8
2026-01-01,CBRE,13.8,23.2,42.7,3.8
2026-02-01,CBRE,48.5,23.2,42.7,3.8
2026-03-01,CBRE,17.2,23.2,42.7,3.8
2026-04-01,CBRE,25.4,23.2,42.7,3.8
2026-05-01,CBRE,25.0,23.2,42.7,3.8
2026-06-01,CBRE,16.4,23.2,42.7,3.8
2026-07-01,CBRE,20.0,23.2,42.7,3.8
2026-08-01,CBRE,13.2,23.2,42.7,3.8
2026-09-01,CBRE,21.8,23.2,42.7,3.8
2026-10-01,CBRE,134.5,23.2,42.7,3.8
2025-10-01,CCI,10.5,12.1,21.7,2.6
2025-11-01,CCI,6.7,12.1,21.7,2.6
2025-12-01,CCI,8.1,12.1,21.7,2.6
2026-01-01,CCI,8.0,12.1,21.7,2.6
2026-02-01,CCI,14.9,12.1,21.7,2.6
2026-03-01,CCI,15.4,12.1,21.7,2.6
2026-04-01,CCI,9.7,12.1,21.7,2.6
2026-05-01,CCI,8.3,12.1,21.7,2.6
2026-06-01,CCI,19.7,12.1,21.7,2.6
2026-07-01,CCI,7.3,12.1,21.7,2.6
2026-08-01,CCI,9.0,12.1,21.7,2.6
2026-09-01,CCI,11.6,12.1,21.7,2.6
2026-10-01,CCI,68.7,12.1,21.7,2.6
2025-10-01,CCJ,29.6,26.5,39.1,13.9
2025-11-01,CCJ,26.0,26.5,39.1,13.9
2025-12-01,CCJ,12.3,26.5,39.1,13.9
2026-01-01,CCJ,42.4,26.5,39.1,13.9
2026-02-01,CCJ,20.2,26.5,39.1,13.9
2026-03-01,CCJ,26.0,26.5,39.1,13.9
2026-04-01,CCJ,25.2,26.5,39.1,13.9
2026-05-01,CCJ,22.8,26.5,39.1,13.9
2026-06-01,CCJ,28.5,26.5,39.1,13.9
2026-07-01,CCJ,21.1,26.5,39.1,13.9
2026-08-01,CCJ,26.5,26.5,39.1,13.9
2026-09-01,CCJ,18.4,26.5,39.1,13.9
2026-10-01,CCJ,94.6,26.5,39.1,13.9
2025-10-01,CCL,2.9,5.6,9.1,2.1
2025-11-01,CCL,4.4,5.6,9.1,2.1
2025-12-01,CCL,7.6,5.6,9.1,2.1
2026-01-01,CCL,5.0,5.6,9.1,2.1
2026-02-01,CCL,4.1,5.6,9.1,2.1
2026-03-01,CCL,6.3,5.6,9.1,2.1
2026-04-01,CCL,5.4,5.6,9.1,2.1
2026-05-01,CCL,5.0,5.6,9.1,2.1
2026-06-01,CCL,6.0,5.6,9.1,2.1
2026-07-01,CCL,4.3,5.6,9.1,2.1
2026-08-01,CCL,6.3,5.6,9.1,2.1
2026-09-01,CCL,4.0,5.6,9.1,2.1
2026-10-01,CCL,26.7,5.6,9.1,2.1
2025-10-01,CDNS,39.5,57.5,106.5,8.6
2025-11-01,CDNS,46.5,57.5,106.5,8.6
2025-12-01,CDNS,34.5,57.5,106.5,8.6
2026-01-01,CDNS,35.2,57.5,106.5,8.6
2026-02-01,CDNS,49.0,57.5,106.5,8.6
2026-03-01,CDNS,42.4,57.5,106.5,8.6
2026-04-01,CDNS,75.2,57.5,106.5,8.6
2026-05-01,CDNS,52.2,57.5,106.5,8.6
2026-06-01,CDNS,57.9,57.5,106.5,8.6
2026-07-01,CDNS,70.9,57.5,106.5,8.6
2026-08-01,CDNS,37.7,57.5,106.5,8.6
2026-09-01,CDNS,61.9,57.5,106.5,8.6
2026-10-01,CDNS,361.9,57.5,106.5,8.6
2025-10-01,CDW,17.6,26.9,46.4,7.4
2025-11-01,CDW,25.4,26.9,46.4,7.4
2025-12-01,CDW,14.5,26.9,46.4,7.4
2026-01-01,CDW,14.8,26.9,46.4,7.4
2026-02-01,CDW,26.0,26.9,46.4,7.4
2026-03-01,CDW,14.3,26.9,46.4,7.4
2026-04-01,CDW,23.5,26.9,46.4,7.4
2026-05-01,CDW,41.7,26.9,46.4,7.4
2026-06-01,CDW,19.4,26.9,46.4,7.4
2026-07-01,CDW,23.8,26.9,46.4,7.4
2026-08-01,CDW,41.5,26.9,46.4,7.4
2026-09-01,CDW,30.3,26.9,46.4,7.4
2026-10-01,CDW,138.5,26.9,46.4,7.4
2025-10-01,CEG,88.8,67.9,110.5,25.3
2025-11-01,CEG,58.2,67.9,110.5,25.3
2025-12-01,CEG,46.6,67.9,110.5,25.3
2026-01-01,CEG,100.3,67.9,110.5,25.3
2026-02-01,CEG,86.8,67.9,110.5,25.3
2026-03-01,CEG,62.9,67.9,110.5,25.3
2026-04-01,CEG,53.8,67.9,110.5,25.3
2026-05-01,CEG,72.7,67.9,110.5,25.3
2026-06-01,CEG,42.3,67.9,110.5,25.3
2026-07-01,CEG,51.0,67.9,110.5,25.3
2026-08-01,CEG,26.3,67.9,110.5,25.3
2026-09-01,CEG,58.6,67.9,110.5,25.3
2026-10-01,CEG,309.8,67.9,110.5,25.3
2025-10-01,CF,10.2,22.7,40.2,5.1
2025-11-01,CF,10.4,22.7,40.2,5.1
2025-12-01,CF,5.5,22.7,40.2,5.1
2026-01-01,CF,19.3,22.7,40.2,5.1
2026-02-01,CF,16.5,22.7,40.2,5.1
2026-03-01,CF,41.6,22.7,40.2,5.1
2026-04-01,CF,29.7,22.7,40.2,5.1
2026-05-01,CF,19.2,22.7,40.2,5.1
2026-06-01,CF,17.9,22.7,40.2,5.1
2026-07-01,CF,22.6,22.7,40.2,5.1
2026-08-01,CF,23.1,22.7,40.2,5.1
2026-09-01,CF,27.6,22.7,40.2,5.1
2026-10-01,CF,118.2,22.7,40.2,5.1
2025-10-01,CFG,7.3,8.7,17.5,-0.1
2025-11-01,CFG,5.6,8.7,17.5,-0.1
2025-12-01,CFG,6.3,8.7,17.5,-0.1
2026-01-01,CFG,7.6,8.7,17.5,-0.1
2026-02-01,CFG,9.3,8.7,17.5,-0.1
2026-03-01,CFG,5.9,8.7,17.5,-0.1
2026-04-01,CFG,7.9,8.7,17.5,-0.1
2026-05-01,CFG,6.3,8.7,17.5,-0.1
2026-06-01,CFG,10.9,8.7,17.5,-0.1
2026-07-01,CFG,6.7,8.7,17.5,-0.1
2026-08-01,CFG,6.9,8.7,17.5,-0.1
2026-09-01,CFG,7.6,8.7,17.5,-0.1
2026-10-01,CFG,65.0,8.7,17.5,-0.1
2025-10-01,CHD,9.3,11.2,24.9,-2.5
2025-11-01,CHD,5.7,11.2,24.9,-2.5
2025-12-01,CHD,6.3,11.2,24.9,-2.5
2026-01-01,CHD,17.1,11.2,24.9,-2.5
2026-02-01,CHD,10.2,11.2,24.9,-2.5
2026-03-01,CHD,12.6,11.2,24.9,-2.5
2026-04-01,CHD,6.8,11.2,24.9,-2.5
2026-05-01,CHD,10.6,11.2,24.9,-2.5
2026-06-01,CHD,7.6,11.2,24.9,-2.5
2026-07-01,CHD,7.4,11.2,24.9,-2.5
2026-08-01,CHD,8.0,11.2,24.9,-2.5
2026-09-01,CHD,8.3,11.2,24.9,-2.5
2026-10-01,CHD,97.4,11.2,24.9,-2.5
2025-10-01,CHRW,35.1,34.3,59.3,9.3
2025-11-01,CHRW,13.3,34.3,59.3,9.3
2025-12-01,CHRW,16.3,34.3,59.3,9.3
2026-01-01,CHRW,40.3,34.3,59.3,9.3
2026-02-01,CHRW,54.0,34.3,59.3,9.3
2026-03-01,CHRW,34.1,34.3,59.3,9.3
2026-04-01,CHRW,30.2,34.3,59.3,9.3
2026-05-01,CHRW,35.3,34.3,59.3,9.3
2026-06-01,CHRW,19.2,34.3,59.3,9.3
2026-07-01,CHRW,67.2,34.3,59.3,9.3
2026-08-01,CHRW,16.4,34.3,59.3,9.3
2026-09-01,CHRW,14.1,34.3,59.3,9.3
2026-10-01,CHRW,158.4,34.3,59.3,9.3
2025-10-01,CHTR,68.7,45.1,68.1,22.0
2025-11-01,CHTR,39.2,45.1,68.1,22.0
2025-12-01,CHTR,22.0,45.1,68.1,22.0
2026-01-01,CHTR,35.3,45.1,68.1,22.0
2026-02-01,CHTR,45.2,45.1,68.1,22.0
2026-03-01,CHTR,28.3,45.1,68.1,22.0
2026-04-01,CHTR,96.1,45.1,68.1,22.0
2026-05-01,CHTR,38.4,45.1,68.1,22.0
2026-06-01,CHTR,44.1,45.1,68.1,22.0
2026-07-01,CHTR,35.3,45.1,68.1,22.0
2026-08-01,CHTR,17.0,45.1,68.1,22.0
2026-09-01,CHTR,50.7,45.1,68.1,22.0
2026-10-01,CHTR,112.9,45.1,68.1,22.0
2025-10-01,CI,74.8,38.7,78.1,-0.7
2025-11-01,CI,41.5,38.7,78.1,-0.7
2025-12-01,CI,20.4,38.7,78.1,-0.7
2026-01-01,CI,23.3,38.7,78.1,-0.7
2026-02-01,CI,29.0,38.7,78.1,-0.7
2026-03-01,CI,34.5,38.7,78.1,-0.7
2026-04-01,CI,28.9,38.7,78.1,-0.7
2026-05-01,CI,29.3,38.7,78.1,-0.7
2026-06-01,CI,28.8,38.7,78.1,-0.7
2026-07-01,CI,31.8,38.7,78.1,-0.7
2026-08-01,CI,22.9,38.7,78.1,-0.7
2026-09-01,CI,27.6,38.7,78.1,-0.7
2026-10-01,CI,276.0,38.7,78.1,-0.7
2025-10-01,CIEN,50.6,117.0,190.4,43.6
2025-11-01,CIEN,46.0,117.0,190.4,43.6
2025-12-01,CIEN,61.6,117.0,190.4,43.6
2026-01-01,CIEN,53.8,117.0,190.4,43.6
2026-02-01,CIEN,127.3,117.0,190.4,43.6
2026-03-01,CIEN,168.5,117.0,190.4,43.6
2026-04-01,CIEN,130.1,117.0,190.4,43.6
2026-05-01,CIEN,106.6,117.0,190.4,43.6
2026-06-01,CIEN,220.2,117.0,190.4,43.6
2026-07-01,CIEN,162.4,117.0,190.4,43.6
2026-08-01,CIEN,107.7,117.0,190.4,43.6
2026-09-01,CIEN,70.0,117.0,190.4,43.6
2026-10-01,CIEN,446.4,117.0,190.4,43.6
2025-10-01,CINF,16.9,19.8,42.8,-3.3
2025-11-01,CINF,17.9,19.8,42.8,-3.3
2025-12-01,CINF,8.3,19.8,42.8,-3.3
2026-01-01,CINF,11.1,19.8,42.8,-3.3
2026-02-01,CINF,15.4,19.8,42.8,-3.3
2026-03-01,CINF,16.7,19.8,42.8,-3.3
2026-04-01,CINF,12.3,19.8,42.8,-3.3
2026-05-01,CINF,12.4,19.8,42.8,-3.3
2026-06-01,CINF,31.8,19.8,42.8,-3.3
2026-07-01,CINF,22.7,19.8,42.8,-3.3
2026-08-01,CINF,14.3,19.8,42.8,-3.3
2026-09-01,CINF,15.9,19.8,42.8,-3.3
2026-10-01,CINF,163.9,19.8,42.8,-3.3
2025-10-01,CL,5.8,9.9,22.5,-2.7
2025-11-01,CL,6.8,9.9,22.5,-2.7
2025-12-01,CL,4.7,9.9,22.5,-2.7
2026-01-01,CL,14.8,9.9,22.5,-2.7
2026-02-01,CL,9.2,9.9,22.5,-2.7
2026-03-01,CL,15.3,9.9,22.5,-2.7
2026-04-01,CL,4.6,9.9,22.5,-2.7
2026-05-01,CL,8.2,9.9,22.5,-2.7
2026-06-01,CL,8.8,9.9,22.5,-2.7
2026-07-01,CL,6.8,9.9,22.5,-2.7
2026-08-01,CL,5.0,9.9,22.5,-2.7
2026-09-01,CL,6.4,9.9,22.5,-2.7
2026-10-01,CL,88.1,9.9,22.5,-2.7
2025-10-01,CLX,13.5,16.9,28.3,5.5
2025-11-01,CLX,15.0,16.9,28.3,5.5
2025-12-01,CLX,11.3,16.9,28.3,5.5
2026-01-01,CLX,16.7,16.9,28.3,5.5
2026-02-01,CLX,17.6,16.9,28.3,5.5
2026-03-01,CLX,27.3,16.9,28.3,5.5
2026-04-01,CLX,15.5,16.9,28.3,5.5
2026-05-01,CLX,13.9,16.9,28.3,5.5
2026-06-01,CLX,12.8,16.9,28.3,5.5
2026-07-01,CLX,8.9,16.9,28.3,5.5
2026-08-01,CLX,12.8,16.9,28.3,5.5
2026-09-01,CLX,18.0,16.9,28.3,5.5
2026-10-01,CLX,84.7,16.9,28.3,5.5
2025-10-01,CMBT,1.0,2.9,5.7,0.1
2025-11-01,CMBT,2.0,2.9,5.7,0.1
2025-12-01,CMBT,1.9,2.9,5.7,0.1
2026-01-01,CMBT,3.8,2.9,5.7,0.1
2026-02-01,CMBT,2.9,2.9,5.7,0.1
2026-03-01,CMBT,2.9,2.9,5.7,0.1
2026-04-01,CMBT,1.5,2.9,5.7,0.1
2026-05-01,CMBT,4.2,2.9,5.7,0.1
2026-06-01,CMBT,2.2,2.9,5.7,0.1
2026-07-01,CMBT,2.3,2.9,5.7,0.1
2026-08-01,CMBT,3.0,2.9,5.7,0.1
2026-09-01,CMBT,2.7,2.9,5.7,0.1
2026-10-01,CMBT,20.3,2.9,5.7,0.1
2025-10-01,CMCSA,5.3,4.4,7.4,1.5
2025-11-01,CMCSA,1.7,4.4,7.4,1.5
2025-12-01,CMCSA,3.9,4.4,7.4,1.5
2026-01-01,CMCSA,3.0,4.4,7.4,1.5
2026-02-01,CMCSA,3.5,4.4,7.4,1.5
2026-03-01,CMCSA,4.1,4.4,7.4,1.5
2026-04-01,CMCSA,5.5,4.4,7.4,1.5
2026-05-01,CMCSA,3.0,4.4,7.4,1.5
2026-06-01,CMCSA,5.0,4.4,7.4,1.5
2026-07-01,CMCSA,3.6,4.4,7.4,1.5
2026-08-01,CMCSA,3.0,4.4,7.4,1.5
2026-09-01,CMCSA,5.8,4.4,7.4,1.5
2026-10-01,CMCSA,22.0,4.4,7.4,1.5
2025-10-01,CME,18.2,39.1,76.8,1.5
2025-11-01,CME,26.3,39.1,76.8,1.5
2025-12-01,CME,17.8,39.1,76.8,1.5
2026-01-01,CME,29.6,39.1,76.8,1.5
2026-02-01,CME,36.0,39.1,76.8,1.5
2026-03-01,CME,36.5,39.1,76.8,1.5
2026-04-01,CME,38.1,39.1,76.8,1.5
2026-05-01,CME,35.7,39.1,76.8,1.5
2026-06-01,CME,55.9,39.1,76.8,1.5
2026-07-01,CME,47.7,39.1,76.8,1.5
2026-08-01,CME,30.6,39.1,76.8,1.5
2026-09-01,CME,31.0,39.1,76.8,1.5
2026-10-01,CME,272.4,39.1,76.8,1.5
2025-10-01,CMG,11.8,6.9,11.4,2.3
2025-11-01,CMG,5.1,6.9,11.4,2.3
2025-12-01,CMG,4.8,6.9,11.4,2.3
2026-01-01,CMG,4.7,6.9,11.4,2.3
2026-02-01,CMG,4.9,6.9,11.4,2.3
2026-03-01,CMG,6.9,6.9,11.4,2.3
2026-04-01,CMG,5.3,6.9,11.4,2.3
2026-05-01,CMG,2.5,6.9,11.4,2.3
2026-06-01,CMG,6.0,6.9,11.4,2.3
2026-07-01,CMG,7.6,6.9,11.4,2.3
2026-08-01,CMG,6.7,6.9,11.4,2.3
2026-09-01,CMG,7.8,6.9,11.4,2.3
2026-10-01,CMG,32.6,6.9,11.4,2.3
2025-10-01,CMI,48.5,93.9,169.0,18.8
2025-11-01,CMI,73.4,93.9,169.0,18.8
2025-12-01,CMI,33.0,93.9,169.0,18.8
2026-01-01,CMI,82.5,93.9,169.0,18.8
2026-02-01,CMI,90.6,93.9,169.0,18.8
2026-03-01,CMI,73.0,93.9,169.0,18.8
2026-04-01,CMI,144.5,93.9,169.0,18.8
2026-05-01,CMI,90.0,93.9,169.0,18.8
2026-06-01,CMI,109.1,93.9,169.0,18.8
2026-07-01,CMI,104.0,93.9,169.0,18.8
2026-08-01,CMI,102.5,93.9,169.0,18.8
2026-09-01,CMI,53.2,93.9,169.0,18.8
2026-10-01,CMI,540.5,93.9,169.0,18.8
2025-10-01,CMRE,1.5,2.4,4.5,0.3
2025-11-01,CMRE,3.3,2.4,4.5,0.3
2025-12-01,CMRE,1.4,2.4,4.5,0.3
2026-01-01,CMRE,1.9,2.4,4.5,0.3
2026-02-01,CMRE,2.4,2.4,4.5,0.3
2026-03-01,CMRE,2.0,2.4,4.5,0.3
2026-04-01,CMRE,2.2,2.4,4.5,0.3
2026-05-01,CMRE,2.5,2.4,4.5,0.3
2026-06-01,CMRE,2.9,2.4,4.5,0.3
2026-07-01,CMRE,2.1,2.4,4.5,0.3
2026-08-01,CMRE,2.1,2.4,4.5,0.3
2026-09-01,CMRE,1.3,2.4,4.5,0.3
2026-10-01,CMRE,15.5,2.4,4.5,0.3
2025-10-01,CMS,4.7,7.4,16.5,-1.6
2025-11-01,CMS,4.1,7.4,16.5,-1.6
2025-12-01,CMS,6.5,7.4,16.5,-1.6
2026-01-01,CMS,4.1,7.4,16.5,-1.6
2026-02-01,CMS,8.0,7.4,16.5,-1.6
2026-03-01,CMS,4.7,7.4,16.5,-1.6
2026-04-01,CMS,5.9,7.4,16.5,-1.6
2026-05-01,CMS,5.7,7.4,16.5,-1.6
2026-06-01,CMS,10.0,7.4,16.5,-1.6
2026-07-01,CMS,7.0,7.4,16.5,-1.6
2026-08-01,CMS,5.1,7.4,16.5,-1.6
2026-09-01,CMS,7.1,7.4,16.5,-1.6
2026-10-01,CMS,65.1,7.4,16.5,-1.6
2025-10-01,CNC,6.4,10.9,20.4,1.4
2025-11-01,CNC,6.3,10.9,20.4,1.4
2025-12-01,CNC,4.6,10.9,20.4,1.4
2026-01-01,CNC,7.6,10.9,20.4,1.4
2026-02-01,CNC,8.9,10.9,20.4,1.4
2026-03-01,CNC,13.6,10.9,20.4,1.4
2026-04-01,CNC,22.4,10.9,20.4,1.4
2026-05-01,CNC,8.8,10.9,20.4,1.4
2026-06-01,CNC,8.3,10.9,20.4,1.4
2026-07-01,CNC,12.7,10.9,20.4,1.4
2026-08-01,CNC,7.2,10.9,20.4,1.4
2026-09-01,CNC,8.7,10.9,20.4,1.4
2026-10-01,CNC,64.8,10.9,20.4,1.4
2025-10-01,CNP,2.5,4.0,9.4,-1.4
2025-11-01,CNP,2.6,4.0,9.4,-1.4
2025-12-01,CNP,2.7,4.0,9.4,-1.4
2026-01-01,CNP,2.5,4.0,9.4,-1.4
2026-02-01,CNP,4.4,4.0,9.4,-1.4
2026-03-01,CNP,2.8,4.0,9.4,-1.4
2026-04-01,CNP,2.4,4.0,9.4,-1.4
2026-05-01,CNP,2.9,4.0,9.4,-1.4
2026-06-01,CNP,4.1,4.0,9.4,-1.4
2026-07-01,CNP,3.4,4.0,9.4,-1.4
2026-08-01,CNP,4.0,4.0,9.4,-1.4
2026-09-01,CNP,4.0,4.0,9.4,-1.4
2026-10-01,CNP,38.6,4.0,9.4,-1.4
2025-10-01,CNR,27.4,21.7,34.2,9.3
2025-11-01,CNR,16.6,21.7,34.2,9.3
2025-12-01,CNR,15.4,21.7,34.2,9.3
2026-01-01,CNR,17.1,21.7,34.2,9.3
2026-02-01,CNR,14.2,21.7,34.2,9.3
2026-03-01,CNR,31.7,21.7,34.2,9.3
2026-04-01,CNR,23.3,21.7,34.2,9.3
2026-05-01,CNR,13.6,21.7,34.2,9.3
2026-06-01,CNR,21.7,21.7,34.2,9.3
2026-07-01,CNR,12.1,21.7,34.2,9.3
2026-08-01,CNR,26.2,21.7,34.2,9.3
2026-09-01,CNR,19.1,21.7,34.2,9.3
2026-10-01,CNR,92.3,21.7,34.2,9.3
2025-10-01,COF,27.8,32.6,59.5,5.7
2025-11-01,COF,24.5,32.6,59.5,5.7
2025-12-01,COF,32.2,32.6,59.5,5.7
2026-01-01,COF,45.1,32.6,59.5,5.7
2026-02-01,COF,40.2,32.6,59.5,5.7
2026-03-01,COF,22.2,32.6,59.5,5.7
2026-04-01,COF,33.1,32.6,59.5,5.7
2026-05-01,COF,16.0,32.6,59.5,5.7
2026-06-01,COF,35.9,32.6,59.5,5.7
2026-07-01,COF,21.9,32.6,59.5,5.7
2026-08-01,COF,18.1,32.6,59.5,5.7
2026-09-01,COF,28.2,32.6,59.5,5.7
2026-10-01,COF,197.9,32.6,59.5,5.7
2025-10-01,COHR,36.4,98.1,152.8,43.4
2025-11-01,COHR,44.8,98.1,152.8,43.4
2025-12-01,COHR,42.0,98.1,152.8,43.4
2026-01-01,COHR,69.7,98.1,152.8,43.4
2026-02-01,COHR,101.3,98.1,152.8,43.4
2026-03-01,COHR,84.7,98.1,152.8,43.4
2026-04-01,COHR,133.0,98.1,152.8,43.4
2026-05-01,COHR,104.8,98.1,152.8,43.4
2026-06-01,COHR,104.5,98.1,152.8,43.4
2026-07-01,COHR,166.1,98.1,152.8,43.4
2026-08-01,COHR,142.9,98.1,152.8,43.4
2026-09-01,COHR,77.6,98.1,152.8,43.4
2026-10-01,COHR,341.8,98.1,152.8,43.4
2025-10-01,COIN,91.7,64.5,93.0,36.0
2025-11-01,COIN,111.6,64.5,93.0,36.0
2025-12-01,COIN,59.3,64.5,93.0,36.0
2026-01-01,COIN,72.1,64.5,93.0,36.0
2026-02-01,COIN,51.6,64.5,93.0,36.0
2026-03-01,COIN,55.0,64.5,93.0,36.0
2026-04-01,COIN,52.9,64.5,93.0,36.0
2026-05-01,COIN,53.2,64.5,93.0,36.0
2026-06-01,COIN,47.4,64.5,93.0,36.0
2026-07-01,COIN,42.4,64.5,93.0,36.0
2026-08-01,COIN,52.8,64.5,93.0,36.0
2026-09-01,COIN,47.2,64.5,93.0,36.0
2026-10-01,COIN,200.4,64.5,93.0,36.0
2025-10-01,COMT,1.1,4.2,9.5,-1.2
2025-11-01,COMT,1.3,4.2,9.5,-1.2
2025-12-01,COMT,3.1,4.2,9.5,-1.2
2026-01-01,COMT,3.6,4.2,9.5,-1.2
2026-02-01,COMT,1.9,4.2,9.5,-1.2
2026-03-01,COMT,6.0,4.2,9.5,-1.2
2026-04-01,COMT,5.1,4.2,9.5,-1.2
2026-05-01,COMT,3.3,4.2,9.5,-1.2
2026-06-01,COMT,4.8,4.2,9.5,-1.2
2026-07-01,COMT,3.4,4.2,9.5,-1.2
2026-08-01,COMT,3.7,4.2,9.5,-1.2
2026-09-01,COMT,3.0,4.2,9.5,-1.2
2026-10-01,COMT,37.4,4.2,9.5,-1.2
2025-10-01,COO,9.4,11.7,20.1,3.2
2025-11-01,COO,11.5,11.7,20.1,3.2
2025-12-01,COO,14.6,11.7,20.1,3.2
2026-01-01,COO,5.4,11.7,20.1,3.2
2026-02-01,COO,5.8,11.7,20.1,3.2
2026-03-01,COO,15.0,11.7,20.1,3.2
2026-04-01,COO,12.0,11.7,20.1,3.2
2026-05-01,COO,4.4,11.7,20.1,3.2
2026-06-01,COO,13.0,11.7,20.1,3.2
2026-07-01,COO,6.1,11.7,20.1,3.2
2026-08-01,COO,8.5,11.7,20.1,3.2
2026-09-01,COO,20.1,11.7,20.1,3.2
2026-10-01,COO,57.7,11.7,20.1,3.2
2025-10-01,COP,10.5,18.4,36.4,0.3
2025-11-01,COP,6.3,18.4,36.4,0.3
2025-12-01,COP,9.1,18.4,36.4,0.3
2026-01-01,COP,12.6,18.4,36.4,0.3
2026-02-01,COP,13.3,18.4,36.4,0.3
2026-03-01,COP,22.9,18.4,36.4,0.3
2026-04-01,COP,22.2,18.4,36.4,0.3
2026-05-01,COP,13.4,18.4,36.4,0.3
2026-06-01,COP,17.9,18.4,36.4,0.3
2026-07-01,COP,19.7,18.4,36.4,0.3
2026-08-01,COP,21.2,18.4,36.4,0.3
2026-09-01,COP,18.2,18.4,36.4,0.3
2026-10-01,COP,130.1,18.4,36.4,0.3
2025-10-01,COR,54.4,50.4,93.4,7.3
2025-11-01,COR,42.4,50.4,93.4,7.3
2025-12-01,COR,36.4,50.4,93.4,7.3
2026-01-01,COR,33.3,50.4,93.4,7.3
2026-02-01,COR,46.9,50.4,93.4,7.3
2026-03-01,COR,68.4,50.4,93.4,7.3
2026-04-01,COR,28.7,50.4,93.4,7.3
2026-05-01,COR,65.6,50.4,93.4,7.3
2026-06-01,COR,32.5,50.4,93.4,7.3
2026-07-01,COR,42.0,50.4,93.4,7.3
2026-08-01,COR,32.7,50.4,93.4,7.3
2026-09-01,COR,43.7,50.4,93.4,7.3
2026-10-01,COR,316.4,50.4,93.4,7.3
2025-10-01,CORN,0.9,1.7,4.5,-1.1
2025-11-01,CORN,0.8,1.7,4.5,-1.1
2025-12-01,CORN,0.6,1.7,4.5,-1.1
2026-01-01,CORN,1.0,1.7,4.5,-1.1
2026-02-01,CORN,0.7,1.7,4.5,-1.1
2026-03-01,CORN,1.2,1.7,4.5,-1.1
2026-04-01,CORN,1.2,1.7,4.5,-1.1
2026-05-01,CORN,1.2,1.7,4.5,-1.1
2026-06-01,CORN,1.7,1.7,4.5,-1.1
2026-07-01,CORN,1.6,1.7,4.5,-1.1
2026-08-01,CORN,2.6,1.7,4.5,-1.1
2026-09-01,CORN,1.5,1.7,4.5,-1.1
2026-10-01,CORN,19.3,1.7,4.5,-1.1
2025-10-01,COST,60.1,102.5,235.1,-30.1
2025-11-01,COST,71.3,102.5,235.1,-30.1
2025-12-01,COST,82.3,102.5,235.1,-30.1
2026-01-01,COST,140.5,102.5,235.1,-30.1
2026-02-01,COST,97.2,102.5,235.1,-30.1
2026-03-01,COST,60.4,102.5,235.1,-30.1
2026-04-01,COST,69.8,102.5,235.1,-30.1
2026-05-01,COST,151.1,102.5,235.1,-30.1
2026-06-01,COST,65.0,102.5,235.1,-30.1
2026-07-01,COST,80.3,102.5,235.1,-30.1
2026-08-01,COST,52.9,102.5,235.1,-30.1
2026-09-01,COST,69.0,102.5,235.1,-30.1
2026-10-01,COST,937.0,102.5,235.1,-30.1
2025-10-01,CPAY,41.8,57.9,113.4,2.3
2025-11-01,CPAY,41.8,57.9,113.4,2.3
2025-12-01,CPAY,27.5,57.9,113.4,2.3
2026-01-01,CPAY,36.7,57.9,113.4,2.3
2026-02-01,CPAY,73.2,57.9,113.4,2.3
2026-03-01,CPAY,56.0,57.9,113.4,2.3
2026-04-01,CPAY,59.8,57.9,113.4,2.3
2026-05-01,CPAY,65.8,57.9,113.4,2.3
2026-06-01,CPAY,46.2,57.9,113.4,2.3
2026-07-01,CPAY,62.5,57.9,113.4,2.3
2026-08-01,CPAY,44.5,57.9,113.4,2.3
2026-09-01,CPAY,41.2,57.9,113.4,2.3
2026-10-01,CPAY,407.0,57.9,113.4,2.3
2025-10-01,CPER,2.8,4.5,10.1,-1.1
2025-11-01,CPER,1.9,4.5,10.1,-1.1
2025-12-01,CPER,4.1,4.5,10.1,-1.1
2026-01-01,CPER,5.7,4.5,10.1,-1.1
2026-02-01,CPER,2.9,4.5,10.1,-1.1
2026-03-01,CPER,4.2,4.5,10.1,-1.1
2026-04-01,CPER,3.8,4.5,10.1,-1.1
2026-05-01,CPER,5.5,4.5,10.1,-1.1
2026-06-01,CPER,4.6,4.5,10.1,-1.1
2026-07-01,CPER,3.1,4.5,10.1,-1.1
2026-08-01,CPER,2.0,4.5,10.1,-1.1
2026-09-01,CPER,3.5,4.5,10.1,-1.1
2026-10-01,CPER,40.1,4.5,10.1,-1.1
2025-10-01,CPRT,3.9,5.3,9.2,1.4
2025-11-01,CPRT,4.7,5.3,9.2,1.4
2025-12-01,CPRT,1.6,5.3,9.2,1.4
2026-01-01,CPRT,4.4,5.3,9.2,1.4
2026-02-01,CPRT,7.1,5.3,9.2,1.4
2026-03-01,CPRT,6.6,5.3,9.2,1.4
2026-04-01,CPRT,2.1,5.3,9.2,1.4
2026-05-01,CPRT,3.4,5.3,9.2,1.4
2026-06-01,CPRT,5.1,5.3,9.2,1.4
2026-07-01,CPRT,4.6,5.3,9.2,1.4
2026-08-01,CPRT,6.1,5.3,9.2,1.4
2026-09-01,CPRT,7.7,5.3,9.2,1.4
2026-10-01,CPRT,27.7,5.3,9.2,1.4
2025-10-01,CPT,9.9,11.5,25.2,-2.2
2025-11-01,CPT,9.1,11.5,25.2,-2.2
2025-12-01,CPT,9.3,11.5,25.2,-2.2
2026-01-01,CPT,5.9,11.5,25.2,-2.2
2026-02-01,CPT,7.7,11.5,25.2,-2.2
2026-03-01,CPT,13.0,11.5,25.2,-2.2
2026-04-01,CPT,9.5,11.5,25.2,-2.2
2026-05-01,CPT,6.6,11.5,25.2,-2.2
2026-06-01,CPT,11.8,11.5,25.2,-2.2
2026-07-01,CPT,10.9,11.5,25.2,-2.2
2026-08-01,CPT,8.2,11.5,25.2,-2.2
2026-09-01,CPT,9.8,11.5,25.2,-2.2
2026-10-01,CPT,99.1,11.5,25.2,-2.2
2025-10-01,CRESY,4.5,2.4,4.1,0.6
2025-11-01,CRESY,1.8,2.4,4.1,0.6
2025-12-01,CRESY,1.6,2.4,4.1,0.6
2026-01-01,CRESY,2.6,2.4,4.1,0.6
2026-02-01,CRESY,2.7,2.4,4.1,0.6
2026-03-01,CRESY,2.4,2.4,4.1,0.6
2026-04-01,CRESY,2.0,2.4,4.1,0.6
2026-05-01,CRESY,1.8,2.4,4.1,0.6
2026-06-01,CRESY,2.0,2.4,4.1,0.6
2026-07-01,CRESY,1.4,2.4,4.1,0.6
2026-08-01,CRESY,1.3,2.4,4.1,0.6
2026-09-01,CRESY,1.5,2.4,4.1,0.6
2026-10-01,CRESY,12.3,2.4,4.1,0.6
2025-10-01,CRH,6.2,15.7,27.0,4.4
2025-11-01,CRH,13.3,15.7,27.0,4.4
2025-12-01,CRH,11.7,15.7,27.0,4.4
2026-01-01,CRH,12.9,15.7,27.0,4.4
2026-02-01,CRH,13.3,15.7,27.0,4.4
2026-03-01,CRH,19.6,15.7,27.0,4.4
2026-04-01,CRH,17.4,15.7,27.0,4.4
2026-05-01,CRH,20.7,15.7,27.0,4.4
2026-06-01,CRH,17.0,15.7,27.0,4.4
2026-07-01,CRH,15.1,15.7,27.0,4.4
2026-08-01,CRH,9.8,15.7,27.0,4.4
2026-09-01,CRH,12.6,15.7,27.0,4.4
2026-10-01,CRH,84.1,15.7,27.0,4.4
2025-10-01,CRL,43.6,49.1,96.1,2.2
2025-11-01,CRL,23.5,49.1,96.1,2.2
2025-12-01,CRL,32.1,49.1,96.1,2.2
2026-01-01,CRL,34.0,49.1,96.1,2.2
2026-02-01,CRL,72.4,49.1,96.1,2.2
2026-03-01,CRL,33.0,49.1,96.1,2.2
2026-04-01,CRL,28.6,49.1,96.1,2.2
2026-05-01,CRL,48.4,49.1,96.1,2.2
2026-06-01,CRL,58.6,49.1,96.1,2.2
2026-07-01,CRL,29.3,49.1,96.1,2.2
2026-08-01,CRL,75.3,49.1,96.1,2.2
2026-09-01,CRL,31.7,49.1,96.1,2.2
2026-10-01,CRL,333.3,49.1,96.1,2.2
2025-10-01,CRM,33.6,48.5,81.9,15.0
2025-11-01,CRM,39.6,48.5,81.9,15.0
2025-12-01,CRM,40.5,48.5,81.9,15.0
2026-01-01,CRM,59.1,48.5,81.9,15.0
2026-02-01,CRM,42.3,48.5,81.9,15.0
2026-03-01,CRM,26.0,48.5,81.9,15.0
2026-04-01,CRM,30.0,48.5,81.9,15.0
2026-05-01,CRM,29.8,48.5,81.9,15.0
2026-06-01,CRM,65.0,48.5,81.9,15.0
2026-07-01,CRM,35.0,48.5,81.9,15.0
2026-08-01,CRM,80.5,48.5,81.9,15.0
2026-09-01,CRM,47.1,48.5,81.9,15.0
2026-10-01,CRM,239.5,48.5,81.9,15.0
2025-10-01,CRWD,19.6,41.1,83.6,-1.5
2025-11-01,CRWD,22.3,41.1,83.6,-1.5
2025-12-01,CRWD,15.4,41.1,83.6,-1.5
2026-01-01,CRWD,14.0,41.1,83.6,-1.5
2026-02-01,CRWD,26.1,41.1,83.6,-1.5
2026-03-01,CRWD,22.6,41.1,83.6,-1.5
2026-04-01,CRWD,25.9,41.1,83.6,-1.5
2026-05-01,CRWD,71.5,41.1,83.6,-1.5
2026-06-01,CRWD,42.0,41.1,83.6,-1.5
2026-07-01,CRWD,43.4,41.1,83.6,-1.5
2026-08-01,CRWD,52.6,41.1,83.6,-1.5
2026-09-01,CRWD,68.4,41.1,83.6,-1.5
2026-10-01,CRWD,287.0,41.1,83.6,-1.5
2025-10-01,CSCO,6.7,14.9,32.3,-2.4
2025-11-01,CSCO,9.5,14.9,32.3,-2.4
2025-12-01,CSCO,5.2,14.9,32.3,-2.4
2026-01-01,CSCO,6.7,14.9,32.3,-2.4
2026-02-01,CSCO,14.8,14.9,32.3,-2.4
2026-03-01,CSCO,7.9,14.9,32.3,-2.4
2026-04-01,CSCO,15.1,14.9,32.3,-2.4
2026-05-01,CSCO,30.4,14.9,32.3,-2.4
2026-06-01,CSCO,17.5,14.9,32.3,-2.4
2026-07-01,CSCO,14.1,14.9,32.3,-2.4
2026-08-01,CSCO,15.5,14.9,32.3,-2.4
2026-09-01,CSCO,7.7,14.9,32.3,-2.4
2026-10-01,CSCO,118.4,14.9,32.3,-2.4
2025-10-01,CSGP,21.4,9.9,16.0,3.7
2025-11-01,CSGP,5.9,9.9,16.0,3.7
2025-12-01,CSGP,7.3,9.9,16.0,3.7
2026-01-01,CSGP,13.6,9.9,16.0,3.7
2026-02-01,CSGP,19.5,9.9,16.0,3.7
2026-03-01,CSGP,9.9,9.9,16.0,3.7
2026-04-01,CSGP,8.0,9.9,16.0,3.7
2026-05-01,CSGP,4.7,9.9,16.0,3.7
2026-06-01,CSGP,6.6,9.9,16.0,3.7
2026-07-01,CSGP,5.5,9.9,16.0,3.7
2026-08-01,CSGP,4.6,9.9,16.0,3.7
2026-09-01,CSGP,6.3,9.9,16.0,3.7
2026-10-01,CSGP,28.2,9.9,16.0,3.7
2025-10-01,CSX,2.7,5.1,11.8,-1.6
2025-11-01,CSX,2.4,5.1,11.8,-1.6
2025-12-01,CSX,3.2,5.1,11.8,-1.6
2026-01-01,CSX,3.3,5.1,11.8,-1.6
2026-02-01,CSX,5.4,5.1,11.8,-1.6
2026-03-01,CSX,5.5,5.1,11.8,-1.6
2026-04-01,CSX,6.2,5.1,11.8,-1.6
2026-05-01,CSX,3.0,5.1,11.8,-1.6
2026-06-01,CSX,3.6,5.1,11.8,-1.6
2026-07-01,CSX,6.1,5.1,11.8,-1.6
2026-08-01,CSX,2.7,5.1,11.8,-1.6
2026-09-01,CSX,4.7,5.1,11.8,-1.6
2026-10-01,CSX,47.7,5.1,11.8,-1.6
2025-10-01,CTAS,22.1,24.4,53.7,-4.9
2025-11-01,CTAS,9.3,24.4,53.7,-4.9
2025-12-01,CTAS,13.4,24.4,53.7,-4.9
2026-01-01,CTAS,14.3,24.4,53.7,-4.9
2026-02-01,CTAS,16.9,24.4,53.7,-4.9
2026-03-01,CTAS,43.5,24.4,53.7,-4.9
2026-04-01,CTAS,13.2,24.4,53.7,-4.9
2026-05-01,CTAS,15.7,24.4,53.7,-4.9
2026-06-01,CTAS,16.7,24.4,53.7,-4.9
2026-07-01,CTAS,48.3,24.4,53.7,-4.9
2026-08-01,CTAS,12.3,24.4,53.7,-4.9
2026-09-01,CTAS,13.5,24.4,53.7,-4.9
2026-10-01,CTAS,196.9,24.4,53.7,-4.9
2025-10-01,CTSH,10.5,13.6,23.0,4.2
2025-11-01,CTSH,7.6,13.6,23.0,4.2
2025-12-01,CTSH,10.4,13.6,23.0,4.2
2026-01-01,CTSH,6.5,13.6,23.0,4.2
2026-02-01,CTSH,23.7,13.6,23.0,4.2
2026-03-01,CTSH,8.1,13.6,23.0,4.2
2026-04-01,CTSH,10.7,13.6,23.0,4.2
2026-05-01,CTSH,10.7,13.6,23.0,4.2
2026-06-01,CTSH,20.6,13.6,23.0,4.2
2026-07-01,CTSH,17.8,13.6,23.0,4.2
2026-08-01,CTSH,12.6,13.6,23.0,4.2
2026-09-01,CTSH,9.8,13.6,23.0,4.2
2026-10-01,CTSH,64.7,13.6,23.0,4.2
2025-10-01,CTVA,6.2,8.8,11.8,5.9
2025-11-01,CTVA,7.2,8.8,11.8,5.9
2025-12-01,CTVA,3.9,8.8,11.8,5.9
2026-01-01,CTVA,7.7,8.8,11.8,5.9
2026-02-01,CTVA,8.4,8.8,11.8,5.9
2026-03-01,CTVA,9.1,8.8,11.8,5.9
2026-04-01,CTVA,7.3,8.8,11.8,5.9
2026-05-01,CTVA,6.2,8.8,11.8,5.9
2026-06-01,CTVA,10.8,8.8,11.8,5.9
2026-07-01,CTVA,12.3,8.8,11.8,5.9
2026-08-01,CTVA,10.8,8.8,11.8,5.9
2026-09-01,CTVA,14.4,8.8,11.8,5.9
2026-10-01,CTVA,14.4,8.8,11.8,5.9
2025-10-01,CVNA,20.6,19.7,28.0,11.5
2025-11-01,CVNA,18.1,19.7,28.0,11.5
2025-12-01,CVNA,23.2,19.7,28.0,11.5
2026-01-01,CVNA,22.5,19.7,28.0,11.5
2026-02-01,CVNA,21.3,19.7,28.0,11.5
2026-03-01,CVNA,12.0,19.7,28.0,11.5
2026-04-01,CVNA,25.0,19.7,28.0,11.5
2026-05-01,CVNA,20.9,19.7,28.0,11.5
2026-06-01,CVNA,12.5,19.7,28.0,11.5
2026-07-01,CVNA,16.7,19.7,28.0,11.5
2026-08-01,CVNA,14.7,19.7,28.0,11.5
2026-09-01,CVNA,16.8,19.7,28.0,11.5
2026-10-01,CVNA,66.0,19.7,28.0,11.5
2025-10-01,CVS,9.9,13.3,25.4,1.2
2025-11-01,CVS,5.8,13.3,25.4,1.2
2025-12-01,CVS,6.9,13.3,25.4,1.2
2026-01-01,CVS,13.3,13.3,25.4,1.2
2026-02-01,CVS,7.0,13.3,25.4,1.2
2026-03-01,CVS,12.2,13.3,25.4,1.2
2026-04-01,CVS,12.1,13.3,25.4,1.2
2026-05-01,CVS,18.0,13.3,25.4,1.2
2026-06-01,CVS,16.7,13.3,25.4,1.2
2026-07-01,CVS,8.9,13.3,25.4,1.2
2026-08-01,CVS,13.3,13.3,25.4,1.2
2026-09-01,CVS,14.0,13.3,25.4,1.2
2026-10-01,CVS,87.5,13.3,25.4,1.2
2025-10-01,CVX,10.3,25.1,54.7,-4.5
2025-11-01,CVX,10.3,25.1,54.7,-4.5
2025-12-01,CVX,7.5,25.1,54.7,-4.5
2026-01-01,CVX,26.1,25.1,54.7,-4.5
2026-02-01,CVX,15.3,25.1,54.7,-4.5
2026-03-01,CVX,30.6,25.1,54.7,-4.5
2026-04-01,CVX,27.7,25.1,54.7,-4.5
2026-05-01,CVX,19.3,25.1,54.7,-4.5
2026-06-01,CVX,27.5,25.1,54.7,-4.5
2026-07-01,CVX,32.9,25.1,54.7,-4.5
2026-08-01,CVX,23.1,25.1,54.7,-4.5
2026-09-01,CVX,17.0,25.1,54.7,-4.5
2026-10-01,CVX,208.7,25.1,54.7,-4.5
2025-10-01,D,4.3,7.2,15.8,-1.4
2025-11-01,D,5.7,7.2,15.8,-1.4
2025-12-01,D,6.9,7.2,15.8,-1.4
2026-01-01,D,4.9,7.2,15.8,-1.4
2026-02-01,D,8.0,7.2,15.8,-1.4
2026-03-01,D,4.9,7.2,15.8,-1.4
2026-04-01,D,4.7,7.2,15.8,-1.4
2026-05-01,D,7.9,7.2,15.8,-1.4
2026-06-01,D,5.6,7.2,15.8,-1.4
2026-07-01,D,5.6,7.2,15.8,-1.4
2026-08-01,D,5.1,7.2,15.8,-1.4
2026-09-01,D,7.3,7.2,15.8,-1.4
2026-10-01,D,62.1,7.2,15.8,-1.4
2025-10-01,DAL,7.1,14.0,25.7,2.2
2025-11-01,DAL,9.9,14.0,25.7,2.2
2025-12-01,DAL,9.3,14.0,25.7,2.2
2026-01-01,DAL,8.7,14.0,25.7,2.2
2026-02-01,DAL,11.0,14.0,25.7,2.2
2026-03-01,DAL,13.3,14.0,25.7,2.2
2026-04-01,DAL,10.9,14.0,25.7,2.2
2026-05-01,DAL,16.2,14.0,25.7,2.2
2026-06-01,DAL,18.7,14.0,25.7,2.2
2026-07-01,DAL,15.0,14.0,25.7,2.2
2026-08-01,DAL,17.2,14.0,25.7,2.2
2026-09-01,DAL,9.5,14.0,25.7,2.2
2026-10-01,DAL,86.2,14.0,25.7,2.2
2025-10-01,DASH,38.8,48.3,73.4,23.1
2025-11-01,DASH,76.0,48.3,73.4,23.1
2025-12-01,DASH,38.5,48.3,73.4,23.1
2026-01-01,DASH,34.2,48.3,73.4,23.1
2026-02-01,DASH,54.0,48.3,73.4,23.1
2026-03-01,DASH,47.8,48.3,73.4,23.1
2026-04-01,DASH,44.7,48.3,73.4,23.1
2026-05-01,DASH,36.7,48.3,73.4,23.1
2026-06-01,DASH,42.0,48.3,73.4,23.1
2026-07-01,DASH,33.3,48.3,73.4,23.1
2026-08-01,DASH,40.9,48.3,73.4,23.1
2026-09-01,DASH,54.8,48.3,73.4,23.1
2026-10-01,DASH,194.2,48.3,73.4,23.1
2025-10-01,DBA,1.1,2.0,6.2,-2.2
2025-11-01,DBA,1.4,2.0,6.2,-2.2
2025-12-01,DBA,1.3,2.0,6.2,-2.2
2026-01-01,DBA,0.6,2.0,6.2,-2.2
2026-02-01,DBA,0.6,2.0,6.2,-2.2
2026-03-01,DBA,1.5,2.0,6.2,-2.2
2026-04-01,DBA,1.4,2.0,6.2,-2.2
2026-05-01,DBA,1.7,2.0,6.2,-2.2
2026-06-01,DBA,1.3,2.0,6.2,-2.2
2026-07-01,DBA,1.6,2.0,6.2,-2.2
2026-08-01,DBA,2.0,2.0,6.2,-2.2
2026-09-01,DBA,1.4,2.0,6.2,-2.2
2026-10-01,DBA,28.9,2.0,6.2,-2.2
2025-10-01,DBB,1.5,2.3,5.9,-1.3
2025-11-01,DBB,0.9,2.3,5.9,-1.3
2025-12-01,DBB,1.3,2.3,5.9,-1.3
2026-01-01,DBB,3.1,2.3,5.9,-1.3
2026-02-01,DBB,1.4,2.3,5.9,-1.3
2026-03-01,DBB,2.3,2.3,5.9,-1.3
2026-04-01,DBB,2.0,2.3,5.9,-1.3
2026-05-01,DBB,2.1,2.3,5.9,-1.3
2026-06-01,DBB,3.0,2.3,5.9,-1.3
2026-07-01,DBB,1.3,2.3,5.9,-1.3
2026-08-01,DBB,0.9,2.3,5.9,-1.3
2026-09-01,DBB,1.5,2.3,5.9,-1.3
2026-10-01,DBB,25.2,2.3,5.9,-1.3
2025-10-01,DBC,1.0,3.3,8.0,-1.4
2025-11-01,DBC,1.0,3.3,8.0,-1.4
2025-12-01,DBC,1.1,3.3,8.0,-1.4
2026-01-01,DBC,3.4,3.3,8.0,-1.4
2026-02-01,DBC,1.7,3.3,8.0,-1.4
2026-03-01,DBC,3.9,3.3,8.0,-1.4
2026-04-01,DBC,3.3,3.3,8.0,-1.4
2026-05-01,DBC,2.5,3.3,8.0,-1.4
2026-06-01,DBC,4.0,3.3,8.0,-1.4
2026-07-01,DBC,4.1,3.3,8.0,-1.4
2026-08-01,DBC,3.2,3.3,8.0,-1.4
2026-09-01,DBC,2.3,3.3,8.0,-1.4
2026-10-01,DBC,32.8,3.3,8.0,-1.4
2025-10-01,DD,12.2,19.3,37.9,0.6
2025-11-01,DD,23.7,19.3,37.9,0.6
2025-12-01,DD,8.8,19.3,37.9,0.6
2026-01-01,DD,14.6,19.3,37.9,0.6
2026-02-01,DD,26.9,19.3,37.9,0.6
2026-03-01,DD,23.8,19.3,37.9,0.6
2026-04-01,DD,11.2,19.3,37.9,0.6
2026-05-01,DD,20.4,19.3,37.9,0.6
2026-06-01,DD,17.5,19.3,37.9,0.6
2026-07-01,DD,10.7,19.3,37.9,0.6
2026-08-01,DD,19.2,19.3,37.9,0.6
2026-09-01,DD,11.6,19.3,37.9,0.6
2026-10-01,DD,134.0,19.3,37.9,0.6
2025-10-01,DDOG,23.1,55.4,99.4,11.3
2025-11-01,DDOG,49.7,55.4,99.4,11.3
2025-12-01,DDOG,28.3,55.4,99.4,11.3
2026-01-01,DDOG,30.1,55.4,99.4,11.3
2026-02-01,DDOG,35.4,55.4,99.4,11.3
2026-03-01,DDOG,28.4,55.4,99.4,11.3
2026-04-01,DDOG,36.2,55.4,99.4,11.3
2026-05-01,DDOG,114.4,55.4,99.4,11.3
2026-06-01,DDOG,66.0,55.4,99.4,11.3
2026-07-01,DDOG,41.1,55.4,99.4,11.3
2026-08-01,DDOG,73.7,55.4,99.4,11.3
2026-09-01,DDOG,77.5,55.4,99.4,11.3
2026-10-01,DDOG,285.7,55.4,99.4,11.3
2025-10-01,DE,50.0,89.8,187.5,-8.0
2025-11-01,DE,46.0,89.8,187.5,-8.0
2025-12-01,DE,34.5,89.8,187.5,-8.0
2026-01-01,DE,78.3,89.8,187.5,-8.0
2026-02-01,DE,151.8,89.8,187.5,-8.0
2026-03-01,DE,86.8,89.8,187.5,-8.0
2026-04-01,DE,62.8,89.8,187.5,-8.0
2026-05-01,DE,78.8,89.8,187.5,-8.0
2026-06-01,DE,107.8,89.8,187.5,-8.0
2026-07-01,DE,67.5,89.8,187.5,-8.0
2026-08-01,DE,81.4,89.8,187.5,-8.0
2026-09-01,DE,67.2,89.8,187.5,-8.0
2026-10-01,DE,692.8,89.8,187.5,-8.0
2025-10-01,DECK,24.5,19.4,30.3,8.5
2025-11-01,DECK,10.2,19.4,30.3,8.5
2025-12-01,DECK,18.3,19.4,30.3,8.5
2026-01-01,DECK,22.7,19.4,30.3,8.5
2026-02-01,DECK,12.2,19.4,30.3,8.5
2026-03-01,DECK,23.6,19.4,30.3,8.5
2026-04-01,DECK,16.3,19.4,30.3,8.5
2026-05-01,DECK,23.5,19.4,30.3,8.5
2026-06-01,DECK,17.7,19.4,30.3,8.5
2026-07-01,DECK,19.0,19.4,30.3,8.5
2026-08-01,DECK,15.6,19.4,30.3,8.5
2026-09-01,DECK,9.7,19.4,30.3,8.5
2026-10-01,DECK,82.1,19.4,30.3,8.5
2025-10-01,DELL,27.5,94.8,192.7,-3.1
2025-11-01,DELL,51.5,94.8,192.7,-3.1
2025-12-01,DELL,20.2,94.8,192.7,-3.1
2026-01-01,DELL,21.0,94.8,192.7,-3.1
2026-02-01,DELL,37.7,94.8,192.7,-3.1
2026-03-01,DELL,48.9,94.8,192.7,-3.1
2026-04-01,DELL,56.7,94.8,192.7,-3.1
2026-05-01,DELL,223.5,94.8,192.7,-3.1
2026-06-01,DELL,112.4,94.8,192.7,-3.1
2026-07-01,DELL,104.6,94.8,192.7,-3.1
2026-08-01,DELL,123.9,94.8,192.7,-3.1
2026-09-01,DELL,173.6,94.8,192.7,-3.1
2026-10-01,DELL,587.2,94.8,192.7,-3.1
2025-10-01,DG,13.0,22.4,40.1,4.7
2025-11-01,DG,14.7,22.4,40.1,4.7
2025-12-01,DG,31.6,22.4,40.1,4.7
2026-01-01,DG,22.1,22.4,40.1,4.7
2026-02-01,DG,15.5,22.4,40.1,4.7
2026-03-01,DG,40.3,22.4,40.1,4.7
2026-04-01,DG,14.5,22.4,40.1,4.7
2026-05-01,DG,19.0,22.4,40.1,4.7
2026-06-01,DG,19.1,22.4,40.1,4.7
2026-07-01,DG,17.4,22.4,40.1,4.7
2026-08-01,DG,15.0,22.4,40.1,4.7
2026-09-01,DG,15.3,22.4,40.1,4.7
2026-10-01,DG,124.7,22.4,40.1,4.7
2025-10-01,DGX,23.2,27.1,59.8,-5.7
2025-11-01,DGX,19.4,27.1,59.8,-5.7
2025-12-01,DGX,16.0,27.1,59.8,-5.7
2026-01-01,DGX,19.9,27.1,59.8,-5.7
2026-02-01,DGX,31.1,27.1,59.8,-5.7
2026-03-01,DGX,20.5,27.1,59.8,-5.7
2026-04-01,DGX,22.3,27.1,59.8,-5.7
2026-05-01,DGX,11.2,27.1,59.8,-5.7
2026-06-01,DGX,23.2,27.1,59.8,-5.7
2026-07-01,DGX,39.1,27.1,59.8,-5.7
2026-08-01,DGX,17.4,27.1,59.8,-5.7
2026-09-01,DGX,21.6,27.1,59.8,-5.7
2026-10-01,DGX,233.7,27.1,59.8,-5.7
2025-10-01,DHI,29.2,25.8,44.5,7.0
2025-11-01,DHI,24.3,25.8,44.5,7.0
2025-12-01,DHI,22.7,25.8,44.5,7.0
2026-01-01,DHI,24.2,25.8,44.5,7.0
2026-02-01,DHI,22.5,25.8,44.5,7.0
2026-03-01,DHI,25.1,25.8,44.5,7.0
2026-04-01,DHI,31.8,25.8,44.5,7.0
2026-05-01,DHI,20.6,25.8,44.5,7.0
2026-06-01,DHI,27.2,25.8,44.5,7.0
2026-07-01,DHI,25.2,25.8,44.5,7.0
2026-08-01,DHI,10.4,25.8,44.5,7.0
2026-09-01,DHI,12.1,25.8,44.5,7.0
2026-10-01,DHI,140.5,25.8,44.5,7.0
2025-10-01,DHR,36.4,31.7,63.0,0.4
2025-11-01,DHR,24.6,31.7,63.0,0.4
2025-12-01,DHR,10.2,31.7,63.0,0.4
2026-01-01,DHR,25.5,31.7,63.0,0.4
2026-02-01,DHR,25.0,31.7,63.0,0.4
2026-03-01,DHR,27.0,31.7,63.0,0.4
2026-04-01,DHR,25.5,31.7,63.0,0.4
2026-05-01,DHR,23.4,31.7,63.0,0.4
2026-06-01,DHR,23.9,31.7,63.0,0.4
2026-07-01,DHR,44.2,31.7,63.0,0.4
2026-08-01,DHR,27.8,31.7,63.0,0.4
2026-09-01,DHR,29.3,31.7,63.0,0.4
2026-10-01,DHR,227.6,31.7,63.0,0.4
2025-10-01,DHT,2.5,3.6,7.1,0.0
2025-11-01,DHT,1.3,3.6,7.1,0.0
2025-12-01,DHT,1.2,3.6,7.1,0.0
2026-01-01,DHT,2.7,3.6,7.1,0.0
2026-02-01,DHT,6.0,3.6,7.1,0.0
2026-03-01,DHT,3.9,3.6,7.1,0.0
2026-04-01,DHT,1.9,3.6,7.1,0.0
2026-05-01,DHT,3.8,3.6,7.1,0.0
2026-06-01,DHT,4.2,3.6,7.1,0.0
2026-07-01,DHT,2.7,3.6,7.1,0.0
2026-08-01,DHT,2.9,3.6,7.1,0.0
2026-09-01,DHT,4.1,3.6,7.1,0.0
2026-10-01,DHT,25.0,3.6,7.1,0.0
2025-10-01,DIA,25.8,36.6,111.3,-38.0
2025-11-01,DIA,26.7,36.6,111.3,-38.0
2025-12-01,DIA,16.7,36.6,111.3,-38.0
2026-01-01,DIA,18.0,36.6,111.3,-38.0
2026-02-01,DIA,18.5,36.6,111.3,-38.0
2026-03-01,DIA,40.5,36.6,111.3,-38.0
2026-04-01,DIA,39.5,36.6,111.3,-38.0
2026-05-01,DIA,22.3,36.6,111.3,-38.0
2026-06-01,DIA,26.5,36.6,111.3,-38.0
2026-07-01,DIA,17.8,36.6,111.3,-38.0
2026-08-01,DIA,19.6,36.6,111.3,-38.0
2026-09-01,DIA,29.3,36.6,111.3,-38.0
2026-10-01,DIA,516.0,36.6,111.3,-38.0
2025-10-01,DIS,7.6,12.4,27.0,-2.1
2025-11-01,DIS,15.2,12.4,27.0,-2.1
2025-12-01,DIS,10.8,12.4,27.0,-2.1
2026-01-01,DIS,7.3,12.4,27.0,-2.1
2026-02-01,DIS,10.1,12.4,27.0,-2.1
2026-03-01,DIS,12.4,12.4,27.0,-2.1
2026-04-01,DIS,12.0,12.4,27.0,-2.1
2026-05-01,DIS,10.4,12.4,27.0,-2.1
2026-06-01,DIS,8.5,12.4,27.0,-2.1
2026-07-01,DIS,7.4,12.4,27.0,-2.1
2026-08-01,DIS,14.7,12.4,27.0,-2.1
2026-09-01,DIS,7.1,12.4,27.0,-2.1
2026-10-01,DIS,104.6,12.4,27.0,-2.1
2025-10-01,DJI,2588.6,2475.5,3279.9,1671.2
2025-11-01,DJI,2702.6,2475.5,3279.9,1671.2
2025-12-01,DJI,1622.9,2475.5,3279.9,1671.2
2026-01-01,DJI,1780.3,2475.5,3279.9,1671.2
2026-02-01,DJI,1839.2,2475.5,3279.9,1671.2
2026-03-01,DJI,4007.4,2475.5,3279.9,1671.2
2026-04-01,DJI,3951.5,2475.5,3279.9,1671.2
2026-05-01,DJI,2181.1,2475.5,3279.9,1671.2
2026-06-01,DJI,2746.6,2475.5,3279.9,1671.2
2026-07-01,DJI,1747.2,2475.5,3279.9,1671.2
2026-08-01,DJI,1989.4,2475.5,3279.9,1671.2
2026-09-01,DJI,2840.5,2475.5,3279.9,1671.2
2026-10-01,DJI,1125.7,2475.5,3279.9,1671.2
2025-10-01,DLR,16.5,24.0,49.8,-1.7
2025-11-01,DLR,17.6,24.0,49.8,-1.7
2025-12-01,DLR,19.8,24.0,49.8,-1.7
2026-01-01,DLR,16.9,24.0,49.8,-1.7
2026-02-01,DLR,22.4,24.0,49.8,-1.7
2026-03-01,DLR,10.6,24.0,49.8,-1.7
2026-04-01,DLR,28.9,24.0,49.8,-1.7
2026-05-01,DLR,16.6,24.0,49.8,-1.7
2026-06-01,DLR,18.6,24.0,49.8,-1.7
2026-07-01,DLR,36.4,24.0,49.8,-1.7
2026-08-01,DLR,19.6,24.0,49.8,-1.7
2026-09-01,DLR,17.8,24.0,49.8,-1.7
2026-10-01,DLR,185.1,24.0,49.8,-1.7
2025-10-01,DLTR,19.8,23.7,38.9,8.5
2025-11-01,DLTR,14.9,23.7,38.9,8.5
2025-12-01,DLTR,25.0,23.7,38.9,8.5
2026-01-01,DLTR,26.4,23.7,38.9,8.5
2026-02-01,DLTR,22.9,23.7,38.9,8.5
2026-03-01,DLTR,21.8,23.7,38.9,8.5
2026-04-01,DLTR,17.1,23.7,38.9,8.5
2026-05-01,DLTR,31.0,23.7,38.9,8.5
2026-06-01,DLTR,20.0,23.7,38.9,8.5
2026-07-01,DLTR,16.5,23.7,38.9,8.5
2026-08-01,DLTR,19.0,23.7,38.9,8.5
2026-09-01,DLTR,23.8,23.7,38.9,8.5
2026-10-01,DLTR,118.0,23.7,38.9,8.5
2025-10-01,DOC,2.3,2.5,5.3,-0.3
2025-11-01,DOC,1.1,2.5,5.3,-0.3
2025-12-01,DOC,2.6,2.5,5.3,-0.3
2026-01-01,DOC,2.3,2.5,5.3,-0.3
2026-02-01,DOC,1.8,2.5,5.3,-0.3
2026-03-01,DOC,1.5,2.5,5.3,-0.3
2026-04-01,DOC,1.7,2.5,5.3,-0.3
2026-05-01,DOC,4.2,2.5,5.3,-0.3
2026-06-01,DOC,3.0,2.5,5.3,-0.3
2026-07-01,DOC,1.7,2.5,5.3,-0.3
2026-08-01,DOC,2.0,2.5,5.3,-0.3
2026-09-01,DOC,1.4,2.5,5.3,-0.3
2026-10-01,DOC,19.9,2.5,5.3,-0.3
2025-10-01,DOV,26.4,27.7,54.6,0.8
2025-11-01,DOV,11.1,27.7,54.6,0.8
2025-12-01,DOV,20.5,27.7,54.6,0.8
2026-01-01,DOV,16.9,27.7,54.6,0.8
2026-02-01,DOV,36.0,27.7,54.6,0.8
2026-03-01,DOV,24.8,27.7,54.6,0.8
2026-04-01,DOV,32.1,27.7,54.6,0.8
2026-05-01,DOV,25.1,27.7,54.6,0.8
2026-06-01,DOV,29.1,27.7,54.6,0.8
2026-07-01,DOV,29.8,27.7,54.6,0.8
2026-08-01,DOV,20.8,27.7,54.6,0.8
2026-09-01,DOV,11.3,27.7,54.6,0.8
2026-10-01,DOV,194.8,27.7,54.6,0.8
2025-10-01,DOW,5.4,7.0,11.4,2.6
2025-11-01,DOW,3.2,7.0,11.4,2.6
2025-12-01,DOW,2.5,7.0,11.4,2.6
2026-01-01,DOW,5.8,7.0,11.4,2.6
2026-02-01,DOW,7.7,7.0,11.4,2.6
2026-03-01,DOW,13.4,7.0,11.4,2.6
2026-04-01,DOW,7.6,7.0,11.4,2.6
2026-05-01,DOW,8.0,7.0,11.4,2.6
2026-06-01,DOW,8.9,7.0,11.4,2.6
2026-07-01,DOW,5.9,7.0,11.4,2.6
2026-08-01,DOW,4.7,7.0,11.4,2.6
2026-09-01,DOW,4.5,7.0,11.4,2.6
2026-10-01,DOW,28.7,7.0,11.4,2.6
2025-10-01,DPZ,41.6,55.0,96.0,14.0
2025-11-01,DPZ,31.1,55.0,96.0,14.0
2025-12-01,DPZ,29.2,55.0,96.0,14.0
2026-01-01,DPZ,42.9,55.0,96.0,14.0
2026-02-01,DPZ,47.0,55.0,96.0,14.0
2026-03-01,DPZ,70.3,55.0,96.0,14.0
2026-04-01,DPZ,55.6,55.0,96.0,14.0
2026-05-01,DPZ,45.2,55.0,96.0,14.0
2026-06-01,DPZ,44.9,55.0,96.0,14.0
2026-07-01,DPZ,69.6,55.0,96.0,14.0
2026-08-01,DPZ,43.4,55.0,96.0,14.0
2026-09-01,DPZ,64.8,55.0,96.0,14.0
2026-10-01,DPZ,305.9,55.0,96.0,14.0
2025-10-01,DRI,19.6,27.5,55.3,-0.2
2025-11-01,DRI,13.0,27.5,55.3,-0.2
2025-12-01,DRI,24.1,27.5,55.3,-0.2
2026-01-01,DRI,32.5,27.5,55.3,-0.2
2026-02-01,DRI,23.3,27.5,55.3,-0.2
2026-03-01,DRI,21.3,27.5,55.3,-0.2
2026-04-01,DRI,17.6,27.5,55.3,-0.2
2026-05-01,DRI,20.5,27.5,55.3,-0.2
2026-06-01,DRI,27.7,27.5,55.3,-0.2
2026-07-01,DRI,22.0,27.5,55.3,-0.2
2026-08-01,DRI,27.4,27.5,55.3,-0.2
2026-09-01,DRI,30.5,27.5,55.3,-0.2
2026-10-01,DRI,203.5,27.5,55.3,-0.2
2025-10-01,DTE,9.0,15.3,33.3,-2.7
2025-11-01,DTE,8.2,15.3,33.3,-2.7
2025-12-01,DTE,10.5,15.3,33.3,-2.7
2026-01-01,DTE,11.9,15.3,33.3,-2.7
2026-02-01,DTE,22.4,15.3,33.3,-2.7
2026-03-01,DTE,9.3,15.3,33.3,-2.7
2026-04-01,DTE,8.7,15.3,33.3,-2.7
2026-05-01,DTE,14.0,15.3,33.3,-2.7
2026-06-01,DTE,15.3,15.3,33.3,-2.7
2026-07-01,DTE,15.3,15.3,33.3,-2.7
2026-08-01,DTE,9.0,15.3,33.3,-2.7
2026-09-01,DTE,18.3,15.3,33.3,-2.7
2026-10-01,DTE,128.2,15.3,33.3,-2.7
2025-10-01,DUK,9.1,11.1,27.4,-5.2
2025-11-01,DUK,4.5,11.1,27.4,-5.2
2025-12-01,DUK,9.6,11.1,27.4,-5.2
2026-01-01,DUK,6.6,11.1,27.4,-5.2
2026-02-01,DUK,12.5,11.1,27.4,-5.2
2026-03-01,DUK,7.7,11.1,27.4,-5.2
2026-04-01,DUK,9.2,11.1,27.4,-5.2
2026-05-01,DUK,9.8,11.1,27.4,-5.2
2026-06-01,DUK,8.9,11.1,27.4,-5.2
2026-07-01,DUK,8.6,11.1,27.4,-5.2
2026-08-01,DUK,7.0,11.1,27.4,-5.2
2026-09-01,DUK,9.6,11.1,27.4,-5.2
2026-10-01,DUK,115.7,11.1,27.4,-5.2
2025-10-01,DVA,19.2,32.0,62.6,1.5
2025-11-01,DVA,11.7,32.0,62.6,1.5
2025-12-01,DVA,10.1,32.0,62.6,1.5
2026-01-01,DVA,14.8,32.0,62.6,1.5
2026-02-01,DVA,49.0,32.0,62.6,1.5
2026-03-01,DVA,13.3,32.0,62.6,1.5
2026-04-01,DVA,13.1,32.0,62.6,1.5
2026-05-01,DVA,54.7,32.0,62.6,1.5
2026-06-01,DVA,37.6,32.0,62.6,1.5
2026-07-01,DVA,24.0,32.0,62.6,1.5
2026-08-01,DVA,76.1,32.0,62.6,1.5
2026-09-01,DVA,21.7,32.0,62.6,1.5
2026-10-01,DVA,181.8,32.0,62.6,1.5
2025-10-01,DVN,4.3,7.7,14.3,1.1
2025-11-01,DVN,5.5,7.7,14.3,1.1
2025-12-01,DVN,3.6,7.7,14.3,1.1
2026-01-01,DVN,7.1,7.7,14.3,1.1
2026-02-01,DVN,7.0,7.7,14.3,1.1
2026-03-01,DVN,10.0,7.7,14.3,1.1
2026-04-01,DVN,9.5,7.7,14.3,1.1
2026-05-01,DVN,8.3,7.7,14.3,1.1
2026-06-01,DVN,6.0,7.7,14.3,1.1
2026-07-01,DVN,6.2,7.7,14.3,1.1
2026-08-01,DVN,7.7,7.7,14.3,1.1
2026-09-01,DVN,6.1,7.7,14.3,1.1
2026-10-01,DVN,48.6,7.7,14.3,1.1
2025-10-01,DXCM,15.6,13.8,25.5,2.0
2025-11-01,DXCM,9.9,13.8,25.5,2.0
2025-12-01,DXCM,7.5,13.8,25.5,2.0
2026-01-01,DXCM,10.8,13.8,25.5,2.0
2026-02-01,DXCM,12.5,13.8,25.5,2.0
2026-03-01,DXCM,12.3,13.8,25.5,2.0
2026-04-01,DXCM,9.7,13.8,25.5,2.0
2026-05-01,DXCM,16.2,13.8,25.5,2.0
2026-06-01,DXCM,11.6,13.8,25.5,2.0
2026-07-01,DXCM,16.8,13.8,25.5,2.0
2026-08-01,DXCM,10.5,13.8,25.5,2.0
2026-09-01,DXCM,10.1,13.8,25.5,2.0
2026-10-01,DXCM,87.7,13.8,25.5,2.0
2025-10-01,DXY,2.4,2.3,3.0,1.6
2025-11-01,DXY,1.4,2.3,3.0,1.6
2025-12-01,DXY,1.8,2.3,3.0,1.6
2026-01-01,DXY,3.9,2.3,3.0,1.6
2026-02-01,DXY,1.6,2.3,3.0,1.6
2026-03-01,DXY,2.9,2.3,3.0,1.6
2026-04-01,DXY,2.7,2.3,3.0,1.6
2026-05-01,DXY,1.9,2.3,3.0,1.6
2026-06-01,DXY,2.9,2.3,3.0,1.6
2026-07-01,DXY,2.0,2.3,3.0,1.6
2026-08-01,DXY,1.5,2.3,3.0,1.6
2026-09-01,DXY,3.0,2.3,3.0,1.6
2026-10-01,DXY,1.1,2.3,3.0,1.6
2025-10-01,EBAY,20.4,15.4,30.4,0.4
2025-11-01,EBAY,9.5,15.4,30.4,0.4
2025-12-01,EBAY,7.8,15.4,30.4,0.4
2026-01-01,EBAY,11.5,15.4,30.4,0.4
2026-02-01,EBAY,16.5,15.4,30.4,0.4
2026-03-01,EBAY,9.7,15.4,30.4,0.4
2026-04-01,EBAY,16.8,15.4,30.4,0.4
2026-05-01,EBAY,18.3,15.4,30.4,0.4
2026-06-01,EBAY,7.1,15.4,30.4,0.4
2026-07-01,EBAY,11.7,15.4,30.4,0.4
2026-08-01,EBAY,14.7,15.4,30.4,0.4
2026-09-01,EBAY,13.8,15.4,30.4,0.4
2026-10-01,EBAY,108.4,15.4,30.4,0.4
2025-10-01,EC,0.9,2.7,5.2,0.2
2025-11-01,EC,1.6,2.7,5.2,0.2
2025-12-01,EC,1.0,2.7,5.2,0.2
2026-01-01,EC,3.4,2.7,5.2,0.2
2026-02-01,EC,1.3,2.7,5.2,0.2
2026-03-01,EC,4.1,2.7,5.2,0.2
2026-04-01,EC,2.6,2.7,5.2,0.2
2026-05-01,EC,2.5,2.7,5.2,0.2
2026-06-01,EC,3.6,2.7,5.2,0.2
2026-07-01,EC,3.3,2.7,5.2,0.2
2026-08-01,EC,2.1,2.7,5.2,0.2
2026-09-01,EC,2.3,2.7,5.2,0.2
2026-10-01,EC,17.5,2.7,5.2,0.2
2025-10-01,ECH,4.0,5.0,10.4,-0.4
2025-11-01,ECH,3.5,5.0,10.4,-0.4
2025-12-01,ECH,2.9,5.0,10.4,-0.4
2026-01-01,ECH,7.9,5.0,10.4,-0.4
2026-02-01,ECH,4.9,5.0,10.4,-0.4
2026-03-01,ECH,4.5,5.0,10.4,-0.4
2026-04-01,ECH,6.1,5.0,10.4,-0.4
2026-05-01,ECH,4.0,5.0,10.4,-0.4
2026-06-01,ECH,4.7,5.0,10.4,-0.4
2026-07-01,ECH,1.9,5.0,10.4,-0.4
2026-08-01,ECH,2.9,5.0,10.4,-0.4
2026-09-01,ECH,3.7,5.0,10.4,-0.4
2026-10-01,ECH,38.7,5.0,10.4,-0.4
2025-10-01,ECHO,8.9,23.3,38.9,7.7
2025-11-01,ECHO,10.3,23.3,38.9,7.7
2025-12-01,ECHO,40.6,23.3,38.9,7.7
2026-01-01,ECHO,24.7,23.3,38.9,7.7
2026-02-01,ECHO,18.4,23.3,38.9,7.7
2026-03-01,ECHO,20.5,23.3,38.9,7.7
2026-04-01,ECHO,21.1,23.3,38.9,7.7
2026-05-01,ECHO,30.7,23.3,38.9,7.7
2026-06-01,ECHO,36.6,23.3,38.9,7.7
2026-07-01,ECHO,22.3,23.3,38.9,7.7
2026-08-01,ECHO,11.9,23.3,38.9,7.7
2026-09-01,ECHO,11.2,23.3,38.9,7.7
2026-10-01,ECHO,100.9,23.3,38.9,7.7
2025-10-01,ECL,27.0,33.9,73.4,-5.6
2025-11-01,ECL,24.9,33.9,73.4,-5.6
2025-12-01,ECL,24.2,33.9,73.4,-5.6
2026-01-01,ECL,25.9,33.9,73.4,-5.6
2026-02-01,ECL,28.6,33.9,73.4,-5.6
2026-03-01,ECL,53.1,33.9,73.4,-5.6
2026-04-01,ECL,24.5,33.9,73.4,-5.6
2026-05-01,ECL,23.8,33.9,73.4,-5.6
2026-06-01,ECL,36.1,33.9,73.4,-5.6
2026-07-01,ECL,26.8,33.9,73.4,-5.6
2026-08-01,ECL,22.0,33.9,73.4,-5.6
2026-09-01,ECL,17.1,33.9,73.4,-5.6
2026-10-01,ECL,282.4,33.9,73.4,-5.6
2025-10-01,ED,7.0,10.0,24.9,-4.8
2025-11-01,ED,8.6,10.0,24.9,-4.8
2025-12-01,ED,5.4,10.0,24.9,-4.8
2026-01-01,ED,9.9,10.0,24.9,-4.8
2026-02-01,ED,10.8,10.0,24.9,-4.8
2026-03-01,ED,7.8,10.0,24.9,-4.8
2026-04-01,ED,8.2,10.0,24.9,-4.8
2026-05-01,ED,7.8,10.0,24.9,-4.8
2026-06-01,ED,9.6,10.0,24.9,-4.8
2026-07-01,ED,7.0,10.0,24.9,-4.8
2026-08-01,ED,4.9,10.0,24.9,-4.8
2026-09-01,ED,6.9,10.0,24.9,-4.8
2026-10-01,ED,105.2,10.0,24.9,-4.8
2025-10-01,EDEN,5.6,10.7,26.4,-4.9
2025-11-01,EDEN,6.6,10.7,26.4,-4.9
2025-12-01,EDEN,6.0,10.7,26.4,-4.9
2026-01-01,EDEN,10.4,10.7,26.4,-4.9
2026-02-01,EDEN,15.8,10.7,26.4,-4.9
2026-03-01,EDEN,9.7,10.7,26.4,-4.9
2026-04-01,EDEN,10.1,10.7,26.4,-4.9
2026-05-01,EDEN,4.3,10.7,26.4,-4.9
2026-06-01,EDEN,6.1,10.7,26.4,-4.9
2026-07-01,EDEN,6.7,10.7,26.4,-4.9
2026-08-01,EDEN,9.2,10.7,26.4,-4.9
2026-09-01,EDEN,10.7,10.7,26.4,-4.9
2026-10-01,EDEN,109.9,10.7,26.4,-4.9
2025-10-01,EDV,4.2,4.9,12.8,-3.0
2025-11-01,EDV,2.0,4.9,12.8,-3.0
2025-12-01,EDV,3.0,4.9,12.8,-3.0
2026-01-01,EDV,2.5,4.9,12.8,-3.0
2026-02-01,EDV,4.9,4.9,12.8,-3.0
2026-03-01,EDV,4.8,4.9,12.8,-3.0
2026-04-01,EDV,2.4,4.9,12.8,-3.0
2026-05-01,EDV,3.8,4.9,12.8,-3.0
2026-06-01,EDV,3.7,4.9,12.8,-3.0
2026-07-01,EDV,4.6,4.9,12.8,-3.0
2026-08-01,EDV,3.1,4.9,12.8,-3.0
2026-09-01,EDV,5.5,4.9,12.8,-3.0
2026-10-01,EDV,55.5,4.9,12.8,-3.0
2025-10-01,EFNL,4.4,5.2,12.8,-2.4
2025-11-01,EFNL,3.0,5.2,12.8,-2.4
2025-12-01,EFNL,2.6,5.2,12.8,-2.4
2026-01-01,EFNL,4.2,5.2,12.8,-2.4
2026-02-01,EFNL,2.2,5.2,12.8,-2.4
2026-03-01,EFNL,3.7,5.2,12.8,-2.4
2026-04-01,EFNL,5.9,5.2,12.8,-2.4
2026-05-01,EFNL,5.8,5.2,12.8,-2.4
2026-06-01,EFNL,6.6,5.2,12.8,-2.4
2026-07-01,EFNL,2.4,5.2,12.8,-2.4
2026-08-01,EFNL,4.1,5.2,12.8,-2.4
2026-09-01,EFNL,3.3,5.2,12.8,-2.4
2026-10-01,EFNL,53.5,5.2,12.8,-2.4
2025-10-01,EFX,49.5,35.9,56.8,15.0
2025-11-01,EFX,14.5,35.9,56.8,15.0
2025-12-01,EFX,16.5,35.9,56.8,15.0
2026-01-01,EFX,29.0,35.9,56.8,15.0
2026-02-01,EFX,43.7,35.9,56.8,15.0
2026-03-01,EFX,45.1,35.9,56.8,15.0
2026-04-01,EFX,30.6,35.9,56.8,15.0
2026-05-01,EFX,22.3,35.9,56.8,15.0
2026-06-01,EFX,28.9,35.9,56.8,15.0
2026-07-01,EFX,35.2,35.9,56.8,15.0
2026-08-01,EFX,25.7,35.9,56.8,15.0
2026-09-01,EFX,55.5,35.9,56.8,15.0
2026-10-01,EFX,144.6,35.9,56.8,15.0
2025-10-01,EG,65.9,44.8,96.8,-7.2
2025-11-01,EG,26.0,44.8,96.8,-7.2
2025-12-01,EG,35.8,44.8,96.8,-7.2
2026-01-01,EG,27.1,44.8,96.8,-7.2
2026-02-01,EG,42.2,44.8,96.8,-7.2
2026-03-01,EG,28.1,44.8,96.8,-7.2
2026-04-01,EG,40.2,44.8,96.8,-7.2
2026-05-01,EG,39.2,44.8,96.8,-7.2
2026-06-01,EG,44.5,44.8,96.8,-7.2
2026-07-01,EG,43.7,44.8,96.8,-7.2
2026-08-01,EG,21.4,44.8,96.8,-7.2
2026-09-01,EG,26.3,44.8,96.8,-7.2
2026-10-01,EG,371.9,44.8,96.8,-7.2
2025-10-01,EIDO,1.3,1.8,3.5,0.1
2025-11-01,EIDO,0.7,1.8,3.5,0.1
2025-12-01,EIDO,0.7,1.8,3.5,0.1
2026-01-01,EIDO,2.4,1.8,3.5,0.1
2026-02-01,EIDO,0.9,1.8,3.5,0.1
2026-03-01,EIDO,2.5,1.8,3.5,0.1
2026-04-01,EIDO,1.9,1.8,3.5,0.1
2026-05-01,EIDO,2.6,1.8,3.5,0.1
2026-06-01,EIDO,2.2,1.8,3.5,0.1
2026-07-01,EIDO,1.5,1.8,3.5,0.1
2026-08-01,EIDO,0.6,1.8,3.5,0.1
2026-09-01,EIDO,1.6,1.8,3.5,0.1
2026-10-01,EIDO,12.0,1.8,3.5,0.1
2025-10-01,EIRL,2.5,6.2,18.0,-5.5
2025-11-01,EIRL,5.9,6.2,18.0,-5.5
2025-12-01,EIRL,2.6,6.2,18.0,-5.5
2026-01-01,EIRL,2.9,6.2,18.0,-5.5
2026-02-01,EIRL,5.2,6.2,18.0,-5.5
2026-03-01,EIRL,8.0,6.2,18.0,-5.5
2026-04-01,EIRL,6.9,6.2,18.0,-5.5
2026-05-01,EIRL,4.7,6.2,18.0,-5.5
2026-06-01,EIRL,3.4,6.2,18.0,-5.5
2026-07-01,EIRL,3.0,6.2,18.0,-5.5
2026-08-01,EIRL,4.9,6.2,18.0,-5.5
2026-09-01,EIRL,3.9,6.2,18.0,-5.5
2026-10-01,EIRL,81.4,6.2,18.0,-5.5
2025-10-01,EIS,5.8,12.9,30.4,-4.6
2025-11-01,EIS,8.5,12.9,30.4,-4.6
2025-12-01,EIS,9.0,12.9,30.4,-4.6
2026-01-01,EIS,10.1,12.9,30.4,-4.6
2026-02-01,EIS,7.1,12.9,30.4,-4.6
2026-03-01,EIS,17.3,12.9,30.4,-4.6
2026-04-01,EIS,15.3,12.9,30.4,-4.6
2026-05-01,EIS,10.3,12.9,30.4,-4.6
2026-06-01,EIS,17.3,12.9,30.4,-4.6
2026-07-01,EIS,8.1,12.9,30.4,-4.6
2026-08-01,EIS,6.5,12.9,30.4,-4.6
2026-09-01,EIS,7.9,12.9,30.4,-4.6
2026-10-01,EIS,122.9,12.9,30.4,-4.6
2025-10-01,EIX,6.8,10.0,18.5,1.6
2025-11-01,EIX,6.3,10.0,18.5,1.6
2025-12-01,EIX,4.9,10.0,18.5,1.6
2026-01-01,EIX,5.0,10.0,18.5,1.6
2026-02-01,EIX,15.0,10.0,18.5,1.6
2026-03-01,EIX,6.0,10.0,18.5,1.6
2026-04-01,EIX,9.9,10.0,18.5,1.6
2026-05-01,EIX,7.0,10.0,18.5,1.6
2026-06-01,EIX,7.1,10.0,18.5,1.6
2026-07-01,EIX,8.5,10.0,18.5,1.6
2026-08-01,EIX,22.8,10.0,18.5,1.6
2026-09-01,EIX,8.9,10.0,18.5,1.6
2026-10-01,EIX,54.7,10.0,18.5,1.6
2025-10-01,EL,19.5,20.8,35.1,6.4
2025-11-01,EL,11.9,20.8,35.1,6.4
2025-12-01,EL,17.4,20.8,35.1,6.4
2026-01-01,EL,16.5,20.8,35.1,6.4
2026-02-01,EL,30.8,20.8,35.1,6.4
2026-03-01,EL,40.3,20.8,35.1,6.4
2026-04-01,EL,12.7,20.8,35.1,6.4
2026-05-01,EL,17.1,20.8,35.1,6.4
2026-06-01,EL,14.7,20.8,35.1,6.4
2026-07-01,EL,8.6,20.8,35.1,6.4
2026-08-01,EL,25.0,20.8,35.1,6.4
2026-09-01,EL,13.1,20.8,35.1,6.4
2026-10-01,EL,95.1,20.8,35.1,6.4
2025-10-01,ELV,50.8,59.2,114.1,4.3
2025-11-01,ELV,41.1,59.2,114.1,4.3
2025-12-01,ELV,40.5,59.2,114.1,4.3
2026-01-01,ELV,67.5,59.2,114.1,4.3
2026-02-01,ELV,41.0,59.2,114.1,4.3
2026-03-01,ELV,41.2,59.2,114.1,4.3
2026-04-01,ELV,84.8,59.2,114.1,4.3
2026-05-01,ELV,41.1,59.2,114.1,4.3
2026-06-01,ELV,45.7,59.2,114.1,4.3
2026-07-01,ELV,73.3,59.2,114.1,4.3
2026-08-01,ELV,39.8,59.2,114.1,4.3
2026-09-01,ELV,44.1,59.2,114.1,4.3
2026-10-01,ELV,401.0,59.2,114.1,4.3
2025-10-01,EME,146.6,137.3,251.1,23.4
2025-11-01,EME,116.9,137.3,251.1,23.4
2025-12-01,EME,54.3,137.3,251.1,23.4
2026-01-01,EME,132.8,137.3,251.1,23.4
2026-02-01,EME,147.7,137.3,251.1,23.4
2026-03-01,EME,90.4,137.3,251.1,23.4
2026-04-01,EME,163.3,137.3,251.1,23.4
2026-05-01,EME,131.9,137.3,251.1,23.4
2026-06-01,EME,100.6,137.3,251.1,23.4
2026-07-01,EME,171.2,137.3,251.1,23.4
2026-08-01,EME,133.9,137.3,251.1,23.4
2026-09-01,EME,60.5,137.3,251.1,23.4
2026-10-01,EME,834.2,137.3,251.1,23.4
2025-10-01,EMR,14.6,22.0,44.6,-0.7
2025-11-01,EMR,17.7,22.0,44.6,-0.7
2025-12-01,EMR,10.6,22.0,44.6,-0.7
2026-01-01,EMR,19.8,22.0,44.6,-0.7
2026-02-01,EMR,21.4,22.0,44.6,-0.7
2026-03-01,EMR,30.2,22.0,44.6,-0.7
2026-04-01,EMR,20.2,22.0,44.6,-0.7
2026-05-01,EMR,21.3,22.0,44.6,-0.7
2026-06-01,EMR,16.5,22.0,44.6,-0.7
2026-07-01,EMR,18.5,22.0,44.6,-0.7
2026-08-01,EMR,16.3,22.0,44.6,-0.7
2026-09-01,EMR,15.9,22.0,44.6,-0.7
2026-10-01,EMR,165.2,22.0,44.6,-0.7
2025-10-01,ENZL,2.6,4.0,10.5,-2.4
2025-11-01,ENZL,2.3,4.0,10.5,-2.4
2025-12-01,ENZL,2.0,4.0,10.5,-2.4
2026-01-01,ENZL,2.5,4.0,10.5,-2.4
2026-02-01,ENZL,3.6,4.0,10.5,-2.4
2026-03-01,ENZL,5.6,4.0,10.5,-2.4
2026-04-01,ENZL,2.8,4.0,10.5,-2.4
2026-05-01,ENZL,3.5,4.0,10.5,-2.4
2026-06-01,ENZL,3.1,4.0,10.5,-2.4
2026-07-01,ENZL,2.8,4.0,10.5,-2.4
2026-08-01,ENZL,2.3,4.0,10.5,-2.4
2026-09-01,ENZL,3.7,4.0,10.5,-2.4
2026-10-01,ENZL,45.1,4.0,10.5,-2.4
2025-10-01,EOG,8.4,19.8,40.0,-0.5
2025-11-01,EOG,7.6,19.8,40.0,-0.5
2025-12-01,EOG,12.7,19.8,40.0,-0.5
2026-01-01,EOG,13.2,19.8,40.0,-0.5
2026-02-01,EOG,19.2,19.8,40.0,-0.5
2026-03-01,EOG,27.7,19.8,40.0,-0.5
2026-04-01,EOG,22.7,19.8,40.0,-0.5
2026-05-01,EOG,16.9,19.8,40.0,-0.5
2026-06-01,EOG,13.9,19.8,40.0,-0.5
2026-07-01,EOG,21.4,19.8,40.0,-0.5
2026-08-01,EOG,20.2,19.8,40.0,-0.5
2026-09-01,EOG,16.8,19.8,40.0,-0.5
2026-10-01,EOG,145.2,19.8,40.0,-0.5
2025-10-01,EPAM,24.4,34.6,56.1,13.0
2025-11-01,EPAM,32.9,34.6,56.1,13.0
2025-12-01,EPAM,29.1,34.6,56.1,13.0
2026-01-01,EPAM,22.7,34.6,56.1,13.0
2026-02-01,EPAM,88.9,34.6,56.1,13.0
2026-03-01,EPAM,18.3,34.6,56.1,13.0
2026-04-01,EPAM,31.6,34.6,56.1,13.0
2026-05-01,EPAM,27.1,34.6,56.1,13.0
2026-06-01,EPAM,38.3,34.6,56.1,13.0
2026-07-01,EPAM,28.7,34.6,56.1,13.0
2026-08-01,EPAM,32.2,34.6,56.1,13.0
2026-09-01,EPAM,22.2,34.6,56.1,13.0
2026-10-01,EPAM,121.9,34.6,56.1,13.0
2025-10-01,EPHE,1.5,2.5,5.7,-0.8
2025-11-01,EPHE,2.1,2.5,5.7,-0.8
2025-12-01,EPHE,1.1,2.5,5.7,-0.8
2026-01-01,EPHE,1.3,2.5,5.7,-0.8
2026-02-01,EPHE,2.4,2.5,5.7,-0.8
2026-03-01,EPHE,3.1,2.5,5.7,-0.8
2026-04-01,EPHE,1.8,2.5,5.7,-0.8
2026-05-01,EPHE,1.8,2.5,5.7,-0.8
2026-06-01,EPHE,2.8,2.5,5.7,-0.8
2026-07-01,EPHE,1.8,2.5,5.7,-0.8
2026-08-01,EPHE,2.4,2.5,5.7,-0.8
2026-09-01,EPHE,1.7,2.5,5.7,-0.8
2026-10-01,EPHE,23.0,2.5,5.7,-0.8
2025-10-01,EPOL,3.3,4.1,10.4,-2.2
2025-11-01,EPOL,2.2,4.1,10.4,-2.2
2025-12-01,EPOL,2.6,4.1,10.4,-2.2
2026-01-01,EPOL,3.7,4.1,10.4,-2.2
2026-02-01,EPOL,1.9,4.1,10.4,-2.2
2026-03-01,EPOL,3.2,4.1,10.4,-2.2
2026-04-01,EPOL,4.9,4.1,10.4,-2.2
2026-05-01,EPOL,3.0,4.1,10.4,-2.2
2026-06-01,EPOL,3.5,4.1,10.4,-2.2
2026-07-01,EPOL,4.4,4.1,10.4,-2.2
2026-08-01,EPOL,2.3,4.1,10.4,-2.2
2026-09-01,EPOL,2.4,4.1,10.4,-2.2
2026-10-01,EPOL,44.6,4.1,10.4,-2.2
2025-10-01,EPU,4.7,12.8,26.1,-0.6
2025-11-01,EPU,5.9,12.8,26.1,-0.6
2025-12-01,EPU,9.6,12.8,26.1,-0.6
2026-01-01,EPU,23.5,12.8,26.1,-0.6
2026-02-01,EPU,11.4,12.8,26.1,-0.6
2026-03-01,EPU,19.7,12.8,26.1,-0.6
2026-04-01,EPU,11.0,12.8,26.1,-0.6
2026-05-01,EPU,9.1,12.8,26.1,-0.6
2026-06-01,EPU,14.3,12.8,26.1,-0.6
2026-07-01,EPU,6.6,12.8,26.1,-0.6
2026-08-01,EPU,9.7,12.8,26.1,-0.6
2026-09-01,EPU,5.9,12.8,26.1,-0.6
2026-10-01,EPU,91.4,12.8,26.1,-0.6
2025-10-01,EQIX,87.5,120.0,269.6,-29.6
2025-11-01,EQIX,102.8,120.0,269.6,-29.6
2025-12-01,EQIX,51.1,120.0,269.6,-29.6
2026-01-01,EQIX,76.3,120.0,269.6,-29.6
2026-02-01,EQIX,201.4,120.0,269.6,-29.6
2026-03-01,EQIX,72.7,120.0,269.6,-29.6
2026-04-01,EQIX,150.7,120.0,269.6,-29.6
2026-05-01,EQIX,53.1,120.0,269.6,-29.6
2026-06-01,EQIX,91.9,120.0,269.6,-29.6
2026-07-01,EQIX,111.2,120.0,269.6,-29.6
2026-08-01,EQIX,105.7,120.0,269.6,-29.6
2026-09-01,EQIX,78.7,120.0,269.6,-29.6
2026-10-01,EQIX,1052.3,120.0,269.6,-29.6
2025-10-01,EQR,6.4,6.5,15.0,-1.9
2025-11-01,EQR,3.7,6.5,15.0,-1.9
2025-12-01,EQR,4.2,6.5,15.0,-1.9
2026-01-01,EQR,4.3,6.5,15.0,-1.9
2026-02-01,EQR,4.9,6.5,15.0,-1.9
2026-03-01,EQR,6.1,6.5,15.0,-1.9
2026-04-01,EQR,7.6,6.5,15.0,-1.9
2026-05-01,EQR,3.7,6.5,15.0,-1.9
2026-06-01,EQR,5.4,6.5,15.0,-1.9
2026-07-01,EQR,5.2,6.5,15.0,-1.9
2026-08-01,EQR,5.4,6.5,15.0,-1.9
2026-09-01,EQR,5.9,6.5,15.0,-1.9
2026-10-01,EQR,60.9,6.5,15.0,-1.9
2025-10-01,EQT,6.6,8.4,15.3,1.4
2025-11-01,EQT,7.8,8.4,15.3,1.4
2025-12-01,EQT,9.5,8.4,15.3,1.4
2026-01-01,EQT,9.0,8.4,15.3,1.4
2026-02-01,EQT,7.8,8.4,15.3,1.4
2026-03-01,EQT,8.7,8.4,15.3,1.4
2026-04-01,EQT,7.0,8.4,15.3,1.4
2026-05-01,EQT,5.5,8.4,15.3,1.4
2026-06-01,EQT,5.5,8.4,15.3,1.4
2026-07-01,EQT,6.9,8.4,15.3,1.4
2026-08-01,EQT,5.4,8.4,15.3,1.4
2026-09-01,EQT,8.0,8.4,15.3,1.4
2026-10-01,EQT,52.5,8.4,15.3,1.4
2025-10-01,ERIE,48.5,42.9,73.4,12.3
2025-11-01,ERIE,24.7,42.9,73.4,12.3
2025-12-01,ERIE,27.6,42.9,73.4,12.3
2026-01-01,ERIE,20.1,42.9,73.4,12.3
2026-02-01,ERIE,45.7,42.9,73.4,12.3
2026-03-01,ERIE,44.4,42.9,73.4,12.3
2026-04-01,ERIE,46.8,42.9,73.4,12.3
2026-05-01,ERIE,19.1,42.9,73.4,12.3
2026-06-01,ERIE,36.7,42.9,73.4,12.3
2026-07-01,ERIE,57.1,42.9,73.4,12.3
2026-08-01,ERIE,41.2,42.9,73.4,12.3
2026-09-01,ERIE,46.5,42.9,73.4,12.3
2026-10-01,ERIE,225.0,42.9,73.4,12.3
2025-10-01,ES,4.9,8.1,17.4,-1.1
2025-11-01,ES,11.5,8.1,17.4,-1.1
2025-12-01,ES,4.7,8.1,17.4,-1.1
2026-01-01,ES,6.1,8.1,17.4,-1.1
2026-02-01,ES,9.8,8.1,17.4,-1.1
2026-03-01,ES,9.9,8.1,17.4,-1.1
2026-04-01,ES,4.4,8.1,17.4,-1.1
2026-05-01,ES,5.4,8.1,17.4,-1.1
2026-06-01,ES,7.2,8.1,17.4,-1.1
2026-07-01,ES,5.2,8.1,17.4,-1.1
2026-08-01,ES,3.5,8.1,17.4,-1.1
2026-09-01,ES,9.4,8.1,17.4,-1.1
2026-10-01,ES,65.6,8.1,17.4,-1.1
2025-10-01,ES=F,413.5,354.9,486.8,223.0
2025-11-01,ES=F,384.5,354.9,486.8,223.0
2025-12-01,ES=F,273.8,354.9,486.8,223.0
2026-01-01,ES=F,228.5,354.9,486.8,223.0
2026-02-01,ES=F,270.8,354.9,486.8,223.0
2026-03-01,ES=F,544.3,354.9,486.8,223.0
2026-04-01,ES=F,653.0,354.9,486.8,223.0
2026-05-01,ES=F,386.0,354.9,486.8,223.0
2026-06-01,ES=F,398.0,354.9,486.8,223.0
2026-07-01,ES=F,297.8,354.9,486.8,223.0
2026-08-01,ES=F,202.8,354.9,486.8,223.0
2026-09-01,ES=F,243.5,354.9,486.8,223.0
2026-10-01,ES=F,160.0,354.9,486.8,223.0
2025-10-01,ESS,27.2,26.5,65.6,-12.5
2025-11-01,ESS,17.3,26.5,65.6,-12.5
2025-12-01,ESS,13.7,26.5,65.6,-12.5
2026-01-01,ESS,15.8,26.5,65.6,-12.5
2026-02-01,ESS,20.8,26.5,65.6,-12.5
2026-03-01,ESS,20.0,26.5,65.6,-12.5
2026-04-01,ESS,29.8,26.5,65.6,-12.5
2026-05-01,ESS,21.0,26.5,65.6,-12.5
2026-06-01,ESS,24.4,26.5,65.6,-12.5
2026-07-01,ESS,24.0,26.5,65.6,-12.5
2026-08-01,ESS,14.8,26.5,65.6,-12.5
2026-09-01,ESS,16.8,26.5,65.6,-12.5
2026-10-01,ESS,276.9,26.5,65.6,-12.5
2025-10-01,ETN,40.0,69.2,130.2,8.3
2025-11-01,ETN,73.9,69.2,130.2,8.3
2025-12-01,ETN,42.5,69.2,130.2,8.3
2026-01-01,ETN,44.9,69.2,130.2,8.3
2026-02-01,ETN,63.8,69.2,130.2,8.3
2026-03-01,ETN,42.2,69.2,130.2,8.3
2026-04-01,ETN,82.7,69.2,130.2,8.3
2026-05-01,ETN,67.8,69.2,130.2,8.3
2026-06-01,ETN,61.7,69.2,130.2,8.3
2026-07-01,ETN,65.3,69.2,130.2,8.3
2026-08-01,ETN,78.3,69.2,130.2,8.3
2026-09-01,ETN,62.6,69.2,130.2,8.3
2026-10-01,ETN,452.0,69.2,130.2,8.3
2025-10-01,ETR,6.2,11.2,25.7,-3.3
2025-11-01,ETR,5.7,11.2,25.7,-3.3
2025-12-01,ETR,6.1,11.2,25.7,-3.3
2026-01-01,ETR,7.1,11.2,25.7,-3.3
2026-02-01,ETR,12.1,11.2,25.7,-3.3
2026-03-01,ETR,13.3,11.2,25.7,-3.3
2026-04-01,ETR,8.6,11.2,25.7,-3.3
2026-05-01,ETR,10.2,11.2,25.7,-3.3
2026-06-01,ETR,11.8,11.2,25.7,-3.3
2026-07-01,ETR,9.3,11.2,25.7,-3.3
2026-08-01,ETR,6.0,11.2,25.7,-3.3
2026-09-01,ETR,12.1,11.2,25.7,-3.3
2026-10-01,ETR,103.3,11.2,25.7,-3.3
2025-10-01,EVRG,4.0,7.4,18.8,-4.0
2025-11-01,EVRG,3.0,7.4,18.8,-4.0
2025-12-01,EVRG,5.6,7.4,18.8,-4.0
2026-01-01,EVRG,6.1,7.4,18.8,-4.0
2026-02-01,EVRG,8.4,7.4,18.8,-4.0
2026-03-01,EVRG,7.1,7.4,18.8,-4.0
2026-04-01,EVRG,6.1,7.4,18.8,-4.0
2026-05-01,EVRG,4.2,7.4,18.8,-4.0
2026-06-01,EVRG,7.4,7.4,18.8,-4.0
2026-07-01,EVRG,6.1,7.4,18.8,-4.0
2026-08-01,EVRG,4.9,7.4,18.8,-4.0
2026-09-01,EVRG,5.5,7.4,18.8,-4.0
2026-10-01,EVRG,80.4,7.4,18.8,-4.0
2025-10-01,EW,14.8,11.7,23.8,-0.5
2025-11-01,EW,7.2,11.7,23.8,-0.5
2025-12-01,EW,6.0,11.7,23.8,-0.5
2026-01-01,EW,6.2,11.7,23.8,-0.5
2026-02-01,EW,12.3,11.7,23.8,-0.5
2026-03-01,EW,9.7,11.7,23.8,-0.5
2026-04-01,EW,7.9,11.7,23.8,-0.5
2026-05-01,EW,11.8,11.7,23.8,-0.5
2026-06-01,EW,9.7,11.7,23.8,-0.5
2026-07-01,EW,15.1,11.7,23.8,-0.5
2026-08-01,EW,7.5,11.7,23.8,-0.5
2026-09-01,EW,9.1,11.7,23.8,-0.5
2026-10-01,EW,87.9,11.7,23.8,-0.5
2025-10-01,EWA,1.2,2.6,6.7,-1.4
2025-11-01,EWA,1.9,2.6,6.7,-1.4
2025-12-01,EWA,1.2,2.6,6.7,-1.4
2026-01-01,EWA,2.6,2.6,6.7,-1.4
2026-02-01,EWA,2.5,2.6,6.7,-1.4
2026-03-01,EWA,3.0,2.6,6.7,-1.4
2026-04-01,EWA,2.8,2.6,6.7,-1.4
2026-05-01,EWA,1.7,2.6,6.7,-1.4
2026-06-01,EWA,1.7,2.6,6.7,-1.4
2026-07-01,EWA,2.2,2.6,6.7,-1.4
2026-08-01,EWA,1.2,2.6,6.7,-1.4
2026-09-01,EWA,2.2,2.6,6.7,-1.4
2026-10-01,EWA,28.6,2.6,6.7,-1.4
2025-10-01,EWC,1.8,4.7,13.2,-3.9
2025-11-01,EWC,3.5,4.7,13.2,-3.9
2025-12-01,EWC,2.9,4.7,13.2,-3.9
2026-01-01,EWC,3.3,4.7,13.2,-3.9
2026-02-01,EWC,4.8,4.7,13.2,-3.9
2026-03-01,EWC,5.2,4.7,13.2,-3.9
2026-04-01,EWC,4.6,4.7,13.2,-3.9
2026-05-01,EWC,1.9,4.7,13.2,-3.9
2026-06-01,EWC,2.5,4.7,13.2,-3.9
2026-07-01,EWC,2.7,4.7,13.2,-3.9
2026-08-01,EWC,3.4,4.7,13.2,-3.9
2026-09-01,EWC,4.2,4.7,13.2,-3.9
2026-10-01,EWC,59.3,4.7,13.2,-3.9
2025-10-01,EWD,2.4,5.0,12.3,-2.2
2025-11-01,EWD,3.6,5.0,12.3,-2.2
2025-12-01,EWD,2.3,5.0,12.3,-2.2
2026-01-01,EWD,4.5,5.0,12.3,-2.2
2026-02-01,EWD,3.1,5.0,12.3,-2.2
2026-03-01,EWD,7.1,5.0,12.3,-2.2
2026-04-01,EWD,6.7,5.0,12.3,-2.2
2026-05-01,EWD,4.0,5.0,12.3,-2.2
2026-06-01,EWD,4.6,5.0,12.3,-2.2
2026-07-01,EWD,3.4,5.0,12.3,-2.2
2026-08-01,EWD,2.1,5.0,12.3,-2.2
2026-09-01,EWD,3.6,5.0,12.3,-2.2
2026-10-01,EWD,50.6,5.0,12.3,-2.2
2025-10-01,EWG,2.1,3.8,9.7,-2.2
2025-11-01,EWG,2.8,3.8,9.7,-2.2
2025-12-01,EWG,2.4,3.8,9.7,-2.2
2026-01-01,EWG,2.2,3.8,9.7,-2.2
2026-02-01,EWG,2.0,3.8,9.7,-2.2
2026-03-01,EWG,5.2,3.8,9.7,-2.2
2026-04-01,EWG,4.6,3.8,9.7,-2.2
2026-05-01,EWG,2.5,3.8,9.7,-2.2
2026-06-01,EWG,3.4,3.8,9.7,-2.2
2026-07-01,EWG,2.5,3.8,9.7,-2.2
2026-08-01,EWG,1.6,3.8,9.7,-2.2
2026-09-01,EWG,2.8,3.8,9.7,-2.2
2026-10-01,EWG,41.7,3.8,9.7,-2.2
2025-10-01,EWH,1.5,2.2,5.4,-1.0
2025-11-01,EWH,1.6,2.2,5.4,-1.0
2025-12-01,EWH,1.3,2.2,5.4,-1.0
2026-01-01,EWH,2.2,2.2,5.4,-1.0
2026-02-01,EWH,1.2,2.2,5.4,-1.0
2026-03-01,EWH,2.7,2.2,5.4,-1.0
2026-04-01,EWH,1.1,2.2,5.4,-1.0
2026-05-01,EWH,1.8,2.2,5.4,-1.0
2026-06-01,EWH,2.5,2.2,5.4,-1.0
2026-07-01,EWH,2.5,2.2,5.4,-1.0
2026-08-01,EWH,1.1,2.2,5.4,-1.0
2026-09-01,EWH,1.1,2.2,5.4,-1.0
2026-10-01,EWH,22.3,2.2,5.4,-1.0
2025-10-01,EWI,2.6,4.7,13.1,-3.6
2025-11-01,EWI,3.7,4.7,13.1,-3.6
2025-12-01,EWI,2.2,4.7,13.1,-3.6
2026-01-01,EWI,3.2,4.7,13.1,-3.6
2026-02-01,EWI,2.8,4.7,13.1,-3.6
2026-03-01,EWI,5.7,4.7,13.1,-3.6
2026-04-01,EWI,6.0,4.7,13.1,-3.6
2026-05-01,EWI,3.8,4.7,13.1,-3.6
2026-06-01,EWI,3.4,4.7,13.1,-3.6
2026-07-01,EWI,2.9,4.7,13.1,-3.6
2026-08-01,EWI,1.8,4.7,13.1,-3.6
2026-09-01,EWI,3.4,4.7,13.1,-3.6
2026-10-01,EWI,58.1,4.7,13.1,-3.6
2025-10-01,EWJ,5.9,8.8,23.0,-5.5
2025-11-01,EWJ,5.1,8.8,23.0,-5.5
2025-12-01,EWJ,5.6,8.8,23.0,-5.5
2026-01-01,EWJ,5.5,8.8,23.0,-5.5
2026-02-01,EWJ,9.2,8.8,23.0,-5.5
2026-03-01,EWJ,9.6,8.8,23.0,-5.5
2026-04-01,EWJ,7.3,8.8,23.0,-5.5
2026-05-01,EWJ,5.6,8.8,23.0,-5.5
2026-06-01,EWJ,8.4,8.8,23.0,-5.5
2026-07-01,EWJ,6.3,8.8,23.0,-5.5
2026-08-01,EWJ,6.7,8.8,23.0,-5.5
2026-09-01,EWJ,4.0,8.8,23.0,-5.5
2026-10-01,EWJ,100.0,8.8,23.0,-5.5
2025-10-01,EWK,1.1,2.2,5.9,-1.5
2025-11-01,EWK,1.3,2.2,5.9,-1.5
2025-12-01,EWK,0.4,2.2,5.9,-1.5
2026-01-01,EWK,2.3,2.2,5.9,-1.5
2026-02-01,EWK,1.4,2.2,5.9,-1.5
2026-03-01,EWK,2.9,2.2,5.9,-1.5
2026-04-01,EWK,2.4,2.2,5.9,-1.5
2026-05-01,EWK,1.9,2.2,5.9,-1.5
2026-06-01,EWK,1.3,2.2,5.9,-1.5
2026-07-01,EWK,1.2,2.2,5.9,-1.5
2026-08-01,EWK,1.5,2.2,5.9,-1.5
2026-09-01,EWK,2.1,2.2,5.9,-1.5
2026-10-01,EWK,25.8,2.2,5.9,-1.5
2025-10-01,EWL,2.7,5.1,13.6,-3.5
2025-11-01,EWL,3.5,5.1,13.6,-3.5
2025-12-01,EWL,3.2,5.1,13.6,-3.5
2026-01-01,EWL,3.2,5.1,13.6,-3.5
2026-02-01,EWL,3.9,5.1,13.6,-3.5
2026-03-01,EWL,8.0,5.1,13.6,-3.5
2026-04-01,EWL,4.9,5.1,13.6,-3.5
2026-05-01,EWL,3.5,5.1,13.6,-3.5
2026-06-01,EWL,2.6,5.1,13.6,-3.5
2026-07-01,EWL,3.0,5.1,13.6,-3.5
2026-08-01,EWL,2.0,5.1,13.6,-3.5
2026-09-01,EWL,4.6,5.1,13.6,-3.5
2026-10-01,EWL,59.5,5.1,13.6,-3.5
2025-10-01,EWM,1.0,2.2,6.1,-1.7
2025-11-01,EWM,0.9,2.2,6.1,-1.7
2025-12-01,EWM,1.4,2.2,6.1,-1.7
2026-01-01,EWM,2.9,2.2,6.1,-1.7
2026-02-01,EWM,1.1,2.2,6.1,-1.7
2026-03-01,EWM,1.7,2.2,6.1,-1.7
2026-04-01,EWM,1.7,2.2,6.1,-1.7
2026-05-01,EWM,2.2,2.2,6.1,-1.7
2026-06-01,EWM,2.3,2.2,6.1,-1.7
2026-07-01,EWM,1.7,2.2,6.1,-1.7
2026-08-01,EWM,1.1,2.2,6.1,-1.7
2026-09-01,EWM,1.1,2.2,6.1,-1.7
2026-10-01,EWM,27.2,2.2,6.1,-1.7
2025-10-01,EWN,3.4,6.6,16.2,-3.0
2025-11-01,EWN,4.2,6.6,16.2,-3.0
2025-12-01,EWN,4.4,6.6,16.2,-3.0
2026-01-01,EWN,5.7,6.6,16.2,-3.0
2026-02-01,EWN,3.4,6.6,16.2,-3.0
2026-03-01,EWN,6.7,6.6,16.2,-3.0
2026-04-01,EWN,7.5,6.6,16.2,-3.0
2026-05-01,EWN,5.7,6.6,16.2,-3.0
2026-06-01,EWN,5.8,6.6,16.2,-3.0
2026-07-01,EWN,5.2,6.6,16.2,-3.0
2026-08-01,EWN,5.3,6.6,16.2,-3.0
2026-09-01,EWN,4.1,6.6,16.2,-3.0
2026-10-01,EWN,68.3,6.6,16.2,-3.0
2025-10-01,EWO,1.4,3.8,9.8,-2.3
2025-11-01,EWO,2.4,3.8,9.8,-2.3
2025-12-01,EWO,2.7,3.8,9.8,-2.3
2026-01-01,EWO,2.9,3.8,9.8,-2.3
2026-02-01,EWO,1.8,3.8,9.8,-2.3
2026-03-01,EWO,3.8,3.8,9.8,-2.3
2026-04-01,EWO,5.2,3.8,9.8,-2.3
2026-05-01,EWO,3.4,3.8,9.8,-2.3
2026-06-01,EWO,3.9,3.8,9.8,-2.3
2026-07-01,EWO,2.2,3.8,9.8,-2.3
2026-08-01,EWO,2.0,3.8,9.8,-2.3
2026-09-01,EWO,2.4,3.8,9.8,-2.3
2026-10-01,EWO,42.2,3.8,9.8,-2.3
2025-10-01,EWP,2.8,4.9,13.3,-3.6
2025-11-01,EWP,3.5,4.9,13.3,-3.6
2025-12-01,EWP,2.8,4.9,13.3,-3.6
2026-01-01,EWP,3.5,4.9,13.3,-3.6
2026-02-01,EWP,3.1,4.9,13.3,-3.6
2026-03-01,EWP,4.9,4.9,13.3,-3.6
2026-04-01,EWP,5.3,4.9,13.3,-3.6
2026-05-01,EWP,3.7,4.9,13.3,-3.6
2026-06-01,EWP,3.7,4.9,13.3,-3.6
2026-07-01,EWP,3.5,4.9,13.3,-3.6
2026-08-01,EWP,2.3,4.9,13.3,-3.6
2026-09-01,EWP,3.7,4.9,13.3,-3.6
2026-10-01,EWP,59.1,4.9,13.3,-3.6
2025-10-01,EWQ,2.2,3.7,9.8,-2.4
2025-11-01,EWQ,2.5,3.7,9.8,-2.4
2025-12-01,EWQ,1.2,3.7,9.8,-2.4
2026-01-01,EWQ,2.0,3.7,9.8,-2.4
2026-02-01,EWQ,3.1,3.7,9.8,-2.4
2026-03-01,EWQ,5.2,3.7,9.8,-2.4
2026-04-01,EWQ,4.3,3.7,9.8,-2.4
2026-05-01,EWQ,2.8,3.7,9.8,-2.4
2026-06-01,EWQ,2.0,3.7,9.8,-2.4
2026-07-01,EWQ,2.2,3.7,9.8,-2.4
2026-08-01,EWQ,2.2,3.7,9.8,-2.4
2026-09-01,EWQ,3.4,3.7,9.8,-2.4
2026-10-01,EWQ,42.4,3.7,9.8,-2.4
2025-10-01,EWS,1.8,2.5,7.4,-2.3
2025-11-01,EWS,1.8,2.5,7.4,-2.3
2025-12-01,EWS,1.6,2.5,7.4,-2.3
2026-01-01,EWS,1.5,2.5,7.4,-2.3
2026-02-01,EWS,1.7,2.5,7.4,-2.3
2026-03-01,EWS,1.3,2.5,7.4,-2.3
2026-04-01,EWS,1.7,2.5,7.4,-2.3
2026-05-01,EWS,1.3,2.5,7.4,-2.3
2026-06-01,EWS,1.5,2.5,7.4,-2.3
2026-07-01,EWS,3.4,2.5,7.4,-2.3
2026-08-01,EWS,2.1,2.5,7.4,-2.3
2026-09-01,EWS,2.0,2.5,7.4,-2.3
2026-10-01,EWS,33.4,2.5,7.4,-2.3
2025-10-01,EWT,6.0,14.1,31.0,-2.9
2025-11-01,EWT,6.4,14.1,31.0,-2.9
2025-12-01,EWT,6.9,14.1,31.0,-2.9
2026-01-01,EWT,7.4,14.1,31.0,-2.9
2026-02-01,EWT,10.0,14.1,31.0,-2.9
2026-03-01,EWT,7.6,14.1,31.0,-2.9
2026-04-01,EWT,21.1,14.1,31.0,-2.9
2026-05-01,EWT,15.4,14.1,31.0,-2.9
2026-06-01,EWT,15.5,14.1,31.0,-2.9
2026-07-01,EWT,19.0,14.1,31.0,-2.9
2026-08-01,EWT,13.9,14.1,31.0,-2.9
2026-09-01,EWT,9.6,14.1,31.0,-2.9
2026-10-01,EWT,118.5,14.1,31.0,-2.9
2025-10-01,EWU,1.4,3.5,10.2,-3.2
2025-11-01,EWU,2.4,3.5,10.2,-3.2
2025-12-01,EWU,1.8,3.5,10.2,-3.2
2026-01-01,EWU,2.7,3.5,10.2,-3.2
2026-02-01,EWU,3.0,3.5,10.2,-3.2
2026-03-01,EWU,4.7,3.5,10.2,-3.2
2026-04-01,EWU,2.8,3.5,10.2,-3.2
2026-05-01,EWU,2.3,3.5,10.2,-3.2
2026-06-01,EWU,2.0,3.5,10.2,-3.2
2026-07-01,EWU,3.0,3.5,10.2,-3.2
2026-08-01,EWU,1.3,3.5,10.2,-3.2
2026-09-01,EWU,2.3,3.5,10.2,-3.2
2026-10-01,EWU,46.5,3.5,10.2,-3.2
2025-10-01,EWW,4.5,7.8,18.1,-2.6
2025-11-01,EWW,4.9,7.8,18.1,-2.6
2025-12-01,EWW,4.4,7.8,18.1,-2.6
2026-01-01,EWW,11.0,7.8,18.1,-2.6
2026-02-01,EWW,6.8,7.8,18.1,-2.6
2026-03-01,EWW,10.5,7.8,18.1,-2.6
2026-04-01,EWW,5.8,7.8,18.1,-2.6
2026-05-01,EWW,5.5,7.8,18.1,-2.6
2026-06-01,EWW,6.1,7.8,18.1,-2.6
2026-07-01,EWW,4.6,7.8,18.1,-2.6
2026-08-01,EWW,4.0,7.8,18.1,-2.6
2026-09-01,EWW,6.5,7.8,18.1,-2.6
2026-10-01,EWW,72.9,7.8,18.1,-2.6
2025-10-01,EWY,16.9,35.8,63.6,7.9
2025-11-01,EWY,13.9,35.8,63.6,7.9
2025-12-01,EWY,10.5,35.8,63.6,7.9
2026-01-01,EWY,25.5,35.8,63.6,7.9
2026-02-01,EWY,36.1,35.8,63.6,7.9
2026-03-01,EWY,34.5,35.8,63.6,7.9
2026-04-01,EWY,44.7,35.8,63.6,7.9
2026-05-01,EWY,48.6,35.8,63.6,7.9
2026-06-01,EWY,45.8,35.8,63.6,7.9
2026-07-01,EWY,49.6,35.8,63.6,7.9
2026-08-01,EWY,38.8,35.8,63.6,7.9
2026-09-01,EWY,20.0,35.8,63.6,7.9
2026-10-01,EWY,192.9,35.8,63.6,7.9
2025-10-01,EWZ,2.7,4.6,10.8,-1.6
2025-11-01,EWZ,2.5,4.6,10.8,-1.6
2025-12-01,EWZ,4.1,4.6,10.8,-1.6
2026-01-01,EWZ,6.9,4.6,10.8,-1.6
2026-02-01,EWZ,3.0,4.6,10.8,-1.6
2026-03-01,EWZ,4.1,4.6,10.8,-1.6
2026-04-01,EWZ,4.3,4.6,10.8,-1.6
2026-05-01,EWZ,4.5,4.6,10.8,-1.6
2026-06-01,EWZ,2.5,4.6,10.8,-1.6
2026-07-01,EWZ,3.0,4.6,10.8,-1.6
2026-08-01,EWZ,3.4,4.6,10.8,-1.6
2026-09-01,EWZ,3.1,4.6,10.8,-1.6
2026-10-01,EWZ,43.9,4.6,10.8,-1.6
2025-10-01,EXC,4.0,4.8,10.6,-0.9
2025-11-01,EXC,2.9,4.8,10.6,-0.9
2025-12-01,EXC,3.6,4.8,10.6,-0.9
2026-01-01,EXC,2.5,4.8,10.6,-0.9
2026-02-01,EXC,6.6,4.8,10.6,-0.9
2026-03-01,EXC,4.5,4.8,10.6,-0.9
2026-04-01,EXC,4.5,4.8,10.6,-0.9
2026-05-01,EXC,3.7,4.8,10.6,-0.9
2026-06-01,EXC,3.4,4.8,10.6,-0.9
2026-07-01,EXC,3.8,4.8,10.6,-0.9
2026-08-01,EXC,3.4,4.8,10.6,-0.9
2026-09-01,EXC,4.9,4.8,10.6,-0.9
2026-10-01,EXC,41.7,4.8,10.6,-0.9
2025-10-01,EXE,12.8,15.3,27.3,3.2
2025-11-01,EXE,19.7,15.3,27.3,3.2
2025-12-01,EXE,20.6,15.3,27.3,3.2
2026-01-01,EXE,15.6,15.3,27.3,3.2
2026-02-01,EXE,13.9,15.3,27.3,3.2
2026-03-01,EXE,11.2,15.3,27.3,3.2
2026-04-01,EXE,15.8,15.3,27.3,3.2
2026-05-01,EXE,9.8,15.3,27.3,3.2
2026-06-01,EXE,8.0,15.3,27.3,3.2
2026-07-01,EXE,9.3,15.3,27.3,3.2
2026-08-01,EXE,9.1,15.3,27.3,3.2
2026-09-01,EXE,16.9,15.3,27.3,3.2
2026-10-01,EXE,88.4,15.3,27.3,3.2
2025-10-01,EXPD,12.4,22.1,50.3,-6.0
2025-11-01,EXPD,27.4,22.1,50.3,-6.0
2025-12-01,EXPD,10.1,22.1,50.3,-6.0
2026-01-01,EXPD,15.7,22.1,50.3,-6.0
2026-02-01,EXPD,37.6,22.1,50.3,-6.0
2026-03-01,EXPD,10.4,22.1,50.3,-6.0
2026-04-01,EXPD,9.7,22.1,50.3,-6.0
2026-05-01,EXPD,27.0,22.1,50.3,-6.0
2026-06-01,EXPD,12.2,22.1,50.3,-6.0
2026-07-01,EXPD,20.3,22.1,50.3,-6.0
2026-08-01,EXPD,25.8,22.1,50.3,-6.0
2026-09-01,EXPD,11.2,22.1,50.3,-6.0
2026-10-01,EXPD,195.3,22.1,50.3,-6.0
2025-10-01,EXPE,31.2,59.4,95.5,23.3
2025-11-01,EXPE,71.2,59.4,95.5,23.3
2025-12-01,EXPE,39.1,59.4,95.5,23.3
2026-01-01,EXPE,41.4,59.4,95.5,23.3
2026-02-01,EXPE,95.2,59.4,95.5,23.3
2026-03-01,EXPE,49.1,59.4,95.5,23.3
2026-04-01,EXPE,61.1,59.4,95.5,23.3
2026-05-01,EXPE,51.0,59.4,95.5,23.3
2026-06-01,EXPE,55.4,59.4,95.5,23.3
2026-07-01,EXPE,61.3,59.4,95.5,23.3
2026-08-01,EXPE,44.2,59.4,95.5,23.3
2026-09-01,EXPE,60.3,59.4,95.5,23.3
2026-10-01,EXPE,269.1,59.4,95.5,23.3
2025-10-01,EXR,22.8,18.3,37.3,-0.8
2025-11-01,EXR,6.4,18.3,37.3,-0.8
2025-12-01,EXR,9.0,18.3,37.3,-0.8
2026-01-01,EXR,20.6,18.3,37.3,-0.8
2026-02-01,EXR,20.1,18.3,37.3,-0.8
2026-03-01,EXR,25.8,18.3,37.3,-0.8
2026-04-01,EXR,16.8,18.3,37.3,-0.8
2026-05-01,EXR,10.5,18.3,37.3,-0.8
2026-06-01,EXR,11.9,18.3,37.3,-0.8
2026-07-01,EXR,16.6,18.3,37.3,-0.8
2026-08-01,EXR,12.7,18.3,37.3,-0.8
2026-09-01,EXR,11.3,18.3,37.3,-0.8
2026-10-01,EXR,135.5,18.3,37.3,-0.8
2025-10-01,F,2.6,2.7,4.7,0.6
2025-11-01,F,1.1,2.7,4.7,0.6
2025-12-01,F,1.1,2.7,4.7,0.6
2026-01-01,F,1.4,2.7,4.7,0.6
2026-02-01,F,1.3,2.7,4.7,0.6
2026-03-01,F,2.8,2.7,4.7,0.6
2026-04-01,F,1.7,2.7,4.7,0.6
2026-05-01,F,6.3,2.7,4.7,0.6
2026-06-01,F,3.8,2.7,4.7,0.6
2026-07-01,F,3.1,2.7,4.7,0.6
2026-08-01,F,1.3,2.7,4.7,0.6
2026-09-01,F,2.7,2.7,4.7,0.6
2026-10-01,F,12.3,2.7,4.7,0.6
2025-10-01,FANG,15.2,32.0,57.1,6.9
2025-11-01,FANG,17.5,32.0,57.1,6.9
2025-12-01,FANG,19.6,32.0,57.1,6.9
2026-01-01,FANG,29.1,32.0,57.1,6.9
2026-02-01,FANG,20.5,32.0,57.1,6.9
2026-03-01,FANG,32.4,32.0,57.1,6.9
2026-04-01,FANG,36.4,32.0,57.1,6.9
2026-05-01,FANG,28.0,32.0,57.1,6.9
2026-06-01,FANG,36.4,32.0,57.1,6.9
2026-07-01,FANG,40.5,32.0,57.1,6.9
2026-08-01,FANG,32.1,32.0,57.1,6.9
2026-09-01,FANG,31.4,32.0,57.1,6.9
2026-10-01,FANG,186.0,32.0,57.1,6.9
2025-10-01,FAST,8.3,6.1,13.2,-1.1
2025-11-01,FAST,3.0,6.1,13.2,-1.1
2025-12-01,FAST,3.4,6.1,13.2,-1.1
2026-01-01,FAST,5.1,6.1,13.2,-1.1
2026-02-01,FAST,5.7,6.1,13.2,-1.1
2026-03-01,FAST,5.0,6.1,13.2,-1.1
2026-04-01,FAST,6.2,6.1,13.2,-1.1
2026-05-01,FAST,2.7,6.1,13.2,-1.1
2026-06-01,FAST,5.0,6.1,13.2,-1.1
2026-07-01,FAST,5.1,6.1,13.2,-1.1
2026-08-01,FAST,5.9,6.1,13.2,-1.1
2026-09-01,FAST,3.8,6.1,13.2,-1.1
2026-10-01,FAST,51.4,6.1,13.2,-1.1
2025-10-01,FCX,6.6,13.9,24.1,3.8
2025-11-01,FCX,4.9,13.9,24.1,3.8
2025-12-01,FCX,11.5,13.9,24.1,3.8
2026-01-01,FCX,18.4,13.9,24.1,3.8
2026-02-01,FCX,11.5,13.9,24.1,3.8
2026-03-01,FCX,17.9,13.9,24.1,3.8
2026-04-01,FCX,14.4,13.9,24.1,3.8
2026-05-01,FCX,13.4,13.9,24.1,3.8
2026-06-01,FCX,11.8,13.9,24.1,3.8
2026-07-01,FCX,9.4,13.9,24.1,3.8
2026-08-01,FCX,19.0,13.9,24.1,3.8
2026-09-01,FCX,11.6,13.9,24.1,3.8
2026-10-01,FCX,73.5,13.9,24.1,3.8
2025-10-01,FDS,31.7,56.1,94.7,17.6
2025-11-01,FDS,31.5,56.1,94.7,17.6
2025-12-01,FDS,37.8,56.1,94.7,17.6
2026-01-01,FDS,51.0,56.1,94.7,17.6
2026-02-01,FDS,72.0,56.1,94.7,17.6
2026-03-01,FDS,38.8,56.1,94.7,17.6
2026-04-01,FDS,37.1,56.1,94.7,17.6
2026-05-01,FDS,53.0,56.1,94.7,17.6
2026-06-01,FDS,64.4,56.1,94.7,17.6
2026-07-01,FDS,74.3,56.1,94.7,17.6
2026-08-01,FDS,50.0,56.1,94.7,17.6
2026-09-01,FDS,68.4,56.1,94.7,17.6
2026-10-01,FDS,285.5,56.1,94.7,17.6
2025-10-01,FDX,24.9,41.4,81.9,0.9
2025-11-01,FDX,21.8,41.4,81.9,0.9
2025-12-01,FDX,25.0,41.4,81.9,0.9
2026-01-01,FDX,28.2,41.4,81.9,0.9
2026-02-01,FDX,57.5,41.4,81.9,0.9
2026-03-01,FDX,37.3,41.4,81.9,0.9
2026-04-01,FDX,40.7,41.4,81.9,0.9
2026-05-01,FDX,48.1,41.4,81.9,0.9
2026-06-01,FDX,39.3,41.4,81.9,0.9
2026-07-01,FDX,19.1,41.4,81.9,0.9
2026-08-01,FDX,34.8,41.4,81.9,0.9
2026-09-01,FDX,51.3,41.4,81.9,0.9
2026-10-01,FDX,292.1,41.4,81.9,0.9
2025-10-01,FE,2.8,4.8,11.0,-1.4
2025-11-01,FE,2.6,4.8,11.0,-1.4
2025-12-01,FE,3.7,4.8,11.0,-1.4
2026-01-01,FE,3.6,4.8,11.0,-1.4
2026-02-01,FE,5.2,4.8,11.0,-1.4
2026-03-01,FE,4.1,4.8,11.0,-1.4
2026-04-01,FE,5.3,4.8,11.0,-1.4
2026-05-01,FE,4.0,4.8,11.0,-1.4
2026-06-01,FE,3.5,4.8,11.0,-1.4
2026-07-01,FE,3.5,4.8,11.0,-1.4
2026-08-01,FE,3.7,4.8,11.0,-1.4
2026-09-01,FE,4.6,4.8,11.0,-1.4
2026-10-01,FE,44.3,4.8,11.0,-1.4
2025-10-01,FERG,28.7,37.0,68.4,5.7
2025-11-01,FERG,25.7,37.0,68.4,5.7
2025-12-01,FERG,32.0,37.0,68.4,5.7
2026-01-01,FERG,36.3,37.0,68.4,5.7
2026-02-01,FERG,25.0,37.0,68.4,5.7
2026-03-01,FERG,46.3,37.0,68.4,5.7
2026-04-01,FERG,36.3,37.0,68.4,5.7
2026-05-01,FERG,54.0,37.0,68.4,5.7
2026-06-01,FERG,25.3,37.0,68.4,5.7
2026-07-01,FERG,18.9,37.0,68.4,5.7
2026-08-01,FERG,43.6,37.0,68.4,5.7
2026-09-01,FERG,18.3,37.0,68.4,5.7
2026-10-01,FERG,227.4,37.0,68.4,5.7
2025-10-01,FFIV,93.5,63.8,130.3,-2.7
2025-11-01,FFIV,29.5,63.8,130.3,-2.7
2025-12-01,FFIV,32.3,63.8,130.3,-2.7
2026-01-01,FFIV,49.8,63.8,130.3,-2.7
2026-02-01,FFIV,27.9,63.8,130.3,-2.7
2026-03-01,FFIV,34.2,63.8,130.3,-2.7
2026-04-01,FFIV,48.0,63.8,130.3,-2.7
2026-05-01,FFIV,79.5,63.8,130.3,-2.7
2026-06-01,FFIV,53.1,63.8,130.3,-2.7
2026-07-01,FFIV,68.1,63.8,130.3,-2.7
2026-08-01,FFIV,49.4,63.8,130.3,-2.7
2026-09-01,FFIV,77.1,63.8,130.3,-2.7
2026-10-01,FFIV,472.0,63.8,130.3,-2.7
2025-10-01,FICO,513.8,338.4,479.8,197.0
2025-11-01,FICO,243.8,338.4,479.8,197.0
2025-12-01,FICO,186.0,338.4,479.8,197.0
2026-01-01,FICO,235.1,338.4,479.8,197.0
2026-02-01,FICO,301.7,338.4,479.8,197.0
2026-03-01,FICO,524.7,338.4,479.8,197.0
2026-04-01,FICO,260.5,338.4,479.8,197.0
2026-05-01,FICO,321.2,338.4,479.8,197.0
2026-06-01,FICO,254.5,338.4,479.8,197.0
2026-07-01,FICO,339.9,338.4,479.8,197.0
2026-08-01,FICO,173.8,338.4,479.8,197.0
2026-09-01,FICO,564.8,338.4,479.8,197.0
2026-10-01,FICO,703.9,338.4,479.8,197.0
2025-10-01,FIS,9.6,8.3,13.1,3.5
2025-11-01,FIS,5.4,8.3,13.1,3.5
2025-12-01,FIS,3.3,8.3,13.1,3.5
2026-01-01,FIS,14.0,8.3,13.1,3.5
2026-02-01,FIS,10.1,8.3,13.1,3.5
2026-03-01,FIS,5.9,8.3,13.1,3.5
2026-04-01,FIS,6.0,8.3,13.1,3.5
2026-05-01,FIS,6.7,8.3,13.1,3.5
2026-06-01,FIS,6.4,8.3,13.1,3.5
2026-07-01,FIS,7.8,8.3,13.1,3.5
2026-08-01,FIS,7.4,8.3,13.1,3.5
2026-09-01,FIS,10.1,8.3,13.1,3.5
2026-10-01,FIS,33.9,8.3,13.1,3.5
2025-10-01,FISV,65.3,15.1,31.9,-1.8
2025-11-01,FISV,7.9,15.1,31.9,-1.8
2025-12-01,FISV,9.0,15.1,31.9,-1.8
2026-01-01,FISV,7.7,15.1,31.9,-1.8
2026-02-01,FISV,6.6,15.1,31.9,-1.8
2026-03-01,FISV,11.6,15.1,31.9,-1.8
2026-04-01,FISV,11.5,15.1,31.9,-1.8
2026-05-01,FISV,11.9,15.1,31.9,-1.8
2026-06-01,FISV,12.0,15.1,31.9,-1.8
2026-07-01,FISV,6.5,15.1,31.9,-1.8
2026-08-01,FISV,7.1,15.1,31.9,-1.8
2026-09-01,FISV,8.8,15.1,31.9,-1.8
2026-10-01,FISV,46.3,15.1,31.9,-1.8
2025-10-01,FITB,5.3,6.8,13.9,-0.3
2025-11-01,FITB,3.0,6.8,13.9,-0.3
2025-12-01,FITB,5.5,6.8,13.9,-0.3
2026-01-01,FITB,6.8,6.8,13.9,-0.3
2026-02-01,FITB,6.8,6.8,13.9,-0.3
2026-03-01,FITB,7.4,6.8,13.9,-0.3
2026-04-01,FITB,6.2,6.8,13.9,-0.3
2026-05-01,FITB,4.5,6.8,13.9,-0.3
2026-06-01,FITB,8.7,6.8,13.9,-0.3
2026-07-01,FITB,4.5,6.8,13.9,-0.3
2026-08-01,FITB,4.9,6.8,13.9,-0.3
2026-09-01,FITB,5.0,6.8,13.9,-0.3
2026-10-01,FITB,51.5,6.8,13.9,-0.3
2025-10-01,FIX,249.8,345.1,598.9,91.3
2025-11-01,FIX,155.7,345.1,598.9,91.3
2025-12-01,FIX,158.1,345.1,598.9,91.3
2026-01-01,FIX,261.9,345.1,598.9,91.3
2026-02-01,FIX,424.6,345.1,598.9,91.3
2026-03-01,FIX,270.2,345.1,598.9,91.3
2026-04-01,FIX,487.4,345.1,598.9,91.3
2026-05-01,FIX,318.4,345.1,598.9,91.3
2026-06-01,FIX,367.3,345.1,598.9,91.3
2026-07-01,FIX,444.3,345.1,598.9,91.3
2026-08-01,FIX,378.0,345.1,598.9,91.3
2026-09-01,FIX,200.7,345.1,598.9,91.3
2026-10-01,FIX,1835.0,345.1,598.9,91.3
2025-10-01,FLEX,11.2,27.0,49.6,4.4
2025-11-01,FLEX,13.0,27.0,49.6,4.4
2025-12-01,FLEX,16.1,27.0,49.6,4.4
2026-01-01,FLEX,9.0,27.0,49.6,4.4
2026-02-01,FLEX,12.6,27.0,49.6,4.4
2026-03-01,FLEX,12.2,27.0,49.6,4.4
2026-04-01,FLEX,27.1,27.0,49.6,4.4
2026-05-01,FLEX,63.4,27.0,49.6,4.4
2026-06-01,FLEX,29.1,27.0,49.6,4.4
2026-07-01,FLEX,57.9,27.0,49.6,4.4
2026-08-01,FLEX,26.7,27.0,49.6,4.4
2026-09-01,FLEX,18.5,27.0,49.6,4.4
2026-10-01,FLEX,121.8,27.0,49.6,4.4
2025-10-01,FOXA,10.2,11.1,20.7,1.5
2025-11-01,FOXA,4.8,11.1,20.7,1.5
2025-12-01,FOXA,9.5,11.1,20.7,1.5
2026-01-01,FOXA,5.4,11.1,20.7,1.5
2026-02-01,FOXA,19.9,11.1,20.7,1.5
2026-03-01,FOXA,5.1,11.1,20.7,1.5
2026-04-01,FOXA,8.8,11.1,20.7,1.5
2026-05-01,FOXA,7.0,11.1,20.7,1.5
2026-06-01,FOXA,20.8,11.1,20.7,1.5
2026-07-01,FOXA,6.2,11.1,20.7,1.5
2026-08-01,FOXA,13.9,11.1,20.7,1.5
2026-09-01,FOXA,6.9,11.1,20.7,1.5
2026-10-01,FOXA,63.5,11.1,20.7,1.5
2025-10-01,FRO,3.9,8.0,15.8,0.2
2025-11-01,FRO,3.0,8.0,15.8,0.2
2025-12-01,FRO,2.9,8.0,15.8,0.2
2026-01-01,FRO,8.3,8.0,15.8,0.2
2026-02-01,FRO,10.4,8.0,15.8,0.2
2026-03-01,FRO,10.1,8.0,15.8,0.2
2026-04-01,FRO,4.6,8.0,15.8,0.2
2026-05-01,FRO,5.9,8.0,15.8,0.2
2026-06-01,FRO,9.3,8.0,15.8,0.2
2026-07-01,FRO,5.7,8.0,15.8,0.2
2026-08-01,FRO,8.0,8.0,15.8,0.2
2026-09-01,FRO,11.1,8.0,15.8,0.2
2026-10-01,FRO,54.7,8.0,15.8,0.2
2025-10-01,FRT,7.6,11.0,26.2,-4.3
2025-11-01,FRT,9.3,11.0,26.2,-4.3
2025-12-01,FRT,7.4,11.0,26.2,-4.3
2026-01-01,FRT,5.5,11.0,26.2,-4.3
2026-02-01,FRT,10.2,11.0,26.2,-4.3
2026-03-01,FRT,8.7,11.0,26.2,-4.3
2026-04-01,FRT,8.8,11.0,26.2,-4.3
2026-05-01,FRT,10.5,11.0,26.2,-4.3
2026-06-01,FRT,7.7,11.0,26.2,-4.3
2026-07-01,FRT,8.2,11.0,26.2,-4.3
2026-08-01,FRT,9.3,11.0,26.2,-4.3
2026-09-01,FRT,10.6,11.0,26.2,-4.3
2026-10-01,FRT,108.9,11.0,26.2,-4.3
2025-10-01,FSLR,53.0,58.7,90.4,26.9
2025-11-01,FSLR,40.6,58.7,90.4,26.9
2025-12-01,FSLR,37.0,58.7,90.4,26.9
2026-01-01,FSLR,66.5,58.7,90.4,26.9
2026-02-01,FSLR,59.1,58.7,90.4,26.9
2026-03-01,FSLR,20.5,58.7,90.4,26.9
2026-04-01,FSLR,25.9,58.7,90.4,26.9
2026-05-01,FSLR,113.9,58.7,90.4,26.9
2026-06-01,FSLR,93.5,58.7,90.4,26.9
2026-07-01,FSLR,45.2,58.7,90.4,26.9
2026-08-01,FSLR,69.4,58.7,90.4,26.9
2026-09-01,FSLR,50.2,58.7,90.4,26.9
2026-10-01,FSLR,181.4,58.7,90.4,26.9
2025-10-01,FTI,7.4,11.5,21.5,1.6
2025-11-01,FTI,4.7,11.5,21.5,1.6
2025-12-01,FTI,4.0,11.5,21.5,1.6
2026-01-01,FTI,12.4,11.5,21.5,1.6
2026-02-01,FTI,13.4,11.5,21.5,1.6
2026-03-01,FTI,12.0,11.5,21.5,1.6
2026-04-01,FTI,9.2,11.5,21.5,1.6
2026-05-01,FTI,10.7,11.5,21.5,1.6
2026-06-01,FTI,8.2,11.5,21.5,1.6
2026-07-01,FTI,13.5,11.5,21.5,1.6
2026-08-01,FTI,12.8,11.5,21.5,1.6
2026-09-01,FTI,12.9,11.5,21.5,1.6
2026-10-01,FTI,72.2,11.5,21.5,1.6
2025-10-01,FTNT,6.1,23.5,52.5,-5.5
2025-11-01,FTNT,12.4,23.5,52.5,-5.5
2025-12-01,FTNT,8.5,23.5,52.5,-5.5
2026-01-01,FTNT,11.5,23.5,52.5,-5.5
2026-02-01,FTNT,14.3,23.5,52.5,-5.5
2026-03-01,FTNT,10.0,23.5,52.5,-5.5
2026-04-01,FTNT,11.6,23.5,52.5,-5.5
2026-05-01,FTNT,53.1,23.5,52.5,-5.5
2026-06-01,FTNT,26.0,23.5,52.5,-5.5
2026-07-01,FTNT,26.6,23.5,52.5,-5.5
2026-08-01,FTNT,25.6,23.5,52.5,-5.5
2026-09-01,FTNT,29.6,23.5,52.5,-5.5
2026-10-01,FTNT,192.4,23.5,52.5,-5.5
2025-10-01,FTV,8.2,7.0,15.1,-1.2
2025-11-01,FTV,4.5,7.0,15.1,-1.2
2025-12-01,FTV,3.6,7.0,15.1,-1.2
2026-01-01,FTV,3.6,7.0,15.1,-1.2
2026-02-01,FTV,9.7,7.0,15.1,-1.2
2026-03-01,FTV,5.4,7.0,15.1,-1.2
2026-04-01,FTV,8.0,7.0,15.1,-1.2
2026-05-01,FTV,4.2,7.0,15.1,-1.2
2026-06-01,FTV,5.5,7.0,15.1,-1.2
2026-07-01,FTV,7.1,7.0,15.1,-1.2
2026-08-01,FTV,4.1,7.0,15.1,-1.2
2026-09-01,FTV,4.9,7.0,15.1,-1.2
2026-10-01,FTV,58.3,7.0,15.1,-1.2
2025-10-01,FVX,0.2,0.3,0.5,0.2
2025-11-01,FVX,0.2,0.3,0.5,0.2
2025-12-01,FVX,0.2,0.3,0.5,0.2
2026-01-01,FVX,0.2,0.3,0.5,0.2
2026-02-01,FVX,0.4,0.3,0.5,0.2
2026-03-01,FVX,0.6,0.3,0.5,0.2
2026-04-01,FVX,0.3,0.3,0.5,0.2
2026-05-01,FVX,0.4,0.3,0.5,0.2
2026-06-01,FVX,0.2,0.3,0.5,0.2
2026-07-01,FVX,0.3,0.3,0.5,0.2
2026-08-01,FVX,0.2,0.3,0.5,0.2
2026-09-01,FVX,0.6,0.3,0.5,0.2
2026-10-01,FVX,0.2,0.3,0.5,0.2
2025-10-01,FXA,1.6,4.0,14.1,-6.1
2025-11-01,FXA,1.3,4.0,14.1,-6.1
2025-12-01,FXA,1.9,4.0,14.1,-6.1
2026-01-01,FXA,4.2,4.0,14.1,-6.1
2026-02-01,FXA,2.1,4.0,14.1,-6.1
2026-03-01,FXA,3.4,4.0,14.1,-6.1
2026-04-01,FXA,3.4,4.0,14.1,-6.1
2026-05-01,FXA,1.9,4.0,14.1,-6.1
2026-06-01,FXA,3.0,4.0,14.1,-6.1
2026-07-01,FXA,1.6,4.0,14.1,-6.1
2026-08-01,FXA,2.2,4.0,14.1,-6.1
2026-09-01,FXA,2.8,4.0,14.1,-6.1
2026-10-01,FXA,69.2,4.0,14.1,-6.1
2025-10-01,FXB,3.7,6.2,25.0,-12.7
2025-11-01,FXB,2.5,6.2,25.0,-12.7
2025-12-01,FXB,3.4,6.2,25.0,-12.7
2026-01-01,FXB,4.6,6.2,25.0,-12.7
2026-02-01,FXB,2.4,6.2,25.0,-12.7
2026-03-01,FXB,2.9,6.2,25.0,-12.7
2026-04-01,FXB,4.0,6.2,25.0,-12.7
2026-05-01,FXB,3.3,6.2,25.0,-12.7
2026-06-01,FXB,3.1,6.2,25.0,-12.7
2026-07-01,FXB,3.4,6.2,25.0,-12.7
2026-08-01,FXB,2.4,6.2,25.0,-12.7
2026-09-01,FXB,3.3,6.2,25.0,-12.7
2026-10-01,FXB,127.7,6.2,25.0,-12.7
2025-10-01,FXC,0.8,3.2,13.4,-7.0
2025-11-01,FXC,1.0,3.2,13.4,-7.0
2025-12-01,FXC,1.8,3.2,13.4,-7.0
2026-01-01,FXC,2.3,3.2,13.4,-7.0
2026-02-01,FXC,1.0,3.2,13.4,-7.0
2026-03-01,FXC,2.1,3.2,13.4,-7.0
2026-04-01,FXC,1.8,3.2,13.4,-7.0
2026-05-01,FXC,1.5,3.2,13.4,-7.0
2026-06-01,FXC,2.0,3.2,13.4,-7.0
2026-07-01,FXC,1.1,3.2,13.4,-7.0
2026-08-01,FXC,1.7,3.2,13.4,-7.0
2026-09-01,FXC,2.4,3.2,13.4,-7.0
2026-10-01,FXC,68.8,3.2,13.4,-7.0
2025-10-01,FXE,2.2,4.8,20.2,-10.6
2025-11-01,FXE,1.7,4.8,20.2,-10.6
2025-12-01,FXE,2.0,4.8,20.2,-10.6
2026-01-01,FXE,4.6,4.8,20.2,-10.6
2026-02-01,FXE,1.7,4.8,20.2,-10.6
2026-03-01,FXE,2.8,4.8,20.2,-10.6
2026-04-01,FXE,3.0,4.8,20.2,-10.6
2026-05-01,FXE,1.9,4.8,20.2,-10.6
2026-06-01,FXE,2.9,4.8,20.2,-10.6
2026-07-01,FXE,1.6,4.8,20.2,-10.6
2026-08-01,FXE,1.8,4.8,20.2,-10.6
2026-09-01,FXE,3.1,4.8,20.2,-10.6
2026-10-01,FXE,104.2,4.8,20.2,-10.6
2025-10-01,FXY,3.2,3.2,11.8,-5.4
2025-11-01,FXY,2.0,3.2,11.8,-5.4
2025-12-01,FXY,1.2,3.2,11.8,-5.4
2026-01-01,FXY,2.7,3.2,11.8,-5.4
2026-02-01,FXY,1.8,3.2,11.8,-5.4
2026-03-01,FXY,1.3,3.2,11.8,-5.4
2026-04-01,FXY,1.5,3.2,11.8,-5.4
2026-05-01,FXY,1.3,3.2,11.8,-5.4
2026-06-01,FXY,1.1,3.2,11.8,-5.4
2026-07-01,FXY,2.1,3.2,11.8,-5.4
2026-08-01,FXY,1.5,3.2,11.8,-5.4
2026-09-01,FXY,2.7,3.2,11.8,-5.4
2026-10-01,FXY,58.3,3.2,11.8,-5.4
2025-10-01,GD,33.2,38.7,85.6,-8.2
2025-11-01,GD,19.4,38.7,85.6,-8.2
2025-12-01,GD,15.4,38.7,85.6,-8.2
2026-01-01,GD,35.4,38.7,85.6,-8.2
2026-02-01,GD,26.1,38.7,85.6,-8.2
2026-03-01,GD,28.9,38.7,85.6,-8.2
2026-04-01,GD,46.3,38.7,85.6,-8.2
2026-05-01,GD,20.3,38.7,85.6,-8.2
2026-06-01,GD,32.0,38.7,85.6,-8.2
2026-07-01,GD,45.0,38.7,85.6,-8.2
2026-08-01,GD,29.7,38.7,85.6,-8.2
2026-09-01,GD,45.9,38.7,85.6,-8.2
2026-10-01,GD,334.4,38.7,85.6,-8.2
2025-10-01,GDDY,14.4,20.5,34.7,6.3
2025-11-01,GDDY,14.4,20.5,34.7,6.3
2025-12-01,GDDY,8.1,20.5,34.7,6.3
2026-01-01,GDDY,25.7,20.5,34.7,6.3
2026-02-01,GDDY,28.9,20.5,34.7,6.3
2026-03-01,GDDY,15.7,20.5,34.7,6.3
2026-04-01,GDDY,11.1,20.5,34.7,6.3
2026-05-01,GDDY,13.3,20.5,34.7,6.3
2026-06-01,GDDY,22.5,20.5,34.7,6.3
2026-07-01,GDDY,32.9,20.5,34.7,6.3
2026-08-01,GDDY,18.8,20.5,34.7,6.3
2026-09-01,GDDY,18.8,20.5,34.7,6.3
2026-10-01,GDDY,100.0,20.5,34.7,6.3
2025-10-01,GDX,17.0,21.8,35.2,8.3
2025-11-01,GDX,15.1,21.8,35.2,8.3
2025-12-01,GDX,12.6,21.8,35.2,8.3
2026-01-01,GDX,30.3,21.8,35.2,8.3
2026-02-01,GDX,24.0,21.8,35.2,8.3
2026-03-01,GDX,38.4,21.8,35.2,8.3
2026-04-01,GDX,16.5,21.8,35.2,8.3
2026-05-01,GDX,15.4,21.8,35.2,8.3
2026-06-01,GDX,16.4,21.8,35.2,8.3
2026-07-01,GDX,10.4,21.8,35.2,8.3
2026-08-01,GDX,32.1,21.8,35.2,8.3
2026-09-01,GDX,14.4,21.8,35.2,8.3
2026-10-01,GDX,88.9,21.8,35.2,8.3
2025-10-01,GDXJ,23.8,30.5,47.9,13.0
2025-11-01,GDXJ,22.0,30.5,47.9,13.0
2025-12-01,GDXJ,18.1,30.5,47.9,13.0
2026-01-01,GDXJ,42.2,30.5,47.9,13.0
2026-02-01,GDXJ,35.4,30.5,47.9,13.0
2026-03-01,GDXJ,54.6,30.5,47.9,13.0
2026-04-01,GDXJ,23.3,30.5,47.9,13.0
2026-05-01,GDXJ,22.0,30.5,47.9,13.0
2026-06-01,GDXJ,23.9,30.5,47.9,13.0
2026-07-01,GDXJ,16.1,30.5,47.9,13.0
2026-08-01,GDXJ,41.6,30.5,47.9,13.0
2026-09-01,GDXJ,19.0,30.5,47.9,13.0
2026-10-01,GDXJ,115.3,30.5,47.9,13.0
2025-10-01,GE,25.2,53.3,96.8,9.8
2025-11-01,GE,29.7,53.3,96.8,9.8
2025-12-01,GE,38.4,53.3,96.8,9.8
2026-01-01,GE,42.7,53.3,96.8,9.8
2026-02-01,GE,47.5,53.3,96.8,9.8
2026-03-01,GE,76.4,53.3,96.8,9.8
2026-04-01,GE,50.2,53.3,96.8,9.8
2026-05-01,GE,46.5,53.3,96.8,9.8
2026-06-01,GE,68.7,53.3,96.8,9.8
2026-07-01,GE,46.4,53.3,96.8,9.8
2026-08-01,GE,55.1,53.3,96.8,9.8
2026-09-01,GE,35.9,53.3,96.8,9.8
2026-10-01,GE,318.5,53.3,96.8,9.8
2025-10-01,GEHC,9.7,11.6,20.7,2.4
2025-11-01,GEHC,11.9,11.6,20.7,2.4
2025-12-01,GEHC,7.2,11.6,20.7,2.4
2026-01-01,GEHC,12.1,11.6,20.7,2.4
2026-02-01,GEHC,10.5,11.6,20.7,2.4
2026-03-01,GEHC,14.5,11.6,20.7,2.4
2026-04-01,GEHC,17.2,11.6,20.7,2.4
2026-05-01,GEHC,5.8,11.6,20.7,2.4
2026-06-01,GEHC,6.5,11.6,20.7,2.4
2026-07-01,GEHC,11.8,11.6,20.7,2.4
2026-08-01,GEHC,6.8,11.6,20.7,2.4
2026-09-01,GEHC,8.9,11.6,20.7,2.4
2026-10-01,GEHC,66.6,11.6,20.7,2.4
2025-10-01,GEN,2.7,4.9,8.6,1.2
2025-11-01,GEN,2.9,4.9,8.6,1.2
2025-12-01,GEN,2.2,4.9,8.6,1.2
2026-01-01,GEN,3.7,4.9,8.6,1.2
2026-02-01,GEN,4.0,4.9,8.6,1.2
2026-03-01,GEN,4.6,4.9,8.6,1.2
2026-04-01,GEN,3.0,4.9,8.6,1.2
2026-05-01,GEN,6.9,4.9,8.6,1.2
2026-06-01,GEN,5.4,4.9,8.6,1.2
2026-07-01,GEN,3.2,4.9,8.6,1.2
2026-08-01,GEN,4.3,4.9,8.6,1.2
2026-09-01,GEN,11.3,4.9,8.6,1.2
2026-10-01,GEN,23.0,4.9,8.6,1.2
2025-10-01,GEOS,11.1,5.9,10.5,1.2
2025-11-01,GEOS,18.0,5.9,10.5,1.2
2025-12-01,GEOS,5.2,5.9,10.5,1.2
2026-01-01,GEOS,8.7,5.9,10.5,1.2
2026-02-01,GEOS,9.7,5.9,10.5,1.2
2026-03-01,GEOS,4.3,5.9,10.5,1.2
2026-04-01,GEOS,4.8,5.9,10.5,1.2
2026-05-01,GEOS,2.2,5.9,10.5,1.2
2026-06-01,GEOS,2.9,5.9,10.5,1.2
2026-07-01,GEOS,1.7,5.9,10.5,1.2
2026-08-01,GEOS,2.6,5.9,10.5,1.2
2026-09-01,GEOS,0.7,5.9,10.5,1.2
2026-10-01,GEOS,4.9,5.9,10.5,1.2
2025-10-01,GEV,132.0,214.3,364.1,64.5
2025-11-01,GEV,97.9,214.3,364.1,64.5
2025-12-01,GEV,156.2,214.3,364.1,64.5
2026-01-01,GEV,134.9,214.3,364.1,64.5
2026-02-01,GEV,186.2,214.3,364.1,64.5
2026-03-01,GEV,171.4,214.3,364.1,64.5
2026-04-01,GEV,316.0,214.3,364.1,64.5
2026-05-01,GEV,173.4,214.3,364.1,64.5
2026-06-01,GEV,322.2,214.3,364.1,64.5
2026-07-01,GEV,298.3,214.3,364.1,64.5
2026-08-01,GEV,217.7,214.3,364.1,64.5
2026-09-01,GEV,115.1,214.3,364.1,64.5
2026-10-01,GEV,1052.8,214.3,364.1,64.5
2025-10-01,GGB,0.5,0.8,1.6,0.1
2025-11-01,GGB,0.3,0.8,1.6,0.1
2025-12-01,GGB,0.4,0.8,1.6,0.1
2026-01-01,GGB,0.9,0.8,1.6,0.1
2026-02-01,GGB,0.5,0.8,1.6,0.1
2026-03-01,GGB,0.9,0.8,1.6,0.1
2026-04-01,GGB,0.9,0.8,1.6,0.1
2026-05-01,GGB,0.5,0.8,1.6,0.1
2026-06-01,GGB,0.9,0.8,1.6,0.1
2026-07-01,GGB,1.1,0.8,1.6,0.1
2026-08-01,GGB,1.0,0.8,1.6,0.1
2026-09-01,GGB,0.6,0.8,1.6,0.1
2026-10-01,GGB,5.5,0.8,1.6,0.1
2025-10-01,GILD,16.2,18.2,39.0,-2.6
2025-11-01,GILD,11.6,18.2,39.0,-2.6
2025-12-01,GILD,9.2,18.2,39.0,-2.6
2026-01-01,GILD,25.3,18.2,39.0,-2.6
2026-02-01,GILD,17.3,18.2,39.0,-2.6
2026-03-01,GILD,16.9,18.2,39.0,-2.6
2026-04-01,GILD,15.3,18.2,39.0,-2.6
2026-05-01,GILD,9.2,18.2,39.0,-2.6
2026-06-01,GILD,12.6,18.2,39.0,-2.6
2026-07-01,GILD,15.5,18.2,39.0,-2.6
2026-08-01,GILD,20.6,18.2,39.0,-2.6
2026-09-01,GILD,11.3,18.2,39.0,-2.6
2026-10-01,GILD,149.4,18.2,39.0,-2.6
2025-10-01,GIS,5.1,6.1,10.7,1.4
2025-11-01,GIS,3.3,6.1,10.7,1.4
2025-12-01,GIS,4.1,6.1,10.7,1.4
2026-01-01,GIS,3.7,6.1,10.7,1.4
2026-02-01,GIS,5.9,6.1,10.7,1.4
2026-03-01,GIS,10.0,6.1,10.7,1.4
2026-04-01,GIS,3.9,6.1,10.7,1.4
2026-05-01,GIS,3.3,6.1,10.7,1.4
2026-06-01,GIS,4.8,6.1,10.7,1.4
2026-07-01,GIS,4.3,6.1,10.7,1.4
2026-08-01,GIS,6.5,6.1,10.7,1.4
2026-09-01,GIS,10.2,6.1,10.7,1.4
2026-10-01,GIS,32.4,6.1,10.7,1.4
2025-10-01,GL,11.5,18.9,42.9,-5.1
2025-11-01,GL,8.6,18.9,42.9,-5.1
2025-12-01,GL,15.2,18.9,42.9,-5.1
2026-01-01,GL,8.8,18.9,42.9,-5.1
2026-02-01,GL,13.6,18.9,42.9,-5.1
2026-03-01,GL,12.1,18.9,42.9,-5.1
2026-04-01,GL,16.2,18.9,42.9,-5.1
2026-05-01,GL,9.4,18.9,42.9,-5.1
2026-06-01,GL,32.8,18.9,42.9,-5.1
2026-07-01,GL,23.4,18.9,42.9,-5.1
2026-08-01,GL,18.7,18.9,42.9,-5.1
2026-09-01,GL,12.4,18.9,42.9,-5.1
2026-10-01,GL,167.8,18.9,42.9,-5.1
2025-10-01,GLATF,0.2,0.2,0.2,0.1
2025-11-01,GLATF,0.1,0.2,0.2,0.1
2025-12-01,GLATF,0.2,0.2,0.2,0.1
2026-01-01,GLATF,0.2,0.2,0.2,0.1
2026-02-01,GLATF,0.2,0.2,0.2,0.1
2026-03-01,GLATF,0.2,0.2,0.2,0.1
2026-04-01,GLATF,0.1,0.2,0.2,0.1
2026-05-01,GLATF,0.1,0.2,0.2,0.1
2026-06-01,GLATF,0.2,0.2,0.2,0.1
2026-07-01,GLATF,0.1,0.2,0.2,0.1
2026-08-01,GLATF,0.1,0.2,0.2,0.1
2026-09-01,GLATF,0.3,0.2,0.2,0.1
2026-10-01,GLATF,0.1,0.2,0.2,0.1
2025-10-01,GLD,51.9,59.2,116.1,2.4
2025-11-01,GLD,26.8,59.2,116.1,2.4
2025-12-01,GLD,35.5,59.2,116.1,2.4
2026-01-01,GLD,113.5,59.2,116.1,2.4
2026-02-01,GLD,61.4,59.2,116.1,2.4
2026-03-01,GLD,93.0,59.2,116.1,2.4
2026-04-01,GLD,34.5,59.2,116.1,2.4
2026-05-01,GLD,33.1,59.2,116.1,2.4
2026-06-01,GLD,51.1,59.2,116.1,2.4
2026-07-01,GLD,20.0,59.2,116.1,2.4
2026-08-01,GLD,60.8,59.2,116.1,2.4
2026-09-01,GLD,36.7,59.2,116.1,2.4
2026-10-01,GLD,385.2,59.2,116.1,2.4
2025-10-01,GLW,11.7,50.8,89.8,11.9
2025-11-01,GLW,13.2,50.8,89.8,11.9
2025-12-01,GLW,15.0,50.8,89.8,11.9
2026-01-01,GLW,30.0,50.8,89.8,11.9
2026-02-01,GLW,59.1,50.8,89.8,11.9
2026-03-01,GLW,40.4,50.8,89.8,11.9
2026-04-01,GLW,42.7,50.8,89.8,11.9
2026-05-01,GLW,54.1,50.8,89.8,11.9
2026-06-01,GLW,105.8,50.8,89.8,11.9
2026-07-01,GLW,126.4,50.8,89.8,11.9
2026-08-01,GLW,44.1,50.8,89.8,11.9
2026-09-01,GLW,32.1,50.8,89.8,11.9
2026-10-01,GLW,170.6,50.8,89.8,11.9
2025-10-01,GM,15.9,12.8,24.0,1.5
2025-11-01,GM,7.1,12.8,24.0,1.5
2025-12-01,GM,11.6,12.8,24.0,1.5
2026-01-01,GM,10.0,12.8,24.0,1.5
2026-02-01,GM,9.8,12.8,24.0,1.5
2026-03-01,GM,7.4,12.8,24.0,1.5
2026-04-01,GM,11.1,12.8,24.0,1.5
2026-05-01,GM,14.8,12.8,24.0,1.5
2026-06-01,GM,9.5,12.8,24.0,1.5
2026-07-01,GM,17.6,12.8,24.0,1.5
2026-08-01,GM,6.7,12.8,24.0,1.5
2026-09-01,GM,11.0,12.8,24.0,1.5
2026-10-01,GM,82.2,12.8,24.0,1.5
2025-10-01,GNK,2.4,3.8,7.6,-0.1
2025-11-01,GNK,3.9,3.8,7.6,-0.1
2025-12-01,GNK,1.5,3.8,7.6,-0.1
2026-01-01,GNK,3.1,3.8,7.6,-0.1
2026-02-01,GNK,4.4,3.8,7.6,-0.1
2026-03-01,GNK,5.7,3.8,7.6,-0.1
2026-04-01,GNK,2.3,3.8,7.6,-0.1
2026-05-01,GNK,3.9,3.8,7.6,-0.1
2026-06-01,GNK,2.3,3.8,7.6,-0.1
2026-07-01,GNK,2.9,3.8,7.6,-0.1
2026-08-01,GNK,3.4,3.8,7.6,-0.1
2026-09-01,GNK,2.7,3.8,7.6,-0.1
2026-10-01,GNK,27.8,3.8,7.6,-0.1
2025-10-01,GNRC,38.0,58.4,91.2,25.6
2025-11-01,GNRC,30.2,58.4,91.2,25.6
2025-12-01,GNRC,33.3,58.4,91.2,25.6
2026-01-01,GNRC,43.4,58.4,91.2,25.6
2026-02-01,GNRC,76.8,58.4,91.2,25.6
2026-03-01,GNRC,46.6,58.4,91.2,25.6
2026-04-01,GNRC,71.5,58.4,91.2,25.6
2026-05-01,GNRC,48.9,58.4,91.2,25.6
2026-06-01,GNRC,59.4,58.4,91.2,25.6
2026-07-01,GNRC,101.9,58.4,91.2,25.6
2026-08-01,GNRC,43.0,58.4,91.2,25.6
2026-09-01,GNRC,58.6,58.4,91.2,25.6
2026-10-01,GNRC,227.2,58.4,91.2,25.6
2025-10-01,GOOGL,55.8,55.9,105.3,6.5
2025-11-01,GOOGL,58.1,55.9,105.3,6.5
2025-12-01,GOOGL,27.0,55.9,105.3,6.5
2026-01-01,GOOGL,32.0,55.9,105.3,6.5
2026-02-01,GOOGL,52.8,55.9,105.3,6.5
2026-03-01,GOOGL,40.4,55.9,105.3,6.5
2026-04-01,GOOGL,96.4,55.9,105.3,6.5
2026-05-01,GOOGL,30.2,55.9,105.3,6.5
2026-06-01,GOOGL,48.4,55.9,105.3,6.5
2026-07-01,GOOGL,60.4,55.9,105.3,6.5
2026-08-01,GOOGL,47.3,55.9,105.3,6.5
2026-09-01,GOOGL,36.4,55.9,105.3,6.5
2026-10-01,GOOGL,353.2,55.9,105.3,6.5
2025-10-01,GPC,14.3,20.9,39.0,2.7
2025-11-01,GPC,9.5,20.9,39.0,2.7
2025-12-01,GPC,12.1,20.9,39.0,2.7
2026-01-01,GPC,20.2,20.9,39.0,2.7
2026-02-01,GPC,36.5,20.9,39.0,2.7
2026-03-01,GPC,22.6,20.9,39.0,2.7
2026-04-01,GPC,14.5,20.9,39.0,2.7
2026-05-01,GPC,17.3,20.9,39.0,2.7
2026-06-01,GPC,22.3,20.9,39.0,2.7
2026-07-01,GPC,25.9,20.9,39.0,2.7
2026-08-01,GPC,12.6,20.9,39.0,2.7
2026-09-01,GPC,13.2,20.9,39.0,2.7
2026-10-01,GPC,128.9,20.9,39.0,2.7
2025-10-01,GPN,12.5,14.3,25.3,3.3
2025-11-01,GPN,10.1,14.3,25.3,3.3
2025-12-01,GPN,8.7,14.3,25.3,3.3
2026-01-01,GPN,9.7,14.3,25.3,3.3
2026-02-01,GPN,15.9,14.3,25.3,3.3
2026-03-01,GPN,14.4,14.3,25.3,3.3
2026-04-01,GPN,12.2,14.3,25.3,3.3
2026-05-01,GPN,9.5,14.3,25.3,3.3
2026-06-01,GPN,14.9,14.3,25.3,3.3
2026-07-01,GPN,17.7,14.3,25.3,3.3
2026-08-01,GPN,11.8,14.3,25.3,3.3
2026-09-01,GPN,13.8,14.3,25.3,3.3
2026-10-01,GPN,83.1,14.3,25.3,3.3
2025-10-01,GREK,4.5,8.3,20.5,-3.8
2025-11-01,GREK,4.5,8.3,20.5,-3.8
2025-12-01,GREK,3.5,8.3,20.5,-3.8
2026-01-01,GREK,10.6,8.3,20.5,-3.8
2026-02-01,GREK,6.8,8.3,20.5,-3.8
2026-03-01,GREK,7.9,8.3,20.5,-3.8
2026-04-01,GREK,9.4,8.3,20.5,-3.8
2026-05-01,GREK,7.1,8.3,20.5,-3.8
2026-06-01,GREK,6.5,8.3,20.5,-3.8
2026-07-01,GREK,6.9,8.3,20.5,-3.8
2026-08-01,GREK,5.0,8.3,20.5,-3.8
2026-09-01,GREK,5.2,8.3,20.5,-3.8
2026-10-01,GREK,85.8,8.3,20.5,-3.8
2025-10-01,GRMN,49.3,41.2,82.6,-0.3
2025-11-01,GRMN,26.9,41.2,82.6,-0.3
2025-12-01,GRMN,18.5,41.2,82.6,-0.3
2026-01-01,GRMN,15.3,41.2,82.6,-0.3
2026-02-01,GRMN,59.2,41.2,82.6,-0.3
2026-03-01,GRMN,30.5,41.2,82.6,-0.3
2026-04-01,GRMN,41.6,41.2,82.6,-0.3
2026-05-01,GRMN,28.1,41.2,82.6,-0.3
2026-06-01,GRMN,21.8,41.2,82.6,-0.3
2026-07-01,GRMN,69.1,41.2,82.6,-0.3
2026-08-01,GRMN,31.8,41.2,82.6,-0.3
2026-09-01,GRMN,29.2,41.2,82.6,-0.3
2026-10-01,GRMN,288.8,41.2,82.6,-0.3
2025-10-01,GS,67.1,131.3,255.8,6.8
2025-11-01,GS,87.3,131.3,255.8,6.8
2025-12-01,GS,110.8,131.3,255.8,6.8
2026-01-01,GS,104.0,131.3,255.8,6.8
2026-02-01,GS,114.2,131.3,255.8,6.8
2026-03-01,GS,98.3,131.3,255.8,6.8
2026-04-01,GS,121.0,131.3,255.8,6.8
2026-05-01,GS,128.2,131.3,255.8,6.8
2026-06-01,GS,125.0,131.3,255.8,6.8
2026-07-01,GS,176.3,131.3,255.8,6.8
2026-08-01,GS,75.5,131.3,255.8,6.8
2026-09-01,GS,143.5,131.3,255.8,6.8
2026-10-01,GS,913.0,131.3,255.8,6.8
2025-10-01,GWW,73.9,141.0,323.2,-41.1
2025-11-01,GWW,67.9,141.0,323.2,-41.1
2025-12-01,GWW,100.7,141.0,323.2,-41.1
2026-01-01,GWW,90.5,141.0,323.2,-41.1
2026-02-01,GWW,140.0,141.0,323.2,-41.1
2026-03-01,GWW,141.0,141.0,323.2,-41.1
2026-04-01,GWW,112.6,141.0,323.2,-41.1
2026-05-01,GWW,151.8,141.0,323.2,-41.1
2026-06-01,GWW,171.0,141.0,323.2,-41.1
2026-07-01,GWW,91.0,141.0,323.2,-41.1
2026-08-01,GWW,128.2,141.0,323.2,-41.1
2026-09-01,GWW,94.3,141.0,323.2,-41.1
2026-10-01,GWW,1300.0,141.0,323.2,-41.1
2025-10-01,HAL,6.2,6.6,10.9,2.2
2025-11-01,HAL,3.7,6.6,10.9,2.2
2025-12-01,HAL,3.6,6.6,10.9,2.2
2026-01-01,HAL,7.3,6.6,10.9,2.2
2026-02-01,HAL,3.7,6.6,10.9,2.2
2026-03-01,HAL,7.7,6.6,10.9,2.2
2026-04-01,HAL,6.9,6.6,10.9,2.2
2026-05-01,HAL,5.0,6.6,10.9,2.2
2026-06-01,HAL,7.9,6.6,10.9,2.2
2026-07-01,HAL,5.2,6.6,10.9,2.2
2026-08-01,HAL,6.6,6.6,10.9,2.2
2026-09-01,HAL,6.8,6.6,10.9,2.2
2026-10-01,HAL,33.1,6.6,10.9,2.2
2025-10-01,HAS,10.5,13.0,26.2,-0.2
2025-11-01,HAS,8.6,13.0,26.2,-0.2
2025-12-01,HAS,5.7,13.0,26.2,-0.2
2026-01-01,HAS,9.2,13.0,26.2,-0.2
2026-02-01,HAS,18.1,13.0,26.2,-0.2
2026-03-01,HAS,11.2,13.0,26.2,-0.2
2026-04-01,HAS,11.9,13.0,26.2,-0.2
2026-05-01,HAS,13.0,13.0,26.2,-0.2
2026-06-01,HAS,4.5,13.0,26.2,-0.2
2026-07-01,HAS,21.8,13.0,26.2,-0.2
2026-08-01,HAS,9.1,13.0,26.2,-0.2
2026-09-01,HAS,9.4,13.0,26.2,-0.2
2026-10-01,HAS,92.9,13.0,26.2,-0.2
2025-10-01,HBAN,2.5,2.3,4.4,0.3
2025-11-01,HBAN,1.3,2.3,4.4,0.3
2025-12-01,HBAN,1.9,2.3,4.4,0.3
2026-01-01,HBAN,2.1,2.3,4.4,0.3
2026-02-01,HBAN,3.0,2.3,4.4,0.3
2026-03-01,HBAN,2.2,2.3,4.4,0.3
2026-04-01,HBAN,1.9,2.3,4.4,0.3
2026-05-01,HBAN,1.6,2.3,4.4,0.3
2026-06-01,HBAN,2.4,2.3,4.4,0.3
2026-07-01,HBAN,1.8,2.3,4.4,0.3
2026-08-01,HBAN,1.5,2.3,4.4,0.3
2026-09-01,HBAN,2.1,2.3,4.4,0.3
2026-10-01,HBAN,15.5,2.3,4.4,0.3
2025-10-01,HCA,70.5,74.4,133.1,15.7
2025-11-01,HCA,76.1,74.4,133.1,15.7
2025-12-01,HCA,51.2,74.4,133.1,15.7
2026-01-01,HCA,66.1,74.4,133.1,15.7
2026-02-01,HCA,64.4,74.4,133.1,15.7
2026-03-01,HCA,94.6,74.4,133.1,15.7
2026-04-01,HCA,90.0,74.4,133.1,15.7
2026-05-01,HCA,65.1,74.4,133.1,15.7
2026-06-01,HCA,42.5,74.4,133.1,15.7
2026-07-01,HCA,75.6,74.4,133.1,15.7
2026-08-01,HCA,40.9,74.4,133.1,15.7
2026-09-01,HCA,50.4,74.4,133.1,15.7
2026-10-01,HCA,438.1,74.4,133.1,15.7
2025-10-01,HD,30.4,45.7,84.4,7.1
2025-11-01,HD,52.3,45.7,84.4,7.1
2025-12-01,HD,24.4,45.7,84.4,7.1
2026-01-01,HD,52.9,45.7,84.4,7.1
2026-02-01,HD,29.4,45.7,84.4,7.1
2026-03-01,HD,54.9,45.7,84.4,7.1
2026-04-01,HD,38.2,45.7,84.4,7.1
2026-05-01,HD,41.4,45.7,84.4,7.1
2026-06-01,HD,46.4,45.7,84.4,7.1
2026-07-01,HD,35.8,45.7,84.4,7.1
2026-08-01,HD,32.6,45.7,84.4,7.1
2026-09-01,HD,42.8,45.7,84.4,7.1
2026-10-01,HD,287.7,45.7,84.4,7.1
2025-10-01,HIG,14.7,14.8,32.6,-3.0
2025-11-01,HIG,15.9,14.8,32.6,-3.0
2025-12-01,HIG,12.2,14.8,32.6,-3.0
2026-01-01,HIG,11.0,14.8,32.6,-3.0
2026-02-01,HIG,9.5,14.8,32.6,-3.0
2026-03-01,HIG,11.8,14.8,32.6,-3.0
2026-04-01,HIG,7.8,14.8,32.6,-3.0
2026-05-01,HIG,12.3,14.8,32.6,-3.0
2026-06-01,HIG,8.5,14.8,32.6,-3.0
2026-07-01,HIG,14.2,14.8,32.6,-3.0
2026-08-01,HIG,9.0,14.8,32.6,-3.0
2026-09-01,HIG,18.1,14.8,32.6,-3.0
2026-10-01,HIG,127.9,14.8,32.6,-3.0
2025-10-01,HII,53.0,67.2,106.8,27.7
2025-11-01,HII,32.1,67.2,106.8,27.7
2025-12-01,HII,60.0,67.2,106.8,27.7
2026-01-01,HII,100.1,67.2,106.8,27.7
2026-02-01,HII,100.2,67.2,106.8,27.7
2026-03-01,HII,93.5,67.2,106.8,27.7
2026-04-01,HII,62.0,67.2,106.8,27.7
2026-05-01,HII,63.8,67.2,106.8,27.7
2026-06-01,HII,31.5,67.2,106.8,27.7
2026-07-01,HII,65.9,67.2,106.8,27.7
2026-08-01,HII,48.0,67.2,106.8,27.7
2026-09-01,HII,38.7,67.2,106.8,27.7
2026-10-01,HII,276.0,67.2,106.8,27.7
2025-10-01,HLT,25.3,36.5,81.6,-8.7
2025-11-01,HLT,33.9,36.5,81.6,-8.7
2025-12-01,HLT,27.7,36.5,81.6,-8.7
2026-01-01,HLT,21.2,36.5,81.6,-8.7
2026-02-01,HLT,35.4,36.5,81.6,-8.7
2026-03-01,HLT,20.0,36.5,81.6,-8.7
2026-04-01,HLT,45.7,36.5,81.6,-8.7
2026-05-01,HLT,30.2,36.5,81.6,-8.7
2026-06-01,HLT,34.8,36.5,81.6,-8.7
2026-07-01,HLT,31.3,36.5,81.6,-8.7
2026-08-01,HLT,25.4,36.5,81.6,-8.7
2026-09-01,HLT,25.9,36.5,81.6,-8.7
2026-10-01,HLT,324.7,36.5,81.6,-8.7
2025-10-01,HLX,1.9,2.0,3.1,0.8
2025-11-01,HLX,0.8,2.0,3.1,0.8
2025-12-01,HLX,1.5,2.0,3.1,0.8
2026-01-01,HLX,1.9,2.0,3.1,0.8
2026-02-01,HLX,3.1,2.0,3.1,0.8
2026-03-01,HLX,1.7,2.0,3.1,0.8
2026-04-01,HLX,1.5,2.0,3.1,0.8
2026-05-01,HLX,1.4,2.0,3.1,0.8
2026-06-01,HLX,1.5,2.0,3.1,0.8
2026-07-01,HLX,1.6,2.0,3.1,0.8
2026-08-01,HLX,1.5,2.0,3.1,0.8
2026-09-01,HLX,3.5,2.0,3.1,0.8
2026-10-01,HLX,8.2,2.0,3.1,0.8
2025-10-01,HON,20.6,32.1,62.2,1.9
2025-11-01,HON,16.3,32.1,62.2,1.9
2025-12-01,HON,12.9,32.1,62.2,1.9
2026-01-01,HON,36.2,32.1,62.2,1.9
2026-02-01,HON,20.9,32.1,62.2,1.9
2026-03-01,HON,28.4,32.1,62.2,1.9
2026-04-01,HON,29.0,32.1,62.2,1.9
2026-05-01,HON,31.4,32.1,62.2,1.9
2026-06-01,HON,46.5,32.1,62.2,1.9
2026-07-01,HON,33.9,32.1,62.2,1.9
2026-08-01,HON,38.9,32.1,62.2,1.9
2026-09-01,HON,17.0,32.1,62.2,1.9
2026-10-01,HON,216.1,32.1,62.2,1.9
2025-10-01,HOOD,33.0,31.4,46.6,16.2
2025-11-01,HOOD,47.3,31.4,46.6,16.2
2025-12-01,HOOD,26.9,31.4,46.6,16.2
2026-01-01,HOOD,26.0,31.4,46.6,16.2
2026-02-01,HOOD,26.7,31.4,46.6,16.2
2026-03-01,HOOD,21.2,31.4,46.6,16.2
2026-04-01,HOOD,27.8,31.4,46.6,16.2
2026-05-01,HOOD,21.3,31.4,46.6,16.2
2026-06-01,HOOD,33.6,31.4,46.6,16.2
2026-07-01,HOOD,36.4,31.4,46.6,16.2
2026-08-01,HOOD,27.2,31.4,46.6,16.2
2026-09-01,HOOD,25.0,31.4,46.6,16.2
2026-10-01,HOOD,119.4,31.4,46.6,16.2
2025-10-01,HPE,4.3,11.6,22.9,0.2
2025-11-01,HPE,4.9,11.6,22.9,0.2
2025-12-01,HPE,4.8,11.6,22.9,0.2
2026-01-01,HPE,4.3,11.6,22.9,0.2
2026-02-01,HPE,4.5,11.6,22.9,0.2
2026-03-01,HPE,5.8,11.6,22.9,0.2
2026-04-01,HPE,6.1,11.6,22.9,0.2
2026-05-01,HPE,16.2,11.6,22.9,0.2
2026-06-01,HPE,21.8,11.6,22.9,0.2
2026-07-01,HPE,10.4,11.6,22.9,0.2
2026-08-01,HPE,17.1,11.6,22.9,0.2
2026-09-01,HPE,21.4,11.6,22.9,0.2
2026-10-01,HPE,71.2,11.6,22.9,0.2
2025-10-01,HPQ,3.5,5.7,10.3,1.0
2025-11-01,HPQ,5.5,5.7,10.3,1.0
2025-12-01,HPQ,3.8,5.7,10.3,1.0
2026-01-01,HPQ,3.7,5.7,10.3,1.0
2026-02-01,HPQ,3.0,5.7,10.3,1.0
2026-03-01,HPQ,2.1,5.7,10.3,1.0
2026-04-01,HPQ,3.3,5.7,10.3,1.0
2026-05-01,HPQ,7.8,5.7,10.3,1.0
2026-06-01,HPQ,7.9,5.7,10.3,1.0
2026-07-01,HPQ,7.5,5.7,10.3,1.0
2026-08-01,HPQ,5.7,5.7,10.3,1.0
2026-09-01,HPQ,6.5,5.7,10.3,1.0
2026-10-01,HPQ,32.9,5.7,10.3,1.0
2025-10-01,HRL,3.9,3.6,6.3,0.9
2025-11-01,HRL,2.2,3.6,6.3,0.9
2025-12-01,HRL,2.5,3.6,6.3,0.9
2026-01-01,HRL,3.1,3.6,6.3,0.9
2026-02-01,HRL,3.1,3.6,6.3,0.9
2026-03-01,HRL,3.4,3.6,6.3,0.9
2026-04-01,HRL,2.4,3.6,6.3,0.9
2026-05-01,HRL,4.2,3.6,6.3,0.9
2026-06-01,HRL,3.7,3.6,6.3,0.9
2026-07-01,HRL,2.5,3.6,6.3,0.9
2026-08-01,HRL,4.3,3.6,6.3,0.9
2026-09-01,HRL,3.0,3.6,6.3,0.9
2026-10-01,HRL,20.4,3.6,6.3,0.9
2025-10-01,HSIC,5.4,10.8,22.8,-1.3
2025-11-01,HSIC,12.8,10.8,22.8,-1.3
2025-12-01,HSIC,6.8,10.8,22.8,-1.3
2026-01-01,HSIC,6.5,10.8,22.8,-1.3
2026-02-01,HSIC,16.2,10.8,22.8,-1.3
2026-03-01,HSIC,11.1,10.8,22.8,-1.3
2026-04-01,HSIC,9.8,10.8,22.8,-1.3
2026-05-01,HSIC,9.3,10.8,22.8,-1.3
2026-06-01,HSIC,9.8,10.8,22.8,-1.3
2026-07-01,HSIC,7.0,10.8,22.8,-1.3
2026-08-01,HSIC,6.5,10.8,22.8,-1.3
2026-09-01,HSIC,7.8,10.8,22.8,-1.3
2026-10-01,HSIC,86.4,10.8,22.8,-1.3
2025-10-01,HST,1.6,2.8,6.0,-0.4
2025-11-01,HST,2.4,2.8,6.0,-0.4
2025-12-01,HST,1.7,2.8,6.0,-0.4
2026-01-01,HST,1.7,2.8,6.0,-0.4
2026-02-01,HST,2.5,2.8,6.0,-0.4
2026-03-01,HST,1.8,2.8,6.0,-0.4
2026-04-01,HST,2.8,2.8,6.0,-0.4
2026-05-01,HST,2.7,2.8,6.0,-0.4
2026-06-01,HST,2.6,2.8,6.0,-0.4
2026-07-01,HST,3.1,2.8,6.0,-0.4
2026-08-01,HST,3.7,2.8,6.0,-0.4
2026-09-01,HST,1.4,2.8,6.0,-0.4
2026-10-01,HST,22.8,2.8,6.0,-0.4
2025-10-01,HSY,34.0,29.0,51.1,6.9
2025-11-01,HSY,28.1,29.0,51.1,6.9
2025-12-01,HSY,15.6,29.0,51.1,6.9
2026-01-01,HSY,23.2,29.0,51.1,6.9
2026-02-01,HSY,43.1,29.0,51.1,6.9
2026-03-01,HSY,33.9,29.0,51.1,6.9
2026-04-01,HSY,29.6,29.0,51.1,6.9
2026-05-01,HSY,19.8,29.0,51.1,6.9
2026-06-01,HSY,25.2,29.0,51.1,6.9
2026-07-01,HSY,19.6,29.0,51.1,6.9
2026-08-01,HSY,16.9,29.0,51.1,6.9
2026-09-01,HSY,21.8,29.0,51.1,6.9
2026-10-01,HSY,162.9,29.0,51.1,6.9
2025-10-01,HUBB,76.0,75.9,142.1,9.8
2025-11-01,HUBB,70.4,75.9,142.1,9.8
2025-12-01,HUBB,44.6,75.9,142.1,9.8
2026-01-01,HUBB,57.2,75.9,142.1,9.8
2026-02-01,HUBB,61.7,75.9,142.1,9.8
2026-03-01,HUBB,64.6,75.9,142.1,9.8
2026-04-01,HUBB,80.9,75.9,142.1,9.8
2026-05-01,HUBB,70.5,75.9,142.1,9.8
2026-06-01,HUBB,89.4,75.9,142.1,9.8
2026-07-01,HUBB,62.9,75.9,142.1,9.8
2026-08-01,HUBB,77.2,75.9,142.1,9.8
2026-09-01,HUBB,36.6,75.9,142.1,9.8
2026-10-01,HUBB,492.6,75.9,142.1,9.8
2025-10-01,HUM,63.8,68.5,125.4,11.6
2025-11-01,HUM,62.8,68.5,125.4,11.6
2025-12-01,HUM,36.2,68.5,125.4,11.6
2026-01-01,HUM,94.2,68.5,125.4,11.6
2026-02-01,HUM,27.1,68.5,125.4,11.6
2026-03-01,HUM,26.4,68.5,125.4,11.6
2026-04-01,HUM,74.8,68.5,125.4,11.6
2026-05-01,HUM,84.5,68.5,125.4,11.6
2026-06-01,HUM,82.8,68.5,125.4,11.6
2026-07-01,HUM,73.1,68.5,125.4,11.6
2026-08-01,HUM,49.5,68.5,125.4,11.6
2026-09-01,HUM,50.8,68.5,125.4,11.6
2026-10-01,HUM,409.2,68.5,125.4,11.6
2025-10-01,HWM,28.1,42.6,75.4,9.7
2025-11-01,HWM,19.0,42.6,75.4,9.7
2025-12-01,HWM,23.7,42.6,75.4,9.7
2026-01-01,HWM,22.7,42.6,75.4,9.7
2026-02-01,HWM,58.1,42.6,75.4,9.7
2026-03-01,HWM,46.8,42.6,75.4,9.7
2026-04-01,HWM,28.9,42.6,75.4,9.7
2026-05-01,HWM,42.9,42.6,75.4,9.7
2026-06-01,HWM,47.0,42.6,75.4,9.7
2026-07-01,HWM,30.3,42.6,75.4,9.7
2026-08-01,HWM,69.6,42.6,75.4,9.7
2026-09-01,HWM,40.3,42.6,75.4,9.7
2026-10-01,HWM,232.9,42.6,75.4,9.7
2025-10-01,HYD,0.8,2.2,9.4,-5.0
2025-11-01,HYD,0.6,2.2,9.4,-5.0
2025-12-01,HYD,0.5,2.2,9.4,-5.0
2026-01-01,HYD,0.7,2.2,9.4,-5.0
2026-02-01,HYD,0.8,2.2,9.4,-5.0
2026-03-01,HYD,1.7,2.2,9.4,-5.0
2026-04-01,HYD,1.2,2.2,9.4,-5.0
2026-05-01,HYD,1.1,2.2,9.4,-5.0
2026-06-01,HYD,0.6,2.2,9.4,-5.0
2026-07-01,HYD,1.5,2.2,9.4,-5.0
2026-08-01,HYD,0.8,2.2,9.4,-5.0
2026-09-01,HYD,2.4,2.2,9.4,-5.0
2026-10-01,HYD,48.6,2.2,9.4,-5.0
2025-10-01,HYG,1.4,2.9,14.4,-8.6
2025-11-01,HYG,1.1,2.9,14.4,-8.6
2025-12-01,HYG,0.5,2.9,14.4,-8.6
2026-01-01,HYG,0.7,2.9,14.4,-8.6
2026-02-01,HYG,0.6,2.9,14.4,-8.6
2026-03-01,HYG,1.9,2.9,14.4,-8.6
2026-04-01,HYG,1.7,2.9,14.4,-8.6
2026-05-01,HYG,1.1,2.9,14.4,-8.6
2026-06-01,HYG,0.8,2.9,14.4,-8.6
2026-07-01,HYG,0.8,2.9,14.4,-8.6
2026-08-01,HYG,0.8,2.9,14.4,-8.6
2026-09-01,HYG,2.1,2.9,14.4,-8.6
2026-10-01,HYG,77.3,2.9,14.4,-8.6
2025-10-01,IBKR,9.2,13.5,26.0,0.9
2025-11-01,IBKR,14.3,13.5,26.0,0.9
2025-12-01,IBKR,5.0,13.5,26.0,0.9
2026-01-01,IBKR,13.8,13.5,26.0,0.9
2026-02-01,IBKR,10.2,13.5,26.0,0.9
2026-03-01,IBKR,10.4,13.5,26.0,0.9
2026-04-01,IBKR,17.5,13.5,26.0,0.9
2026-05-01,IBKR,9.5,13.5,26.0,0.9
2026-06-01,IBKR,14.7,13.5,26.0,0.9
2026-07-01,IBKR,12.2,13.5,26.0,0.9
2026-08-01,IBKR,13.4,13.5,26.0,0.9
2026-09-01,IBKR,9.9,13.5,26.0,0.9
2026-10-01,IBKR,91.9,13.5,26.0,0.9
2025-10-01,IBM,55.8,57.7,99.6,15.7
2025-11-01,IBM,36.8,57.7,99.6,15.7
2025-12-01,IBM,19.7,57.7,99.6,15.7
2026-01-01,IBM,30.9,57.7,99.6,15.7
2026-02-01,IBM,95.9,57.7,99.6,15.7
2026-03-01,IBM,26.6,57.7,99.6,15.7
2026-04-01,IBM,36.8,57.7,99.6,15.7
2026-05-01,IBM,88.7,57.7,99.6,15.7
2026-06-01,IBM,88.8,57.7,99.6,15.7
2026-07-01,IBM,112.6,57.7,99.6,15.7
2026-08-01,IBM,18.5,57.7,99.6,15.7
2026-09-01,IBM,33.2,57.7,99.6,15.7
2026-10-01,IBM,234.3,57.7,99.6,15.7
2025-10-01,ICE,22.2,22.4,44.3,0.6
2025-11-01,ICE,15.2,22.4,44.3,0.6
2025-12-01,ICE,9.3,22.4,44.3,0.6
2026-01-01,ICE,16.8,22.4,44.3,0.6
2026-02-01,ICE,31.2,22.4,44.3,0.6
2026-03-01,ICE,15.6,22.4,44.3,0.6
2026-04-01,ICE,15.7,22.4,44.3,0.6
2026-05-01,ICE,13.9,22.4,44.3,0.6
2026-06-01,ICE,27.1,22.4,44.3,0.6
2026-07-01,ICE,34.9,22.4,44.3,0.6
2026-08-01,ICE,15.9,22.4,44.3,0.6
2026-09-01,ICE,13.2,22.4,44.3,0.6
2026-10-01,ICE,155.1,22.4,44.3,0.6
2025-10-01,ICL,0.9,1.1,1.8,0.3
2025-11-01,ICL,1.4,1.1,1.8,0.3
2025-12-01,ICL,0.9,1.1,1.8,0.3
2026-01-01,ICL,0.6,1.1,1.8,0.3
2026-02-01,ICL,1.1,1.1,1.8,0.3
2026-03-01,ICL,0.7,1.1,1.8,0.3
2026-04-01,ICL,0.6,1.1,1.8,0.3
2026-05-01,ICL,1.5,1.1,1.8,0.3
2026-06-01,ICL,1.6,1.1,1.8,0.3
2026-07-01,ICL,0.6,1.1,1.8,0.3
2026-08-01,ICL,0.8,1.1,1.8,0.3
2026-09-01,ICL,0.9,1.1,1.8,0.3
2026-10-01,ICL,5.1,1.1,1.8,0.3
2025-10-01,IDXX,50.9,80.3,152.2,8.3
2025-11-01,IDXX,104.7,80.3,152.2,8.3
2025-12-01,IDXX,70.9,80.3,152.2,8.3
2026-01-01,IDXX,64.5,80.3,152.2,8.3
2026-02-01,IDXX,60.1,80.3,152.2,8.3
2026-03-01,IDXX,102.6,80.3,152.2,8.3
2026-04-01,IDXX,61.8,80.3,152.2,8.3
2026-05-01,IDXX,61.7,80.3,152.2,8.3
2026-06-01,IDXX,62.9,80.3,152.2,8.3
2026-07-01,IDXX,52.7,80.3,152.2,8.3
2026-08-01,IDXX,86.0,80.3,152.2,8.3
2026-09-01,IDXX,57.8,80.3,152.2,8.3
2026-10-01,IDXX,531.4,80.3,152.2,8.3
2025-10-01,IEF,1.7,3.9,17.2,-9.4
2025-11-01,IEF,1.6,3.9,17.2,-9.4
2025-12-01,IEF,1.2,3.9,17.2,-9.4
2026-01-01,IEF,1.1,3.9,17.2,-9.4
2026-02-01,IEF,2.7,3.9,17.2,-9.4
2026-03-01,IEF,3.0,3.9,17.2,-9.4
2026-04-01,IEF,1.4,3.9,17.2,-9.4
2026-05-01,IEF,2.2,3.9,17.2,-9.4
2026-06-01,IEF,1.6,3.9,17.2,-9.4
2026-07-01,IEF,1.5,3.9,17.2,-9.4
2026-08-01,IEF,0.9,3.9,17.2,-9.4
2026-09-01,IEF,3.3,3.9,17.2,-9.4
2026-10-01,IEF,89.6,3.9,17.2,-9.4
2025-10-01,IEX,22.0,26.3,60.1,-7.5
2025-11-01,IEX,15.0,26.3,60.1,-7.5
2025-12-01,IEX,10.7,26.3,60.1,-7.5
2026-01-01,IEX,23.0,26.3,60.1,-7.5
2026-02-01,IEX,20.4,26.3,60.1,-7.5
2026-03-01,IEX,29.0,26.3,60.1,-7.5
2026-04-01,IEX,36.5,26.3,60.1,-7.5
2026-05-01,IEX,16.5,26.3,60.1,-7.5
2026-06-01,IEX,23.8,26.3,60.1,-7.5
2026-07-01,IEX,28.3,26.3,60.1,-7.5
2026-08-01,IEX,14.5,26.3,60.1,-7.5
2026-09-01,IEX,13.6,26.3,60.1,-7.5
2026-10-01,IEX,239.7,26.3,60.1,-7.5
2025-10-01,IFF,7.4,11.8,23.6,0.1
2025-11-01,IFF,8.8,11.8,23.6,0.1
2025-12-01,IFF,7.9,11.8,23.6,0.1
2026-01-01,IFF,8.3,11.8,23.6,0.1
2026-02-01,IFF,15.5,11.8,23.6,0.1
2026-03-01,IFF,16.6,11.8,23.6,0.1
2026-04-01,IFF,7.9,11.8,23.6,0.1
2026-05-01,IFF,13.9,11.8,23.6,0.1
2026-06-01,IFF,8.3,11.8,23.6,0.1
2026-07-01,IFF,11.7,11.8,23.6,0.1
2026-08-01,IFF,10.3,11.8,23.6,0.1
2026-09-01,IFF,5.3,11.8,23.6,0.1
2026-10-01,IFF,84.6,11.8,23.6,0.1
2025-10-01,INCY,12.3,16.6,33.4,-0.3
2025-11-01,INCY,18.1,16.6,33.4,-0.3
2025-12-01,INCY,10.4,16.6,33.4,-0.3
2026-01-01,INCY,14.4,16.6,33.4,-0.3
2026-02-01,INCY,12.2,16.6,33.4,-0.3
2026-03-01,INCY,11.8,16.6,33.4,-0.3
2026-04-01,INCY,10.3,16.6,33.4,-0.3
2026-05-01,INCY,8.9,16.6,33.4,-0.3
2026-06-01,INCY,23.4,16.6,33.4,-0.3
2026-07-01,INCY,22.0,16.6,33.4,-0.3
2026-08-01,INCY,15.0,16.6,33.4,-0.3
2026-09-01,INCY,10.0,16.6,33.4,-0.3
2026-10-01,INCY,121.2,16.6,33.4,-0.3
2025-10-01,INDA,3.5,4.2,11.0,-2.6
2025-11-01,INDA,1.6,4.2,11.0,-2.6
2025-12-01,INDA,1.8,4.2,11.0,-2.6
2026-01-01,INDA,3.6,4.2,11.0,-2.6
2026-02-01,INDA,2.6,4.2,11.0,-2.6
2026-03-01,INDA,6.1,4.2,11.0,-2.6
2026-04-01,INDA,5.3,4.2,11.0,-2.6
2026-05-01,INDA,3.2,4.2,11.0,-2.6
2026-06-01,INDA,3.1,4.2,11.0,-2.6
2026-07-01,INDA,2.4,4.2,11.0,-2.6
2026-08-01,INDA,1.3,4.2,11.0,-2.6
2026-09-01,INDA,3.4,4.2,11.0,-2.6
2026-10-01,INDA,46.9,4.2,11.0,-2.6
2025-10-01,INTC,9.0,28.5,51.7,5.3
2025-11-01,INTC,7.7,28.5,51.7,5.3
2025-12-01,INTC,9.1,28.5,51.7,5.3
2026-01-01,INTC,16.8,28.5,51.7,5.3
2026-02-01,INTC,8.6,28.5,51.7,5.3
2026-03-01,INTC,8.5,28.5,51.7,5.3
2026-04-01,INTC,50.7,28.5,51.7,5.3
2026-05-01,INTC,40.1,28.5,51.7,5.3
2026-06-01,INTC,44.0,28.5,51.7,5.3
2026-07-01,INTC,54.0,28.5,51.7,5.3
2026-08-01,INTC,22.4,28.5,51.7,5.3
2026-09-01,INTC,41.7,28.5,51.7,5.3
2026-10-01,INTC,126.0,28.5,51.7,5.3
2025-10-01,INTU,47.9,98.7,145.6,51.9
2025-11-01,INTU,62.5,98.7,145.6,51.9
2025-12-01,INTU,57.2,98.7,145.6,51.9
2026-01-01,INTU,170.3,98.7,145.6,51.9
2026-02-01,INTU,153.6,98.7,145.6,51.9
2026-03-01,INTU,81.8,98.7,145.6,51.9
2026-04-01,INTU,94.5,98.7,145.6,51.9
2026-05-01,INTU,123.5,98.7,145.6,51.9
2026-06-01,INTU,110.3,98.7,145.6,51.9
2026-07-01,INTU,77.6,98.7,145.6,51.9
2026-08-01,INTU,63.9,98.7,145.6,51.9
2026-09-01,INTU,101.4,98.7,145.6,51.9
2026-10-01,INTU,291.5,98.7,145.6,51.9
2025-10-01,INVH,2.1,3.0,6.8,-0.7
2025-11-01,INVH,1.8,3.0,6.8,-0.7
2025-12-01,INVH,2.3,3.0,6.8,-0.7
2026-01-01,INVH,3.1,3.0,6.8,-0.7
2026-02-01,INVH,2.3,3.0,6.8,-0.7
2026-03-01,INVH,2.7,3.0,6.8,-0.7
2026-04-01,INVH,4.6,3.0,6.8,-0.7
2026-05-01,INVH,1.9,3.0,6.8,-0.7
2026-06-01,INVH,2.4,3.0,6.8,-0.7
2026-07-01,INVH,1.4,3.0,6.8,-0.7
2026-08-01,INVH,2.0,3.0,6.8,-0.7
2026-09-01,INVH,3.1,3.0,6.8,-0.7
2026-10-01,INVH,26.6,3.0,6.8,-0.7
2025-10-01,IP,12.0,7.8,12.6,3.0
2025-11-01,IP,4.1,7.8,12.6,3.0
2025-12-01,IP,2.5,7.8,12.6,3.0
2026-01-01,IP,6.4,7.8,12.6,3.0
2026-02-01,IP,10.7,7.8,12.6,3.0
2026-03-01,IP,9.5,7.8,12.6,3.0
2026-04-01,IP,8.6,7.8,12.6,3.0
2026-05-01,IP,4.9,7.8,12.6,3.0
2026-06-01,IP,8.0,7.8,12.6,3.0
2026-07-01,IP,9.0,7.8,12.6,3.0
2026-08-01,IP,5.1,7.8,12.6,3.0
2026-09-01,IP,5.0,7.8,12.6,3.0
2026-10-01,IP,33.0,7.8,12.6,3.0
2025-10-01,IQV,34.7,39.5,79.0,0.0
2025-11-01,IQV,27.6,39.5,79.0,0.0
2025-12-01,IQV,18.6,39.5,79.0,0.0
2026-01-01,IQV,25.3,39.5,79.0,0.0
2026-02-01,IQV,76.8,39.5,79.0,0.0
2026-03-01,IQV,20.7,39.5,79.0,0.0
2026-04-01,IQV,26.5,39.5,79.0,0.0
2026-05-01,IQV,29.0,39.5,79.0,0.0
2026-06-01,IQV,31.9,39.5,79.0,0.0
2026-07-01,IQV,56.2,39.5,79.0,0.0
2026-08-01,IQV,38.1,39.5,79.0,0.0
2026-09-01,IQV,24.9,39.5,79.0,0.0
2026-10-01,IQV,274.3,39.5,79.0,0.0
2025-10-01,IR,10.2,13.5,24.4,2.6
2025-11-01,IR,8.3,13.5,24.4,2.6
2025-12-01,IR,6.8,13.5,24.4,2.6
2026-01-01,IR,12.2,13.5,24.4,2.6
2026-02-01,IR,14.9,13.5,24.4,2.6
2026-03-01,IR,17.8,13.5,24.4,2.6
2026-04-01,IR,13.1,13.5,24.4,2.6
2026-05-01,IR,12.3,13.5,24.4,2.6
2026-06-01,IR,13.5,13.5,24.4,2.6
2026-07-01,IR,12.2,13.5,24.4,2.6
2026-08-01,IR,14.8,13.5,24.4,2.6
2026-09-01,IR,6.6,13.5,24.4,2.6
2026-10-01,IR,80.6,13.5,24.4,2.6
2025-10-01,IRM,7.8,18.6,35.2,2.0
2025-11-01,IRM,24.7,18.6,35.2,2.0
2025-12-01,IRM,11.1,18.6,35.2,2.0
2026-01-01,IRM,14.8,18.6,35.2,2.0
2026-02-01,IRM,28.1,18.6,35.2,2.0
2026-03-01,IRM,13.9,18.6,35.2,2.0
2026-04-01,IRM,27.3,18.6,35.2,2.0
2026-05-01,IRM,12.0,18.6,35.2,2.0
2026-06-01,IRM,12.3,18.6,35.2,2.0
2026-07-01,IRM,18.5,18.6,35.2,2.0
2026-08-01,IRM,16.7,18.6,35.2,2.0
2026-09-01,IRM,10.3,18.6,35.2,2.0
2026-10-01,IRM,117.4,18.6,35.2,2.0
2025-10-01,ISRG,124.7,74.4,134.4,14.4
2025-11-01,ISRG,54.8,74.4,134.4,14.4
2025-12-01,ISRG,45.8,74.4,134.4,14.4
2026-01-01,ISRG,102.5,74.4,134.4,14.4
2026-02-01,ISRG,46.2,74.4,134.4,14.4
2026-03-01,ISRG,57.0,74.4,134.4,14.4
2026-04-01,ISRG,43.4,74.4,134.4,14.4
2026-05-01,ISRG,48.8,74.4,134.4,14.4
2026-06-01,ISRG,34.2,74.4,134.4,14.4
2026-07-01,ISRG,115.3,74.4,134.4,14.4
2026-08-01,ISRG,44.4,74.4,134.4,14.4
2026-09-01,ISRG,71.3,74.4,134.4,14.4
2026-10-01,ISRG,410.5,74.4,134.4,14.4
2025-10-01,IT,30.9,42.7,71.4,14.0
2025-11-01,IT,31.0,42.7,71.4,14.0
2025-12-01,IT,31.7,42.7,71.4,14.0
2026-01-01,IT,45.6,42.7,71.4,14.0
2026-02-01,IT,71.8,42.7,71.4,14.0
2026-03-01,IT,28.0,42.7,71.4,14.0
2026-04-01,IT,19.9,42.7,71.4,14.0
2026-05-01,IT,25.7,42.7,71.4,14.0
2026-06-01,IT,56.2,42.7,71.4,14.0
2026-07-01,IT,38.7,42.7,71.4,14.0
2026-08-01,IT,53.4,42.7,71.4,14.0
2026-09-01,IT,37.0,42.7,71.4,14.0
2026-10-01,IT,204.3,42.7,71.4,14.0
2025-10-01,ITW,22.1,31.4,69.4,-6.6
2025-11-01,ITW,11.7,31.4,69.4,-6.6
2025-12-01,ITW,14.0,31.4,69.4,-6.6
2026-01-01,ITW,19.7,31.4,69.4,-6.6
2026-02-01,ITW,43.1,31.4,69.4,-6.6
2026-03-01,ITW,37.4,31.4,69.4,-6.6
2026-04-01,ITW,27.8,31.4,69.4,-6.6
2026-05-01,ITW,17.8,31.4,69.4,-6.6
2026-06-01,ITW,31.2,31.4,69.4,-6.6
2026-07-01,ITW,38.4,31.4,69.4,-6.6
2026-08-01,ITW,25.7,31.4,69.4,-6.6
2026-09-01,ITW,19.5,31.4,69.4,-6.6
2026-10-01,ITW,269.0,31.4,69.4,-6.6
2025-10-01,IVZ,4.1,4.4,8.6,0.2
2025-11-01,IVZ,2.7,4.4,8.6,0.2
2025-12-01,IVZ,3.5,4.4,8.6,0.2
2026-01-01,IVZ,3.3,4.4,8.6,0.2
2026-02-01,IVZ,2.9,4.4,8.6,0.2
2026-03-01,IVZ,4.0,4.4,8.6,0.2
2026-04-01,IVZ,4.7,4.4,8.6,0.2
2026-05-01,IVZ,3.0,4.4,8.6,0.2
2026-06-01,IVZ,4.2,4.4,8.6,0.2
2026-07-01,IVZ,4.8,4.4,8.6,0.2
2026-08-01,IVZ,4.0,4.4,8.6,0.2
2026-09-01,IVZ,3.8,4.4,8.6,0.2
2026-10-01,IVZ,31.3,4.4,8.6,0.2
2025-10-01,IWD,8.2,16.4,53.1,-20.3
2025-11-01,IWD,10.4,16.4,53.1,-20.3
2025-12-01,IWD,5.7,16.4,53.1,-20.3
2026-01-01,IWD,11.3,16.4,53.1,-20.3
2026-02-01,IWD,7.4,16.4,53.1,-20.3
2026-03-01,IWD,17.1,16.4,53.1,-20.3
2026-04-01,IWD,18.8,16.4,53.1,-20.3
2026-05-01,IWD,9.8,16.4,53.1,-20.3
2026-06-01,IWD,11.5,16.4,53.1,-20.3
2026-07-01,IWD,10.1,16.4,53.1,-20.3
2026-08-01,IWD,7.0,16.4,53.1,-20.3
2026-09-01,IWD,11.6,16.4,53.1,-20.3
2026-10-01,IWD,252.2,16.4,53.1,-20.3
2025-10-01,IWF,8.5,11.9,30.3,-6.6
2025-11-01,IWF,9.8,11.9,30.3,-6.6
2025-12-01,IWF,5.2,11.9,30.3,-6.6
2026-01-01,IWF,5.8,11.9,30.3,-6.6
2026-02-01,IWF,6.6,11.9,30.3,-6.6
2026-03-01,IWF,11.6,11.9,30.3,-6.6
2026-04-01,IWF,14.8,11.9,30.3,-6.6
2026-05-01,IWF,9.2,11.9,30.3,-6.6
2026-06-01,IWF,11.8,11.9,30.3,-6.6
2026-07-01,IWF,10.0,11.9,30.3,-6.6
2026-08-01,IWF,7.9,11.9,30.3,-6.6
2026-09-01,IWF,7.3,11.9,30.3,-6.6
2026-10-01,IWF,129.8,11.9,30.3,-6.6
2025-10-01,IWM,15.2,26.2,66.7,-14.3
2025-11-01,IWM,19.9,26.2,66.7,-14.3
2025-12-01,IWM,13.1,26.2,66.7,-14.3
2026-01-01,IWM,25.7,26.2,66.7,-14.3
2026-02-01,IWM,13.9,26.2,66.7,-14.3
2026-03-01,IWM,25.6,26.2,66.7,-14.3
2026-04-01,IWM,34.9,26.2,66.7,-14.3
2026-05-01,IWM,22.1,26.2,66.7,-14.3
2026-06-01,IWM,23.9,26.2,66.7,-14.3
2026-07-01,IWM,14.9,26.2,66.7,-14.3
2026-08-01,IWM,12.8,26.2,66.7,-14.3
2026-09-01,IWM,18.8,26.2,66.7,-14.3
2026-10-01,IWM,284.6,26.2,66.7,-14.3
2025-10-01,J,19.3,21.1,40.9,1.2
2025-11-01,J,31.5,21.1,40.9,1.2
2025-12-01,J,12.2,21.1,40.9,1.2
2026-01-01,J,10.0,21.1,40.9,1.2
2026-02-01,J,27.1,21.1,40.9,1.2
2026-03-01,J,16.2,21.1,40.9,1.2
2026-04-01,J,11.5,21.1,40.9,1.2
2026-05-01,J,32.1,21.1,40.9,1.2
2026-06-01,J,11.8,21.1,40.9,1.2
2026-07-01,J,16.6,21.1,40.9,1.2
2026-08-01,J,16.7,21.1,40.9,1.2
2026-09-01,J,16.4,21.1,40.9,1.2
2026-10-01,J,140.7,21.1,40.9,1.2
2025-10-01,JBHT,40.6,40.3,72.1,8.5
2025-11-01,JBHT,17.8,40.3,72.1,8.5
2025-12-01,JBHT,31.6,40.3,72.1,8.5
2026-01-01,JBHT,18.5,40.3,72.1,8.5
2026-02-01,JBHT,33.0,40.3,72.1,8.5
2026-03-01,JBHT,42.1,40.3,72.1,8.5
2026-04-01,JBHT,47.3,40.3,72.1,8.5
2026-05-01,JBHT,46.4,40.3,72.1,8.5
2026-06-01,JBHT,28.2,40.3,72.1,8.5
2026-07-01,JBHT,35.3,40.3,72.1,8.5
2026-08-01,JBHT,31.2,40.3,72.1,8.5
2026-09-01,JBHT,52.7,40.3,72.1,8.5
2026-10-01,JBHT,234.6,40.3,72.1,8.5
2025-10-01,JBL,35.4,64.0,107.6,20.4
2025-11-01,JBL,34.7,64.0,107.6,20.4
2025-12-01,JBL,30.2,64.0,107.6,20.4
2026-01-01,JBL,43.1,64.0,107.6,20.4
2026-02-01,JBL,54.1,64.0,107.6,20.4
2026-03-01,JBL,48.8,64.0,107.6,20.4
2026-04-01,JBL,85.1,64.0,107.6,20.4
2026-05-01,JBL,60.0,64.0,107.6,20.4
2026-06-01,JBL,87.5,64.0,107.6,20.4
2026-07-01,JBL,93.4,64.0,107.6,20.4
2026-08-01,JBL,76.9,64.0,107.6,20.4
2026-09-01,JBL,47.2,64.0,107.6,20.4
2026-10-01,JBL,309.3,64.0,107.6,20.4
2025-10-01,JCI,12.0,19.5,41.8,-2.8
2025-11-01,JCI,13.1,19.5,41.8,-2.8
2025-12-01,JCI,9.2,19.5,41.8,-2.8
2026-01-01,JCI,15.7,19.5,41.8,-2.8
2026-02-01,JCI,28.1,19.5,41.8,-2.8
2026-03-01,JCI,20.2,19.5,41.8,-2.8
2026-04-01,JCI,15.4,19.5,41.8,-2.8
2026-05-01,JCI,13.7,19.5,41.8,-2.8
2026-06-01,JCI,18.1,19.5,41.8,-2.8
2026-07-01,JCI,15.0,19.5,41.8,-2.8
2026-08-01,JCI,19.1,19.5,41.8,-2.8
2026-09-01,JCI,15.7,19.5,41.8,-2.8
2026-10-01,JCI,160.4,19.5,41.8,-2.8
2025-10-01,JKHY,14.9,24.8,44.5,5.2
2025-11-01,JKHY,28.5,24.8,44.5,5.2
2025-12-01,JKHY,18.1,24.8,44.5,5.2
2026-01-01,JKHY,16.9,24.8,44.5,5.2
2026-02-01,JKHY,29.6,24.8,44.5,5.2
2026-03-01,JKHY,20.6,24.8,44.5,5.2
2026-04-01,JKHY,14.3,24.8,44.5,5.2
2026-05-01,JKHY,23.7,24.8,44.5,5.2
2026-06-01,JKHY,20.6,24.8,44.5,5.2
2026-07-01,JKHY,23.6,24.8,44.5,5.2
2026-08-01,JKHY,25.8,24.8,44.5,5.2
2026-09-01,JKHY,28.2,24.8,44.5,5.2
2026-10-01,JKHY,147.3,24.8,44.5,5.2
2025-10-01,JNJ,11.5,28.3,65.5,-8.9
2025-11-01,JNJ,22.7,28.3,65.5,-8.9
2025-12-01,JNJ,15.3,28.3,65.5,-8.9
2026-01-01,JNJ,29.1,28.3,65.5,-8.9
2026-02-01,JNJ,21.7,28.3,65.5,-8.9
2026-03-01,JNJ,19.5,28.3,65.5,-8.9
2026-04-01,JNJ,23.4,28.3,65.5,-8.9
2026-05-01,JNJ,15.1,28.3,65.5,-8.9
2026-06-01,JNJ,39.1,28.3,65.5,-8.9
2026-07-01,JNJ,29.4,28.3,65.5,-8.9
2026-08-01,JNJ,26.0,28.3,65.5,-8.9
2026-09-01,JNJ,20.4,28.3,65.5,-8.9
2026-10-01,JNJ,264.0,28.3,65.5,-8.9
2025-10-01,JNK,1.8,3.6,17.4,-10.3
2025-11-01,JNK,1.4,3.6,17.4,-10.3
2025-12-01,JNK,0.7,3.6,17.4,-10.3
2026-01-01,JNK,0.9,3.6,17.4,-10.3
2026-02-01,JNK,0.7,3.6,17.4,-10.3
2026-03-01,JNK,2.4,3.6,17.4,-10.3
2026-04-01,JNK,2.1,3.6,17.4,-10.3
2026-05-01,JNK,1.4,3.6,17.4,-10.3
2026-06-01,JNK,1.0,3.6,17.4,-10.3
2026-07-01,JNK,0.9,3.6,17.4,-10.3
2026-08-01,JNK,1.0,3.6,17.4,-10.3
2026-09-01,JNK,2.8,3.6,17.4,-10.3
2026-10-01,JNK,92.9,3.6,17.4,-10.3
2025-10-01,JPM,24.1,37.8,84.6,-8.9
2025-11-01,JPM,29.4,37.8,84.6,-8.9
2025-12-01,JPM,32.4,37.8,84.6,-8.9
2026-01-01,JPM,40.7,37.8,84.6,-8.9
2026-02-01,JPM,35.0,37.8,84.6,-8.9
2026-03-01,JPM,23.3,37.8,84.6,-8.9
2026-04-01,JPM,31.5,37.8,84.6,-8.9
2026-05-01,JPM,22.6,37.8,84.6,-8.9
2026-06-01,JPM,48.2,37.8,84.6,-8.9
2026-07-01,JPM,34.3,37.8,84.6,-8.9
2026-08-01,JPM,16.1,37.8,84.6,-8.9
2026-09-01,JPM,32.0,37.8,84.6,-8.9
2026-10-01,JPM,334.9,37.8,84.6,-8.9
2025-10-01,KDP,5.0,4.3,8.6,-0.0
2025-11-01,KDP,2.1,4.3,8.6,-0.0
2025-12-01,KDP,2.2,4.3,8.6,-0.0
2026-01-01,KDP,2.0,4.3,8.6,-0.0
2026-02-01,KDP,4.3,4.3,8.6,-0.0
2026-03-01,KDP,4.5,4.3,8.6,-0.0
2026-04-01,KDP,4.7,4.3,8.6,-0.0
2026-05-01,KDP,2.7,4.3,8.6,-0.0
2026-06-01,KDP,4.2,4.3,8.6,-0.0
2026-07-01,KDP,4.3,4.3,8.6,-0.0
2026-08-01,KDP,4.5,4.3,8.6,-0.0
2026-09-01,KDP,3.1,4.3,8.6,-0.0
2026-10-01,KDP,31.4,4.3,8.6,-0.0
2025-10-01,KEY,2.6,2.8,5.5,0.0
2025-11-01,KEY,1.7,2.8,5.5,0.0
2025-12-01,KEY,3.0,2.8,5.5,0.0
2026-01-01,KEY,1.9,2.8,5.5,0.0
2026-02-01,KEY,2.9,2.8,5.5,0.0
2026-03-01,KEY,2.3,2.8,5.5,0.0
2026-04-01,KEY,2.7,2.8,5.5,0.0
2026-05-01,KEY,1.7,2.8,5.5,0.0
2026-06-01,KEY,3.1,2.8,5.5,0.0
2026-07-01,KEY,1.9,2.8,5.5,0.0
2026-08-01,KEY,1.9,2.8,5.5,0.0
2026-09-01,KEY,2.3,2.8,5.5,0.0
2026-10-01,KEY,20.4,2.8,5.5,0.0
2025-10-01,KEYS,25.7,56.8,112.6,1.0
2025-11-01,KEYS,34.3,56.8,112.6,1.0
2025-12-01,KEYS,18.2,56.8,112.6,1.0
2026-01-01,KEYS,21.3,56.8,112.6,1.0
2026-02-01,KEYS,97.3,56.8,112.6,1.0
2026-03-01,KEYS,52.3,56.8,112.6,1.0
2026-04-01,KEYS,72.2,56.8,112.6,1.0
2026-05-01,KEYS,43.7,56.8,112.6,1.0
2026-06-01,KEYS,60.0,56.8,112.6,1.0
2026-07-01,KEYS,51.7,56.8,112.6,1.0
2026-08-01,KEYS,59.6,56.8,112.6,1.0
2026-09-01,KEYS,55.4,56.8,112.6,1.0
2026-10-01,KEYS,389.9,56.8,112.6,1.0
2025-10-01,KHC,2.3,3.2,6.3,0.0
2025-11-01,KHC,2.1,3.2,6.3,0.0
2025-12-01,KHC,1.9,3.2,6.3,0.0
2026-01-01,KHC,2.6,3.2,6.3,0.0
2026-02-01,KHC,1.9,3.2,6.3,0.0
2026-03-01,KHC,3.7,3.2,6.3,0.0
2026-04-01,KHC,1.9,3.2,6.3,0.0
2026-05-01,KHC,2.7,3.2,6.3,0.0
2026-06-01,KHC,2.4,3.2,6.3,0.0
2026-07-01,KHC,4.1,3.2,6.3,0.0
2026-08-01,KHC,3.0,3.2,6.3,0.0
2026-09-01,KHC,3.7,3.2,6.3,0.0
2026-10-01,KHC,22.7,3.2,6.3,0.0
2025-10-01,KIM,1.8,2.3,5.5,-0.8
2025-11-01,KIM,1.0,2.3,5.5,-0.8
2025-12-01,KIM,0.9,2.3,5.5,-0.8
2026-01-01,KIM,1.2,2.3,5.5,-0.8
2026-02-01,KIM,3.4,2.3,5.5,-0.8
2026-03-01,KIM,1.6,2.3,5.5,-0.8
2026-04-01,KIM,2.0,2.3,5.5,-0.8
2026-05-01,KIM,1.7,2.3,5.5,-0.8
2026-06-01,KIM,2.6,2.3,5.5,-0.8
2026-07-01,KIM,2.0,2.3,5.5,-0.8
2026-08-01,KIM,2.1,2.3,5.5,-0.8
2026-09-01,KIM,2.2,2.3,5.5,-0.8
2026-10-01,KIM,22.5,2.3,5.5,-0.8
2025-10-01,KKR,15.3,19.7,32.3,7.2
2025-11-01,KKR,12.7,19.7,32.3,7.2
2025-12-01,KKR,25.8,19.7,32.3,7.2
2026-01-01,KKR,23.9,19.7,32.3,7.2
2026-02-01,KKR,29.7,19.7,32.3,7.2
2026-03-01,KKR,13.4,19.7,32.3,7.2
2026-04-01,KKR,19.6,19.7,32.3,7.2
2026-05-01,KKR,15.1,19.7,32.3,7.2
2026-06-01,KKR,13.6,19.7,32.3,7.2
2026-07-01,KKR,12.8,19.7,32.3,7.2
2026-08-01,KKR,15.4,19.7,32.3,7.2
2026-09-01,KKR,19.7,19.7,32.3,7.2
2026-10-01,KKR,93.4,19.7,32.3,7.2
2025-10-01,KLAC,30.4,50.8,92.9,8.8
2025-11-01,KLAC,17.1,50.8,92.9,8.8
2025-12-01,KLAC,13.6,50.8,92.9,8.8
2026-01-01,KLAC,44.3,50.8,92.9,8.8
2026-02-01,KLAC,29.2,50.8,92.9,8.8
2026-03-01,KLAC,26.1,50.8,92.9,8.8
2026-04-01,KLAC,48.8,50.8,92.9,8.8
2026-05-01,KLAC,38.3,50.8,92.9,8.8
2026-06-01,KLAC,118.8,50.8,92.9,8.8
2026-07-01,KLAC,121.0,50.8,92.9,8.8
2026-08-01,KLAC,40.6,50.8,92.9,8.8
2026-09-01,KLAC,31.7,50.8,92.9,8.8
2026-10-01,KLAC,208.7,50.8,92.9,8.8
2025-10-01,KMB,9.1,12.8,26.3,-0.6
2025-11-01,KMB,10.6,12.8,26.3,-0.6
2025-12-01,KMB,10.4,12.8,26.3,-0.6
2026-01-01,KMB,6.8,12.8,26.3,-0.6
2026-02-01,KMB,13.2,12.8,26.3,-0.6
2026-03-01,KMB,16.2,12.8,26.3,-0.6
2026-04-01,KMB,8.0,12.8,26.3,-0.6
2026-05-01,KMB,7.3,12.8,26.3,-0.6
2026-06-01,KMB,16.9,12.8,26.3,-0.6
2026-07-01,KMB,10.8,12.8,26.3,-0.6
2026-08-01,KMB,6.9,12.8,26.3,-0.6
2026-09-01,KMB,13.3,12.8,26.3,-0.6
2026-10-01,KMB,97.2,12.8,26.3,-0.6
2025-10-01,KMI,3.2,3.5,8.0,-1.0
2025-11-01,KMI,2.0,3.5,8.0,-1.0
2025-12-01,KMI,1.8,3.5,8.0,-1.0
2026-01-01,KMI,4.0,3.5,8.0,-1.0
2026-02-01,KMI,3.9,3.5,8.0,-1.0
2026-03-01,KMI,2.3,3.5,8.0,-1.0
2026-04-01,KMI,3.1,3.5,8.0,-1.0
2026-05-01,KMI,3.9,3.5,8.0,-1.0
2026-06-01,KMI,2.5,3.5,8.0,-1.0
2026-07-01,KMI,2.0,3.5,8.0,-1.0
2026-08-01,KMI,2.6,3.5,8.0,-1.0
2026-09-01,KMI,2.6,3.5,8.0,-1.0
2026-10-01,KMI,32.3,3.5,8.0,-1.0
2025-10-01,KO,5.8,8.4,20.7,-4.0
2025-11-01,KO,5.6,8.4,20.7,-4.0
2025-12-01,KO,4.1,8.4,20.7,-4.0
2026-01-01,KO,7.6,8.4,20.7,-4.0
2026-02-01,KO,7.6,8.4,20.7,-4.0
2026-03-01,KO,7.3,8.4,20.7,-4.0
2026-04-01,KO,5.8,8.4,20.7,-4.0
2026-05-01,KO,4.9,8.4,20.7,-4.0
2026-06-01,KO,7.2,8.4,20.7,-4.0
2026-07-01,KO,10.1,8.4,20.7,-4.0
2026-08-01,KO,7.3,8.4,20.7,-4.0
2026-09-01,KO,4.3,8.4,20.7,-4.0
2026-10-01,KO,87.3,8.4,20.7,-4.0
2025-10-01,KR,6.9,9.0,17.2,0.8
2025-11-01,KR,5.8,9.0,17.2,0.8
2025-12-01,KR,7.0,9.0,17.2,0.8
2026-01-01,KR,6.6,9.0,17.2,0.8
2026-02-01,KR,11.5,9.0,17.2,0.8
2026-03-01,KR,9.4,9.0,17.2,0.8
2026-04-01,KR,8.3,9.0,17.2,0.8
2026-05-01,KR,10.0,9.0,17.2,0.8
2026-06-01,KR,10.1,9.0,17.2,0.8
2026-07-01,KR,7.1,9.0,17.2,0.8
2026-08-01,KR,4.2,9.0,17.2,0.8
2026-09-01,KR,6.9,9.0,17.2,0.8
2026-10-01,KR,60.3,9.0,17.2,0.8
2025-10-01,KVUE,2.9,2.0,4.5,-0.5
2025-11-01,KVUE,1.6,2.0,4.5,-0.5
2025-12-01,KVUE,0.9,2.0,4.5,-0.5
2026-01-01,KVUE,1.3,2.0,4.5,-0.5
2026-02-01,KVUE,1.9,2.0,4.5,-0.5
2026-03-01,KVUE,2.2,2.0,4.5,-0.5
2026-04-01,KVUE,1.2,2.0,4.5,-0.5
2026-05-01,KVUE,1.0,2.0,4.5,-0.5
2026-06-01,KVUE,2.5,2.0,4.5,-0.5
2026-07-01,KVUE,1.6,2.0,4.5,-0.5
2026-08-01,KVUE,1.1,2.0,4.5,-0.5
2026-09-01,KVUE,1.7,2.0,4.5,-0.5
2026-10-01,KVUE,17.7,2.0,4.5,-0.5
2025-10-01,L,6.1,11.1,26.1,-3.9
2025-11-01,L,10.9,11.1,26.1,-3.9
2025-12-01,L,7.4,11.1,26.1,-3.9
2026-01-01,L,5.8,11.1,26.1,-3.9
2026-02-01,L,10.1,11.1,26.1,-3.9
2026-03-01,L,8.7,11.1,26.1,-3.9
2026-04-01,L,8.2,11.1,26.1,-3.9
2026-05-01,L,11.0,11.1,26.1,-3.9
2026-06-01,L,12.2,11.1,26.1,-3.9
2026-07-01,L,9.5,11.1,26.1,-3.9
2026-08-01,L,9.4,11.1,26.1,-3.9
2026-09-01,L,7.1,11.1,26.1,-3.9
2026-10-01,L,107.1,11.1,26.1,-3.9
2025-10-01,LDOS,18.8,27.1,43.6,10.5
2025-11-01,LDOS,21.9,27.1,43.6,10.5
2025-12-01,LDOS,16.6,27.1,43.6,10.5
2026-01-01,LDOS,26.2,27.1,43.6,10.5
2026-02-01,LDOS,35.0,27.1,43.6,10.5
2026-03-01,LDOS,28.4,27.1,43.6,10.5
2026-04-01,LDOS,19.0,27.1,43.6,10.5
2026-05-01,LDOS,32.7,27.1,43.6,10.5
2026-06-01,LDOS,32.3,27.1,43.6,10.5
2026-07-01,LDOS,16.1,27.1,43.6,10.5
2026-08-01,LDOS,30.5,27.1,43.6,10.5
2026-09-01,LDOS,21.4,27.1,43.6,10.5
2026-10-01,LDOS,125.4,27.1,43.6,10.5
2025-10-01,LEN,13.7,18.0,30.5,5.4
2025-11-01,LEN,20.8,18.0,30.5,5.4
2025-12-01,LEN,31.0,18.0,30.5,5.4
2026-01-01,LEN,21.6,18.0,30.5,5.4
2026-02-01,LEN,16.7,18.0,30.5,5.4
2026-03-01,LEN,27.5,18.0,30.5,5.4
2026-04-01,LEN,14.9,18.0,30.5,5.4
2026-05-01,LEN,12.6,18.0,30.5,5.4
2026-06-01,LEN,10.2,18.0,30.5,5.4
2026-07-01,LEN,11.0,18.0,30.5,5.4
2026-08-01,LEN,5.8,18.0,30.5,5.4
2026-09-01,LEN,10.7,18.0,30.5,5.4
2026-10-01,LEN,84.2,18.0,30.5,5.4
2025-10-01,LH,45.7,38.9,82.5,-4.6
2025-11-01,LH,26.5,38.9,82.5,-4.6
2025-12-01,LH,22.2,38.9,82.5,-4.6
2026-01-01,LH,30.4,38.9,82.5,-4.6
2026-02-01,LH,31.5,38.9,82.5,-4.6
2026-03-01,LH,28.3,38.9,82.5,-4.6
2026-04-01,LH,27.3,38.9,82.5,-4.6
2026-05-01,LH,16.1,38.9,82.5,-4.6
2026-06-01,LH,28.9,38.9,82.5,-4.6
2026-07-01,LH,54.0,38.9,82.5,-4.6
2026-08-01,LH,41.2,38.9,82.5,-4.6
2026-09-01,LH,33.5,38.9,82.5,-4.6
2026-10-01,LH,312.8,38.9,82.5,-4.6
2025-10-01,LHX,25.9,43.8,77.1,10.6
2025-11-01,LHX,29.9,43.8,77.1,10.6
2025-12-01,LHX,27.7,43.8,77.1,10.6
2026-01-01,LHX,78.6,43.8,77.1,10.6
2026-02-01,LHX,36.5,43.8,77.1,10.6
2026-03-01,LHX,42.2,43.8,77.1,10.6
2026-04-01,LHX,51.3,43.8,77.1,10.6
2026-05-01,LHX,26.0,43.8,77.1,10.6
2026-06-01,LHX,36.1,43.8,77.1,10.6
2026-07-01,LHX,46.2,43.8,77.1,10.6
2026-08-01,LHX,35.6,43.8,77.1,10.6
2026-09-01,LHX,35.5,43.8,77.1,10.6
2026-10-01,LHX,239.5,43.8,77.1,10.6
2025-10-01,LII,89.6,94.9,151.0,38.9
2025-11-01,LII,58.5,94.9,151.0,38.9
2025-12-01,LII,43.4,94.9,151.0,38.9
2026-01-01,LII,67.6,94.9,151.0,38.9
2026-02-01,LII,87.4,94.9,151.0,38.9
2026-03-01,LII,132.2,94.9,151.0,38.9
2026-04-01,LII,106.3,94.9,151.0,38.9
2026-05-01,LII,76.3,94.9,151.0,38.9
2026-06-01,LII,93.5,94.9,151.0,38.9
2026-07-01,LII,175.9,94.9,151.0,38.9
2026-08-01,LII,74.7,94.9,151.0,38.9
2026-09-01,LII,46.0,94.9,151.0,38.9
2026-10-01,LII,371.8,94.9,151.0,38.9
2025-10-01,LIN,60.6,53.8,123.7,-16.0
2025-11-01,LIN,25.5,53.8,123.7,-16.0
2025-12-01,LIN,41.7,53.8,123.7,-16.0
2026-01-01,LIN,35.3,53.8,123.7,-16.0
2026-02-01,LIN,66.6,53.8,123.7,-16.0
2026-03-01,LIN,38.9,53.8,123.7,-16.0
2026-04-01,LIN,32.9,53.8,123.7,-16.0
2026-05-01,LIN,30.9,53.8,123.7,-16.0
2026-06-01,LIN,39.1,53.8,123.7,-16.0
2026-07-01,LIN,81.3,53.8,123.7,-16.0
2026-08-01,LIN,26.1,53.8,123.7,-16.0
2026-09-01,LIN,37.8,53.8,123.7,-16.0
2026-10-01,LIN,492.1,53.8,123.7,-16.0
2025-10-01,LITE,66.7,246.7,411.1,82.2
2025-11-01,LITE,141.3,246.7,411.1,82.2
2025-12-01,LITE,113.1,246.7,411.1,82.2
2026-01-01,LITE,130.6,246.7,411.1,82.2
2026-02-01,LITE,360.0,246.7,411.1,82.2
2026-03-01,LITE,260.6,246.7,411.1,82.2
2026-04-01,LITE,252.2,246.7,411.1,82.2
2026-05-01,LITE,263.2,246.7,411.1,82.2
2026-06-01,LITE,295.5,246.7,411.1,82.2
2026-07-01,LITE,302.2,246.7,411.1,82.2
2026-08-01,LITE,328.7,246.7,411.1,82.2
2026-09-01,LITE,207.9,246.7,411.1,82.2
2026-10-01,LITE,1137.2,246.7,411.1,82.2
2025-10-01,LLY,106.6,175.3,336.5,14.1
2025-11-01,LLY,249.4,175.3,336.5,14.1
2025-12-01,LLY,111.4,175.3,336.5,14.1
2026-01-01,LLY,129.8,175.3,336.5,14.1
2026-02-01,LLY,120.4,175.3,336.5,14.1
2026-03-01,LLY,179.1,175.3,336.5,14.1
2026-04-01,LLY,126.2,175.3,336.5,14.1
2026-05-01,LLY,205.8,175.3,336.5,14.1
2026-06-01,LLY,185.9,175.3,336.5,14.1
2026-07-01,LLY,130.5,175.3,336.5,14.1
2026-08-01,LLY,183.5,175.3,336.5,14.1
2026-09-01,LLY,101.7,175.3,336.5,14.1
2026-10-01,LLY,1177.1,175.3,336.5,14.1
2025-10-01,LMT,36.1,88.2,164.5,11.9
2025-11-01,LMT,43.0,88.2,164.5,11.9
2025-12-01,LMT,54.5,88.2,164.5,11.9
2026-01-01,LMT,169.1,88.2,164.5,11.9
2026-02-01,LMT,74.8,88.2,164.5,11.9
2026-03-01,LMT,98.1,88.2,164.5,11.9
2026-04-01,LMT,136.0,88.2,164.5,11.9
2026-05-01,LMT,40.9,88.2,164.5,11.9
2026-06-01,LMT,60.9,88.2,164.5,11.9
2026-07-01,LMT,106.6,88.2,164.5,11.9
2026-08-01,LMT,57.5,88.2,164.5,11.9
2026-09-01,LMT,61.2,88.2,164.5,11.9
2026-10-01,LMT,511.7,88.2,164.5,11.9
2025-10-01,LNT,3.6,6.8,16.1,-2.4
2025-11-01,LNT,3.8,6.8,16.1,-2.4
2025-12-01,LNT,5.1,6.8,16.1,-2.4
2026-01-01,LNT,3.9,6.8,16.1,-2.4
2026-02-01,LNT,7.5,6.8,16.1,-2.4
2026-03-01,LNT,5.3,6.8,16.1,-2.4
2026-04-01,LNT,3.8,6.8,16.1,-2.4
2026-05-01,LNT,4.9,6.8,16.1,-2.4
2026-06-01,LNT,7.8,6.8,16.1,-2.4
2026-07-01,LNT,8.9,6.8,16.1,-2.4
2026-08-01,LNT,4.3,6.8,16.1,-2.4
2026-09-01,LNT,6.3,6.8,16.1,-2.4
2026-10-01,LNT,65.5,6.8,16.1,-2.4
2025-10-01,LOW,19.7,30.7,55.8,5.7
2025-11-01,LOW,24.3,30.7,55.8,5.7
2025-12-01,LOW,14.5,30.7,55.8,5.7
2026-01-01,LOW,41.4,30.7,55.8,5.7
2026-02-01,LOW,33.0,30.7,55.8,5.7
2026-03-01,LOW,37.3,30.7,55.8,5.7
2026-04-01,LOW,29.1,30.7,55.8,5.7
2026-05-01,LOW,31.2,30.7,55.8,5.7
2026-06-01,LOW,23.9,30.7,55.8,5.7
2026-07-01,LOW,29.4,30.7,55.8,5.7
2026-08-01,LOW,21.2,30.7,55.8,5.7
2026-09-01,LOW,21.3,30.7,55.8,5.7
2026-10-01,LOW,185.2,30.7,55.8,5.7
2025-10-01,LQD,2.0,4.6,19.8,-10.6
2025-11-01,LQD,1.8,4.6,19.8,-10.6
2025-12-01,LQD,1.5,4.6,19.8,-10.6
2026-01-01,LQD,1.4,4.6,19.8,-10.6
2026-02-01,LQD,2.1,4.6,19.8,-10.6
2026-03-01,LQD,3.8,4.6,19.8,-10.6
2026-04-01,LQD,2.0,4.6,19.8,-10.6
2026-05-01,LQD,2.7,4.6,19.8,-10.6
2026-06-01,LQD,1.7,4.6,19.8,-10.6
2026-07-01,LQD,2.7,4.6,19.8,-10.6
2026-08-01,LQD,1.5,4.6,19.8,-10.6
2026-09-01,LQD,3.7,4.6,19.8,-10.6
2026-10-01,LQD,102.6,4.6,19.8,-10.6
2025-10-01,LRCX,34.2,77.7,136.1,19.3
2025-11-01,LRCX,31.7,77.7,136.1,19.3
2025-12-01,LRCX,26.7,77.7,136.1,19.3
2026-01-01,LRCX,74.4,77.7,136.1,19.3
2026-02-01,LRCX,52.1,77.7,136.1,19.3
2026-03-01,LRCX,47.3,77.7,136.1,19.3
2026-04-01,LRCX,67.0,77.7,136.1,19.3
2026-05-01,LRCX,83.2,77.7,136.1,19.3
2026-06-01,LRCX,135.8,77.7,136.1,19.3
2026-07-01,LRCX,165.0,77.7,136.1,19.3
2026-08-01,LRCX,68.4,77.7,136.1,19.3
2026-09-01,LRCX,65.1,77.7,136.1,19.3
2026-10-01,LRCX,352.6,77.7,136.1,19.3
2025-10-01,LULU,25.1,30.3,45.0,15.6
2025-11-01,LULU,26.2,30.3,45.0,15.6
2025-12-01,LULU,47.1,30.3,45.0,15.6
2026-01-01,LULU,46.0,30.3,45.0,15.6
2026-02-01,LULU,24.1,30.3,45.0,15.6
2026-03-01,LULU,35.4,30.3,45.0,15.6
2026-04-01,LULU,33.3,30.3,45.0,15.6
2026-05-01,LULU,22.6,30.3,45.0,15.6
2026-06-01,LULU,29.9,30.3,45.0,15.6
2026-07-01,LULU,12.8,30.3,45.0,15.6
2026-08-01,LULU,14.2,30.3,45.0,15.6
2026-09-01,LULU,27.3,30.3,45.0,15.6
2026-10-01,LULU,98.9,30.3,45.0,15.6
2025-10-01,LUV,5.1,9.4,15.2,3.7
2025-11-01,LUV,6.1,9.4,15.2,3.7
2025-12-01,LUV,9.3,9.4,15.2,3.7
2026-01-01,LUV,9.2,9.4,15.2,3.7
2026-02-01,LUV,7.0,9.4,15.2,3.7
2026-03-01,LUV,12.9,9.4,15.2,3.7
2026-04-01,LUV,9.2,9.4,15.2,3.7
2026-05-01,LUV,7.2,9.4,15.2,3.7
2026-06-01,LUV,12.3,9.4,15.2,3.7
2026-07-01,LUV,8.0,9.4,15.2,3.7
2026-08-01,LUV,11.3,9.4,15.2,3.7
2026-09-01,LUV,5.6,9.4,15.2,3.7
2026-10-01,LUV,43.2,9.4,15.2,3.7
2025-10-01,LVS,13.8,8.6,14.0,3.3
2025-11-01,LVS,8.8,8.6,14.0,3.3
2025-12-01,LVS,6.0,8.6,14.0,3.3
2026-01-01,LVS,13.7,8.6,14.0,3.3
2026-02-01,LVS,5.9,8.6,14.0,3.3
2026-03-01,LVS,5.7,8.6,14.0,3.3
2026-04-01,LVS,8.4,8.6,14.0,3.3
2026-05-01,LVS,6.4,8.6,14.0,3.3
2026-06-01,LVS,7.6,8.6,14.0,3.3
2026-07-01,LVS,5.9,8.6,14.0,3.3
2026-08-01,LVS,5.5,8.6,14.0,3.3
2026-09-01,LVS,7.5,8.6,14.0,3.3
2026-10-01,LVS,37.9,8.6,14.0,3.3
2025-10-01,LYB,5.2,13.7,23.0,4.4
2025-11-01,LYB,7.6,13.7,23.0,4.4
2025-12-01,LYB,6.9,13.7,23.0,4.4
2026-01-01,LYB,9.6,13.7,23.0,4.4
2026-02-01,LYB,13.2,13.7,23.0,4.4
2026-03-01,LYB,28.6,13.7,23.0,4.4
2026-04-01,LYB,16.2,13.7,23.0,4.4
2026-05-01,LYB,12.2,13.7,23.0,4.4
2026-06-01,LYB,16.1,13.7,23.0,4.4
2026-07-01,LYB,13.0,13.7,23.0,4.4
2026-08-01,LYB,11.3,13.7,23.0,4.4
2026-09-01,LYB,10.7,13.7,23.0,4.4
2026-10-01,LYB,59.9,13.7,23.0,4.4
2025-10-01,LYV,14.6,23.3,47.3,-0.6
2025-11-01,LYV,27.3,23.3,47.3,-0.6
2025-12-01,LYV,18.1,23.3,47.3,-0.6
2026-01-01,LYV,12.4,23.3,47.3,-0.6
2026-02-01,LYV,32.1,23.3,47.3,-0.6
2026-03-01,LYV,23.6,23.3,47.3,-0.6
2026-04-01,LYV,19.3,23.3,47.3,-0.6
2026-05-01,LYV,17.1,23.3,47.3,-0.6
2026-06-01,LYV,26.8,23.3,47.3,-0.6
2026-07-01,LYV,17.0,23.3,47.3,-0.6
2026-08-01,LYV,14.4,23.3,47.3,-0.6
2026-09-01,LYV,16.1,23.3,47.3,-0.6
2026-10-01,LYV,173.4,23.3,47.3,-0.6
2025-10-01,MA,42.6,62.1,141.7,-17.4
2025-11-01,MA,41.2,62.1,141.7,-17.4
2025-12-01,MA,46.4,62.1,141.7,-17.4
2026-01-01,MA,71.4,62.1,141.7,-17.4
2026-02-01,MA,71.9,62.1,141.7,-17.4
2026-03-01,MA,46.3,62.1,141.7,-17.4
2026-04-01,MA,48.6,62.1,141.7,-17.4
2026-05-01,MA,26.6,62.1,141.7,-17.4
2026-06-01,MA,50.9,62.1,141.7,-17.4
2026-07-01,MA,69.2,62.1,141.7,-17.4
2026-08-01,MA,45.2,62.1,141.7,-17.4
2026-09-01,MA,41.5,62.1,141.7,-17.4
2026-10-01,MA,568.9,62.1,141.7,-17.4
2025-10-01,MAA,13.8,13.6,30.1,-2.8
2025-11-01,MAA,11.0,13.6,30.1,-2.8
2025-12-01,MAA,10.3,13.6,30.1,-2.8
2026-01-01,MAA,8.2,13.6,30.1,-2.8
2026-02-01,MAA,8.2,13.6,30.1,-2.8
2026-03-01,MAA,14.7,13.6,30.1,-2.8
2026-04-01,MAA,9.8,13.6,30.1,-2.8
2026-05-01,MAA,7.5,13.6,30.1,-2.8
2026-06-01,MAA,13.4,13.6,30.1,-2.8
2026-07-01,MAA,13.3,13.6,30.1,-2.8
2026-08-01,MAA,8.8,13.6,30.1,-2.8
2026-09-01,MAA,13.4,13.6,30.1,-2.8
2026-10-01,MAA,118.6,13.6,30.1,-2.8
2025-10-01,MAR,20.0,44.1,94.8,-6.7
2025-11-01,MAR,47.0,44.1,94.8,-6.7
2025-12-01,MAR,34.7,44.1,94.8,-6.7
2026-01-01,MAR,22.8,44.1,94.8,-6.7
2026-02-01,MAR,55.7,44.1,94.8,-6.7
2026-03-01,MAR,28.8,44.1,94.8,-6.7
2026-04-01,MAR,55.1,44.1,94.8,-6.7
2026-05-01,MAR,43.0,44.1,94.8,-6.7
2026-06-01,MAR,43.6,44.1,94.8,-6.7
2026-07-01,MAR,24.3,44.1,94.8,-6.7
2026-08-01,MAR,24.7,44.1,94.8,-6.7
2026-09-01,MAR,43.2,44.1,94.8,-6.7
2026-10-01,MAR,362.5,44.1,94.8,-6.7
2025-10-01,MAS,7.7,11.6,21.5,1.8
2025-11-01,MAS,6.8,11.6,21.5,1.8
2025-12-01,MAS,5.2,11.6,21.5,1.8
2026-01-01,MAS,8.6,11.6,21.5,1.8
2026-02-01,MAS,13.2,11.6,21.5,1.8
2026-03-01,MAS,14.1,11.6,21.5,1.8
2026-04-01,MAS,17.7,11.6,21.5,1.8
2026-05-01,MAS,11.1,11.6,21.5,1.8
2026-06-01,MAS,14.0,11.6,21.5,1.8
2026-07-01,MAS,12.7,11.6,21.5,1.8
2026-08-01,MAS,5.8,11.6,21.5,1.8
2026-09-01,MAS,6.2,11.6,21.5,1.8
2026-10-01,MAS,70.0,11.6,21.5,1.8
2025-10-01,MCD,20.8,29.5,61.7,-2.7
2025-11-01,MCD,18.9,29.5,61.7,-2.7
2025-12-01,MCD,22.2,29.5,61.7,-2.7
2026-01-01,MCD,19.1,29.5,61.7,-2.7
2026-02-01,MCD,26.1,29.5,61.7,-2.7
2026-03-01,MCD,37.0,29.5,61.7,-2.7
2026-04-01,MCD,23.2,29.5,61.7,-2.7
2026-05-01,MCD,23.6,29.5,61.7,-2.7
2026-06-01,MCD,24.8,29.5,61.7,-2.7
2026-07-01,MCD,26.1,29.5,61.7,-2.7
2026-08-01,MCD,18.5,29.5,61.7,-2.7
2026-09-01,MCD,33.6,29.5,61.7,-2.7
2026-10-01,MCD,234.3,29.5,61.7,-2.7
2025-10-01,MCHI,6.4,5.8,13.2,-1.6
2025-11-01,MCHI,5.3,5.8,13.2,-1.6
2025-12-01,MCHI,3.6,5.8,13.2,-1.6
2026-01-01,MCHI,3.4,5.8,13.2,-1.6
2026-02-01,MCHI,3.4,5.8,13.2,-1.6
2026-03-01,MCHI,4.6,5.8,13.2,-1.6
2026-04-01,MCHI,4.7,5.8,13.2,-1.6
2026-05-01,MCHI,5.5,5.8,13.2,-1.6
2026-06-01,MCHI,7.7,5.8,13.2,-1.6
2026-07-01,MCHI,5.3,5.8,13.2,-1.6
2026-08-01,MCHI,2.6,5.8,13.2,-1.6
2026-09-01,MCHI,3.1,5.8,13.2,-1.6
2026-10-01,MCHI,52.6,5.8,13.2,-1.6
2025-10-01,MCHP,8.8,17.9,29.3,6.4
2025-11-01,MCHP,14.9,17.9,29.3,6.4
2025-12-01,MCHP,16.9,17.9,29.3,6.4
2026-01-01,MCHP,17.3,17.9,29.3,6.4
2026-02-01,MCHP,11.0,17.9,29.3,6.4
2026-03-01,MCHP,15.4,17.9,29.3,6.4
2026-04-01,MCHP,30.4,17.9,29.3,6.4
2026-05-01,MCHP,16.8,17.9,29.3,6.4
2026-06-01,MCHP,19.0,17.9,29.3,6.4
2026-07-01,MCHP,20.2,17.9,29.3,6.4
2026-08-01,MCHP,13.4,17.9,29.3,6.4
2026-09-01,MCHP,11.6,17.9,29.3,6.4
2026-10-01,MCHP,83.4,17.9,29.3,6.4
2025-10-01,MCK,116.3,127.9,256.3,-0.6
2025-11-01,MCK,102.3,127.9,256.3,-0.6
2025-12-01,MCK,93.3,127.9,256.3,-0.6
2026-01-01,MCK,54.5,127.9,256.3,-0.6
2026-02-01,MCK,170.2,127.9,256.3,-0.6
2026-03-01,MCK,152.3,127.9,256.3,-0.6
2026-04-01,MCK,96.2,127.9,256.3,-0.6
2026-05-01,MCK,97.3,127.9,256.3,-0.6
2026-06-01,MCK,71.2,127.9,256.3,-0.6
2026-07-01,MCK,159.4,127.9,256.3,-0.6
2026-08-01,MCK,107.1,127.9,256.3,-0.6
2026-09-01,MCK,82.7,127.9,256.3,-0.6
2026-10-01,MCK,928.5,127.9,256.3,-0.6
2025-10-01,MCO,31.1,63.3,128.3,-1.8
2025-11-01,MCO,32.6,63.3,128.3,-1.8
2025-12-01,MCO,48.9,63.3,128.3,-1.8
2026-01-01,MCO,50.3,63.3,128.3,-1.8
2026-02-01,MCO,119.0,63.3,128.3,-1.8
2026-03-01,MCO,55.1,63.3,128.3,-1.8
2026-04-01,MCO,58.1,63.3,128.3,-1.8
2026-05-01,MCO,43.7,63.3,128.3,-1.8
2026-06-01,MCO,34.9,63.3,128.3,-1.8
2026-07-01,MCO,69.3,63.3,128.3,-1.8
2026-08-01,MCO,50.1,63.3,128.3,-1.8
2026-09-01,MCO,57.1,63.3,128.3,-1.8
2026-10-01,MCO,460.0,63.3,128.3,-1.8
2025-10-01,MDLZ,6.8,7.1,15.5,-1.3
2025-11-01,MDLZ,2.8,7.1,15.5,-1.3
2025-12-01,MDLZ,4.2,7.1,15.5,-1.3
2026-01-01,MDLZ,9.0,7.1,15.5,-1.3
2026-02-01,MDLZ,4.8,7.1,15.5,-1.3
2026-03-01,MDLZ,7.0,7.1,15.5,-1.3
2026-04-01,MDLZ,6.2,7.1,15.5,-1.3
2026-05-01,MDLZ,2.3,7.1,15.5,-1.3
2026-06-01,MDLZ,6.6,7.1,15.5,-1.3
2026-07-01,MDLZ,8.8,7.1,15.5,-1.3
2026-08-01,MDLZ,4.9,7.1,15.5,-1.3
2026-09-01,MDLZ,6.0,7.1,15.5,-1.3
2026-10-01,MDLZ,60.0,7.1,15.5,-1.3
2025-10-01,MDT,9.3,12.2,24.2,0.1
2025-11-01,MDT,17.3,12.2,24.2,0.1
2025-12-01,MDT,9.8,12.2,24.2,0.1
2026-01-01,MDT,7.9,12.2,24.2,0.1
2026-02-01,MDT,10.0,12.2,24.2,0.1
2026-03-01,MDT,13.9,12.2,24.2,0.1
2026-04-01,MDT,9.9,12.2,24.2,0.1
2026-05-01,MDT,7.5,12.2,24.2,0.1
2026-06-01,MDT,9.5,12.2,24.2,0.1
2026-07-01,MDT,10.4,12.2,24.2,0.1
2026-08-01,MDT,9.8,12.2,24.2,0.1
2026-09-01,MDT,9.2,12.2,24.2,0.1
2026-10-01,MDT,88.5,12.2,24.2,0.1
2025-10-01,MDY,30.6,54.4,151.8,-43.0
2025-11-01,MDY,38.4,54.4,151.8,-43.0
2025-12-01,MDY,23.8,54.4,151.8,-43.0
2026-01-01,MDY,45.4,54.4,151.8,-43.0
2026-02-01,MDY,37.9,54.4,151.8,-43.0
2026-03-01,MDY,62.7,54.4,151.8,-43.0
2026-04-01,MDY,64.9,54.4,151.8,-43.0
2026-05-01,MDY,36.1,54.4,151.8,-43.0
2026-06-01,MDY,37.4,54.4,151.8,-43.0
2026-07-01,MDY,28.9,54.4,151.8,-43.0
2026-08-01,MDY,31.8,54.4,151.8,-43.0
2026-09-01,MDY,36.8,54.4,151.8,-43.0
2026-10-01,MDY,678.1,54.4,151.8,-43.0
2025-10-01,MET,5.9,10.5,24.3,-3.4
2025-11-01,MET,7.2,10.5,24.3,-3.4
2025-12-01,MET,8.2,10.5,24.3,-3.4
2026-01-01,MET,8.1,10.5,24.3,-3.4
2026-02-01,MET,10.1,10.5,24.3,-3.4
2026-03-01,MET,6.5,10.5,24.3,-3.4
2026-04-01,MET,10.9,10.5,24.3,-3.4
2026-05-01,MET,8.7,10.5,24.3,-3.4
2026-06-01,MET,9.1,10.5,24.3,-3.4
2026-07-01,MET,12.8,10.5,24.3,-3.4
2026-08-01,MET,7.6,10.5,24.3,-3.4
2026-09-01,MET,5.3,10.5,24.3,-3.4
2026-10-01,MET,99.1,10.5,24.3,-3.4
2025-10-01,META,113.6,132.1,238.0,26.3
2025-11-01,META,78.1,132.1,238.0,26.3
2025-12-01,META,73.5,132.1,238.0,26.3
2026-01-01,META,144.0,132.1,238.0,26.3
2026-02-01,META,93.2,132.1,238.0,26.3
2026-03-01,META,152.5,132.1,238.0,26.3
2026-04-01,META,131.8,132.1,238.0,26.3
2026-05-01,META,50.4,132.1,238.0,26.3
2026-06-01,META,102.2,132.1,238.0,26.3
2026-07-01,META,161.6,132.1,238.0,26.3
2026-08-01,META,75.2,132.1,238.0,26.3
2026-09-01,META,223.7,132.1,238.0,26.3
2026-10-01,META,747.6,132.1,238.0,26.3
2025-10-01,MGM,6.4,6.5,10.8,2.1
2025-11-01,MGM,5.1,6.5,10.8,2.1
2025-12-01,MGM,3.3,6.5,10.8,2.1
2026-01-01,MGM,5.2,6.5,10.8,2.1
2026-02-01,MGM,6.0,6.5,10.8,2.1
2026-03-01,MGM,4.5,6.5,10.8,2.1
2026-04-01,MGM,5.6,6.5,10.8,2.1
2026-05-01,MGM,9.0,6.5,10.8,2.1
2026-06-01,MGM,5.5,6.5,10.8,2.1
2026-07-01,MGM,4.3,6.5,10.8,2.1
2026-08-01,MGM,4.9,6.5,10.8,2.1
2026-09-01,MGM,11.2,6.5,10.8,2.1
2026-10-01,MGM,31.2,6.5,10.8,2.1
2025-10-01,MKC,6.0,9.5,16.9,2.0
2025-11-01,MKC,5.7,9.5,16.9,2.0
2025-12-01,MKC,7.1,9.5,16.9,2.0
2026-01-01,MKC,9.2,9.5,16.9,2.0
2026-02-01,MKC,12.3,9.5,16.9,2.0
2026-03-01,MKC,22.4,9.5,16.9,2.0
2026-04-01,MKC,7.2,9.5,16.9,2.0
2026-05-01,MKC,6.5,9.5,16.9,2.0
2026-06-01,MKC,6.9,9.5,16.9,2.0
2026-07-01,MKC,4.4,9.5,16.9,2.0
2026-08-01,MKC,6.4,9.5,16.9,2.0
2026-09-01,MKC,8.9,9.5,16.9,2.0
2026-10-01,MKC,46.9,9.5,16.9,2.0
2025-10-01,MLM,61.0,77.8,146.4,9.1
2025-11-01,MLM,48.1,77.8,146.4,9.1
2025-12-01,MLM,40.3,77.8,146.4,9.1
2026-01-01,MLM,51.8,77.8,146.4,9.1
2026-02-01,MLM,63.9,77.8,146.4,9.1
2026-03-01,MLM,118.0,77.8,146.4,9.1
2026-04-01,MLM,52.0,77.8,146.4,9.1
2026-05-01,MLM,98.8,77.8,146.4,9.1
2026-06-01,MLM,96.6,77.8,146.4,9.1
2026-07-01,MLM,83.7,77.8,146.4,9.1
2026-08-01,MLM,44.2,77.8,146.4,9.1
2026-09-01,MLM,53.1,77.8,146.4,9.1
2026-10-01,MLM,492.6,77.8,146.4,9.1
2025-10-01,MMM,24.4,23.1,45.9,0.4
2025-11-01,MMM,13.2,23.1,45.9,0.4
2025-12-01,MMM,16.2,23.1,45.9,0.4
2026-01-01,MMM,21.1,23.1,45.9,0.4
2026-02-01,MMM,26.9,23.1,45.9,0.4
2026-03-01,MMM,24.9,23.1,45.9,0.4
2026-04-01,MMM,16.0,23.1,45.9,0.4
2026-05-01,MMM,15.3,23.1,45.9,0.4
2026-06-01,MMM,21.4,23.1,45.9,0.4
2026-07-01,MMM,31.3,23.1,45.9,0.4
2026-08-01,MMM,13.0,23.1,45.9,0.4
2026-09-01,MMM,12.2,23.1,45.9,0.4
2026-10-01,MMM,164.8,23.1,45.9,0.4
2025-10-01,MNST,2.4,5.5,11.6,-0.6
2025-11-01,MNST,4.7,5.5,11.6,-0.6
2025-12-01,MNST,3.0,5.5,11.6,-0.6
2026-01-01,MNST,4.2,5.5,11.6,-0.6
2026-02-01,MNST,3.8,5.5,11.6,-0.6
2026-03-01,MNST,7.1,5.5,11.6,-0.6
2026-04-01,MNST,3.3,5.5,11.6,-0.6
2026-05-01,MNST,7.6,5.5,11.6,-0.6
2026-06-01,MNST,5.3,5.5,11.6,-0.6
2026-07-01,MNST,3.7,5.5,11.6,-0.6
2026-08-01,MNST,4.5,5.5,11.6,-0.6
2026-09-01,MNST,5.1,5.5,11.6,-0.6
2026-10-01,MNST,43.6,5.5,11.6,-0.6
2025-10-01,MO,10.8,8.5,18.2,-1.3
2025-11-01,MO,3.1,8.5,18.2,-1.3
2025-12-01,MO,2.4,8.5,18.2,-1.3
2026-01-01,MO,9.5,8.5,18.2,-1.3
2026-02-01,MO,9.0,8.5,18.2,-1.3
2026-03-01,MO,6.9,8.5,18.2,-1.3
2026-04-01,MO,10.2,8.5,18.2,-1.3
2026-05-01,MO,6.5,8.5,18.2,-1.3
2026-06-01,MO,6.1,8.5,18.2,-1.3
2026-07-01,MO,10.2,8.5,18.2,-1.3
2026-08-01,MO,5.4,8.5,18.2,-1.3
2026-09-01,MO,4.1,8.5,18.2,-1.3
2026-10-01,MO,68.8,8.5,18.2,-1.3
2025-10-01,MOS,8.7,5.5,8.7,2.3
2025-11-01,MOS,4.5,5.5,8.7,2.3
2025-12-01,MOS,3.0,5.5,8.7,2.3
2026-01-01,MOS,5.1,5.5,8.7,2.3
2026-02-01,MOS,5.0,5.5,8.7,2.3
2026-03-01,MOS,9.2,5.5,8.7,2.3
2026-04-01,MOS,4.4,5.5,8.7,2.3
2026-05-01,MOS,3.6,5.5,8.7,2.3
2026-06-01,MOS,4.5,5.5,8.7,2.3
2026-07-01,MOS,3.0,5.5,8.7,2.3
2026-08-01,MOS,4.4,5.5,8.7,2.3
2026-09-01,MOS,5.4,5.5,8.7,2.3
2026-10-01,MOS,22.0,5.5,8.7,2.3
2025-10-01,MP,38.8,21.3,29.3,13.2
2025-11-01,MP,15.7,21.3,29.3,13.2
2025-12-01,MP,14.1,21.3,29.3,13.2
2026-01-01,MP,22.0,21.3,29.3,13.2
2026-02-01,MP,11.4,21.3,29.3,13.2
2026-03-01,MP,19.5,21.3,29.3,13.2
2026-04-01,MP,23.7,21.3,29.3,13.2
2026-05-01,MP,23.2,21.3,29.3,13.2
2026-06-01,MP,21.1,21.3,29.3,13.2
2026-07-01,MP,19.7,21.3,29.3,13.2
2026-08-01,MP,21.8,21.3,29.3,13.2
2026-09-01,MP,13.8,21.3,29.3,13.2
2026-10-01,MP,48.7,21.3,29.3,13.2
2025-10-01,MPC,20.3,52.5,115.3,-10.3
2025-11-01,MPC,27.3,52.5,115.3,-10.3
2025-12-01,MPC,36.2,52.5,115.3,-10.3
2026-01-01,MPC,21.1,52.5,115.3,-10.3
2026-02-01,MPC,38.6,52.5,115.3,-10.3
2026-03-01,MPC,53.6,52.5,115.3,-10.3
2026-04-01,MPC,38.6,52.5,115.3,-10.3
2026-05-01,MPC,30.0,52.5,115.3,-10.3
2026-06-01,MPC,34.2,52.5,115.3,-10.3
2026-07-01,MPC,71.9,52.5,115.3,-10.3
2026-08-01,MPC,86.2,52.5,115.3,-10.3
2026-09-01,MPC,58.1,52.5,115.3,-10.3
2026-10-01,MPC,437.7,52.5,115.3,-10.3
2025-10-01,MPWR,228.5,298.2,521.8,74.6
2025-11-01,MPWR,207.2,298.2,521.8,74.6
2025-12-01,MPWR,108.1,298.2,521.8,74.6
2026-01-01,MPWR,262.5,298.2,521.8,74.6
2026-02-01,MPWR,156.2,298.2,521.8,74.6
2026-03-01,MPWR,156.6,298.2,521.8,74.6
2026-04-01,MPWR,589.9,298.2,521.8,74.6
2026-05-01,MPWR,301.2,298.2,521.8,74.6
2026-06-01,MPWR,421.1,298.2,521.8,74.6
2026-07-01,MPWR,337.2,298.2,521.8,74.6
2026-08-01,MPWR,212.0,298.2,521.8,74.6
2026-09-01,MPWR,253.6,298.2,521.8,74.6
2026-10-01,MPWR,1491.6,298.2,521.8,74.6
2025-10-01,MRK,7.8,18.1,38.8,-2.6
2025-11-01,MRK,23.8,18.1,38.8,-2.6
2025-12-01,MRK,11.5,18.1,38.8,-2.6
2026-01-01,MRK,8.5,18.1,38.8,-2.6
2026-02-01,MRK,15.2,18.1,38.8,-2.6
2026-03-01,MRK,11.0,18.1,38.8,-2.6
2026-04-01,MRK,16.1,18.1,38.8,-2.6
2026-05-01,MRK,12.4,18.1,38.8,-2.6
2026-06-01,MRK,18.7,18.1,38.8,-2.6
2026-07-01,MRK,14.9,18.1,38.8,-2.6
2026-08-01,MRK,30.7,18.1,38.8,-2.6
2026-09-01,MRK,11.3,18.1,38.8,-2.6
2026-10-01,MRK,145.4,18.1,38.8,-2.6
2025-10-01,MRNA,5.2,35.0,78.4,-8.4
2025-11-01,MRNA,4.8,35.0,78.4,-8.4
2025-12-01,MRNA,12.0,35.0,78.4,-8.4
2026-01-01,MRNA,25.4,35.0,78.4,-8.4
2026-02-01,MRNA,17.4,35.0,78.4,-8.4
2026-03-01,MRNA,12.4,35.0,78.4,-8.4
2026-04-01,MRNA,11.6,35.0,78.4,-8.4
2026-05-01,MRNA,15.8,35.0,78.4,-8.4
2026-06-01,MRNA,29.4,35.0,78.4,-8.4
2026-07-01,MRNA,32.3,35.0,78.4,-8.4
2026-08-01,MRNA,124.0,35.0,78.4,-8.4
2026-09-01,MRNA,78.5,35.0,78.4,-8.4
2026-10-01,MRNA,212.2,35.0,78.4,-8.4
2025-10-01,MRSH,31.7,22.4,46.8,-2.1
2025-11-01,MRSH,11.2,22.4,46.8,-2.1
2025-12-01,MRSH,8.8,22.4,46.8,-2.1
2026-01-01,MRSH,13.3,22.4,46.8,-2.1
2026-02-01,MRSH,23.0,22.4,46.8,-2.1
2026-03-01,MRSH,22.6,22.4,46.8,-2.1
2026-04-01,MRSH,18.4,22.4,46.8,-2.1
2026-05-01,MRSH,13.3,22.4,46.8,-2.1
2026-06-01,MRSH,13.6,22.4,46.8,-2.1
2026-07-01,MRSH,31.3,22.4,46.8,-2.1
2026-08-01,MRSH,11.5,22.4,46.8,-2.1
2026-09-01,MRSH,24.6,22.4,46.8,-2.1
2026-10-01,MRSH,172.4,22.4,46.8,-2.1
2025-10-01,MRVL,18.5,61.0,116.4,5.7
2025-11-01,MRVL,24.5,61.0,116.4,5.7
2025-12-01,MRVL,21.6,61.0,116.4,5.7
2026-01-01,MRVL,16.0,61.0,116.4,5.7
2026-02-01,MRVL,13.1,61.0,116.4,5.7
2026-03-01,MRVL,25.4,61.0,116.4,5.7
2026-04-01,MRVL,70.4,61.0,116.4,5.7
2026-05-01,MRVL,60.3,61.0,116.4,5.7
2026-06-01,MRVL,134.8,61.0,116.4,5.7
2026-07-01,MRVL,129.6,61.0,116.4,5.7
2026-08-01,MRVL,77.0,61.0,116.4,5.7
2026-09-01,MRVL,66.9,61.0,116.4,5.7
2026-10-01,MRVL,301.3,61.0,116.4,5.7
2025-10-01,MS,15.3,25.5,52.3,-1.3
2025-11-01,MS,16.5,25.5,52.3,-1.3
2025-12-01,MS,14.6,25.5,52.3,-1.3
2026-01-01,MS,15.5,25.5,52.3,-1.3
2026-02-01,MS,25.1,25.5,52.3,-1.3
2026-03-01,MS,16.8,25.5,52.3,-1.3
2026-04-01,MS,34.0,25.5,52.3,-1.3
2026-05-01,MS,21.6,25.5,52.3,-1.3
2026-06-01,MS,24.6,25.5,52.3,-1.3
2026-07-01,MS,29.3,25.5,52.3,-1.3
2026-08-01,MS,14.7,25.5,52.3,-1.3
2026-09-01,MS,30.4,25.5,52.3,-1.3
2026-10-01,MS,193.1,25.5,52.3,-1.3
2025-10-01,MSCI,69.1,83.8,162.3,5.3
2025-11-01,MSCI,41.0,83.8,162.3,5.3
2025-12-01,MSCI,57.5,83.8,162.3,5.3
2026-01-01,MSCI,64.4,83.8,162.3,5.3
2026-02-01,MSCI,125.2,83.8,162.3,5.3
2026-03-01,MSCI,59.1,83.8,162.3,5.3
2026-04-01,MSCI,95.7,83.8,162.3,5.3
2026-05-01,MSCI,85.8,83.8,162.3,5.3
2026-06-01,MSCI,102.4,83.8,162.3,5.3
2026-07-01,MSCI,96.8,83.8,162.3,5.3
2026-08-01,MSCI,32.4,83.8,162.3,5.3
2026-09-01,MSCI,42.9,83.8,162.3,5.3
2026-10-01,MSCI,560.6,83.8,162.3,5.3
2025-10-01,MSFT,47.7,70.3,146.5,-5.8
2025-11-01,MSFT,60.1,70.3,146.5,-5.8
2025-12-01,MSFT,22.6,70.3,146.5,-5.8
2026-01-01,MSFT,68.7,70.3,146.5,-5.8
2026-02-01,MSFT,49.0,70.3,146.5,-5.8
2026-03-01,MSFT,56.8,70.3,146.5,-5.8
2026-04-01,MSFT,69.6,70.3,146.5,-5.8
2026-05-01,MSFT,49.5,70.3,146.5,-5.8
2026-06-01,MSFT,117.1,70.3,146.5,-5.8
2026-07-01,MSFT,93.5,70.3,146.5,-5.8
2026-08-01,MSFT,42.8,70.3,146.5,-5.8
2026-09-01,MSFT,33.8,70.3,146.5,-5.8
2026-10-01,MSFT,535.7,70.3,146.5,-5.8
2025-10-01,MSI,60.6,57.7,122.2,-6.9
2025-11-01,MSI,41.0,57.7,122.2,-6.9
2025-12-01,MSI,26.3,57.7,122.2,-6.9
2026-01-01,MSI,33.5,57.7,122.2,-6.9
2026-02-01,MSI,83.8,57.7,122.2,-6.9
2026-03-01,MSI,65.3,57.7,122.2,-6.9
2026-04-01,MSI,26.0,57.7,122.2,-6.9
2026-05-01,MSI,63.0,57.7,122.2,-6.9
2026-06-01,MSI,30.0,57.7,122.2,-6.9
2026-07-01,MSI,40.6,57.7,122.2,-6.9
2026-08-01,MSI,59.7,57.7,122.2,-6.9
2026-09-01,MSI,49.4,57.7,122.2,-6.9
2026-10-01,MSI,459.2,57.7,122.2,-6.9
2025-10-01,MTB,24.1,27.3,57.7,-3.0
2025-11-01,MTB,12.9,27.3,57.7,-3.0
2025-12-01,MTB,20.5,27.3,57.7,-3.0
2026-01-01,MTB,23.2,27.3,57.7,-3.0
2026-02-01,MTB,24.8,27.3,57.7,-3.0
2026-03-01,MTB,27.1,27.3,57.7,-3.0
2026-04-01,MTB,18.8,27.3,57.7,-3.0
2026-05-01,MTB,16.6,27.3,57.7,-3.0
2026-06-01,MTB,30.1,27.3,57.7,-3.0
2026-07-01,MTB,23.0,27.3,57.7,-3.0
2026-08-01,MTB,23.0,27.3,57.7,-3.0
2026-09-01,MTB,27.1,27.3,57.7,-3.0
2026-10-01,MTB,221.2,27.3,57.7,-3.0
2025-10-01,MTD,227.0,219.4,441.8,-2.9
2025-11-01,MTD,165.6,219.4,441.8,-2.9
2025-12-01,MTD,127.4,219.4,441.8,-2.9
2026-01-01,MTD,151.4,219.4,441.8,-2.9
2026-02-01,MTD,100.0,219.4,441.8,-2.9
2026-03-01,MTD,193.6,219.4,441.8,-2.9
2026-04-01,MTD,137.2,219.4,441.8,-2.9
2026-05-01,MTD,324.0,219.4,441.8,-2.9
2026-06-01,MTD,171.3,219.4,441.8,-2.9
2026-07-01,MTD,248.1,219.4,441.8,-2.9
2026-08-01,MTD,98.0,219.4,441.8,-2.9
2026-09-01,MTD,288.3,219.4,441.8,-2.9
2026-10-01,MTD,1585.7,219.4,441.8,-2.9
2025-10-01,MTUM,10.2,35.3,82.4,-11.7
2025-11-01,MTUM,21.1,35.3,82.4,-11.7
2025-12-01,MTUM,15.0,35.3,82.4,-11.7
2026-01-01,MTUM,11.5,35.3,82.4,-11.7
2026-02-01,MTUM,19.1,35.3,82.4,-11.7
2026-03-01,MTUM,24.8,35.3,82.4,-11.7
2026-04-01,MTUM,45.5,35.3,82.4,-11.7
2026-05-01,MTUM,35.5,35.3,82.4,-11.7
2026-06-01,MTUM,46.4,35.3,82.4,-11.7
2026-07-01,MTUM,53.2,35.3,82.4,-11.7
2026-08-01,MTUM,31.3,35.3,82.4,-11.7
2026-09-01,MTUM,26.3,35.3,82.4,-11.7
2026-10-01,MTUM,326.0,35.3,82.4,-11.7
2025-10-01,MU,66.9,230.1,418.6,41.7
2025-11-01,MU,68.0,230.1,418.6,41.7
2025-12-01,MU,77.1,230.1,418.6,41.7
2026-01-01,MU,160.6,230.1,418.6,41.7
2026-02-01,MU,78.5,230.1,418.6,41.7
2026-03-01,MU,159.9,230.1,418.6,41.7
2026-04-01,MU,195.3,230.1,418.6,41.7
2026-05-01,MU,470.8,230.1,418.6,41.7
2026-06-01,MU,400.7,230.1,418.6,41.7
2026-07-01,MU,359.1,230.1,418.6,41.7
2026-08-01,MU,266.0,230.1,418.6,41.7
2026-09-01,MU,206.1,230.1,418.6,41.7
2026-10-01,MU,1108.0,230.1,418.6,41.7
2025-10-01,MUB,1.5,4.1,19.3,-11.1
2025-11-01,MUB,0.6,4.1,19.3,-11.1
2025-12-01,MUB,0.6,4.1,19.3,-11.1
2026-01-01,MUB,0.9,4.1,19.3,-11.1
2026-02-01,MUB,1.5,4.1,19.3,-11.1
2026-03-01,MUB,3.3,4.1,19.3,-11.1
2026-04-01,MUB,1.5,4.1,19.3,-11.1
2026-05-01,MUB,1.7,4.1,19.3,-11.1
2026-06-01,MUB,1.2,4.1,19.3,-11.1
2026-07-01,MUB,2.5,4.1,19.3,-11.1
2026-08-01,MUB,1.4,4.1,19.3,-11.1
2026-09-01,MUB,4.6,4.1,19.3,-11.1
2026-10-01,MUB,102.1,4.1,19.3,-11.1
2025-10-01,NCLH,3.1,4.7,6.6,2.7
2025-11-01,NCLH,5.1,4.7,6.6,2.7
2025-12-01,NCLH,6.2,4.7,6.6,2.7
2026-01-01,NCLH,4.8,4.7,6.6,2.7
2026-02-01,NCLH,4.0,4.7,6.6,2.7
2026-03-01,NCLH,5.3,4.7,6.6,2.7
2026-04-01,NCLH,4.9,4.7,6.6,2.7
2026-05-01,NCLH,4.6,4.7,6.6,2.7
2026-06-01,NCLH,4.3,4.7,6.6,2.7
2026-07-01,NCLH,3.4,4.7,6.6,2.7
2026-08-01,NCLH,4.5,4.7,6.6,2.7
2026-09-01,NCLH,2.5,4.7,6.6,2.7
2026-10-01,NCLH,15.7,4.7,6.6,2.7
2025-10-01,NDAQ,7.8,13.0,26.4,-0.4
2025-11-01,NDAQ,6.5,13.0,26.4,-0.4
2025-12-01,NDAQ,11.8,13.0,26.4,-0.4
2026-01-01,NDAQ,6.2,13.0,26.4,-0.4
2026-02-01,NDAQ,20.8,13.0,26.4,-0.4
2026-03-01,NDAQ,9.4,13.0,26.4,-0.4
2026-04-01,NDAQ,10.0,13.0,26.4,-0.4
2026-05-01,NDAQ,6.4,13.0,26.4,-0.4
2026-06-01,NDAQ,17.4,13.0,26.4,-0.4
2026-07-01,NDAQ,17.6,13.0,26.4,-0.4
2026-08-01,NDAQ,7.8,13.0,26.4,-0.4
2026-09-01,NDAQ,11.0,13.0,26.4,-0.4
2026-10-01,NDAQ,94.0,13.0,26.4,-0.4
2025-10-01,NDSN,15.5,35.1,82.7,-12.5
2025-11-01,NDSN,16.9,35.1,82.7,-12.5
2025-12-01,NDSN,20.1,35.1,82.7,-12.5
2026-01-01,NDSN,36.2,35.1,82.7,-12.5
2026-02-01,NDSN,31.7,35.1,82.7,-12.5
2026-03-01,NDSN,39.8,35.1,82.7,-12.5
2026-04-01,NDSN,28.8,35.1,82.7,-12.5
2026-05-01,NDSN,26.6,35.1,82.7,-12.5
2026-06-01,NDSN,29.4,35.1,82.7,-12.5
2026-07-01,NDSN,23.1,35.1,82.7,-12.5
2026-08-01,NDSN,40.5,35.1,82.7,-12.5
2026-09-01,NDSN,26.9,35.1,82.7,-12.5
2026-10-01,NDSN,338.2,35.1,82.7,-12.5
2025-10-01,NDX,1975.0,2217.5,2996.3,1438.7
2025-11-01,NDX,2278.8,2217.5,2996.3,1438.7
2025-12-01,NDX,1187.4,2217.5,2996.3,1438.7
2026-01-01,NDX,1210.9,2217.5,2996.3,1438.7
2026-02-01,NDX,1452.6,2217.5,2996.3,1438.7
2026-03-01,NDX,2347.8,2217.5,2996.3,1438.7
2026-04-01,NDX,3975.4,2217.5,2996.3,1438.7
2026-05-01,NDX,2968.6,2217.5,2996.3,1438.7
2026-06-01,NDX,2565.3,2217.5,2996.3,1438.7
2026-07-01,NDX,2908.8,2217.5,2996.3,1438.7
2026-08-01,NDX,1998.8,2217.5,2996.3,1438.7
2026-09-01,NDX,2017.3,2217.5,2996.3,1438.7
2026-10-01,NDX,1086.7,2217.5,2996.3,1438.7
2025-10-01,NEE,11.3,9.8,20.7,-1.1
2025-11-01,NEE,6.1,9.8,20.7,-1.1
2025-12-01,NEE,7.3,9.8,20.7,-1.1
2026-01-01,NEE,10.8,9.8,20.7,-1.1
2026-02-01,NEE,9.6,9.8,20.7,-1.1
2026-03-01,NEE,5.3,9.8,20.7,-1.1
2026-04-01,NEE,8.1,9.8,20.7,-1.1
2026-05-01,NEE,13.1,9.8,20.7,-1.1
2026-06-01,NEE,5.8,9.8,20.7,-1.1
2026-07-01,NEE,4.7,9.8,20.7,-1.1
2026-08-01,NEE,6.8,9.8,20.7,-1.1
2026-09-01,NEE,9.6,9.8,20.7,-1.1
2026-10-01,NEE,78.0,9.8,20.7,-1.1
2025-10-01,NEM,22.5,25.2,42.5,7.8
2025-11-01,NEM,15.4,25.2,42.5,7.8
2025-12-01,NEM,18.1,25.2,42.5,7.8
2026-01-01,NEM,36.7,25.2,42.5,7.8
2026-02-01,NEM,23.2,25.2,42.5,7.8
2026-03-01,NEM,37.6,25.2,42.5,7.8
2026-04-01,NEM,15.1,25.2,42.5,7.8
2026-05-01,NEM,17.6,25.2,42.5,7.8
2026-06-01,NEM,20.5,25.2,42.5,7.8
2026-07-01,NEM,10.2,25.2,42.5,7.8
2026-08-01,NEM,42.3,25.2,42.5,7.8
2026-09-01,NEM,16.1,25.2,42.5,7.8
2026-10-01,NEM,117.3,25.2,42.5,7.8
2025-10-01,NFLX,16.1,15.8,24.9,6.7
2025-11-01,NFLX,13.4,15.8,24.9,6.7
2025-12-01,NFLX,18.4,15.8,24.9,6.7
2026-01-01,NFLX,12.2,15.8,24.9,6.7
2026-02-01,NFLX,21.7,15.8,24.9,6.7
2026-03-01,NFLX,9.5,15.8,24.9,6.7
2026-04-01,NFLX,18.9,15.8,24.9,6.7
2026-05-01,NFLX,9.6,15.8,24.9,6.7
2026-06-01,NFLX,16.4,15.8,24.9,6.7
2026-07-01,NFLX,13.4,15.8,24.9,6.7
2026-08-01,NFLX,10.3,15.8,24.9,6.7
2026-09-01,NFLX,14.7,15.8,24.9,6.7
2026-10-01,NFLX,69.7,15.8,24.9,6.7
2025-10-01,NI,3.3,4.4,10.0,-1.3
2025-11-01,NI,2.7,4.4,10.0,-1.3
2025-12-01,NI,3.3,4.4,10.0,-1.3
2026-01-01,NI,4.1,4.4,10.0,-1.3
2026-02-01,NI,3.9,4.4,10.0,-1.3
2026-03-01,NI,3.3,4.4,10.0,-1.3
2026-04-01,NI,2.5,4.4,10.0,-1.3
2026-05-01,NI,2.9,4.4,10.0,-1.3
2026-06-01,NI,4.1,4.4,10.0,-1.3
2026-07-01,NI,3.7,4.4,10.0,-1.3
2026-08-01,NI,4.9,4.4,10.0,-1.3
2026-09-01,NI,3.3,4.4,10.0,-1.3
2026-10-01,NI,40.7,4.4,10.0,-1.3
2025-10-01,NKE,12.7,8.0,13.2,2.7
2025-11-01,NKE,6.0,8.0,13.2,2.7
2025-12-01,NKE,12.2,8.0,13.2,2.7
2026-01-01,NKE,6.1,8.0,13.2,2.7
2026-02-01,NKE,8.1,8.0,13.2,2.7
2026-03-01,NKE,10.6,8.0,13.2,2.7
2026-04-01,NKE,4.9,8.0,13.2,2.7
2026-05-01,NKE,6.3,8.0,13.2,2.7
2026-06-01,NKE,6.3,8.0,13.2,2.7
2026-07-01,NKE,4.9,8.0,13.2,2.7
2026-08-01,NKE,5.0,8.0,13.2,2.7
2026-09-01,NKE,3.8,8.0,13.2,2.7
2026-10-01,NKE,36.2,8.0,13.2,2.7
2025-10-01,NOC,69.5,87.1,157.9,16.3
2025-11-01,NOC,29.2,87.1,157.9,16.3
2025-12-01,NOC,43.6,87.1,157.9,16.3
2026-01-01,NOC,141.0,87.1,157.9,16.3
2026-02-01,NOC,70.8,87.1,157.9,16.3
2026-03-01,NOC,110.1,87.1,157.9,16.3
2026-04-01,NOC,141.2,87.1,157.9,16.3
2026-05-01,NOC,41.9,87.1,157.9,16.3
2026-06-01,NOC,66.1,87.1,157.9,16.3
2026-07-01,NOC,86.4,87.1,157.9,16.3
2026-08-01,NOC,57.5,87.1,157.9,16.3
2026-09-01,NOC,69.9,87.1,157.9,16.3
2026-10-01,NOC,486.8,87.1,157.9,16.3
2025-10-01,NORW,2.0,3.8,8.9,-1.3
2025-11-01,NORW,1.8,3.8,8.9,-1.3
2025-12-01,NORW,1.8,3.8,8.9,-1.3
2026-01-01,NORW,3.4,3.8,8.9,-1.3
2026-02-01,NORW,3.6,3.8,8.9,-1.3
2026-03-01,NORW,3.6,3.8,8.9,-1.3
2026-04-01,NORW,2.0,3.8,8.9,-1.3
2026-05-01,NORW,2.0,3.8,8.9,-1.3
2026-06-01,NORW,6.8,3.8,8.9,-1.3
2026-07-01,NORW,3.8,3.8,8.9,-1.3
2026-08-01,NORW,2.7,3.8,8.9,-1.3
2026-09-01,NORW,2.9,3.8,8.9,-1.3
2026-10-01,NORW,35.8,3.8,8.9,-1.3
2025-10-01,NOV,3.3,3.3,5.9,0.7
2025-11-01,NOV,1.7,3.3,5.9,0.7
2025-12-01,NOV,1.9,3.3,5.9,0.7
2026-01-01,NOV,3.6,3.3,5.9,0.7
2026-02-01,NOV,3.2,3.3,5.9,0.7
2026-03-01,NOV,2.9,3.3,5.9,0.7
2026-04-01,NOV,2.6,3.3,5.9,0.7
2026-05-01,NOV,2.2,3.3,5.9,0.7
2026-06-01,NOV,3.6,3.3,5.9,0.7
2026-07-01,NOV,3.5,3.3,5.9,0.7
2026-08-01,NOV,2.7,3.3,5.9,0.7
2026-09-01,NOV,3.4,3.3,5.9,0.7
2026-10-01,NOV,19.8,3.3,5.9,0.7
2025-10-01,NOW,15.5,32.1,51.4,12.8
2025-11-01,NOW,25.4,32.1,51.4,12.8
2025-12-01,NOW,23.9,32.1,51.4,12.8
2026-01-01,NOW,40.1,32.1,51.4,12.8
2026-02-01,NOW,23.7,32.1,51.4,12.8
2026-03-01,NOW,28.3,32.1,51.4,12.8
2026-04-01,NOW,24.7,32.1,51.4,12.8
2026-05-01,NOW,39.3,32.1,51.4,12.8
2026-06-01,NOW,49.8,32.1,51.4,12.8
2026-07-01,NOW,26.8,32.1,51.4,12.8
2026-08-01,NOW,37.8,32.1,51.4,12.8
2026-09-01,NOW,20.8,32.1,51.4,12.8
2026-10-01,NOW,140.8,32.1,51.4,12.8
2025-10-01,NQ=F,2240.5,2182.1,2890.8,1473.4
2025-11-01,NQ=F,2361.5,2182.1,2890.8,1473.4
2025-12-01,NQ=F,1280.8,2182.1,2890.8,1473.4
2026-01-01,NQ=F,1324.0,2182.1,2890.8,1473.4
2026-02-01,NQ=F,1737.3,2182.1,2890.8,1473.4
2026-03-01,NQ=F,2228.8,2182.1,2890.8,1473.4
2026-04-01,NQ=F,3488.5,2182.1,2890.8,1473.4
2026-05-01,NQ=F,2999.8,2182.1,2890.8,1473.4
2026-06-01,NQ=F,2602.3,2182.1,2890.8,1473.4
2026-07-01,NQ=F,2916.0,2182.1,2890.8,1473.4
2026-08-01,NQ=F,1364.0,2182.1,2890.8,1473.4
2026-09-01,NQ=F,2021.3,2182.1,2890.8,1473.4
2026-10-01,NQ=F,760.8,2182.1,2890.8,1473.4
2025-10-01,NRG,22.2,32.4,46.3,18.6
2025-11-01,NRG,21.7,32.4,46.3,18.6
2025-12-01,NRG,24.4,32.4,46.3,18.6
2026-01-01,NRG,28.3,32.4,46.3,18.6
2026-02-01,NRG,49.5,32.4,46.3,18.6
2026-03-01,NRG,41.7,32.4,46.3,18.6
2026-04-01,NRG,29.7,32.4,46.3,18.6
2026-05-01,NRG,38.0,32.4,46.3,18.6
2026-06-01,NRG,30.9,32.4,46.3,18.6
2026-07-01,NRG,23.4,32.4,46.3,18.6
2026-08-01,NRG,32.2,32.4,46.3,18.6
2026-09-01,NRG,28.3,32.4,46.3,18.6
2026-10-01,NRG,105.7,32.4,46.3,18.6
2025-10-01,NSC,23.8,34.3,79.6,-11.0
2025-11-01,NSC,13.5,34.3,79.6,-11.0
2025-12-01,NSC,13.0,34.3,79.6,-11.0
2026-01-01,NSC,15.8,34.3,79.6,-11.0
2026-02-01,NSC,33.2,34.3,79.6,-11.0
2026-03-01,NSC,40.9,34.3,79.6,-11.0
2026-04-01,NSC,38.6,34.3,79.6,-11.0
2026-05-01,NSC,24.5,34.3,79.6,-11.0
2026-06-01,NSC,19.6,34.3,79.6,-11.0
2026-07-01,NSC,45.6,34.3,79.6,-11.0
2026-08-01,NSC,24.0,34.3,79.6,-11.0
2026-09-01,NSC,35.1,34.3,79.6,-11.0
2026-10-01,NSC,318.6,34.3,79.6,-11.0
2025-10-01,NTAP,11.0,32.4,69.5,-4.7
2025-11-01,NTAP,15.7,32.4,69.5,-4.7
2025-12-01,NTAP,12.7,32.4,69.5,-4.7
2026-01-01,NTAP,16.7,32.4,69.5,-4.7
2026-02-01,NTAP,12.6,32.4,69.5,-4.7
2026-03-01,NTAP,11.5,32.4,69.5,-4.7
2026-04-01,NTAP,18.9,32.4,69.5,-4.7
2026-05-01,NTAP,82.6,32.4,69.5,-4.7
2026-06-01,NTAP,37.3,32.4,69.5,-4.7
2026-07-01,NTAP,26.7,32.4,69.5,-4.7
2026-08-01,NTAP,33.0,32.4,69.5,-4.7
2026-09-01,NTAP,55.8,32.4,69.5,-4.7
2026-10-01,NTAP,231.9,32.4,69.5,-4.7
2025-10-01,NTRS,13.4,20.8,45.0,-3.4
2025-11-01,NTRS,13.0,20.8,45.0,-3.4
2025-12-01,NTRS,11.3,20.8,45.0,-3.4
2026-01-01,NTRS,21.1,20.8,45.0,-3.4
2026-02-01,NTRS,17.1,20.8,45.0,-3.4
2026-03-01,NTRS,13.4,20.8,45.0,-3.4
2026-04-01,NTRS,34.9,20.8,45.0,-3.4
2026-05-01,NTRS,11.3,20.8,45.0,-3.4
2026-06-01,NTRS,14.4,20.8,45.0,-3.4
2026-07-01,NTRS,18.6,20.8,45.0,-3.4
2026-08-01,NTRS,16.9,20.8,45.0,-3.4
2026-09-01,NTRS,21.3,20.8,45.0,-3.4
2026-10-01,NTRS,171.9,20.8,45.0,-3.4
2025-10-01,NUE,24.5,38.8,75.2,2.3
2025-11-01,NUE,19.0,38.8,75.2,2.3
2025-12-01,NUE,13.1,38.8,75.2,2.3
2026-01-01,NUE,21.9,38.8,75.2,2.3
2026-02-01,NUE,24.0,38.8,75.2,2.3
2026-03-01,NUE,25.7,38.8,75.2,2.3
2026-04-01,NUE,60.1,38.8,75.2,2.3
2026-05-01,NUE,31.9,38.8,75.2,2.3
2026-06-01,NUE,49.4,38.8,75.2,2.3
2026-07-01,NUE,55.4,38.8,75.2,2.3
2026-08-01,NUE,41.5,38.8,75.2,2.3
2026-09-01,NUE,34.9,38.8,75.2,2.3
2026-10-01,NUE,255.1,38.8,75.2,2.3
2025-10-01,NVDA,35.4,36.6,69.9,3.4
2025-11-01,NVDA,41.8,36.6,69.9,3.4
2025-12-01,NVDA,22.4,36.6,69.9,3.4
2026-01-01,NVDA,16.9,36.6,69.9,3.4
2026-02-01,NVDA,26.6,36.6,69.9,3.4
2026-03-01,NVDA,24.6,36.6,69.9,3.4
2026-04-01,NVDA,45.5,36.6,69.9,3.4
2026-05-01,NVDA,41.8,36.6,69.9,3.4
2026-06-01,NVDA,42.5,36.6,69.9,3.4
2026-07-01,NVDA,24.4,36.6,69.9,3.4
2026-08-01,NVDA,33.6,36.6,69.9,3.4
2026-09-01,NVDA,25.8,36.6,69.9,3.4
2026-10-01,NVDA,243.4,36.6,69.9,3.4
2025-10-01,NVR,1020.0,941.6,1795.4,87.7
2025-11-01,NVR,604.0,941.6,1795.4,87.7
2025-12-01,NVR,480.0,941.6,1795.4,87.7
2026-01-01,NVR,926.8,941.6,1795.4,87.7
2026-02-01,NVR,958.0,941.6,1795.4,87.7
2026-03-01,NVR,1144.6,941.6,1795.4,87.7
2026-04-01,NVR,1099.4,941.6,1795.4,87.7
2026-05-01,NVR,839.2,941.6,1795.4,87.7
2026-06-01,NVR,920.6,941.6,1795.4,87.7
2026-07-01,NVR,959.9,941.6,1795.4,87.7
2026-08-01,NVR,406.9,941.6,1795.4,87.7
2026-09-01,NVR,404.8,941.6,1795.4,87.7
2026-10-01,NVR,6200.0,941.6,1795.4,87.7
2025-10-01,NWSA,4.9,3.7,7.8,-0.4
2025-11-01,NWSA,2.3,3.7,7.8,-0.4
2025-12-01,NWSA,1.4,3.7,7.8,-0.4
2026-01-01,NWSA,1.3,3.7,7.8,-0.4
2026-02-01,NWSA,5.0,3.7,7.8,-0.4
2026-03-01,NWSA,2.0,3.7,7.8,-0.4
2026-04-01,NWSA,2.8,3.7,7.8,-0.4
2026-05-01,NWSA,2.5,3.7,7.8,-0.4
2026-06-01,NWSA,3.3,3.7,7.8,-0.4
2026-07-01,NWSA,4.3,3.7,7.8,-0.4
2026-08-01,NWSA,4.1,3.7,7.8,-0.4
2026-09-01,NWSA,3.3,3.7,7.8,-0.4
2026-10-01,NWSA,29.0,3.7,7.8,-0.4
2025-10-01,NXPI,31.5,51.4,89.4,13.5
2025-11-01,NXPI,30.1,51.4,89.4,13.5
2025-12-01,NXPI,43.6,51.4,89.4,13.5
2026-01-01,NXPI,27.5,51.4,89.4,13.5
2026-02-01,NXPI,49.4,51.4,89.4,13.5
2026-03-01,NXPI,40.6,51.4,89.4,13.5
2026-04-01,NXPI,105.6,51.4,89.4,13.5
2026-05-01,NXPI,55.2,51.4,89.4,13.5
2026-06-01,NXPI,59.4,51.4,89.4,13.5
2026-07-01,NXPI,69.0,51.4,89.4,13.5
2026-08-01,NXPI,24.5,51.4,89.4,13.5
2026-09-01,NXPI,23.2,51.4,89.4,13.5
2026-10-01,NXPI,248.9,51.4,89.4,13.5
2025-10-01,O,3.7,6.1,13.8,-1.6
2025-11-01,O,2.4,6.1,13.8,-1.6
2025-12-01,O,3.0,6.1,13.8,-1.6
2026-01-01,O,6.0,6.1,13.8,-1.6
2026-02-01,O,7.5,6.1,13.8,-1.6
2026-03-01,O,7.9,6.1,13.8,-1.6
2026-04-01,O,4.3,6.1,13.8,-1.6
2026-05-01,O,3.7,6.1,13.8,-1.6
2026-06-01,O,3.8,6.1,13.8,-1.6
2026-07-01,O,5.4,6.1,13.8,-1.6
2026-08-01,O,3.8,6.1,13.8,-1.6
2026-09-01,O,7.7,6.1,13.8,-1.6
2026-10-01,O,54.4,6.1,13.8,-1.6
2025-10-01,ODFL,13.0,34.4,59.3,9.6
2025-11-01,ODFL,17.4,34.4,59.3,9.6
2025-12-01,ODFL,27.2,34.4,59.3,9.6
2026-01-01,ODFL,25.3,34.4,59.3,9.6
2026-02-01,ODFL,35.4,34.4,59.3,9.6
2026-03-01,ODFL,45.6,34.4,59.3,9.6
2026-04-01,ODFL,39.1,34.4,59.3,9.6
2026-05-01,ODFL,39.2,34.4,59.3,9.6
2026-06-01,ODFL,39.6,34.4,59.3,9.6
2026-07-01,ODFL,33.4,34.4,59.3,9.6
2026-08-01,ODFL,23.7,34.4,59.3,9.6
2026-09-01,ODFL,32.1,34.4,59.3,9.6
2026-10-01,ODFL,182.9,34.4,59.3,9.6
2025-10-01,OEF,22.5,29.4,85.9,-27.2
2025-11-01,OEF,19.9,29.4,85.9,-27.2
2025-12-01,OEF,12.4,29.4,85.9,-27.2
2026-01-01,OEF,12.7,29.4,85.9,-27.2
2026-02-01,OEF,15.4,29.4,85.9,-27.2
2026-03-01,OEF,29.9,29.4,85.9,-27.2
2026-04-01,OEF,40.4,29.4,85.9,-27.2
2026-05-01,OEF,24.8,29.4,85.9,-27.2
2026-06-01,OEF,24.2,29.4,85.9,-27.2
2026-07-01,OEF,15.7,29.4,85.9,-27.2
2026-08-01,OEF,14.7,29.4,85.9,-27.2
2026-09-01,OEF,15.4,29.4,85.9,-27.2
2026-10-01,OEF,390.7,29.4,85.9,-27.2
2025-10-01,OKE,7.7,12.8,25.1,0.6
2025-11-01,OKE,8.9,12.8,25.1,0.6
2025-12-01,OKE,6.2,12.8,25.1,0.6
2026-01-01,OKE,11.0,12.8,25.1,0.6
2026-02-01,OKE,13.7,12.8,25.1,0.6
2026-03-01,OKE,12.5,12.8,25.1,0.6
2026-04-01,OKE,11.3,12.8,25.1,0.6
2026-05-01,OKE,12.5,12.8,25.1,0.6
2026-06-01,OKE,9.1,12.8,25.1,0.6
2026-07-01,OKE,10.4,12.8,25.1,0.6
2026-08-01,OKE,14.4,12.8,25.1,0.6
2026-09-01,OKE,14.7,12.8,25.1,0.6
2026-10-01,OKE,90.1,12.8,25.1,0.6
2025-10-01,OMC,8.7,12.4,23.1,1.6
2025-11-01,OMC,4.7,12.4,23.1,1.6
2025-12-01,OMC,13.4,12.4,23.1,1.6
2026-01-01,OMC,7.0,12.4,23.1,1.6
2026-02-01,OMC,19.6,12.4,23.1,1.6
2026-03-01,OMC,13.6,12.4,23.1,1.6
2026-04-01,OMC,6.8,12.4,23.1,1.6
2026-05-01,OMC,8.5,12.4,23.1,1.6
2026-06-01,OMC,7.8,12.4,23.1,1.6
2026-07-01,OMC,15.0,12.4,23.1,1.6
2026-08-01,OMC,10.8,12.4,23.1,1.6
2026-09-01,OMC,14.0,12.4,23.1,1.6
2026-10-01,OMC,76.6,12.4,23.1,1.6
2025-10-01,ON,10.4,21.5,38.1,4.9
2025-11-01,ON,7.7,21.5,38.1,4.9
2025-12-01,ON,8.4,21.5,38.1,4.9
2026-01-01,ON,11.7,21.5,38.1,4.9
2026-02-01,ON,16.2,21.5,38.1,4.9
2026-03-01,ON,11.5,21.5,38.1,4.9
2026-04-01,ON,42.0,21.5,38.1,4.9
2026-05-01,ON,33.1,21.5,38.1,4.9
2026-06-01,ON,48.5,21.5,38.1,4.9
2026-07-01,ON,23.8,21.5,38.1,4.9
2026-08-01,ON,14.6,21.5,38.1,4.9
2026-09-01,ON,11.9,21.5,38.1,4.9
2026-10-01,ON,86.9,21.5,38.1,4.9
2025-10-01,ORCL,66.3,55.0,80.5,29.4
2025-11-01,ORCL,80.0,55.0,80.5,29.4
2025-12-01,ORCL,48.3,55.0,80.5,29.4
2026-01-01,ORCL,46.3,55.0,80.5,29.4
2026-02-01,ORCL,36.0,55.0,80.5,29.4
2026-03-01,ORCL,34.8,55.0,80.5,29.4
2026-04-01,ORCL,54.6,55.0,80.5,29.4
2026-05-01,ORCL,60.1,55.0,80.5,29.4
2026-06-01,ORCL,105.8,55.0,80.5,29.4
2026-07-01,ORCL,34.6,55.0,80.5,29.4
2026-08-01,ORCL,29.1,55.0,80.5,29.4
2026-09-01,ORCL,39.1,55.0,80.5,29.4
2026-10-01,ORCL,146.9,55.0,80.5,29.4
2025-10-01,ORLY,13.9,12.1,23.8,0.4
2025-11-01,ORLY,11.7,12.1,23.8,0.4
2025-12-01,ORLY,11.8,12.1,23.8,0.4
2026-01-01,ORLY,13.0,12.1,23.8,0.4
2026-02-01,ORLY,9.0,12.1,23.8,0.4
2026-03-01,ORLY,8.9,12.1,23.8,0.4
2026-04-01,ORLY,9.6,12.1,23.8,0.4
2026-05-01,ORLY,14.2,12.1,23.8,0.4
2026-06-01,ORLY,7.8,12.1,23.8,0.4
2026-07-01,ORLY,10.9,12.1,23.8,0.4
2026-08-01,ORLY,6.9,12.1,23.8,0.4
2026-09-01,ORLY,6.4,12.1,23.8,0.4
2026-10-01,ORLY,85.8,12.1,23.8,0.4
2025-10-01,OTIS,5.4,9.0,18.7,-0.7
2025-11-01,OTIS,6.2,9.0,18.7,-0.7
2025-12-01,OTIS,3.6,9.0,18.7,-0.7
2026-01-01,OTIS,7.7,9.0,18.7,-0.7
2026-02-01,OTIS,9.3,9.0,18.7,-0.7
2026-03-01,OTIS,18.9,9.0,18.7,-0.7
2026-04-01,OTIS,7.0,9.0,18.7,-0.7
2026-05-01,OTIS,9.0,9.0,18.7,-0.7
2026-06-01,OTIS,6.1,9.0,18.7,-0.7
2026-07-01,OTIS,6.7,9.0,18.7,-0.7
2026-08-01,OTIS,4.5,9.0,18.7,-0.7
2026-09-01,OTIS,7.4,9.0,18.7,-0.7
2026-10-01,OTIS,66.8,9.0,18.7,-0.7
2025-10-01,OXY,7.9,10.5,18.7,2.2
2025-11-01,OXY,3.7,10.5,18.7,2.2
2025-12-01,OXY,4.4,10.5,18.7,2.2
2026-01-01,OXY,6.6,10.5,18.7,2.2
2026-02-01,OXY,10.0,10.5,18.7,2.2
2026-03-01,OXY,15.4,10.5,18.7,2.2
2026-04-01,OXY,14.1,10.5,18.7,2.2
2026-05-01,OXY,8.3,10.5,18.7,2.2
2026-06-01,OXY,12.0,10.5,18.7,2.2
2026-07-01,OXY,11.2,10.5,18.7,2.2
2026-08-01,OXY,8.5,10.5,18.7,2.2
2026-09-01,OXY,9.0,10.5,18.7,2.2
2026-10-01,OXY,59.3,10.5,18.7,2.2
2025-10-01,PAM,31.2,15.1,27.5,2.7
2025-11-01,PAM,9.5,15.1,27.5,2.7
2025-12-01,PAM,8.2,15.1,27.5,2.7
2026-01-01,PAM,13.1,15.1,27.5,2.7
2026-02-01,PAM,11.4,15.1,27.5,2.7
2026-03-01,PAM,21.0,15.1,27.5,2.7
2026-04-01,PAM,10.2,15.1,27.5,2.7
2026-05-01,PAM,7.9,15.1,27.5,2.7
2026-06-01,PAM,11.6,15.1,27.5,2.7
2026-07-01,PAM,11.1,15.1,27.5,2.7
2026-08-01,PAM,10.0,15.1,27.5,2.7
2026-09-01,PAM,13.8,15.1,27.5,2.7
2026-10-01,PAM,83.0,15.1,27.5,2.7
2025-10-01,PANW,22.7,60.1,124.4,-4.2
2025-11-01,PANW,40.4,60.1,124.4,-4.2
2025-12-01,PANW,16.7,60.1,124.4,-4.2
2026-01-01,PANW,24.9,60.1,124.4,-4.2
2026-02-01,PANW,38.2,60.1,124.4,-4.2
2026-03-01,PANW,28.5,60.1,124.4,-4.2
2026-04-01,PANW,34.7,60.1,124.4,-4.2
2026-05-01,PANW,106.3,60.1,124.4,-4.2
2026-06-01,PANW,91.3,60.1,124.4,-4.2
2026-07-01,PANW,60.3,60.1,124.4,-4.2
2026-08-01,PANW,70.9,60.1,124.4,-4.2
2026-09-01,PANW,83.3,60.1,124.4,-4.2
2026-10-01,PANW,432.3,60.1,124.4,-4.2
2025-10-01,PAYX,13.2,16.4,31.0,1.8
2025-11-01,PAYX,9.0,16.4,31.0,1.8
2025-12-01,PAYX,8.8,16.4,31.0,1.8
2026-01-01,PAYX,14.0,16.4,31.0,1.8
2026-02-01,PAYX,17.0,16.4,31.0,1.8
2026-03-01,PAYX,12.0,16.4,31.0,1.8
2026-04-01,PAYX,10.0,16.4,31.0,1.8
2026-05-01,PAYX,10.6,16.4,31.0,1.8
2026-06-01,PAYX,10.3,16.4,31.0,1.8
2026-07-01,PAYX,24.4,16.4,31.0,1.8
2026-08-01,PAYX,12.8,16.4,31.0,1.8
2026-09-01,PAYX,30.0,16.4,31.0,1.8
2026-10-01,PAYX,101.3,16.4,31.0,1.8
2025-10-01,PBR,1.3,3.4,6.9,-0.1
2025-11-01,PBR,2.0,3.4,6.9,-0.1
2025-12-01,PBR,1.6,3.4,6.9,-0.1
2026-01-01,PBR,4.5,3.4,6.9,-0.1
2026-02-01,PBR,2.4,3.4,6.9,-0.1
2026-03-01,PBR,4.9,3.4,6.9,-0.1
2026-04-01,PBR,3.0,3.4,6.9,-0.1
2026-05-01,PBR,3.7,3.4,6.9,-0.1
2026-06-01,PBR,3.1,3.4,6.9,-0.1
2026-07-01,PBR,3.6,3.4,6.9,-0.1
2026-08-01,PBR,2.0,3.4,6.9,-0.1
2026-09-01,PBR,2.3,3.4,6.9,-0.1
2026-10-01,PBR,24.8,3.4,6.9,-0.1
2025-10-01,PCAR,10.2,16.3,31.4,1.1
2025-11-01,PCAR,11.9,16.3,31.4,1.1
2025-12-01,PCAR,10.8,16.3,31.4,1.1
2026-01-01,PCAR,16.4,16.3,31.4,1.1
2026-02-01,PCAR,10.0,16.3,31.4,1.1
2026-03-01,PCAR,15.7,16.3,31.4,1.1
2026-04-01,PCAR,14.1,16.3,31.4,1.1
2026-05-01,PCAR,11.2,16.3,31.4,1.1
2026-06-01,PCAR,16.3,16.3,31.4,1.1
2026-07-01,PCAR,20.6,16.3,31.4,1.1
2026-08-01,PCAR,13.1,16.3,31.4,1.1
2026-09-01,PCAR,17.0,16.3,31.4,1.1
2026-10-01,PCAR,111.7,16.3,31.4,1.1
2025-10-01,PCG,1.9,2.6,4.6,0.7
2025-11-01,PCG,1.3,2.6,4.6,0.7
2025-12-01,PCG,1.4,2.6,4.6,0.7
2026-01-01,PCG,1.6,2.6,4.6,0.7
2026-02-01,PCG,4.1,2.6,4.6,0.7
2026-03-01,PCG,2.2,2.6,4.6,0.7
2026-04-01,PCG,2.8,2.6,4.6,0.7
2026-05-01,PCG,1.6,2.6,4.6,0.7
2026-06-01,PCG,1.3,2.6,4.6,0.7
2026-07-01,PCG,1.9,2.6,4.6,0.7
2026-08-01,PCG,5.3,2.6,4.6,0.7
2026-09-01,PCG,3.2,2.6,4.6,0.7
2026-10-01,PCG,12.6,2.6,4.6,0.7
2025-10-01,PEG,6.5,7.9,17.9,-2.1
2025-11-01,PEG,4.6,7.9,17.9,-2.1
2025-12-01,PEG,5.3,7.9,17.9,-2.1
2026-01-01,PEG,5.2,7.9,17.9,-2.1
2026-02-01,PEG,8.1,7.9,17.9,-2.1
2026-03-01,PEG,7.2,7.9,17.9,-2.1
2026-04-01,PEG,6.5,7.9,17.9,-2.1
2026-05-01,PEG,6.1,7.9,17.9,-2.1
2026-06-01,PEG,7.2,7.9,17.9,-2.1
2026-07-01,PEG,6.0,7.9,17.9,-2.1
2026-08-01,PEG,4.8,7.9,17.9,-2.1
2026-09-01,PEG,8.5,7.9,17.9,-2.1
2026-10-01,PEG,71.9,7.9,17.9,-2.1
2025-10-01,PEP,16.6,16.7,34.3,-0.9
2025-11-01,PEP,8.6,16.7,34.3,-0.9
2025-12-01,PEP,9.4,16.7,34.3,-0.9
2026-01-01,PEP,17.9,16.7,34.3,-0.9
2026-02-01,PEP,18.3,16.7,34.3,-0.9
2026-03-01,PEP,20.5,16.7,34.3,-0.9
2026-04-01,PEP,8.3,16.7,34.3,-0.9
2026-05-01,PEP,16.5,16.7,34.3,-0.9
2026-06-01,PEP,12.7,16.7,34.3,-0.9
2026-07-01,PEP,15.3,16.7,34.3,-0.9
2026-08-01,PEP,9.2,16.7,34.3,-0.9
2026-09-01,PEP,15.3,16.7,34.3,-0.9
2026-10-01,PEP,127.3,16.7,34.3,-0.9
2025-10-01,PFE,3.5,3.1,7.1,-0.9
2025-11-01,PFE,2.6,3.1,7.1,-0.9
2025-12-01,PFE,1.8,3.1,7.1,-0.9
2026-01-01,PFE,2.0,3.1,7.1,-0.9
2026-02-01,PFE,2.7,3.1,7.1,-0.9
2026-03-01,PFE,2.1,3.1,7.1,-0.9
2026-04-01,PFE,2.6,3.1,7.1,-0.9
2026-05-01,PFE,1.6,3.1,7.1,-0.9
2026-06-01,PFE,2.9,3.1,7.1,-0.9
2026-07-01,PFE,2.0,3.1,7.1,-0.9
2026-08-01,PFE,4.0,3.1,7.1,-0.9
2026-09-01,PFE,2.0,3.1,7.1,-0.9
2026-10-01,PFE,28.6,3.1,7.1,-0.9
2025-10-01,PFF,0.7,1.6,6.0,-2.7
2025-11-01,PFF,1.0,1.6,6.0,-2.7
2025-12-01,PFF,0.6,1.6,6.0,-2.7
2026-01-01,PFF,1.0,1.6,6.0,-2.7
2026-02-01,PFF,0.7,1.6,6.0,-2.7
2026-03-01,PFF,1.4,1.6,6.0,-2.7
2026-04-01,PFF,1.4,1.6,6.0,-2.7
2026-05-01,PFF,0.9,1.6,6.0,-2.7
2026-06-01,PFF,1.3,1.6,6.0,-2.7
2026-07-01,PFF,0.7,1.6,6.0,-2.7
2026-08-01,PFF,0.7,1.6,6.0,-2.7
2026-09-01,PFF,1.1,1.6,6.0,-2.7
2026-10-01,PFF,29.8,1.6,6.0,-2.7
2025-10-01,PFG,7.2,11.6,27.5,-4.2
2025-11-01,PFG,6.1,11.6,27.5,-4.2
2025-12-01,PFG,8.6,11.6,27.5,-4.2
2026-01-01,PFG,8.3,11.6,27.5,-4.2
2026-02-01,PFG,8.6,11.6,27.5,-4.2
2026-03-01,PFG,12.4,11.6,27.5,-4.2
2026-04-01,PFG,13.3,11.6,27.5,-4.2
2026-05-01,PFG,6.4,11.6,27.5,-4.2
2026-06-01,PFG,11.6,11.6,27.5,-4.2
2026-07-01,PFG,8.7,11.6,27.5,-4.2
2026-08-01,PFG,6.6,11.6,27.5,-4.2
2026-09-01,PFG,12.5,11.6,27.5,-4.2
2026-10-01,PFG,112.7,11.6,27.5,-4.2
2025-10-01,PG,10.4,15.5,36.8,-5.8
2025-11-01,PG,7.4,15.5,36.8,-5.8
2025-12-01,PG,10.8,15.5,36.8,-5.8
2026-01-01,PG,14.4,15.5,36.8,-5.8
2026-02-01,PG,16.0,15.5,36.8,-5.8
2026-03-01,PG,24.5,15.5,36.8,-5.8
2026-04-01,PG,11.7,15.5,36.8,-5.8
2026-05-01,PG,9.2,15.5,36.8,-5.8
2026-06-01,PG,14.5,15.5,36.8,-5.8
2026-07-01,PG,14.1,15.5,36.8,-5.8
2026-08-01,PG,6.4,15.5,36.8,-5.8
2026-09-01,PG,7.6,15.5,36.8,-5.8
2026-10-01,PG,149.7,15.5,36.8,-5.8
2025-10-01,PGR,42.6,29.3,59.2,-0.5
2025-11-01,PGR,30.2,29.3,59.2,-0.5
2025-12-01,PGR,18.6,29.3,59.2,-0.5
2026-01-01,PGR,18.9,29.3,59.2,-0.5
2026-02-01,PGR,16.5,29.3,59.2,-0.5
2026-03-01,PGR,18.6,29.3,59.2,-0.5
2026-04-01,PGR,16.4,29.3,59.2,-0.5
2026-05-01,PGR,17.6,29.3,59.2,-0.5
2026-06-01,PGR,34.8,29.3,59.2,-0.5
2026-07-01,PGR,36.3,29.3,59.2,-0.5
2026-08-01,PGR,21.6,29.3,59.2,-0.5
2026-09-01,PGR,24.5,29.3,59.2,-0.5
2026-10-01,PGR,213.7,29.3,59.2,-0.5
2025-10-01,PH,77.2,126.9,266.7,-12.8
2025-11-01,PH,114.3,126.9,266.7,-12.8
2025-12-01,PH,56.8,126.9,266.7,-12.8
2026-01-01,PH,89.0,126.9,266.7,-12.8
2026-02-01,PH,101.6,126.9,266.7,-12.8
2026-03-01,PH,156.6,126.9,266.7,-12.8
2026-04-01,PH,149.0,126.9,266.7,-12.8
2026-05-01,PH,72.8,126.9,266.7,-12.8
2026-06-01,PH,188.8,126.9,266.7,-12.8
2026-07-01,PH,71.4,126.9,266.7,-12.8
2026-08-01,PH,127.5,126.9,266.7,-12.8
2026-09-01,PH,72.5,126.9,266.7,-12.8
2026-10-01,PH,992.0,126.9,266.7,-12.8
2025-10-01,PHM,23.2,20.1,36.1,4.0
2025-11-01,PHM,16.3,20.1,36.1,4.0
2025-12-01,PHM,15.2,20.1,36.1,4.0
2026-01-01,PHM,18.5,20.1,36.1,4.0
2026-02-01,PHM,20.8,20.1,36.1,4.0
2026-03-01,PHM,22.2,20.1,36.1,4.0
2026-04-01,PHM,19.4,20.1,36.1,4.0
2026-05-01,PHM,15.1,20.1,36.1,4.0
2026-06-01,PHM,25.1,20.1,36.1,4.0
2026-07-01,PHM,16.2,20.1,36.1,4.0
2026-08-01,PHM,8.0,20.1,36.1,4.0
2026-09-01,PHM,12.2,20.1,36.1,4.0
2026-10-01,PHM,119.1,20.1,36.1,4.0
2025-10-01,PKG,25.5,30.6,62.4,-1.3
2025-11-01,PKG,14.2,30.6,62.4,-1.3
2025-12-01,PKG,18.1,30.6,62.4,-1.3
2026-01-01,PKG,26.5,30.6,62.4,-1.3
2026-02-01,PKG,31.0,30.6,62.4,-1.3
2026-03-01,PKG,32.6,30.6,62.4,-1.3
2026-04-01,PKG,23.0,30.6,62.4,-1.3
2026-05-01,PKG,28.3,30.6,62.4,-1.3
2026-06-01,PKG,29.3,30.6,62.4,-1.3
2026-07-01,PKG,36.1,30.6,62.4,-1.3
2026-08-01,PKG,26.2,30.6,62.4,-1.3
2026-09-01,PKG,17.3,30.6,62.4,-1.3
2026-10-01,PKG,232.4,30.6,62.4,-1.3
2025-10-01,PLD,16.5,14.9,33.1,-3.3
2025-11-01,PLD,7.9,14.9,33.1,-3.3
2025-12-01,PLD,5.1,14.9,33.1,-3.3
2026-01-01,PLD,9.5,14.9,33.1,-3.3
2026-02-01,PLD,14.4,14.9,33.1,-3.3
2026-03-01,PLD,15.7,14.9,33.1,-3.3
2026-04-01,PLD,14.6,14.9,33.1,-3.3
2026-05-01,PLD,9.9,14.9,33.1,-3.3
2026-06-01,PLD,15.0,14.9,33.1,-3.3
2026-07-01,PLD,18.3,14.9,33.1,-3.3
2026-08-01,PLD,7.7,14.9,33.1,-3.3
2026-09-01,PLD,10.4,14.9,33.1,-3.3
2026-10-01,PLD,129.8,14.9,33.1,-3.3
2025-10-01,PLTR,34.8,42.8,69.8,15.7
2025-11-01,PLTR,60.0,42.8,69.8,15.7
2025-12-01,PLTR,35.8,42.8,69.8,15.7
2026-01-01,PLTR,42.1,42.8,69.8,15.7
2026-02-01,PLTR,38.9,42.8,69.8,15.7
2026-03-01,PLTR,26.1,42.8,69.8,15.7
2026-04-01,PLTR,33.6,42.8,69.8,15.7
2026-05-01,PLTR,29.0,42.8,69.8,15.7
2026-06-01,PLTR,57.3,42.8,69.8,15.7
2026-07-01,PLTR,21.0,42.8,69.8,15.7
2026-08-01,PLTR,64.7,42.8,69.8,15.7
2026-09-01,PLTR,30.1,42.8,69.8,15.7
2026-10-01,PLTR,194.8,42.8,69.8,15.7
2025-10-01,PM,21.7,24.5,51.3,-2.3
2025-11-01,PM,16.1,24.5,51.3,-2.3
2025-12-01,PM,17.4,24.5,51.3,-2.3
2026-01-01,PM,27.3,24.5,51.3,-2.3
2026-02-01,PM,14.5,24.5,51.3,-2.3
2026-03-01,PM,25.7,24.5,51.3,-2.3
2026-04-01,PM,19.3,24.5,51.3,-2.3
2026-05-01,PM,27.5,24.5,51.3,-2.3
2026-06-01,PM,16.2,24.5,51.3,-2.3
2026-07-01,PM,32.0,24.5,51.3,-2.3
2026-08-01,PM,12.6,24.5,51.3,-2.3
2026-09-01,PM,14.5,24.5,51.3,-2.3
2026-10-01,PM,193.1,24.5,51.3,-2.3
2025-10-01,PNC,25.1,27.3,58.2,-3.7
2025-11-01,PNC,17.0,27.3,58.2,-3.7
2025-12-01,PNC,24.6,27.3,58.2,-3.7
2026-01-01,PNC,19.4,27.3,58.2,-3.7
2026-02-01,PNC,33.6,27.3,58.2,-3.7
2026-03-01,PNC,18.6,27.3,58.2,-3.7
2026-04-01,PNC,25.0,27.3,58.2,-3.7
2026-05-01,PNC,16.3,27.3,58.2,-3.7
2026-06-01,PNC,33.8,27.3,58.2,-3.7
2026-07-01,PNC,11.6,27.3,58.2,-3.7
2026-08-01,PNC,19.8,27.3,58.2,-3.7
2026-09-01,PNC,27.0,27.3,58.2,-3.7
2026-10-01,PNC,222.8,27.3,58.2,-3.7
2025-10-01,PNR,10.1,12.7,20.1,5.3
2025-11-01,PNR,9.0,12.7,20.1,5.3
2025-12-01,PNR,6.4,12.7,20.1,5.3
2026-01-01,PNR,10.0,12.7,20.1,5.3
2026-02-01,PNR,14.7,12.7,20.1,5.3
2026-03-01,PNR,15.3,12.7,20.1,5.3
2026-04-01,PNR,14.7,12.7,20.1,5.3
2026-05-01,PNR,11.4,12.7,20.1,5.3
2026-06-01,PNR,7.8,12.7,20.1,5.3
2026-07-01,PNR,20.4,12.7,20.1,5.3
2026-08-01,PNR,11.4,12.7,20.1,5.3
2026-09-01,PNR,9.3,12.7,20.1,5.3
2026-10-01,PNR,53.8,12.7,20.1,5.3
2025-10-01,PNW,7.2,9.6,23.5,-4.3
2025-11-01,PNW,4.2,9.6,23.5,-4.3
2025-12-01,PNW,4.3,9.6,23.5,-4.3
2026-01-01,PNW,8.7,9.6,23.5,-4.3
2026-02-01,PNW,9.9,9.6,23.5,-4.3
2026-03-01,PNW,7.2,9.6,23.5,-4.3
2026-04-01,PNW,5.0,9.6,23.5,-4.3
2026-05-01,PNW,6.9,9.6,23.5,-4.3
2026-06-01,PNW,11.1,9.6,23.5,-4.3
2026-07-01,PNW,10.9,9.6,23.5,-4.3
2026-08-01,PNW,6.3,9.6,23.5,-4.3
2026-09-01,PNW,8.6,9.6,23.5,-4.3
2026-10-01,PNW,98.2,9.6,23.5,-4.3
2025-10-01,PODD,47.2,42.3,61.7,23.0
2025-11-01,PODD,64.7,42.3,61.7,23.0
2025-12-01,PODD,40.9,42.3,61.7,23.0
2026-01-01,PODD,46.8,42.3,61.7,23.0
2026-02-01,PODD,38.1,42.3,61.7,23.0
2026-03-01,PODD,44.1,42.3,61.7,23.0
2026-04-01,PODD,54.4,42.3,61.7,23.0
2026-05-01,PODD,37.4,42.3,61.7,23.0
2026-06-01,PODD,22.6,42.3,61.7,23.0
2026-07-01,PODD,20.1,42.3,61.7,23.0
2026-08-01,PODD,45.7,42.3,61.7,23.0
2026-09-01,PODD,21.4,42.3,61.7,23.0
2026-10-01,PODD,136.2,42.3,61.7,23.0
2025-10-01,POWA,4.2,6.2,19.0,-6.6
2025-11-01,POWA,4.3,6.2,19.0,-6.6
2025-12-01,POWA,2.0,6.2,19.0,-6.6
2026-01-01,POWA,4.5,6.2,19.0,-6.6
2026-02-01,POWA,2.2,6.2,19.0,-6.6
2026-03-01,POWA,8.7,6.2,19.0,-6.6
2026-04-01,POWA,4.8,6.2,19.0,-6.6
2026-05-01,POWA,3.6,6.2,19.0,-6.6
2026-06-01,POWA,2.7,6.2,19.0,-6.6
2026-07-01,POWA,4.8,6.2,19.0,-6.6
2026-08-01,POWA,3.8,6.2,19.0,-6.6
2026-09-01,POWA,4.5,6.2,19.0,-6.6
2026-10-01,POWA,88.1,6.2,19.0,-6.6
2025-10-01,PPG,10.2,16.0,31.0,1.1
2025-11-01,PPG,7.4,16.0,31.0,1.1
2025-12-01,PPG,7.3,16.0,31.0,1.1
2026-01-01,PPG,15.5,16.0,31.0,1.1
2026-02-01,PPG,17.5,16.0,31.0,1.1
2026-03-01,PPG,24.8,16.0,31.0,1.1
2026-04-01,PPG,18.2,16.0,31.0,1.1
2026-05-01,PPG,14.4,16.0,31.0,1.1
2026-06-01,PPG,16.6,16.0,31.0,1.1
2026-07-01,PPG,15.9,16.0,31.0,1.1
2026-08-01,PPG,8.7,16.0,31.0,1.1
2026-09-01,PPG,9.9,16.0,31.0,1.1
2026-10-01,PPG,106.9,16.0,31.0,1.1
2025-10-01,PPL,2.0,3.6,8.3,-1.1
2025-11-01,PPL,1.9,3.6,8.3,-1.1
2025-12-01,PPL,3.6,3.6,8.3,-1.1
2026-01-01,PPL,2.9,3.6,8.3,-1.1
2026-02-01,PPL,3.9,3.6,8.3,-1.1
2026-03-01,PPL,2.6,3.6,8.3,-1.1
2026-04-01,PPL,3.0,3.6,8.3,-1.1
2026-05-01,PPL,3.5,3.6,8.3,-1.1
2026-06-01,PPL,2.9,3.6,8.3,-1.1
2026-07-01,PPL,2.0,3.6,8.3,-1.1
2026-08-01,PPL,2.8,3.6,8.3,-1.1
2026-09-01,PPL,4.0,3.6,8.3,-1.1
2026-10-01,PPL,33.7,3.6,8.3,-1.1
2025-10-01,PPLT,2.0,3.8,6.6,1.0
2025-11-01,PPLT,1.6,3.8,6.6,1.0
2025-12-01,PPLT,7.9,3.8,6.6,1.0
2026-01-01,PPLT,7.9,3.8,6.6,1.0
2026-02-01,PPLT,3.5,3.8,6.6,1.0
2026-03-01,PPLT,4.6,3.8,6.6,1.0
2026-04-01,PPLT,2.5,3.8,6.6,1.0
2026-05-01,PPLT,3.0,3.8,6.6,1.0
2026-06-01,PPLT,3.6,3.8,6.6,1.0
2026-07-01,PPLT,1.2,3.8,6.6,1.0
2026-08-01,PPLT,2.7,3.8,6.6,1.0
2026-09-01,PPLT,2.2,3.8,6.6,1.0
2026-10-01,PPLT,15.7,3.8,6.6,1.0
2025-10-01,PRU,5.9,13.1,29.2,-3.1
2025-11-01,PRU,7.8,13.1,29.2,-3.1
2025-12-01,PRU,11.1,13.1,29.2,-3.1
2026-01-01,PRU,13.1,13.1,29.2,-3.1
2026-02-01,PRU,15.0,13.1,29.2,-3.1
2026-03-01,PRU,8.6,13.1,29.2,-3.1
2026-04-01,PRU,10.2,13.1,29.2,-3.1
2026-05-01,PRU,7.9,13.1,29.2,-3.1
2026-06-01,PRU,11.3,13.1,29.2,-3.1
2026-07-01,PRU,16.5,13.1,29.2,-3.1
2026-08-01,PRU,10.1,13.1,29.2,-3.1
2026-09-01,PRU,10.1,13.1,29.2,-3.1
2026-10-01,PRU,115.5,13.1,29.2,-3.1
2025-10-01,PSA,37.8,38.7,78.6,-1.2
2025-11-01,PSA,17.1,38.7,78.6,-1.2
2025-12-01,PSA,22.0,38.7,78.6,-1.2
2026-01-01,PSA,39.2,38.7,78.6,-1.2
2026-02-01,PSA,38.5,38.7,78.6,-1.2
2026-03-01,PSA,49.9,38.7,78.6,-1.2
2026-04-01,PSA,43.9,38.7,78.6,-1.2
2026-05-01,PSA,23.9,38.7,78.6,-1.2
2026-06-01,PSA,36.9,38.7,78.6,-1.2
2026-07-01,PSA,28.0,38.7,78.6,-1.2
2026-08-01,PSA,25.4,38.7,78.6,-1.2
2026-09-01,PSA,28.6,38.7,78.6,-1.2
2026-10-01,PSA,288.9,38.7,78.6,-1.2
2025-10-01,PSX,14.6,32.6,71.4,-6.2
2025-11-01,PSX,12.6,32.6,71.4,-6.2
2025-12-01,PSX,17.8,32.6,71.4,-6.2
2026-01-01,PSX,19.2,32.6,71.4,-6.2
2026-02-01,PSX,23.6,32.6,71.4,-6.2
2026-03-01,PSX,34.8,32.6,71.4,-6.2
2026-04-01,PSX,27.7,32.6,71.4,-6.2
2026-05-01,PSX,19.3,32.6,71.4,-6.2
2026-06-01,PSX,23.9,32.6,71.4,-6.2
2026-07-01,PSX,46.4,32.6,71.4,-6.2
2026-08-01,PSX,50.4,32.6,71.4,-6.2
2026-09-01,PSX,30.0,32.6,71.4,-6.2
2026-10-01,PSX,271.8,32.6,71.4,-6.2
2025-10-01,PTC,10.8,27.4,54.9,-0.1
2025-11-01,PTC,29.4,27.4,54.9,-0.1
2025-12-01,PTC,9.4,27.4,54.9,-0.1
2026-01-01,PTC,24.5,27.4,54.9,-0.1
2026-02-01,PTC,16.2,27.4,54.9,-0.1
2026-03-01,PTC,31.1,27.4,54.9,-0.1
2026-04-01,PTC,17.1,27.4,54.9,-0.1
2026-05-01,PTC,21.2,27.4,54.9,-0.1
2026-06-01,PTC,38.5,27.4,54.9,-0.1
2026-07-01,PTC,31.7,27.4,54.9,-0.1
2026-08-01,PTC,22.2,27.4,54.9,-0.1
2026-09-01,PTC,28.9,27.4,54.9,-0.1
2026-10-01,PTC,196.1,27.4,54.9,-0.1
2025-10-01,PWR,64.9,112.0,214.4,9.7
2025-11-01,PWR,53.3,112.0,214.4,9.7
2025-12-01,PWR,61.4,112.0,214.4,9.7
2026-01-01,PWR,80.7,112.0,214.4,9.7
2026-02-01,PWR,122.8,112.0,214.4,9.7
2026-03-01,PWR,61.7,112.0,214.4,9.7
2026-04-01,PWR,181.9,112.0,214.4,9.7
2026-05-01,PWR,98.0,112.0,214.4,9.7
2026-06-01,PWR,100.6,112.0,214.4,9.7
2026-07-01,PWR,155.0,112.0,214.4,9.7
2026-08-01,PWR,124.4,112.0,214.4,9.7
2026-09-01,PWR,66.2,112.0,214.4,9.7
2026-10-01,PWR,722.2,112.0,214.4,9.7
2025-10-01,PYPL,13.8,10.6,18.4,2.8
2025-11-01,PYPL,12.4,10.6,18.4,2.8
2025-12-01,PYPL,5.6,10.6,18.4,2.8
2026-01-01,PYPL,8.1,10.6,18.4,2.8
2026-02-01,PYPL,15.0,10.6,18.4,2.8
2026-03-01,PYPL,4.6,10.6,18.4,2.8
2026-04-01,PYPL,8.6,10.6,18.4,2.8
2026-05-01,PYPL,8.1,10.6,18.4,2.8
2026-06-01,PYPL,5.8,10.6,18.4,2.8
2026-07-01,PYPL,15.9,10.6,18.4,2.8
2026-08-01,PYPL,10.8,10.6,18.4,2.8
2026-09-01,PYPL,6.2,10.6,18.4,2.8
2026-10-01,PYPL,54.9,10.6,18.4,2.8
2025-10-01,Q,33.0,32.7,51.9,13.4
2025-11-01,Q,32.6,32.7,51.9,13.4
2025-12-01,Q,12.3,32.7,51.9,13.4
2026-01-01,Q,26.2,32.7,51.9,13.4
2026-02-01,Q,47.9,32.7,51.9,13.4
2026-03-01,Q,20.7,32.7,51.9,13.4
2026-04-01,Q,34.1,32.7,51.9,13.4
2026-05-01,Q,33.0,32.7,51.9,13.4
2026-06-01,Q,42.1,32.7,51.9,13.4
2026-07-01,Q,40.0,32.7,51.9,13.4
2026-08-01,Q,27.8,32.7,51.9,13.4
2026-09-01,Q,16.0,32.7,51.9,13.4
2026-10-01,Q,133.9,32.7,51.9,13.4
2025-10-01,QAT,0.4,1.4,3.7,-0.9
2025-11-01,QAT,1.1,1.4,3.7,-0.9
2025-12-01,QAT,0.7,1.4,3.7,-0.9
2026-01-01,QAT,1.3,1.4,3.7,-0.9
2026-02-01,QAT,0.8,1.4,3.7,-0.9
2026-03-01,QAT,1.4,1.4,3.7,-0.9
2026-04-01,QAT,1.1,1.4,3.7,-0.9
2026-05-01,QAT,1.3,1.4,3.7,-0.9
2026-06-01,QAT,1.1,1.4,3.7,-0.9
2026-07-01,QAT,1.2,1.4,3.7,-0.9
2026-08-01,QAT,0.9,1.4,3.7,-0.9
2026-09-01,QAT,1.2,1.4,3.7,-0.9
2026-10-01,QAT,16.4,1.4,3.7,-0.9
2025-10-01,QCOM,52.6,46.8,78.7,15.0
2025-11-01,QCOM,24.6,46.8,78.7,15.0
2025-12-01,QCOM,17.9,46.8,78.7,15.0
2026-01-01,QCOM,34.7,46.8,78.7,15.0
2026-02-01,QCOM,20.9,46.8,78.7,15.0
2026-03-01,QCOM,16.2,46.8,78.7,15.0
2026-04-01,QCOM,64.9,46.8,78.7,15.0
2026-05-01,QCOM,95.1,46.8,78.7,15.0
2026-06-01,QCOM,71.6,46.8,78.7,15.0
2026-07-01,QCOM,50.1,46.8,78.7,15.0
2026-08-01,QCOM,28.5,46.8,78.7,15.0
2026-09-01,QCOM,43.6,46.8,78.7,15.0
2026-10-01,QCOM,189.0,46.8,78.7,15.0
2025-10-01,QQQ,48.0,71.3,180.0,-37.4
2025-11-01,QQQ,55.1,71.3,180.0,-37.4
2025-12-01,QQQ,28.9,71.3,180.0,-37.4
2026-01-01,QQQ,29.6,71.3,180.0,-37.4
2026-02-01,QQQ,36.6,71.3,180.0,-37.4
2026-03-01,QQQ,57.7,71.3,180.0,-37.4
2026-04-01,QQQ,97.0,71.3,180.0,-37.4
2026-05-01,QQQ,72.8,71.3,180.0,-37.4
2026-06-01,QQQ,62.3,71.3,180.0,-37.4
2026-07-01,QQQ,70.8,71.3,180.0,-37.4
2026-08-01,QQQ,48.8,71.3,180.0,-37.4
2026-09-01,QQQ,48.4,71.3,180.0,-37.4
2026-10-01,QQQ,762.9,71.3,180.0,-37.4
2025-10-01,QUAL,9.2,14.8,48.0,-18.3
2025-11-01,QUAL,9.0,14.8,48.0,-18.3
2025-12-01,QUAL,5.3,14.8,48.0,-18.3
2026-01-01,QUAL,7.3,14.8,48.0,-18.3
2026-02-01,QUAL,6.8,14.8,48.0,-18.3
2026-03-01,QUAL,19.4,14.8,48.0,-18.3
2026-04-01,QUAL,17.4,14.8,48.0,-18.3
2026-05-01,QUAL,11.1,14.8,48.0,-18.3
2026-06-01,QUAL,9.6,14.8,48.0,-18.3
2026-07-01,QUAL,6.0,14.8,48.0,-18.3
2026-08-01,QUAL,7.4,14.8,48.0,-18.3
2026-09-01,QUAL,8.1,14.8,48.0,-18.3
2026-10-01,QUAL,227.0,14.8,48.0,-18.3
2025-10-01,RCL,47.7,62.7,99.5,25.9
2025-11-01,RCL,42.6,62.7,99.5,25.9
2025-12-01,RCL,58.9,62.7,99.5,25.9
2026-01-01,RCL,87.2,62.7,99.5,25.9
2026-02-01,RCL,56.0,62.7,99.5,25.9
2026-03-01,RCL,50.2,62.7,99.5,25.9
2026-04-01,RCL,54.0,62.7,99.5,25.9
2026-05-01,RCL,56.8,62.7,99.5,25.9
2026-06-01,RCL,67.4,62.7,99.5,25.9
2026-07-01,RCL,51.1,62.7,99.5,25.9
2026-08-01,RCL,66.6,62.7,99.5,25.9
2026-09-01,RCL,49.8,62.7,99.5,25.9
2026-10-01,RCL,289.2,62.7,99.5,25.9
2025-10-01,RDDT,42.0,48.3,71.2,25.5
2025-11-01,RDDT,47.2,48.3,71.2,25.5
2025-12-01,RDDT,34.7,48.3,71.2,25.5
2026-01-01,RDDT,83.5,48.3,71.2,25.5
2026-02-01,RDDT,56.7,48.3,71.2,25.5
2026-03-01,RDDT,34.5,48.3,71.2,25.5
2026-04-01,RDDT,40.1,48.3,71.2,25.5
2026-05-01,RDDT,37.6,48.3,71.2,25.5
2026-06-01,RDDT,34.7,48.3,71.2,25.5
2026-07-01,RDDT,72.8,48.3,71.2,25.5
2026-08-01,RDDT,44.2,48.3,71.2,25.5
2026-09-01,RDDT,24.9,48.3,71.2,25.5
2026-10-01,RDDT,152.9,48.3,71.2,25.5
2025-10-01,REG,5.0,7.0,17.2,-3.2
2025-11-01,REG,4.6,7.0,17.2,-3.2
2025-12-01,REG,4.5,7.0,17.2,-3.2
2026-01-01,REG,5.7,7.0,17.2,-3.2
2026-02-01,REG,7.4,7.0,17.2,-3.2
2026-03-01,REG,6.0,7.0,17.2,-3.2
2026-04-01,REG,6.3,7.0,17.2,-3.2
2026-05-01,REG,3.7,7.0,17.2,-3.2
2026-06-01,REG,6.3,7.0,17.2,-3.2
2026-07-01,REG,4.8,7.0,17.2,-3.2
2026-08-01,REG,6.2,7.0,17.2,-3.2
2026-09-01,REG,4.7,7.0,17.2,-3.2
2026-10-01,REG,72.5,7.0,17.2,-3.2
2025-10-01,REGN,123.0,122.4,228.0,16.7
2025-11-01,REGN,165.8,122.4,228.0,16.7
2025-12-01,REGN,100.9,122.4,228.0,16.7
2026-01-01,REGN,102.7,122.4,228.0,16.7
2026-02-01,REGN,83.5,122.4,228.0,16.7
2026-03-01,REGN,66.9,122.4,228.0,16.7
2026-04-01,REGN,112.4,122.4,228.0,16.7
2026-05-01,REGN,120.8,122.4,228.0,16.7
2026-06-01,REGN,49.3,122.4,228.0,16.7
2026-07-01,REGN,140.9,122.4,228.0,16.7
2026-08-01,REGN,100.0,122.4,228.0,16.7
2026-09-01,REGN,117.5,122.4,228.0,16.7
2026-10-01,REGN,777.4,122.4,228.0,16.7
2025-10-01,RF,4.2,3.7,7.4,-0.0
2025-11-01,RF,2.1,3.7,7.4,-0.0
2025-12-01,RF,3.1,3.7,7.4,-0.0
2026-01-01,RF,2.5,3.7,7.4,-0.0
2026-02-01,RF,3.9,3.7,7.4,-0.0
2026-03-01,RF,3.5,3.7,7.4,-0.0
2026-04-01,RF,3.0,3.7,7.4,-0.0
2026-05-01,RF,2.4,3.7,7.4,-0.0
2026-06-01,RF,3.3,3.7,7.4,-0.0
2026-07-01,RF,2.9,3.7,7.4,-0.0
2026-08-01,RF,2.5,3.7,7.4,-0.0
2026-09-01,RF,3.9,3.7,7.4,-0.0
2026-10-01,RF,27.4,3.7,7.4,-0.0
2025-10-01,RIG,1.0,1.3,2.1,0.5
2025-11-01,RIG,0.8,1.3,2.1,0.5
2025-12-01,RIG,0.8,1.3,2.1,0.5
2026-01-01,RIG,1.1,1.3,2.1,0.5
2026-02-01,RIG,2.2,1.3,2.1,0.5
2026-03-01,RIG,1.3,1.3,2.1,0.5
2026-04-01,RIG,1.2,1.3,2.1,0.5
2026-05-01,RIG,1.7,1.3,2.1,0.5
2026-06-01,RIG,1.6,1.3,2.1,0.5
2026-07-01,RIG,0.7,1.3,2.1,0.5
2026-08-01,RIG,1.1,1.3,2.1,0.5
2026-09-01,RIG,1.1,1.3,2.1,0.5
2026-10-01,RIG,5.6,1.3,2.1,0.5
2025-10-01,RJF,16.3,22.1,44.2,-0.0
2025-11-01,RJF,17.3,22.1,44.2,-0.0
2025-12-01,RJF,12.5,22.1,44.2,-0.0
2026-01-01,RJF,15.1,22.1,44.2,-0.0
2026-02-01,RJF,22.7,22.1,44.2,-0.0
2026-03-01,RJF,17.5,22.1,44.2,-0.0
2026-04-01,RJF,19.9,22.1,44.2,-0.0
2026-05-01,RJF,20.0,22.1,44.2,-0.0
2026-06-01,RJF,18.3,22.1,44.2,-0.0
2026-07-01,RJF,26.1,22.1,44.2,-0.0
2026-08-01,RJF,13.8,22.1,44.2,-0.0
2026-09-01,RJF,25.9,22.1,44.2,-0.0
2026-10-01,RJF,162.2,22.1,44.2,-0.0
2025-10-01,RL,33.7,57.3,108.4,6.1
2025-11-01,RL,67.5,57.3,108.4,6.1
2025-12-01,RL,31.4,57.3,108.4,6.1
2026-01-01,RL,27.5,57.3,108.4,6.1
2026-02-01,RL,69.2,57.3,108.4,6.1
2026-03-01,RL,43.7,57.3,108.4,6.1
2026-04-01,RL,53.2,57.3,108.4,6.1
2026-05-01,RL,74.9,57.3,108.4,6.1
2026-06-01,RL,66.6,57.3,108.4,6.1
2026-07-01,RL,38.8,57.3,108.4,6.1
2026-08-01,RL,68.2,57.3,108.4,6.1
2026-09-01,RL,30.2,57.3,108.4,6.1
2026-10-01,RL,368.9,57.3,108.4,6.1
2025-10-01,RMD,45.5,34.1,64.9,3.2
2025-11-01,RMD,16.5,34.1,64.9,3.2
2025-12-01,RMD,22.4,34.1,64.9,3.2
2026-01-01,RMD,24.1,34.1,64.9,3.2
2026-02-01,RMD,32.0,34.1,64.9,3.2
2026-03-01,RMD,41.8,34.1,64.9,3.2
2026-04-01,RMD,24.3,34.1,64.9,3.2
2026-05-01,RMD,23.2,34.1,64.9,3.2
2026-06-01,RMD,22.4,34.1,64.9,3.2
2026-07-01,RMD,32.2,34.1,64.9,3.2
2026-08-01,RMD,39.7,34.1,64.9,3.2
2026-09-01,RMD,26.6,34.1,64.9,3.2
2026-10-01,RMD,225.2,34.1,64.9,3.2
2025-10-01,ROK,42.3,60.4,123.7,-2.9
2025-11-01,ROK,44.7,60.4,123.7,-2.9
2025-12-01,ROK,28.9,60.4,123.7,-2.9
2026-01-01,ROK,39.3,60.4,123.7,-2.9
2026-02-01,ROK,63.0,60.4,123.7,-2.9
2026-03-01,ROK,65.2,60.4,123.7,-2.9
2026-04-01,ROK,64.2,60.4,123.7,-2.9
2026-05-01,ROK,63.2,60.4,123.7,-2.9
2026-06-01,ROK,57.7,60.4,123.7,-2.9
2026-07-01,ROK,43.9,60.4,123.7,-2.9
2026-08-01,ROK,66.8,60.4,123.7,-2.9
2026-09-01,ROK,33.0,60.4,123.7,-2.9
2026-10-01,ROK,460.2,60.4,123.7,-2.9
2025-10-01,ROKU,25.6,23.0,44.7,1.4
2025-11-01,ROKU,20.8,23.0,44.7,1.4
2025-12-01,ROKU,21.9,23.0,44.7,1.4
2026-01-01,ROKU,21.8,23.0,44.7,1.4
2026-02-01,ROKU,19.9,23.0,44.7,1.4
2026-03-01,ROKU,18.2,23.0,44.7,1.4
2026-04-01,ROKU,29.8,23.0,44.7,1.4
2026-05-01,ROKU,18.5,23.0,44.7,1.4
2026-06-01,ROKU,33.9,23.0,44.7,1.4
2026-07-01,ROKU,6.9,23.0,44.7,1.4
2026-08-01,ROKU,14.7,23.0,44.7,1.4
2026-09-01,ROKU,7.3,23.0,44.7,1.4
2026-10-01,ROKU,153.7,23.0,44.7,1.4
2025-10-01,ROL,5.3,7.2,11.6,2.8
2025-11-01,ROL,5.0,7.2,11.6,2.8
2025-12-01,ROL,4.1,7.2,11.6,2.8
2026-01-01,ROL,5.9,7.2,11.6,2.8
2026-02-01,ROL,10.8,7.2,11.6,2.8
2026-03-01,ROL,8.9,7.2,11.6,2.8
2026-04-01,ROL,4.3,7.2,11.6,2.8
2026-05-01,ROL,9.4,7.2,11.6,2.8
2026-06-01,ROL,7.0,7.2,11.6,2.8
2026-07-01,ROL,9.8,7.2,11.6,2.8
2026-08-01,ROL,2.7,7.2,11.6,2.8
2026-09-01,ROL,6.8,7.2,11.6,2.8
2026-10-01,ROL,30.8,7.2,11.6,2.8
2025-10-01,ROP,85.9,60.3,114.5,6.2
2025-11-01,ROP,18.4,60.3,114.5,6.2
2025-12-01,ROP,15.6,60.3,114.5,6.2
2026-01-01,ROP,99.1,60.3,114.5,6.2
2026-02-01,ROP,62.5,60.3,114.5,6.2
2026-03-01,ROP,28.9,60.3,114.5,6.2
2026-04-01,ROP,41.9,60.3,114.5,6.2
2026-05-01,ROP,57.6,60.3,114.5,6.2
2026-06-01,ROP,27.0,60.3,114.5,6.2
2026-07-01,ROP,74.8,60.3,114.5,6.2
2026-08-01,ROP,41.9,60.3,114.5,6.2
2026-09-01,ROP,82.2,60.3,114.5,6.2
2026-10-01,ROP,364.4,60.3,114.5,6.2
2025-10-01,ROST,14.5,28.4,62.1,-5.3
2025-11-01,ROST,20.5,28.4,62.1,-5.3
2025-12-01,ROST,11.0,28.4,62.1,-5.3
2026-01-01,ROST,15.9,28.4,62.1,-5.3
2026-02-01,ROST,18.6,28.4,62.1,-5.3
2026-03-01,ROST,23.4,28.4,62.1,-5.3
2026-04-01,ROST,15.3,28.4,62.1,-5.3
2026-05-01,ROST,29.2,28.4,62.1,-5.3
2026-06-01,ROST,36.9,28.4,62.1,-5.3
2026-07-01,ROST,46.3,28.4,62.1,-5.3
2026-08-01,ROST,31.4,28.4,62.1,-5.3
2026-09-01,ROST,17.6,28.4,62.1,-5.3
2026-10-01,ROST,236.0,28.4,62.1,-5.3
2025-10-01,RSG,23.8,23.8,53.7,-6.1
2025-11-01,RSG,18.6,23.8,53.7,-6.1
2025-12-01,RSG,12.9,23.8,53.7,-6.1
2026-01-01,RSG,12.1,23.8,53.7,-6.1
2026-02-01,RSG,19.8,23.8,53.7,-6.1
2026-03-01,RSG,22.7,23.8,53.7,-6.1
2026-04-01,RSG,20.7,23.8,53.7,-6.1
2026-05-01,RSG,22.5,23.8,53.7,-6.1
2026-06-01,RSG,19.9,23.8,53.7,-6.1
2026-07-01,RSG,19.9,23.8,53.7,-6.1
2026-08-01,RSG,19.4,23.8,53.7,-6.1
2026-09-01,RSG,17.8,23.8,53.7,-6.1
2026-10-01,RSG,215.7,23.8,53.7,-6.1
2025-10-01,RSP,7.2,14.5,45.5,-16.4
2025-11-01,RSP,9.7,14.5,45.5,-16.4
2025-12-01,RSP,5.9,14.5,45.5,-16.4
2026-01-01,RSP,9.7,14.5,45.5,-16.4
2026-02-01,RSP,8.3,14.5,45.5,-16.4
2026-03-01,RSP,17.9,14.5,45.5,-16.4
2026-04-01,RSP,15.0,14.5,45.5,-16.4
2026-05-01,RSP,8.6,14.5,45.5,-16.4
2026-06-01,RSP,8.6,14.5,45.5,-16.4
2026-07-01,RSP,6.8,14.5,45.5,-16.4
2026-08-01,RSP,7.6,14.5,45.5,-16.4
2026-09-01,RSP,12.3,14.5,45.5,-16.4
2026-10-01,RSP,212.9,14.5,45.5,-16.4
2025-10-01,RTX,25.7,26.5,52.4,0.7
2025-11-01,RTX,11.4,26.5,52.4,0.7
2025-12-01,RTX,21.3,26.5,52.4,0.7
2026-01-01,RTX,23.2,26.5,52.4,0.7
2026-02-01,RTX,14.1,26.5,52.4,0.7
2026-03-01,RTX,28.9,26.5,52.4,0.7
2026-04-01,RTX,33.7,26.5,52.4,0.7
2026-05-01,RTX,10.8,26.5,52.4,0.7
2026-06-01,RTX,21.6,26.5,52.4,0.7
2026-07-01,RTX,32.4,26.5,52.4,0.7
2026-08-01,RTX,19.4,26.5,52.4,0.7
2026-09-01,RTX,26.8,26.5,52.4,0.7
2026-10-01,RTX,186.7,26.5,52.4,0.7
2025-10-01,RUT,147.8,196.2,261.8,130.5
2025-11-01,RUT,199.5,196.2,261.8,130.5
2025-12-01,RUT,131.0,196.2,261.8,130.5
2026-01-01,RUT,253.5,196.2,261.8,130.5
2026-02-01,RUT,137.1,196.2,261.8,130.5
2026-03-01,RUT,253.6,196.2,261.8,130.5
2026-04-01,RUT,349.2,196.2,261.8,130.5
2026-05-01,RUT,219.8,196.2,261.8,130.5
2026-06-01,RUT,238.3,196.2,261.8,130.5
2026-07-01,RUT,144.1,196.2,261.8,130.5
2026-08-01,RUT,134.5,196.2,261.8,130.5
2026-09-01,RUT,182.3,196.2,261.8,130.5
2026-10-01,RUT,89.5,196.2,261.8,130.5
2025-10-01,RVTY,12.9,21.8,45.2,-1.5
2025-11-01,RVTY,18.0,21.8,45.2,-1.5
2025-12-01,RVTY,9.4,21.8,45.2,-1.5
2026-01-01,RVTY,21.7,21.8,45.2,-1.5
2026-02-01,RVTY,15.6,21.8,45.2,-1.5
2026-03-01,RVTY,15.7,21.8,45.2,-1.5
2026-04-01,RVTY,15.9,21.8,45.2,-1.5
2026-05-01,RVTY,20.0,21.8,45.2,-1.5
2026-06-01,RVTY,19.3,21.8,45.2,-1.5
2026-07-01,RVTY,13.6,21.8,45.2,-1.5
2026-08-01,RVTY,22.3,21.8,45.2,-1.5
2026-09-01,RVTY,37.4,21.8,45.2,-1.5
2026-10-01,RVTY,166.3,21.8,45.2,-1.5
2025-10-01,SBAC,14.5,30.2,55.2,5.1
2025-11-01,SBAC,18.5,30.2,55.2,5.1
2025-12-01,SBAC,10.4,30.2,55.2,5.1
2026-01-01,SBAC,14.8,30.2,55.2,5.1
2026-02-01,SBAC,27.2,30.2,55.2,5.1
2026-03-01,SBAC,44.0,30.2,55.2,5.1
2026-04-01,SBAC,54.1,30.2,55.2,5.1
2026-05-01,SBAC,25.6,30.2,55.2,5.1
2026-06-01,SBAC,36.7,30.2,55.2,5.1
2026-07-01,SBAC,21.2,30.2,55.2,5.1
2026-08-01,SBAC,20.4,30.2,55.2,5.1
2026-09-01,SBAC,34.3,30.2,55.2,5.1
2026-10-01,SBAC,170.2,30.2,55.2,5.1
2025-10-01,SBLK,2.2,4.4,8.7,0.1
2025-11-01,SBLK,2.2,4.4,8.7,0.1
2025-12-01,SBLK,3.0,4.4,8.7,0.1
2026-01-01,SBLK,4.2,4.4,8.7,0.1
2026-02-01,SBLK,4.6,4.4,8.7,0.1
2026-03-01,SBLK,5.7,4.4,8.7,0.1
2026-04-01,SBLK,2.3,4.4,8.7,0.1
2026-05-01,SBLK,3.6,4.4,8.7,0.1
2026-06-01,SBLK,4.6,4.4,8.7,0.1
2026-07-01,SBLK,4.6,4.4,8.7,0.1
2026-08-01,SBLK,4.1,4.4,8.7,0.1
2026-09-01,SBLK,3.9,4.4,8.7,0.1
2026-10-01,SBLK,31.0,4.4,8.7,0.1
2025-10-01,SBUX,9.1,14.6,28.0,1.2
2025-11-01,SBUX,11.1,14.6,28.0,1.2
2025-12-01,SBUX,8.6,14.6,28.0,1.2
2026-01-01,SBUX,21.8,14.6,28.0,1.2
2026-02-01,SBUX,10.6,14.6,28.0,1.2
2026-03-01,SBUX,16.8,14.6,28.0,1.2
2026-04-01,SBUX,19.1,14.6,28.0,1.2
2026-05-01,SBUX,10.3,14.6,28.0,1.2
2026-06-01,SBUX,11.3,14.6,28.0,1.2
2026-07-01,SBUX,9.1,14.6,28.0,1.2
2026-08-01,SBUX,8.7,14.6,28.0,1.2
2026-09-01,SBUX,15.1,14.6,28.0,1.2
2026-10-01,SBUX,96.7,14.6,28.0,1.2
2025-10-01,SCHP,0.3,1.0,4.7,-2.8
2025-11-01,SCHP,0.2,1.0,4.7,-2.8
2025-12-01,SCHP,0.4,1.0,4.7,-2.8
2026-01-01,SCHP,0.3,1.0,4.7,-2.8
2026-02-01,SCHP,0.4,1.0,4.7,-2.8
2026-03-01,SCHP,0.5,1.0,4.7,-2.8
2026-04-01,SCHP,0.4,1.0,4.7,-2.8
2026-05-01,SCHP,0.4,1.0,4.7,-2.8
2026-06-01,SCHP,0.3,1.0,4.7,-2.8
2026-07-01,SCHP,0.3,1.0,4.7,-2.8
2026-08-01,SCHP,0.2,1.0,4.7,-2.8
2026-09-01,SCHP,0.8,1.0,4.7,-2.8
2026-10-01,SCHP,25.2,1.0,4.7,-2.8
2025-10-01,SCHW,5.2,12.2,26.0,-1.5
2025-11-01,SCHW,9.2,12.2,26.0,-1.5
2025-12-01,SCHW,10.7,12.2,26.0,-1.5
2026-01-01,SCHW,6.4,12.2,26.0,-1.5
2026-02-01,SCHW,16.2,12.2,26.0,-1.5
2026-03-01,SCHW,6.3,12.2,26.0,-1.5
2026-04-01,SCHW,12.9,12.2,26.0,-1.5
2026-05-01,SCHW,9.5,12.2,26.0,-1.5
2026-06-01,SCHW,9.3,12.2,26.0,-1.5
2026-07-01,SCHW,14.4,12.2,26.0,-1.5
2026-08-01,SCHW,9.5,12.2,26.0,-1.5
2026-09-01,SCHW,13.3,12.2,26.0,-1.5
2026-10-01,SCHW,98.8,12.2,26.0,-1.5
2025-10-01,SD,1.8,2.4,4.3,0.6
2025-11-01,SD,2.9,2.4,4.3,0.6
2025-12-01,SD,1.8,2.4,4.3,0.6
2026-01-01,SD,3.0,2.4,4.3,0.6
2026-02-01,SD,2.8,2.4,4.3,0.6
2026-03-01,SD,2.5,2.4,4.3,0.6
2026-04-01,SD,2.2,2.4,4.3,0.6
2026-05-01,SD,2.1,2.4,4.3,0.6
2026-06-01,SD,2.3,2.4,4.3,0.6
2026-07-01,SD,1.3,2.4,4.3,0.6
2026-08-01,SD,1.6,2.4,4.3,0.6
2026-09-01,SD,1.9,2.4,4.3,0.6
2026-10-01,SD,13.9,2.4,4.3,0.6
2025-10-01,SDY,5.1,10.6,32.1,-11.0
2025-11-01,SDY,5.7,10.6,32.1,-11.0
2025-12-01,SDY,3.8,10.6,32.1,-11.0
2026-01-01,SDY,10.4,10.6,32.1,-11.0
2026-02-01,SDY,7.8,10.6,32.1,-11.0
2026-03-01,SDY,13.1,10.6,32.1,-11.0
2026-04-01,SDY,5.1,10.6,32.1,-11.0
2026-05-01,SDY,4.9,10.6,32.1,-11.0
2026-06-01,SDY,6.3,10.6,32.1,-11.0
2026-07-01,SDY,8.2,10.6,32.1,-11.0
2026-08-01,SDY,6.0,10.6,32.1,-11.0
2026-09-01,SDY,10.7,10.6,32.1,-11.0
2026-10-01,SDY,148.8,10.6,32.1,-11.0
2025-10-01,SHW,40.4,45.4,90.4,0.3
2025-11-01,SHW,30.2,45.4,90.4,0.3
2025-12-01,SHW,25.3,45.4,90.4,0.3
2026-01-01,SHW,39.7,45.4,90.4,0.3
2026-02-01,SHW,24.2,45.4,90.4,0.3
2026-03-01,SHW,55.9,45.4,90.4,0.3
2026-04-01,SHW,40.0,45.4,90.4,0.3
2026-05-01,SHW,34.7,45.4,90.4,0.3
2026-06-01,SHW,56.1,45.4,90.4,0.3
2026-07-01,SHW,56.2,45.4,90.4,0.3
2026-08-01,SHW,34.1,45.4,90.4,0.3
2026-09-01,SHW,23.5,45.4,90.4,0.3
2026-10-01,SHW,326.3,45.4,90.4,0.3
2025-10-01,SHY,0.4,2.3,14.5,-9.9
2025-11-01,SHY,0.4,2.3,14.5,-9.9
2025-12-01,SHY,0.4,2.3,14.5,-9.9
2026-01-01,SHY,0.2,2.3,14.5,-9.9
2026-02-01,SHY,0.5,2.3,14.5,-9.9
2026-03-01,SHY,0.7,2.3,14.5,-9.9
2026-04-01,SHY,0.4,2.3,14.5,-9.9
2026-05-01,SHY,0.4,2.3,14.5,-9.9
2026-06-01,SHY,0.4,2.3,14.5,-9.9
2026-07-01,SHY,0.3,2.3,14.5,-9.9
2026-08-01,SHY,0.4,2.3,14.5,-9.9
2026-09-01,SHY,0.7,2.3,14.5,-9.9
2026-10-01,SHY,81.2,2.3,14.5,-9.9
2025-10-01,SILJ,5.9,8.3,12.8,3.9
2025-11-01,SILJ,5.7,8.3,12.8,3.9
2025-12-01,SILJ,5.2,8.3,12.8,3.9
2026-01-01,SILJ,14.4,8.3,12.8,3.9
2026-02-01,SILJ,9.8,8.3,12.8,3.9
2026-03-01,SILJ,14.3,8.3,12.8,3.9
2026-04-01,SILJ,5.9,8.3,12.8,3.9
2026-05-01,SILJ,6.8,8.3,12.8,3.9
2026-06-01,SILJ,6.8,8.3,12.8,3.9
2026-07-01,SILJ,4.4,8.3,12.8,3.9
2026-08-01,SILJ,9.9,8.3,12.8,3.9
2026-09-01,SILJ,5.7,8.3,12.8,3.9
2026-10-01,SILJ,27.7,8.3,12.8,3.9
2025-10-01,SJM,8.6,16.8,33.4,0.3
2025-11-01,SJM,12.4,16.8,33.4,0.3
2025-12-01,SJM,7.1,16.8,33.4,0.3
2026-01-01,SJM,11.5,16.8,33.4,0.3
2026-02-01,SJM,15.9,16.8,33.4,0.3
2026-03-01,SJM,22.5,16.8,33.4,0.3
2026-04-01,SJM,10.7,16.8,33.4,0.3
2026-05-01,SJM,9.8,16.8,33.4,0.3
2026-06-01,SJM,18.3,16.8,33.4,0.3
2026-07-01,SJM,20.2,16.8,33.4,0.3
2026-08-01,SJM,20.3,16.8,33.4,0.3
2026-09-01,SJM,15.5,16.8,33.4,0.3
2026-10-01,SJM,118.8,16.8,33.4,0.3
2025-10-01,SKYD,4.2,3.2,4.7,1.6
2025-11-01,SKYD,2.5,3.2,4.7,1.6
2025-12-01,SKYD,3.2,3.2,4.7,1.6
2026-01-01,SKYD,2.5,3.2,4.7,1.6
2026-02-01,SKYD,3.9,3.2,4.7,1.6
2026-03-01,SKYD,5.5,3.2,4.7,1.6
2026-04-01,SKYD,3.0,3.2,4.7,1.6
2026-05-01,SKYD,1.5,3.2,4.7,1.6
2026-06-01,SKYD,1.8,3.2,4.7,1.6
2026-07-01,SKYD,2.8,3.2,4.7,1.6
2026-08-01,SKYD,3.3,3.2,4.7,1.6
2026-09-01,SKYD,1.7,3.2,4.7,1.6
2026-10-01,SKYD,10.3,3.2,4.7,1.6
2025-10-01,SLB,5.4,9.6,16.7,2.4
2025-11-01,SLB,3.4,9.6,16.7,2.4
2025-12-01,SLB,5.4,9.6,16.7,2.4
2026-01-01,SLB,13.6,9.6,16.7,2.4
2026-02-01,SLB,5.1,9.6,16.7,2.4
2026-03-01,SLB,11.3,9.6,16.7,2.4
2026-04-01,SLB,8.2,9.6,16.7,2.4
2026-05-01,SLB,6.1,9.6,16.7,2.4
2026-06-01,SLB,12.3,9.6,16.7,2.4
2026-07-01,SLB,8.6,9.6,16.7,2.4
2026-08-01,SLB,12.2,9.6,16.7,2.4
2026-09-01,SLB,11.5,9.6,16.7,2.4
2026-10-01,SLB,50.6,9.6,16.7,2.4
2025-10-01,SLV,7.6,17.2,28.8,5.6
2025-11-01,SLV,8.8,17.2,28.8,5.6
2025-12-01,SLV,20.1,17.2,28.8,5.6
2026-01-01,SLV,45.1,17.2,28.8,5.6
2026-02-01,SLV,20.1,17.2,28.8,5.6
2026-03-01,SLV,22.0,17.2,28.8,5.6
2026-04-01,SLV,12.0,17.2,28.8,5.6
2026-05-01,SLV,15.3,17.2,28.8,5.6
2026-06-01,SLV,18.7,17.2,28.8,5.6
2026-07-01,SLV,6.8,17.2,28.8,5.6
2026-08-01,SLV,13.2,17.2,28.8,5.6
2026-09-01,SLV,7.5,17.2,28.8,5.6
2026-10-01,SLV,55.9,17.2,28.8,5.6
2025-10-01,SM,6.2,7.6,12.8,2.5
2025-11-01,SM,3.0,7.6,12.8,2.5
2025-12-01,SM,2.8,7.6,12.8,2.5
2026-01-01,SM,2.7,7.6,12.8,2.5
2026-02-01,SM,5.7,7.6,12.8,2.5
2026-03-01,SM,9.9,7.6,12.8,2.5
2026-04-01,SM,7.0,7.6,12.8,2.5
2026-05-01,SM,9.1,7.6,12.8,2.5
2026-06-01,SM,9.0,7.6,12.8,2.5
2026-07-01,SM,8.7,7.6,12.8,2.5
2026-08-01,SM,10.1,7.6,12.8,2.5
2026-09-01,SM,9.0,7.6,12.8,2.5
2026-10-01,SM,35.8,7.6,12.8,2.5
2025-10-01,SMCI,11.4,13.4,21.1,5.6
2025-11-01,SMCI,22.0,13.4,21.1,5.6
2025-12-01,SMCI,6.9,13.4,21.1,5.6
2026-01-01,SMCI,5.9,13.4,21.1,5.6
2026-02-01,SMCI,6.3,13.4,21.1,5.6
2026-03-01,SMCI,14.0,13.4,21.1,5.6
2026-04-01,SMCI,8.2,13.4,21.1,5.6
2026-05-01,SMCI,21.5,13.4,21.1,5.6
2026-06-01,SMCI,23.7,13.4,21.1,5.6
2026-07-01,SMCI,9.2,13.4,21.1,5.6
2026-08-01,SMCI,14.9,13.4,21.1,5.6
2026-09-01,SMCI,8.4,13.4,21.1,5.6
2026-10-01,SMCI,44.7,13.4,21.1,5.6
2025-10-01,SMH,48.7,91.6,183.2,0.1
2025-11-01,SMH,54.4,91.6,183.2,0.1
2025-12-01,SMH,37.5,91.6,183.2,0.1
2026-01-01,SMH,51.8,91.6,183.2,0.1
2026-02-01,SMH,53.7,91.6,183.2,0.1
2026-03-01,SMH,47.5,91.6,183.2,0.1
2026-04-01,SMH,132.1,91.6,183.2,0.1
2026-05-01,SMH,111.2,91.6,183.2,0.1
2026-06-01,SMH,117.2,91.6,183.2,0.1
2026-07-01,SMH,136.3,91.6,183.2,0.1
2026-08-01,SMH,75.6,91.6,183.2,0.1
2026-09-01,SMH,75.5,91.6,183.2,0.1
2026-10-01,SMH,639.5,91.6,183.2,0.1
2025-10-01,SNA,31.0,39.6,91.5,-12.3
2025-11-01,SNA,25.2,39.6,91.5,-12.3
2025-12-01,SNA,20.1,39.6,91.5,-12.3
2026-01-01,SNA,32.9,39.6,91.5,-12.3
2026-02-01,SNA,30.0,39.6,91.5,-12.3
2026-03-01,SNA,34.9,39.6,91.5,-12.3
2026-04-01,SNA,41.6,39.6,91.5,-12.3
2026-05-01,SNA,33.3,39.6,91.5,-12.3
2026-06-01,SNA,41.5,39.6,91.5,-12.3
2026-07-01,SNA,28.5,39.6,91.5,-12.3
2026-08-01,SNA,36.8,39.6,91.5,-12.3
2026-09-01,SNA,24.5,39.6,91.5,-12.3
2026-10-01,SNA,372.3,39.6,91.5,-12.3
2025-10-01,SNDK,97.8,480.9,860.4,101.3
2025-11-01,SNDK,101.8,480.9,860.4,101.3
2025-12-01,SNDK,73.8,480.9,860.4,101.3
2026-01-01,SNDK,432.7,480.9,860.4,101.3
2026-02-01,SNDK,184.9,480.9,860.4,101.3
2026-03-01,SNDK,260.6,480.9,860.4,101.3
2026-04-01,SNDK,474.0,480.9,860.4,101.3
2026-05-01,SNDK,660.8,480.9,860.4,101.3
2026-06-01,SNDK,840.0,480.9,860.4,101.3
2026-07-01,SNDK,1131.8,480.9,860.4,101.3
2026-08-01,SNDK,706.7,480.9,860.4,101.3
2026-09-01,SNDK,405.3,480.9,860.4,101.3
2026-10-01,SNDK,1802.0,480.9,860.4,101.3
2025-10-01,SNPS,63.7,86.7,153.9,19.5
2025-11-01,SNPS,76.3,86.7,153.9,19.5
2025-12-01,SNPS,55.4,86.7,153.9,19.5
2026-01-01,SNPS,72.0,86.7,153.9,19.5
2026-02-01,SNPS,66.7,86.7,153.9,19.5
2026-03-01,SNPS,68.2,86.7,153.9,19.5
2026-04-01,SNPS,115.7,86.7,153.9,19.5
2026-05-01,SNPS,70.1,86.7,153.9,19.5
2026-06-01,SNPS,70.2,86.7,153.9,19.5
2026-07-01,SNPS,98.5,86.7,153.9,19.5
2026-08-01,SNPS,79.0,86.7,153.9,19.5
2026-09-01,SNPS,83.4,86.7,153.9,19.5
2026-10-01,SNPS,508.4,86.7,153.9,19.5
2025-10-01,SO,8.0,9.0,20.9,-2.9
2025-11-01,SO,6.9,9.0,20.9,-2.9
2025-12-01,SO,7.0,9.0,20.9,-2.9
2026-01-01,SO,4.3,9.0,20.9,-2.9
2026-02-01,SO,10.1,9.0,20.9,-2.9
2026-03-01,SO,6.4,9.0,20.9,-2.9
2026-04-01,SO,6.9,9.0,20.9,-2.9
2026-05-01,SO,6.1,9.0,20.9,-2.9
2026-06-01,SO,8.5,9.0,20.9,-2.9
2026-07-01,SO,6.1,9.0,20.9,-2.9
2026-08-01,SO,8.1,9.0,20.9,-2.9
2026-09-01,SO,7.7,9.0,20.9,-2.9
2026-10-01,SO,85.5,9.0,20.9,-2.9
2025-10-01,SOLV,7.5,12.9,25.1,0.7
2025-11-01,SOLV,20.7,12.9,25.1,0.7
2025-12-01,SOLV,9.1,12.9,25.1,0.7
2026-01-01,SOLV,10.8,12.9,25.1,0.7
2026-02-01,SOLV,10.5,12.9,25.1,0.7
2026-03-01,SOLV,11.6,12.9,25.1,0.7
2026-04-01,SOLV,9.0,12.9,25.1,0.7
2026-05-01,SOLV,11.6,12.9,25.1,0.7
2026-06-01,SOLV,10.4,12.9,25.1,0.7
2026-07-01,SOLV,13.9,12.9,25.1,0.7
2026-08-01,SOLV,11.5,12.9,25.1,0.7
2026-09-01,SOLV,7.6,12.9,25.1,0.7
2026-10-01,SOLV,89.0,12.9,25.1,0.7
2025-10-01,SOYB,1.8,2.0,6.1,-2.0
2025-11-01,SOYB,1.0,2.0,6.1,-2.0
2025-12-01,SOYB,1.7,2.0,6.1,-2.0
2026-01-01,SOYB,0.9,2.0,6.1,-2.0
2026-02-01,SOYB,1.9,2.0,6.1,-2.0
2026-03-01,SOYB,1.4,2.0,6.1,-2.0
2026-04-01,SOYB,0.6,2.0,6.1,-2.0
2026-05-01,SOYB,0.9,2.0,6.1,-2.0
2026-06-01,SOYB,1.4,2.0,6.1,-2.0
2026-07-01,SOYB,2.0,2.0,6.1,-2.0
2026-08-01,SOYB,2.5,2.0,6.1,-2.0
2026-09-01,SOYB,1.0,2.0,6.1,-2.0
2026-10-01,SOYB,27.8,2.0,6.1,-2.0
2025-10-01,SPG,16.2,22.4,51.1,-6.3
2025-11-01,SPG,13.4,22.4,51.1,-6.3
2025-12-01,SPG,9.8,22.4,51.1,-6.3
2026-01-01,SPG,12.1,22.4,51.1,-6.3
2026-02-01,SPG,18.9,22.4,51.1,-6.3
2026-03-01,SPG,26.6,22.4,51.1,-6.3
2026-04-01,SPG,22.3,22.4,51.1,-6.3
2026-05-01,SPG,10.2,22.4,51.1,-6.3
2026-06-01,SPG,26.4,22.4,51.1,-6.3
2026-07-01,SPG,25.7,22.4,51.1,-6.3
2026-08-01,SPG,20.7,22.4,51.1,-6.3
2026-09-01,SPG,13.4,22.4,51.1,-6.3
2026-10-01,SPG,203.3,22.4,51.1,-6.3
2025-10-01,SPGI,30.3,61.0,121.6,0.5
2025-11-01,SPGI,22.5,61.0,121.6,0.5
2025-12-01,SPGI,47.2,61.0,121.6,0.5
2026-01-01,SPGI,40.9,61.0,121.6,0.5
2026-02-01,SPGI,149.8,61.0,121.6,0.5
2026-03-01,SPGI,49.3,61.0,121.6,0.5
2026-04-01,SPGI,48.0,61.0,121.6,0.5
2026-05-01,SPGI,37.9,61.0,121.6,0.5
2026-06-01,SPGI,43.3,61.0,121.6,0.5
2026-07-01,SPGI,65.0,61.0,121.6,0.5
2026-08-01,SPGI,41.4,61.0,121.6,0.5
2026-09-01,SPGI,66.4,61.0,121.6,0.5
2026-10-01,SPGI,400.8,61.0,121.6,0.5
2025-10-01,SPHB,9.4,17.2,39.4,-5.0
2025-11-01,SPHB,12.4,17.2,39.4,-5.0
2025-12-01,SPHB,9.3,17.2,39.4,-5.0
2026-01-01,SPHB,6.8,17.2,39.4,-5.0
2026-02-01,SPHB,9.8,17.2,39.4,-5.0
2026-03-01,SPHB,13.0,17.2,39.4,-5.0
2026-04-01,SPHB,21.3,17.2,39.4,-5.0
2026-05-01,SPHB,18.3,17.2,39.4,-5.0
2026-06-01,SPHB,18.5,17.2,39.4,-5.0
2026-07-01,SPHB,20.0,17.2,39.4,-5.0
2026-08-01,SPHB,13.6,17.2,39.4,-5.0
2026-09-01,SPHB,13.2,17.2,39.4,-5.0
2026-10-01,SPHB,157.6,17.2,39.4,-5.0
2025-10-01,SPLV,3.3,5.2,15.6,-5.1
2025-11-01,SPLV,3.6,5.2,15.6,-5.1
2025-12-01,SPLV,2.7,5.2,15.6,-5.1
2026-01-01,SPLV,2.9,5.2,15.6,-5.1
2026-02-01,SPLV,4.1,5.2,15.6,-5.1
2026-03-01,SPLV,5.8,5.2,15.6,-5.1
2026-04-01,SPLV,2.3,5.2,15.6,-5.1
2026-05-01,SPLV,2.9,5.2,15.6,-5.1
2026-06-01,SPLV,4.7,5.2,15.6,-5.1
2026-07-01,SPLV,3.9,5.2,15.6,-5.1
2026-08-01,SPLV,2.6,5.2,15.6,-5.1
2026-09-01,SPLV,4.8,5.2,15.6,-5.1
2026-10-01,SPLV,71.8,5.2,15.6,-5.1
2025-10-01,SPX,369.6,363.1,516.5,209.8
2025-11-01,SPX,360.4,363.1,516.5,209.8
2025-12-01,SPX,225.3,363.1,516.5,209.8
2026-01-01,SPX,213.2,363.1,516.5,209.8
2026-02-01,SPX,218.0,363.1,516.5,209.8
2026-03-01,SPX,584.1,363.1,516.5,209.8
2026-04-01,SPX,744.9,363.1,516.5,209.8
2026-05-01,SPX,425.3,363.1,516.5,209.8
2026-06-01,SPX,383.1,363.1,516.5,209.8
2026-07-01,SPX,267.6,363.1,516.5,209.8
2026-08-01,SPX,311.9,363.1,516.5,209.8
2026-09-01,SPX,274.4,363.1,516.5,209.8
2026-10-01,SPX,227.7,363.1,516.5,209.8
2025-10-01,SPY,36.9,54.1,167.9,-59.7
2025-11-01,SPY,35.0,54.1,167.9,-59.7
2025-12-01,SPY,20.5,54.1,167.9,-59.7
2026-01-01,SPY,21.3,54.1,167.9,-59.7
2026-02-01,SPY,21.4,54.1,167.9,-59.7
2026-03-01,SPY,59.3,54.1,167.9,-59.7
2026-04-01,SPY,74.7,54.1,167.9,-59.7
2026-05-01,SPY,43.1,54.1,167.9,-59.7
2026-06-01,SPY,43.8,54.1,167.9,-59.7
2026-07-01,SPY,26.5,54.1,167.9,-59.7
2026-08-01,SPY,30.6,54.1,167.9,-59.7
2026-09-01,SPY,25.5,54.1,167.9,-59.7
2026-10-01,SPY,781.6,54.1,167.9,-59.7
2025-10-01,SRE,7.3,9.9,20.8,-1.1
2025-11-01,SRE,4.9,9.9,20.8,-1.1
2025-12-01,SRE,8.0,9.9,20.8,-1.1
2026-01-01,SRE,8.7,9.9,20.8,-1.1
2026-02-01,SRE,11.8,9.9,20.8,-1.1
2026-03-01,SRE,6.8,9.9,20.8,-1.1
2026-04-01,SRE,8.9,9.9,20.8,-1.1
2026-05-01,SRE,7.5,9.9,20.8,-1.1
2026-06-01,SRE,7.5,9.9,20.8,-1.1
2026-07-01,SRE,7.8,9.9,20.8,-1.1
2026-08-01,SRE,9.4,9.9,20.8,-1.1
2026-09-01,SRE,9.9,9.9,20.8,-1.1
2026-10-01,SRE,80.0,9.9,20.8,-1.1
2025-10-01,STE,17.3,31.2,60.7,1.8
2025-11-01,STE,35.3,31.2,60.7,1.8
2025-12-01,STE,16.8,31.2,60.7,1.8
2026-01-01,STE,22.8,31.2,60.7,1.8
2026-02-01,STE,42.3,31.2,60.7,1.8
2026-03-01,STE,41.4,31.2,60.7,1.8
2026-04-01,STE,17.5,31.2,60.7,1.8
2026-05-01,STE,24.8,31.2,60.7,1.8
2026-06-01,STE,19.0,31.2,60.7,1.8
2026-07-01,STE,28.5,31.2,60.7,1.8
2026-08-01,STE,26.9,31.2,60.7,1.8
2026-09-01,STE,32.8,31.2,60.7,1.8
2026-10-01,STE,213.2,31.2,60.7,1.8
2025-10-01,STIP,0.6,3.0,18.1,-12.0
2025-11-01,STIP,0.5,3.0,18.1,-12.0
2025-12-01,STIP,0.6,3.0,18.1,-12.0
2026-01-01,STIP,0.6,3.0,18.1,-12.0
2026-02-01,STIP,0.7,3.0,18.1,-12.0
2026-03-01,STIP,0.9,3.0,18.1,-12.0
2026-04-01,STIP,1.1,3.0,18.1,-12.0
2026-05-01,STIP,0.6,3.0,18.1,-12.0
2026-06-01,STIP,0.8,3.0,18.1,-12.0
2026-07-01,STIP,0.4,3.0,18.1,-12.0
2026-08-01,STIP,0.5,3.0,18.1,-12.0
2026-09-01,STIP,1.3,3.0,18.1,-12.0
2026-10-01,STIP,100.1,3.0,18.1,-12.0
2025-10-01,STLA,2.0,1.8,2.6,1.0
2025-11-01,STLA,1.7,1.8,2.6,1.0
2025-12-01,STLA,1.7,1.8,2.6,1.0
2026-01-01,STLA,2.2,1.8,2.6,1.0
2026-02-01,STLA,3.4,1.8,2.6,1.0
2026-03-01,STLA,1.4,1.8,2.6,1.0
2026-04-01,STLA,1.7,1.8,2.6,1.0
2026-05-01,STLA,1.4,1.8,2.6,1.0
2026-06-01,STLA,2.3,1.8,2.6,1.0
2026-07-01,STLA,0.9,1.8,2.6,1.0
2026-08-01,STLA,0.9,1.8,2.6,1.0
2026-09-01,STLA,1.2,1.8,2.6,1.0
2026-10-01,STLA,4.7,1.8,2.6,1.0
2025-10-01,STLD,26.6,42.0,76.9,7.1
2025-11-01,STLD,18.3,42.0,76.9,7.1
2025-12-01,STLD,14.5,42.0,76.9,7.1
2026-01-01,STLD,19.4,42.0,76.9,7.1
2026-02-01,STLD,30.3,42.0,76.9,7.1
2026-03-01,STLD,39.6,42.0,76.9,7.1
2026-04-01,STLD,55.6,42.0,76.9,7.1
2026-05-01,STLD,44.1,42.0,76.9,7.1
2026-06-01,STLD,59.8,42.0,76.9,7.1
2026-07-01,STLD,49.2,42.0,76.9,7.1
2026-08-01,STLD,55.3,42.0,76.9,7.1
2026-09-01,STLD,31.4,42.0,76.9,7.1
2026-10-01,STLD,245.2,42.0,76.9,7.1
2025-10-01,STNG,11.1,14.0,26.0,2.1
2025-11-01,STNG,8.7,14.0,26.0,2.1
2025-12-01,STNG,7.3,14.0,26.0,2.1
2026-01-01,STNG,14.9,14.0,26.0,2.1
2026-02-01,STNG,17.5,14.0,26.0,2.1
2026-03-01,STNG,15.8,14.0,26.0,2.1
2026-04-01,STNG,10.4,14.0,26.0,2.1
2026-05-01,STNG,14.6,14.0,26.0,2.1
2026-06-01,STNG,15.3,14.0,26.0,2.1
2026-07-01,STNG,12.3,14.0,26.0,2.1
2026-08-01,STNG,7.7,14.0,26.0,2.1
2026-09-01,STNG,12.0,14.0,26.0,2.1
2026-10-01,STNG,88.3,14.0,26.0,2.1
2025-10-01,STT,14.7,20.9,45.7,-3.9
2025-11-01,STT,11.1,20.9,45.7,-3.9
2025-12-01,STT,15.3,20.9,45.7,-3.9
2026-01-01,STT,13.9,20.9,45.7,-3.9
2026-02-01,STT,12.5,20.9,45.7,-3.9
2026-03-01,STT,14.0,20.9,45.7,-3.9
2026-04-01,STT,30.5,20.9,45.7,-3.9
2026-05-01,STT,11.9,20.9,45.7,-3.9
2026-06-01,STT,20.4,20.9,45.7,-3.9
2026-07-01,STT,24.5,20.9,45.7,-3.9
2026-08-01,STT,15.0,20.9,45.7,-3.9
2026-09-01,STT,20.9,20.9,45.7,-3.9
2026-10-01,STT,177.1,20.9,45.7,-3.9
2025-10-01,STX,71.4,193.8,344.5,43.0
2025-11-01,STX,69.3,193.8,344.5,43.0
2025-12-01,STX,58.4,193.8,344.5,43.0
2026-01-01,STX,180.2,193.8,344.5,43.0
2026-02-01,STX,68.8,193.8,344.5,43.0
2026-03-01,STX,97.7,193.8,344.5,43.0
2026-04-01,STX,300.7,193.8,344.5,43.0
2026-05-01,STX,242.1,193.8,344.5,43.0
2026-06-01,STX,343.1,193.8,344.5,43.0
2026-07-01,STX,238.6,193.8,344.5,43.0
2026-08-01,STX,252.2,193.8,344.5,43.0
2026-09-01,STX,186.1,193.8,344.5,43.0
2026-10-01,STX,946.4,193.8,344.5,43.0
2025-10-01,STZ,20.6,20.2,35.9,4.5
2025-11-01,STZ,10.7,20.2,35.9,4.5
2025-12-01,STZ,17.5,20.2,35.9,4.5
2026-01-01,STZ,27.6,20.2,35.9,4.5
2026-02-01,STZ,18.8,20.2,35.9,4.5
2026-03-01,STZ,14.4,20.2,35.9,4.5
2026-04-01,STZ,20.3,20.2,35.9,4.5
2026-05-01,STZ,22.5,20.2,35.9,4.5
2026-06-01,STZ,15.9,20.2,35.9,4.5
2026-07-01,STZ,15.7,20.2,35.9,4.5
2026-08-01,STZ,9.8,20.2,35.9,4.5
2026-09-01,STZ,21.4,20.2,35.9,4.5
2026-10-01,STZ,116.8,20.2,35.9,4.5
2025-10-01,SW,8.4,8.5,14.5,2.5
2025-11-01,SW,4.4,8.5,14.5,2.5
2025-12-01,SW,4.7,8.5,14.5,2.5
2026-01-01,SW,6.1,8.5,14.5,2.5
2026-02-01,SW,11.9,8.5,14.5,2.5
2026-03-01,SW,11.0,8.5,14.5,2.5
2026-04-01,SW,6.8,8.5,14.5,2.5
2026-05-01,SW,7.2,8.5,14.5,2.5
2026-06-01,SW,9.7,8.5,14.5,2.5
2026-07-01,SW,10.9,8.5,14.5,2.5
2026-08-01,SW,5.0,8.5,14.5,2.5
2026-09-01,SW,5.6,8.5,14.5,2.5
2026-10-01,SW,43.8,8.5,14.5,2.5
2025-10-01,SWK,12.8,14.8,27.3,2.2
2025-11-01,SWK,10.3,14.8,27.3,2.2
2025-12-01,SWK,8.4,14.8,27.3,2.2
2026-01-01,SWK,11.1,14.8,27.3,2.2
2026-02-01,SWK,15.7,14.8,27.3,2.2
2026-03-01,SWK,19.3,14.8,27.3,2.2
2026-04-01,SWK,15.5,14.8,27.3,2.2
2026-05-01,SWK,10.2,14.8,27.3,2.2
2026-06-01,SWK,19.5,14.8,27.3,2.2
2026-07-01,SWK,11.2,14.8,27.3,2.2
2026-08-01,SWK,9.4,14.8,27.3,2.2
2026-09-01,SWK,11.4,14.8,27.3,2.2
2026-10-01,SWK,92.2,14.8,27.3,2.2
2025-10-01,SWKS,21.9,17.4,29.8,4.9
2025-11-01,SWKS,17.9,17.4,29.8,4.9
2025-12-01,SWKS,6.9,17.4,29.8,4.9
2026-01-01,SWKS,13.7,17.4,29.8,4.9
2026-02-01,SWKS,9.6,17.4,29.8,4.9
2026-03-01,SWKS,7.6,17.4,29.8,4.9
2026-04-01,SWKS,18.1,17.4,29.8,4.9
2026-05-01,SWKS,23.6,17.4,29.8,4.9
2026-06-01,SWKS,17.3,17.4,29.8,4.9
2026-07-01,SWKS,13.1,17.4,29.8,4.9
2026-08-01,SWKS,10.8,17.4,29.8,4.9
2026-09-01,SWKS,28.2,17.4,29.8,4.9
2026-10-01,SWKS,86.6,17.4,29.8,4.9
2025-10-01,SYF,7.7,11.3,21.3,1.4
2025-11-01,SYF,8.4,11.3,21.3,1.4
2025-12-01,SYF,10.3,11.3,21.3,1.4
2026-01-01,SYF,16.9,11.3,21.3,1.4
2026-02-01,SYF,7.6,11.3,21.3,1.4
2026-03-01,SYF,6.9,11.3,21.3,1.4
2026-04-01,SYF,14.2,11.3,21.3,1.4
2026-05-01,SYF,8.4,11.3,21.3,1.4
2026-06-01,SYF,11.3,11.3,21.3,1.4
2026-07-01,SYF,9.9,11.3,21.3,1.4
2026-08-01,SYF,6.3,11.3,21.3,1.4
2026-09-01,SYF,10.6,11.3,21.3,1.4
2026-10-01,SYF,72.9,11.3,21.3,1.4
2025-10-01,SYK,39.9,47.6,86.8,8.5
2025-11-01,SYK,27.5,47.6,86.8,8.5
2025-12-01,SYK,26.8,47.6,86.8,8.5
2026-01-01,SYK,31.3,47.6,86.8,8.5
2026-02-01,SYK,39.3,47.6,86.8,8.5
2026-03-01,SYK,70.0,47.6,86.8,8.5
2026-04-01,SYK,41.5,47.6,86.8,8.5
2026-05-01,SYK,41.9,47.6,86.8,8.5
2026-06-01,SYK,43.8,47.6,86.8,8.5
2026-07-01,SYK,46.0,47.6,86.8,8.5
2026-08-01,SYK,28.2,47.6,86.8,8.5
2026-09-01,SYK,64.5,47.6,86.8,8.5
2026-10-01,SYK,286.1,47.6,86.8,8.5
2025-10-01,SYY,9.7,10.8,22.4,-0.9
2025-11-01,SYY,4.9,10.8,22.4,-0.9
2025-12-01,SYY,4.4,10.8,22.4,-0.9
2026-01-01,SYY,14.1,10.8,22.4,-0.9
2026-02-01,SYY,9.8,10.8,22.4,-0.9
2026-03-01,SYY,23.3,10.8,22.4,-0.9
2026-04-01,SYY,6.6,10.8,22.4,-0.9
2026-05-01,SYY,5.5,10.8,22.4,-0.9
2026-06-01,SYY,10.6,10.8,22.4,-0.9
2026-07-01,SYY,6.7,10.8,22.4,-0.9
2026-08-01,SYY,6.0,10.8,22.4,-0.9
2026-09-01,SYY,7.7,10.8,22.4,-0.9
2026-10-01,SYY,78.6,10.8,22.4,-0.9
2025-10-01,T,3.8,3.8,7.2,0.5
2025-11-01,T,2.1,3.8,7.2,0.5
2025-12-01,T,2.0,3.8,7.2,0.5
2026-01-01,T,3.3,3.8,7.2,0.5
2026-02-01,T,3.2,3.8,7.2,0.5
2026-03-01,T,2.7,3.8,7.2,0.5
2026-04-01,T,4.0,3.8,7.2,0.5
2026-05-01,T,2.6,3.8,7.2,0.5
2026-06-01,T,4.3,3.8,7.2,0.5
2026-07-01,T,5.4,3.8,7.2,0.5
2026-08-01,T,3.7,3.8,7.2,0.5
2026-09-01,T,2.5,3.8,7.2,0.5
2026-10-01,T,24.6,3.8,7.2,0.5
2025-10-01,TAGS,0.9,2.2,6.3,-1.9
2025-11-01,TAGS,0.8,2.2,6.3,-1.9
2025-12-01,TAGS,0.9,2.2,6.3,-1.9
2026-01-01,TAGS,0.7,2.2,6.3,-1.9
2026-02-01,TAGS,1.4,2.2,6.3,-1.9
2026-03-01,TAGS,1.9,2.2,6.3,-1.9
2026-04-01,TAGS,1.8,2.2,6.3,-1.9
2026-05-01,TAGS,1.6,2.2,6.3,-1.9
2026-06-01,TAGS,1.5,2.2,6.3,-1.9
2026-07-01,TAGS,2.0,2.2,6.3,-1.9
2026-08-01,TAGS,3.6,2.2,6.3,-1.9
2026-09-01,TAGS,1.9,2.2,6.3,-1.9
2026-10-01,TAGS,28.2,2.2,6.3,-1.9
2025-10-01,TAP,4.6,6.0,11.1,0.9
2025-11-01,TAP,4.9,6.0,11.1,0.9
2025-12-01,TAP,3.8,6.0,11.1,0.9
2026-01-01,TAP,5.2,6.0,11.1,0.9
2026-02-01,TAP,8.5,6.0,11.1,0.9
2026-03-01,TAP,8.4,6.0,11.1,0.9
2026-04-01,TAP,3.7,6.0,11.1,0.9
2026-05-01,TAP,4.1,6.0,11.1,0.9
2026-06-01,TAP,4.0,6.0,11.1,0.9
2026-07-01,TAP,5.5,6.0,11.1,0.9
2026-08-01,TAP,4.9,6.0,11.1,0.9
2026-09-01,TAP,5.8,6.0,11.1,0.9
2026-10-01,TAP,37.6,6.0,11.1,0.9
2025-10-01,TDG,130.1,178.9,326.6,31.2
2025-11-01,TDG,114.5,178.9,326.6,31.2
2025-12-01,TDG,130.6,178.9,326.6,31.2
2026-01-01,TDG,143.3,178.9,326.6,31.2
2026-02-01,TDG,195.1,178.9,326.6,31.2
2026-03-01,TDG,207.5,178.9,326.6,31.2
2026-04-01,TDG,179.5,178.9,326.6,31.2
2026-05-01,TDG,141.6,178.9,326.6,31.2
2026-06-01,TDG,159.9,178.9,326.6,31.2
2026-07-01,TDG,167.9,178.9,326.6,31.2
2026-08-01,TDG,198.0,178.9,326.6,31.2
2026-09-01,TDG,110.8,178.9,326.6,31.2
2026-10-01,TDG,1110.3,178.9,326.6,31.2
2025-10-01,TDW,8.3,17.1,29.0,5.2
2025-11-01,TDW,9.9,17.1,29.0,5.2
2025-12-01,TDW,10.7,17.1,29.0,5.2
2026-01-01,TDW,15.0,17.1,29.0,5.2
2026-02-01,TDW,22.0,17.1,29.0,5.2
2026-03-01,TDW,17.7,17.1,29.0,5.2
2026-04-01,TDW,12.8,17.1,29.0,5.2
2026-05-01,TDW,15.8,17.1,29.0,5.2
2026-06-01,TDW,14.5,17.1,29.0,5.2
2026-07-01,TDW,13.0,17.1,29.0,5.2
2026-08-01,TDW,26.2,17.1,29.0,5.2
2026-09-01,TDW,20.8,17.1,29.0,5.2
2026-10-01,TDW,86.6,17.1,29.0,5.2
2025-10-01,TDY,82.2,85.3,173.2,-2.5
2025-11-01,TDY,42.7,85.3,173.2,-2.5
2025-12-01,TDY,35.5,85.3,173.2,-2.5
2026-01-01,TDY,120.0,85.3,173.2,-2.5
2026-02-01,TDY,85.8,85.3,173.2,-2.5
2026-03-01,TDY,114.3,85.3,173.2,-2.5
2026-04-01,TDY,81.9,85.3,173.2,-2.5
2026-05-01,TDY,48.6,85.3,173.2,-2.5
2026-06-01,TDY,72.6,85.3,173.2,-2.5
2026-07-01,TDY,64.7,85.3,173.2,-2.5
2026-08-01,TDY,84.9,85.3,173.2,-2.5
2026-09-01,TDY,34.5,85.3,173.2,-2.5
2026-10-01,TDY,625.4,85.3,173.2,-2.5
2025-10-01,TECH,12.6,11.7,22.9,0.4
2025-11-01,TECH,11.9,11.7,22.9,0.4
2025-12-01,TECH,8.7,11.7,22.9,0.4
2026-01-01,TECH,13.8,11.7,22.9,0.4
2026-02-01,TECH,15.7,11.7,22.9,0.4
2026-03-01,TECH,10.4,11.7,22.9,0.4
2026-04-01,TECH,11.4,11.7,22.9,0.4
2026-05-01,TECH,13.8,11.7,22.9,0.4
2026-06-01,TECH,22.2,11.7,22.9,0.4
2026-07-01,TECH,1.9,11.7,22.9,0.4
2026-08-01,TECH,0.7,11.7,22.9,0.4
2026-09-01,TECH,0.6,11.7,22.9,0.4
2026-10-01,TECH,72.6,11.7,22.9,0.4
2025-10-01,TECK,3.8,11.5,21.0,2.0
2025-11-01,TECK,5.9,11.5,21.0,2.0
2025-12-01,TECK,6.1,11.5,21.0,2.0
2026-01-01,TECK,13.1,11.5,21.0,2.0
2026-02-01,TECK,9.0,11.5,21.0,2.0
2026-03-01,TECK,13.1,11.5,21.0,2.0
2026-04-01,TECK,12.8,11.5,21.0,2.0
2026-05-01,TECK,11.6,11.5,21.0,2.0
2026-06-01,TECK,15.3,11.5,21.0,2.0
2026-07-01,TECK,9.0,11.5,21.0,2.0
2026-08-01,TECK,12.8,11.5,21.0,2.0
2026-09-01,TECK,9.5,11.5,21.0,2.0
2026-10-01,TECK,68.7,11.5,21.0,2.0
2025-10-01,TEL,35.6,34.9,65.4,4.5
2025-11-01,TEL,37.1,34.9,65.4,4.5
2025-12-01,TEL,25.9,34.9,65.4,4.5
2026-01-01,TEL,22.0,34.9,65.4,4.5
2026-02-01,TEL,38.2,34.9,65.4,4.5
2026-03-01,TEL,35.5,34.9,65.4,4.5
2026-04-01,TEL,50.7,34.9,65.4,4.5
2026-05-01,TEL,23.7,34.9,65.4,4.5
2026-06-01,TEL,29.5,34.9,65.4,4.5
2026-07-01,TEL,24.8,34.9,65.4,4.5
2026-08-01,TEL,22.7,34.9,65.4,4.5
2026-09-01,TEL,19.8,34.9,65.4,4.5
2026-10-01,TEL,223.5,34.9,65.4,4.5
2025-10-01,TER,54.2,98.1,167.0,29.3
2025-11-01,TER,40.0,98.1,167.0,29.3
2025-12-01,TER,27.0,98.1,167.0,29.3
2026-01-01,TER,55.9,98.1,167.0,29.3
2026-02-01,TER,104.3,98.1,167.0,29.3
2026-03-01,TER,64.4,98.1,167.0,29.3
2026-04-01,TER,132.1,98.1,167.0,29.3
2026-05-01,TER,97.2,98.1,167.0,29.3
2026-06-01,TER,147.6,98.1,167.0,29.3
2026-07-01,TER,166.8,98.1,167.0,29.3
2026-08-01,TER,96.4,98.1,167.0,29.3
2026-09-01,TER,89.6,98.1,167.0,29.3
2026-10-01,TER,451.9,98.1,167.0,29.3
2025-10-01,TFC,5.6,6.2,12.6,-0.1
2025-11-01,TFC,3.3,6.2,12.6,-0.1
2025-12-01,TFC,4.6,6.2,12.6,-0.1
2026-01-01,TFC,3.8,6.2,12.6,-0.1
2026-02-01,TFC,7.3,6.2,12.6,-0.1
2026-03-01,TFC,7.0,6.2,12.6,-0.1
2026-04-01,TFC,6.3,6.2,12.6,-0.1
2026-05-01,TFC,5.1,6.2,12.6,-0.1
2026-06-01,TFC,5.5,6.2,12.6,-0.1
2026-07-01,TFC,5.0,6.2,12.6,-0.1
2026-08-01,TFC,4.0,6.2,12.6,-0.1
2026-09-01,TFC,5.7,6.2,12.6,-0.1
2026-10-01,TFC,46.8,6.2,12.6,-0.1
2025-10-01,TGT,14.1,19.7,41.6,-2.1
2025-11-01,TGT,10.0,19.7,41.6,-2.1
2025-12-01,TGT,13.7,19.7,41.6,-2.1
2026-01-01,TGT,14.8,19.7,41.6,-2.1
2026-02-01,TGT,15.3,19.7,41.6,-2.1
2026-03-01,TGT,14.8,19.7,41.6,-2.1
2026-04-01,TGT,16.3,19.7,41.6,-2.1
2026-05-01,TGT,14.9,19.7,41.6,-2.1
2026-06-01,TGT,22.1,19.7,41.6,-2.1
2026-07-01,TGT,23.1,19.7,41.6,-2.1
2026-08-01,TGT,25.3,19.7,41.6,-2.1
2026-09-01,TGT,12.1,19.7,41.6,-2.1
2026-10-01,TGT,158.0,19.7,41.6,-2.1
2025-10-01,THD,3.3,6.7,17.1,-3.7
2025-11-01,THD,3.3,6.7,17.1,-3.7
2025-12-01,THD,2.4,6.7,17.1,-3.7
2026-01-01,THD,6.7,6.7,17.1,-3.7
2026-02-01,THD,12.1,6.7,17.1,-3.7
2026-03-01,THD,7.0,6.7,17.1,-3.7
2026-04-01,THD,6.2,6.7,17.1,-3.7
2026-05-01,THD,4.4,6.7,17.1,-3.7
2026-06-01,THD,6.2,6.7,17.1,-3.7
2026-07-01,THD,3.4,6.7,17.1,-3.7
2026-08-01,THD,2.7,6.7,17.1,-3.7
2026-09-01,THD,4.8,6.7,17.1,-3.7
2026-10-01,THD,72.0,6.7,17.1,-3.7
2025-10-01,TIP,1.4,4.0,19.6,-11.6
2025-11-01,TIP,1.0,4.0,19.6,-11.6
2025-12-01,TIP,1.2,4.0,19.6,-11.6
2026-01-01,TIP,1.0,4.0,19.6,-11.6
2026-02-01,TIP,1.8,4.0,19.6,-11.6
2026-03-01,TIP,2.3,4.0,19.6,-11.6
2026-04-01,TIP,1.6,4.0,19.6,-11.6
2026-05-01,TIP,1.6,4.0,19.6,-11.6
2026-06-01,TIP,1.2,4.0,19.6,-11.6
2026-07-01,TIP,1.2,4.0,19.6,-11.6
2026-08-01,TIP,0.9,4.0,19.6,-11.6
2026-09-01,TIP,3.4,4.0,19.6,-11.6
2026-10-01,TIP,104.6,4.0,19.6,-11.6
2025-10-01,TJX,8.2,17.1,36.6,-2.3
2025-11-01,TJX,15.8,17.1,36.6,-2.3
2025-12-01,TJX,8.4,17.1,36.6,-2.3
2026-01-01,TJX,13.7,17.1,36.6,-2.3
2026-02-01,TJX,13.9,17.1,36.6,-2.3
2026-03-01,TJX,10.4,17.1,36.6,-2.3
2026-04-01,TJX,10.7,17.1,36.6,-2.3
2026-05-01,TJX,14.8,17.1,36.6,-2.3
2026-06-01,TJX,20.4,17.1,36.6,-2.3
2026-07-01,TJX,14.8,17.1,36.6,-2.3
2026-08-01,TJX,29.4,17.1,36.6,-2.3
2026-09-01,TJX,11.9,17.1,36.6,-2.3
2026-10-01,TJX,137.2,17.1,36.6,-2.3
2025-10-01,TKO,19.0,29.6,53.8,5.5
2025-11-01,TKO,18.9,29.6,53.8,5.5
2025-12-01,TKO,27.9,29.6,53.8,5.5
2026-01-01,TKO,20.5,29.6,53.8,5.5
2026-02-01,TKO,30.1,29.6,53.8,5.5
2026-03-01,TKO,42.6,29.6,53.8,5.5
2026-04-01,TKO,24.8,29.6,53.8,5.5
2026-05-01,TKO,24.1,29.6,53.8,5.5
2026-06-01,TKO,26.2,29.6,53.8,5.5
2026-07-01,TKO,31.5,29.6,53.8,5.5
2026-08-01,TKO,22.8,29.6,53.8,5.5
2026-09-01,TKO,23.2,29.6,53.8,5.5
2026-10-01,TKO,180.0,29.6,53.8,5.5
2025-10-01,TLT,3.5,5.0,16.4,-6.4
2025-11-01,TLT,1.8,5.0,16.4,-6.4
2025-12-01,TLT,2.1,5.0,16.4,-6.4
2026-01-01,TLT,2.1,5.0,16.4,-6.4
2026-02-01,TLT,4.4,5.0,16.4,-6.4
2026-03-01,TLT,4.5,5.0,16.4,-6.4
2026-04-01,TLT,2.0,5.0,16.4,-6.4
2026-05-01,TLT,3.5,5.0,16.4,-6.4
2026-06-01,TLT,3.2,5.0,16.4,-6.4
2026-07-01,TLT,3.9,5.0,16.4,-6.4
2026-08-01,TLT,2.4,5.0,16.4,-6.4
2026-09-01,TLT,5.0,5.0,16.4,-6.4
2026-10-01,TLT,78.3,5.0,16.4,-6.4
2025-10-01,TMO,91.3,88.2,183.7,-7.2
2025-11-01,TMO,48.1,88.2,183.7,-7.2
2025-12-01,TMO,43.2,88.2,183.7,-7.2
2026-01-01,TMO,71.8,88.2,183.7,-7.2
2026-02-01,TMO,95.2,88.2,183.7,-7.2
2026-03-01,TMO,62.2,88.2,183.7,-7.2
2026-04-01,TMO,82.8,88.2,183.7,-7.2
2026-05-01,TMO,63.7,88.2,183.7,-7.2
2026-06-01,TMO,58.3,88.2,183.7,-7.2
2026-07-01,TMO,93.5,88.2,183.7,-7.2
2026-08-01,TMO,84.5,88.2,183.7,-7.2
2026-09-01,TMO,88.8,88.2,183.7,-7.2
2026-10-01,TMO,694.3,88.2,183.7,-7.2
2025-10-01,TMUS,33.3,27.2,49.8,4.7
2025-11-01,TMUS,18.9,27.2,49.8,4.7
2025-12-01,TMUS,17.8,27.2,49.8,4.7
2026-01-01,TMUS,21.3,27.2,49.8,4.7
2026-02-01,TMUS,36.6,27.2,49.8,4.7
2026-03-01,TMUS,19.1,27.2,49.8,4.7
2026-04-01,TMUS,27.3,27.2,49.8,4.7
2026-05-01,TMUS,13.2,27.2,49.8,4.7
2026-06-01,TMUS,24.2,27.2,49.8,4.7
2026-07-01,TMUS,29.5,27.2,49.8,4.7
2026-08-01,TMUS,16.3,27.2,49.8,4.7
2026-09-01,TMUS,28.7,27.2,49.8,4.7
2026-10-01,TMUS,166.1,27.2,49.8,4.7
2025-10-01,TNX,0.2,0.3,0.4,0.1
2025-11-01,TNX,0.2,0.3,0.4,0.1
2025-12-01,TNX,0.2,0.3,0.4,0.1
2026-01-01,TNX,0.2,0.3,0.4,0.1
2026-02-01,TNX,0.3,0.3,0.4,0.1
2026-03-01,TNX,0.5,0.3,0.4,0.1
2026-04-01,TNX,0.2,0.3,0.4,0.1
2026-05-01,TNX,0.4,0.3,0.4,0.1
2026-06-01,TNX,0.2,0.3,0.4,0.1
2026-07-01,TNX,0.3,0.3,0.4,0.1
2026-08-01,TNX,0.2,0.3,0.4,0.1
2026-09-01,TNX,0.6,0.3,0.4,0.1
2026-10-01,TNX,0.2,0.3,0.4,0.1
2025-10-01,TPL,40.2,90.7,150.2,31.3
2025-11-01,TPL,70.2,90.7,150.2,31.3
2025-12-01,TPL,42.3,90.7,150.2,31.3
2026-01-01,TPL,91.9,90.7,150.2,31.3
2026-02-01,TPL,220.5,90.7,150.2,31.3
2026-03-01,TPL,79.4,90.7,150.2,31.3
2026-04-01,TPL,104.4,90.7,150.2,31.3
2026-05-01,TPL,79.5,90.7,150.2,31.3
2026-06-01,TPL,91.8,90.7,150.2,31.3
2026-07-01,TPL,66.2,90.7,150.2,31.3
2026-08-01,TPL,76.4,90.7,150.2,31.3
2026-09-01,TPL,68.2,90.7,150.2,31.3
2026-10-01,TPL,358.0,90.7,150.2,31.3
2025-10-01,TPR,10.4,24.1,41.4,6.8
2025-11-01,TPR,18.8,24.1,41.4,6.8
2025-12-01,TPR,23.4,24.1,41.4,6.8
2026-01-01,TPR,11.3,24.1,41.4,6.8
2026-02-01,TPR,37.7,24.1,41.4,6.8
2026-03-01,TPR,21.4,24.1,41.4,6.8
2026-04-01,TPR,20.4,24.1,41.4,6.8
2026-05-01,TPR,21.0,24.1,41.4,6.8
2026-06-01,TPR,21.3,24.1,41.4,6.8
2026-07-01,TPR,19.6,24.1,41.4,6.8
2026-08-01,TPR,42.9,24.1,41.4,6.8
2026-09-01,TPR,15.4,24.1,41.4,6.8
2026-10-01,TPR,119.6,24.1,41.4,6.8
2025-10-01,TRGP,27.3,37.1,77.2,-3.0
2025-11-01,TRGP,24.8,37.1,77.2,-3.0
2025-12-01,TRGP,15.8,37.1,77.2,-3.0
2026-01-01,TRGP,33.9,37.1,77.2,-3.0
2026-02-01,TRGP,42.2,37.1,77.2,-3.0
2026-03-01,TRGP,22.1,37.1,77.2,-3.0
2026-04-01,TRGP,30.1,37.1,77.2,-3.0
2026-05-01,TRGP,38.1,37.1,77.2,-3.0
2026-06-01,TRGP,22.4,37.1,77.2,-3.0
2026-07-01,TRGP,35.0,37.1,77.2,-3.0
2026-08-01,TRGP,52.9,37.1,77.2,-3.0
2026-09-01,TRGP,30.6,37.1,77.2,-3.0
2026-10-01,TRGP,288.4,37.1,77.2,-3.0
2025-10-01,TRMB,7.1,10.2,18.8,1.5
2025-11-01,TRMB,8.1,10.2,18.8,1.5
2025-12-01,TRMB,6.1,10.2,18.8,1.5
2026-01-01,TRMB,14.9,10.2,18.8,1.5
2026-02-01,TRMB,5.7,10.2,18.8,1.5
2026-03-01,TRMB,8.8,10.2,18.8,1.5
2026-04-01,TRMB,7.3,10.2,18.8,1.5
2026-05-01,TRMB,17.0,10.2,18.8,1.5
2026-06-01,TRMB,10.4,10.2,18.8,1.5
2026-07-01,TRMB,10.0,10.2,18.8,1.5
2026-08-01,TRMB,7.3,10.2,18.8,1.5
2026-09-01,TRMB,5.0,10.2,18.8,1.5
2026-10-01,TRMB,61.5,10.2,18.8,1.5
2025-10-01,TROW,10.2,12.7,27.7,-2.2
2025-11-01,TROW,9.3,12.7,27.7,-2.2
2025-12-01,TROW,5.9,12.7,27.7,-2.2
2026-01-01,TROW,7.7,12.7,27.7,-2.2
2026-02-01,TROW,15.5,12.7,27.7,-2.2
2026-03-01,TROW,10.6,12.7,27.7,-2.2
2026-04-01,TROW,15.7,12.7,27.7,-2.2
2026-05-01,TROW,6.4,12.7,27.7,-2.2
2026-06-01,TROW,15.0,12.7,27.7,-2.2
2026-07-01,TROW,11.8,12.7,27.7,-2.2
2026-08-01,TROW,7.5,12.7,27.7,-2.2
2026-09-01,TROW,10.3,12.7,27.7,-2.2
2026-10-01,TROW,107.0,12.7,27.7,-2.2
2025-10-01,TRV,35.7,39.9,92.0,-12.3
2025-11-01,TRV,32.6,39.9,92.0,-12.3
2025-12-01,TRV,17.7,39.9,92.0,-12.3
2026-01-01,TRV,23.5,39.9,92.0,-12.3
2026-02-01,TRV,26.5,39.9,92.0,-12.3
2026-03-01,TRV,28.5,39.9,92.0,-12.3
2026-04-01,TRV,23.1,39.9,92.0,-12.3
2026-05-01,TRV,19.6,39.9,92.0,-12.3
2026-06-01,TRV,47.0,39.9,92.0,-12.3
2026-07-01,TRV,73.3,39.9,92.0,-12.3
2026-08-01,TRV,27.7,39.9,92.0,-12.3
2026-09-01,TRV,27.5,39.9,92.0,-12.3
2026-10-01,TRV,363.0,39.9,92.0,-12.3
2025-10-01,TS,6.7,7.8,16.0,-0.5
2025-11-01,TS,2.8,7.8,16.0,-0.5
2025-12-01,TS,3.9,7.8,16.0,-0.5
2026-01-01,TS,7.5,7.8,16.0,-0.5
2026-02-01,TS,11.1,7.8,16.0,-0.5
2026-03-01,TS,7.5,7.8,16.0,-0.5
2026-04-01,TS,7.5,7.8,16.0,-0.5
2026-05-01,TS,6.6,7.8,16.0,-0.5
2026-06-01,TS,9.6,7.8,16.0,-0.5
2026-07-01,TS,5.4,7.8,16.0,-0.5
2026-08-01,TS,6.4,7.8,16.0,-0.5
2026-09-01,TS,3.6,7.8,16.0,-0.5
2026-10-01,TS,58.7,7.8,16.0,-0.5
2025-10-01,TSCO,5.1,6.5,11.1,2.0
2025-11-01,TSCO,5.0,6.5,11.1,2.0
2025-12-01,TSCO,5.1,6.5,11.1,2.0
2026-01-01,TSCO,6.9,6.5,11.1,2.0
2026-02-01,TSCO,5.8,6.5,11.1,2.0
2026-03-01,TSCO,8.3,6.5,11.1,2.0
2026-04-01,TSCO,11.6,6.5,11.1,2.0
2026-05-01,TSCO,5.9,6.5,11.1,2.0
2026-06-01,TSCO,3.4,6.5,11.1,2.0
2026-07-01,TSCO,3.7,6.5,11.1,2.0
2026-08-01,TSCO,5.4,6.5,11.1,2.0
2026-09-01,TSCO,4.8,6.5,11.1,2.0
2026-10-01,TSCO,32.6,6.5,11.1,2.0
2025-10-01,TSLA,59.3,76.8,130.1,23.5
2025-11-01,TSLA,91.3,76.8,130.1,23.5
2025-12-01,TSLA,76.7,76.8,130.1,23.5
2026-01-01,TSLA,43.7,76.8,130.1,23.5
2026-02-01,TSLA,48.8,76.8,130.1,23.5
2026-03-01,TSLA,64.2,76.8,130.1,23.5
2026-04-01,TSLA,72.0,76.8,130.1,23.5
2026-05-01,TSLA,74.6,76.8,130.1,23.5
2026-06-01,TSLA,65.0,76.8,130.1,23.5
2026-07-01,TSLA,135.5,76.8,130.1,23.5
2026-08-01,TSLA,58.5,76.8,130.1,23.5
2026-09-01,TSLA,41.0,76.8,130.1,23.5
2026-10-01,TSLA,383.3,76.8,130.1,23.5
2025-10-01,TSN,4.3,7.3,14.5,0.0
2025-11-01,TSN,7.8,7.3,14.5,0.0
2025-12-01,TSN,5.1,7.3,14.5,0.0
2026-01-01,TSN,10.3,7.3,14.5,0.0
2026-02-01,TSN,4.6,7.3,14.5,0.0
2026-03-01,TSN,7.0,7.3,14.5,0.0
2026-04-01,TSN,2.7,7.3,14.5,0.0
2026-05-01,TSN,8.6,7.3,14.5,0.0
2026-06-01,TSN,6.2,7.3,14.5,0.0
2026-07-01,TSN,6.8,7.3,14.5,0.0
2026-08-01,TSN,5.4,7.3,14.5,0.0
2026-09-01,TSN,6.0,7.3,14.5,0.0
2026-10-01,TSN,52.4,7.3,14.5,0.0
2025-10-01,TT,50.5,68.9,134.0,3.8
2025-11-01,TT,53.3,68.9,134.0,3.8
2025-12-01,TT,37.6,68.9,134.0,3.8
2026-01-01,TT,81.8,68.9,134.0,3.8
2026-02-01,TT,59.8,68.9,134.0,3.8
2026-03-01,TT,64.8,68.9,134.0,3.8
2026-04-01,TT,85.8,68.9,134.0,3.8
2026-05-01,TT,57.1,68.9,134.0,3.8
2026-06-01,TT,66.5,68.9,134.0,3.8
2026-07-01,TT,57.8,68.9,134.0,3.8
2026-08-01,TT,50.4,68.9,134.0,3.8
2026-09-01,TT,45.8,68.9,134.0,3.8
2026-10-01,TT,480.4,68.9,134.0,3.8
2025-10-01,TTD,8.3,7.4,10.4,4.4
2025-11-01,TTD,11.8,7.4,10.4,4.4
2025-12-01,TTD,5.4,7.4,10.4,4.4
2026-01-01,TTD,10.8,7.4,10.4,4.4
2026-02-01,TTD,9.8,7.4,10.4,4.4
2026-03-01,TTD,11.9,7.4,10.4,4.4
2026-04-01,TTD,4.8,7.4,10.4,4.4
2026-05-01,TTD,5.0,7.4,10.4,4.4
2026-06-01,TTD,6.6,7.4,10.4,4.4
2026-07-01,TTD,3.8,7.4,10.4,4.4
2026-08-01,TTD,6.7,7.4,10.4,4.4
2026-09-01,TTD,3.5,7.4,10.4,4.4
2026-10-01,TTD,12.4,7.4,10.4,4.4
2025-10-01,TTWO,15.6,37.1,65.2,8.9
2025-11-01,TTWO,30.5,37.1,65.2,8.9
2025-12-01,TTWO,19.8,37.1,65.2,8.9
2026-01-01,TTWO,47.4,37.1,65.2,8.9
2026-02-01,TTWO,40.4,37.1,65.2,8.9
2026-03-01,TTWO,33.5,37.1,65.2,8.9
2026-04-01,TTWO,27.4,37.1,65.2,8.9
2026-05-01,TTWO,35.4,37.1,65.2,8.9
2026-06-01,TTWO,47.0,37.1,65.2,8.9
2026-07-01,TTWO,37.4,37.1,65.2,8.9
2026-08-01,TTWO,39.9,37.1,65.2,8.9
2026-09-01,TTWO,24.8,37.1,65.2,8.9
2026-10-01,TTWO,207.9,37.1,65.2,8.9
2025-10-01,TUR,3.3,4.7,9.8,-0.3
2025-11-01,TUR,2.2,4.7,9.8,-0.3
2025-12-01,TUR,2.0,4.7,9.8,-0.3
2026-01-01,TUR,6.9,4.7,9.8,-0.3
2026-02-01,TUR,2.4,4.7,9.8,-0.3
2026-03-01,TUR,2.8,4.7,9.8,-0.3
2026-04-01,TUR,5.1,4.7,9.8,-0.3
2026-05-01,TUR,7.6,4.7,9.8,-0.3
2026-06-01,TUR,3.2,4.7,9.8,-0.3
2026-07-01,TUR,2.5,4.7,9.8,-0.3
2026-08-01,TUR,3.3,4.7,9.8,-0.3
2026-09-01,TUR,7.3,4.7,9.8,-0.3
2026-10-01,TUR,34.9,4.7,9.8,-0.3
2025-10-01,TXN,27.7,46.8,91.4,2.3
2025-11-01,TXN,16.5,46.8,91.4,2.3
2025-12-01,TXN,18.2,46.8,91.4,2.3
2026-01-01,TXN,47.1,46.8,91.4,2.3
2026-02-01,TXN,23.1,46.8,91.4,2.3
2026-03-01,TXN,26.6,46.8,91.4,2.3
2026-04-01,TXN,96.8,46.8,91.4,2.3
2026-05-01,TXN,55.9,46.8,91.4,2.3
2026-06-01,TXN,60.2,46.8,91.4,2.3
2026-07-01,TXN,46.6,46.8,91.4,2.3
2026-08-01,TXN,34.4,46.8,91.4,2.3
2026-09-01,TXN,36.3,46.8,91.4,2.3
2026-10-01,TXN,298.8,46.8,91.4,2.3
2025-10-01,TXT,9.8,12.1,22.6,1.5
2025-11-01,TXT,4.9,12.1,22.6,1.5
2025-12-01,TXT,9.7,12.1,22.6,1.5
2026-01-01,TXT,12.7,12.1,22.6,1.5
2026-02-01,TXT,15.2,12.1,22.6,1.5
2026-03-01,TXT,15.4,12.1,22.6,1.5
2026-04-01,TXT,10.8,12.1,22.6,1.5
2026-05-01,TXT,8.8,12.1,22.6,1.5
2026-06-01,TXT,9.1,12.1,22.6,1.5
2026-07-01,TXT,12.5,12.1,22.6,1.5
2026-08-01,TXT,9.7,12.1,22.6,1.5
2026-09-01,TXT,7.3,12.1,22.6,1.5
2026-10-01,TXT,77.8,12.1,22.6,1.5
2025-10-01,TYL,75.1,70.7,116.7,24.8
2025-11-01,TYL,29.0,70.7,116.7,24.8
2025-12-01,TYL,26.4,70.7,116.7,24.8
2026-01-01,TYL,95.0,70.7,116.7,24.8
2026-02-01,TYL,91.9,70.7,116.7,24.8
2026-03-01,TYL,50.4,70.7,116.7,24.8
2026-04-01,TYL,52.6,70.7,116.7,24.8
2026-05-01,TYL,64.1,70.7,116.7,24.8
2026-06-01,TYL,60.8,70.7,116.7,24.8
2026-07-01,TYL,65.8,70.7,116.7,24.8
2026-08-01,TYL,82.7,70.7,116.7,24.8
2026-09-01,TYL,81.5,70.7,116.7,24.8
2026-10-01,TYL,335.1,70.7,116.7,24.8
2025-10-01,TYX,0.2,0.2,0.3,0.2
2025-11-01,TYX,0.1,0.2,0.3,0.2
2025-12-01,TYX,0.2,0.2,0.3,0.2
2026-01-01,TYX,0.2,0.2,0.3,0.2
2026-02-01,TYX,0.3,0.2,0.3,0.2
2026-03-01,TYX,0.3,0.2,0.3,0.2
2026-04-01,TYX,0.2,0.2,0.3,0.2
2026-05-01,TYX,0.3,0.2,0.3,0.2
2026-06-01,TYX,0.2,0.2,0.3,0.2
2026-07-01,TYX,0.3,0.2,0.3,0.2
2026-08-01,TYX,0.2,0.2,0.3,0.2
2026-09-01,TYX,0.4,0.2,0.3,0.2
2026-10-01,TYX,0.2,0.2,0.3,0.2
2025-10-01,UAL,14.1,23.4,39.3,7.5
2025-11-01,UAL,14.7,23.4,39.3,7.5
2025-12-01,UAL,16.3,23.4,39.3,7.5
2026-01-01,UAL,18.6,23.4,39.3,7.5
2026-02-01,UAL,15.0,23.4,39.3,7.5
2026-03-01,UAL,21.1,23.4,39.3,7.5
2026-04-01,UAL,19.3,23.4,39.3,7.5
2026-05-01,UAL,29.6,23.4,39.3,7.5
2026-06-01,UAL,37.0,23.4,39.3,7.5
2026-07-01,UAL,26.9,23.4,39.3,7.5
2026-08-01,UAL,28.0,23.4,39.3,7.5
2026-09-01,UAL,14.1,23.4,39.3,7.5
2026-10-01,UAL,115.2,23.4,39.3,7.5
2025-10-01,UBER,10.1,13.3,22.5,4.1
2025-11-01,UBER,18.8,13.3,22.5,4.1
2025-12-01,UBER,14.5,13.3,22.5,4.1
2026-01-01,UBER,8.8,13.3,22.5,4.1
2026-02-01,UBER,12.9,13.3,22.5,4.1
2026-03-01,UBER,10.8,13.3,22.5,4.1
2026-04-01,UBER,9.0,13.3,22.5,4.1
2026-05-01,UBER,11.3,13.3,22.5,4.1
2026-06-01,UBER,10.6,13.3,22.5,4.1
2026-07-01,UBER,10.9,13.3,22.5,4.1
2026-08-01,UBER,15.6,13.3,22.5,4.1
2026-09-01,UBER,10.6,13.3,22.5,4.1
2026-10-01,UBER,70.0,13.3,22.5,4.1
2025-10-01,UDR,3.9,4.1,8.9,-0.6
2025-11-01,UDR,3.6,4.1,8.9,-0.6
2025-12-01,UDR,2.4,4.1,8.9,-0.6
2026-01-01,UDR,2.7,4.1,8.9,-0.6
2026-02-01,UDR,3.9,4.1,8.9,-0.6
2026-03-01,UDR,4.4,4.1,8.9,-0.6
2026-04-01,UDR,3.2,4.1,8.9,-0.6
2026-05-01,UDR,2.5,4.1,8.9,-0.6
2026-06-01,UDR,3.9,4.1,8.9,-0.6
2026-07-01,UDR,4.4,4.1,8.9,-0.6
2026-08-01,UDR,2.2,4.1,8.9,-0.6
2026-09-01,UDR,3.8,4.1,8.9,-0.6
2026-10-01,UDR,34.3,4.1,8.9,-0.6
2025-10-01,UHS,31.5,30.8,55.0,6.5
2025-11-01,UHS,30.2,30.8,55.0,6.5
2025-12-01,UHS,27.7,30.8,55.0,6.5
2026-01-01,UHS,30.2,30.8,55.0,6.5
2026-02-01,UHS,43.2,30.8,55.0,6.5
2026-03-01,UHS,32.1,30.8,55.0,6.5
2026-04-01,UHS,30.5,30.8,55.0,6.5
2026-05-01,UHS,29.4,30.8,55.0,6.5
2026-06-01,UHS,9.5,30.8,55.0,6.5
2026-07-01,UHS,27.6,30.8,55.0,6.5
2026-08-01,UHS,16.7,30.8,55.0,6.5
2026-09-01,UHS,19.6,30.8,55.0,6.5
2026-10-01,UHS,178.3,30.8,55.0,6.5
2025-10-01,ULTA,74.2,90.9,170.0,11.8
2025-11-01,ULTA,52.8,90.9,170.0,11.8
2025-12-01,ULTA,86.3,90.9,170.0,11.8
2026-01-01,ULTA,89.2,90.9,170.0,11.8
2026-02-01,ULTA,71.5,90.9,170.0,11.8
2026-03-01,ULTA,183.2,90.9,170.0,11.8
2026-04-01,ULTA,65.7,90.9,170.0,11.8
2026-05-01,ULTA,74.2,90.9,170.0,11.8
2026-06-01,ULTA,67.0,90.9,170.0,11.8
2026-07-01,ULTA,72.3,90.9,170.0,11.8
2026-08-01,ULTA,73.6,90.9,170.0,11.8
2026-09-01,ULTA,40.6,90.9,170.0,11.8
2026-10-01,ULTA,552.0,90.9,170.0,11.8
2025-10-01,UNG,2.5,2.8,4.9,0.7
2025-11-01,UNG,1.8,2.8,4.9,0.7
2025-12-01,UNG,5.5,2.8,4.9,0.7
2026-01-01,UNG,7.1,2.8,4.9,0.7
2026-02-01,UNG,2.8,2.8,4.9,0.7
2026-03-01,UNG,1.7,2.8,4.9,0.7
2026-04-01,UNG,1.6,2.8,4.9,0.7
2026-05-01,UNG,1.9,2.8,4.9,0.7
2026-06-01,UNG,1.1,2.8,4.9,0.7
2026-07-01,UNG,2.1,2.8,4.9,0.7
2026-08-01,UNG,1.2,2.8,4.9,0.7
2026-09-01,UNG,1.8,2.8,4.9,0.7
2026-10-01,UNG,10.8,2.8,4.9,0.7
2025-10-01,UNH,43.9,56.1,110.2,2.0
2025-11-01,UNH,38.6,56.1,110.2,2.0
2025-12-01,UNH,25.4,56.1,110.2,2.0
2026-01-01,UNH,77.5,56.1,110.2,2.0
2026-02-01,UNH,29.0,56.1,110.2,2.0
2026-03-01,UNH,39.3,56.1,110.2,2.0
2026-04-01,UNH,101.2,56.1,110.2,2.0
2026-05-01,UNH,45.9,56.1,110.2,2.0
2026-06-01,UNH,53.2,56.1,110.2,2.0
2026-07-01,UNH,50.3,56.1,110.2,2.0
2026-08-01,UNH,35.5,56.1,110.2,2.0
2026-09-01,UNH,40.8,56.1,110.2,2.0
2026-10-01,UNH,380.4,56.1,110.2,2.0
2025-10-01,UNP,22.7,32.8,72.2,-6.6
2025-11-01,UNP,16.1,32.8,72.2,-6.6
2025-12-01,UNP,12.2,32.8,72.2,-6.6
2026-01-01,UNP,16.9,32.8,72.2,-6.6
2026-02-01,UNP,37.2,32.8,72.2,-6.6
2026-03-01,UNP,36.4,32.8,72.2,-6.6
2026-04-01,UNP,34.8,32.8,72.2,-6.6
2026-05-01,UNP,20.2,32.8,72.2,-6.6
2026-06-01,UNP,18.9,32.8,72.2,-6.6
2026-07-01,UNP,46.0,32.8,72.2,-6.6
2026-08-01,UNP,26.2,32.8,72.2,-6.6
2026-09-01,UNP,34.0,32.8,72.2,-6.6
2026-10-01,UNP,278.6,32.8,72.2,-6.6
2025-10-01,UPS,18.6,15.3,28.4,2.2
2025-11-01,UPS,6.3,15.3,28.4,2.2
2025-12-01,UPS,8.4,15.3,28.4,2.2
2026-01-01,UPS,14.3,15.3,28.4,2.2
2026-02-01,UPS,16.2,15.3,28.4,2.2
2026-03-01,UPS,21.6,15.3,28.4,2.2
2026-04-01,UPS,13.6,15.3,28.4,2.2
2026-05-01,UPS,16.0,15.3,28.4,2.2
2026-06-01,UPS,8.4,15.3,28.4,2.2
2026-07-01,UPS,15.6,15.3,28.4,2.2
2026-08-01,UPS,8.1,15.3,28.4,2.2
2026-09-01,UPS,12.8,15.3,28.4,2.2
2026-10-01,UPS,94.8,15.3,28.4,2.2
2025-10-01,URA,13.4,12.1,17.8,6.4
2025-11-01,URA,14.9,12.1,17.8,6.4
2025-12-01,URA,7.0,12.1,17.8,6.4
2026-01-01,URA,18.9,12.1,17.8,6.4
2026-02-01,URA,7.8,12.1,17.8,6.4
2026-03-01,URA,11.9,12.1,17.8,6.4
2026-04-01,URA,12.4,12.1,17.8,6.4
2026-05-01,URA,12.1,12.1,17.8,6.4
2026-06-01,URA,11.3,12.1,17.8,6.4
2026-07-01,URA,7.8,12.1,17.8,6.4
2026-08-01,URA,11.1,12.1,17.8,6.4
2026-09-01,URA,8.6,12.1,17.8,6.4
2026-10-01,URA,42.5,12.1,17.8,6.4
2025-10-01,URI,171.5,174.9,329.7,20.0
2025-11-01,URI,98.4,174.9,329.7,20.0
2025-12-01,URI,69.7,174.9,329.7,20.0
2026-01-01,URI,203.9,174.9,329.7,20.0
2026-02-01,URI,134.3,174.9,329.7,20.0
2026-03-01,URI,156.2,174.9,329.7,20.0
2026-04-01,URI,291.7,174.9,329.7,20.0
2026-05-01,URI,93.7,174.9,329.7,20.0
2026-06-01,URI,169.5,174.9,329.7,20.0
2026-07-01,URI,182.8,174.9,329.7,20.0
2026-08-01,URI,164.9,174.9,329.7,20.0
2026-09-01,URI,89.4,174.9,329.7,20.0
2026-10-01,URI,1101.4,174.9,329.7,20.0
2025-10-01,URNM,13.3,14.9,22.5,7.3
2025-11-01,URNM,14.4,14.9,22.5,7.3
2025-12-01,URNM,9.3,14.9,22.5,7.3
2026-01-01,URNM,28.9,14.9,22.5,7.3
2026-02-01,URNM,11.5,14.9,22.5,7.3
2026-03-01,URNM,18.6,14.9,22.5,7.3
2026-04-01,URNM,12.0,14.9,22.5,7.3
2026-05-01,URNM,13.5,14.9,22.5,7.3
2026-06-01,URNM,14.3,14.9,22.5,7.3
2026-07-01,URNM,8.2,14.9,22.5,7.3
2026-08-01,URNM,14.6,14.9,22.5,7.3
2026-09-01,URNM,11.1,14.9,22.5,7.3
2026-10-01,URNM,51.3,14.9,22.5,7.3
2025-10-01,USB,3.8,6.7,14.7,-1.4
2025-11-01,USB,4.3,6.7,14.7,-1.4
2025-12-01,USB,6.2,6.7,14.7,-1.4
2026-01-01,USB,3.7,6.7,14.7,-1.4
2026-02-01,USB,7.1,6.7,14.7,-1.4
2026-03-01,USB,5.0,6.7,14.7,-1.4
2026-04-01,USB,6.5,6.7,14.7,-1.4
2026-05-01,USB,4.7,6.7,14.7,-1.4
2026-06-01,USB,8.8,6.7,14.7,-1.4
2026-07-01,USB,4.6,6.7,14.7,-1.4
2026-08-01,USB,4.6,6.7,14.7,-1.4
2026-09-01,USB,6.2,6.7,14.7,-1.4
2026-10-01,USB,57.9,6.7,14.7,-1.4
2025-10-01,USO,7.3,26.8,51.0,2.5
2025-11-01,USO,4.9,26.8,51.0,2.5
2025-12-01,USO,6.4,26.8,51.0,2.5
2026-01-01,USO,13.0,26.8,51.0,2.5
2026-02-01,USO,7.7,26.8,51.0,2.5
2026-03-01,USO,47.7,26.8,51.0,2.5
2026-04-01,USO,41.3,26.8,51.0,2.5
2026-05-01,USO,27.5,26.8,51.0,2.5
2026-06-01,USO,37.4,26.8,51.0,2.5
2026-07-01,USO,39.9,26.8,51.0,2.5
2026-08-01,USO,22.1,26.8,51.0,2.5
2026-09-01,USO,27.3,26.8,51.0,2.5
2026-10-01,USO,150.7,26.8,51.0,2.5
2025-10-01,UUP,0.8,1.4,5.7,-2.9
2025-11-01,UUP,0.4,1.4,5.7,-2.9
2025-12-01,UUP,1.3,1.4,5.7,-2.9
2026-01-01,UUP,1.1,1.4,5.7,-2.9
2026-02-01,UUP,0.4,1.4,5.7,-2.9
2026-03-01,UUP,0.7,1.4,5.7,-2.9
2026-04-01,UUP,0.7,1.4,5.7,-2.9
2026-05-01,UUP,0.6,1.4,5.7,-2.9
2026-06-01,UUP,0.8,1.4,5.7,-2.9
2026-07-01,UUP,0.5,1.4,5.7,-2.9
2026-08-01,UUP,0.3,1.4,5.7,-2.9
2026-09-01,UUP,0.9,1.4,5.7,-2.9
2026-10-01,UUP,29.1,1.4,5.7,-2.9
2025-10-01,V,20.8,38.8,91.0,-13.3
2025-11-01,V,26.3,38.8,91.0,-13.3
2025-12-01,V,32.5,38.8,91.0,-13.3
2026-01-01,V,37.1,38.8,91.0,-13.3
2026-02-01,V,34.5,38.8,91.0,-13.3
2026-03-01,V,31.5,38.8,91.0,-13.3
2026-04-01,V,48.1,38.8,91.0,-13.3
2026-05-01,V,19.7,38.8,91.0,-13.3
2026-06-01,V,36.8,38.8,91.0,-13.3
2026-07-01,V,33.0,38.8,91.0,-13.3
2026-08-01,V,27.5,38.8,91.0,-13.3
2026-09-01,V,22.9,38.8,91.0,-13.3
2026-10-01,V,371.8,38.8,91.0,-13.3
2025-10-01,VAL,11.7,19.4,33.3,5.5
2025-11-01,VAL,7.4,19.4,33.3,5.5
2025-12-01,VAL,13.6,19.4,33.3,5.5
2026-01-01,VAL,10.8,19.4,33.3,5.5
2026-02-01,VAL,46.5,19.4,33.3,5.5
2026-03-01,VAL,19.2,19.4,33.3,5.5
2026-04-01,VAL,17.7,19.4,33.3,5.5
2026-05-01,VAL,24.9,19.4,33.3,5.5
2026-06-01,VAL,23.1,19.4,33.3,5.5
2026-07-01,VAL,10.1,19.4,33.3,5.5
2026-08-01,VAL,15.9,19.4,33.3,5.5
2026-09-01,VAL,16.0,19.4,33.3,5.5
2026-10-01,VAL,84.9,19.4,33.3,5.5
2025-10-01,VEEV,31.8,46.6,88.7,4.5
2025-11-01,VEEV,67.7,46.6,88.7,4.5
2025-12-01,VEEV,31.3,46.6,88.7,4.5
2026-01-01,VEEV,41.9,46.6,88.7,4.5
2026-02-01,VEEV,36.5,46.6,88.7,4.5
2026-03-01,VEEV,34.5,46.6,88.7,4.5
2026-04-01,VEEV,30.6,46.6,88.7,4.5
2026-05-01,VEEV,24.5,46.6,88.7,4.5
2026-06-01,VEEV,41.6,46.6,88.7,4.5
2026-07-01,VEEV,30.1,46.6,88.7,4.5
2026-08-01,VEEV,91.6,46.6,88.7,4.5
2026-09-01,VEEV,30.5,46.6,88.7,4.5
2026-10-01,VEEV,291.4,46.6,88.7,4.5
2025-10-01,VICI,4.1,2.9,6.1,-0.3
2025-11-01,VICI,2.3,2.9,6.1,-0.3
2025-12-01,VICI,1.3,2.9,6.1,-0.3
2026-01-01,VICI,1.5,2.9,6.1,-0.3
2026-02-01,VICI,2.7,2.9,6.1,-0.3
2026-03-01,VICI,3.9,2.9,6.1,-0.3
2026-04-01,VICI,2.3,2.9,6.1,-0.3
2026-05-01,VICI,1.8,2.9,6.1,-0.3
2026-06-01,VICI,2.6,2.9,6.1,-0.3
2026-07-01,VICI,1.8,2.9,6.1,-0.3
2026-08-01,VICI,1.5,2.9,6.1,-0.3
2026-09-01,VICI,3.1,2.9,6.1,-0.3
2026-10-01,VICI,23.0,2.9,6.1,-0.3
2025-10-01,VIX,13.4,8.1,11.9,4.3
2025-11-01,VIX,12.5,8.1,11.9,4.3
2025-12-01,VIX,5.0,8.1,11.9,4.3
2026-01-01,VIX,6.6,8.1,11.9,4.3
2026-02-01,VIX,7.1,8.1,11.9,4.3
2026-03-01,VIX,15.0,8.1,11.9,4.3
2026-04-01,VIX,11.1,8.1,11.9,4.3
2026-05-01,VIX,4.2,8.1,11.9,4.3
2026-06-01,VIX,8.2,8.1,11.9,4.3
2026-07-01,VIX,5.9,8.1,11.9,4.3
2026-08-01,VIX,4.3,8.1,11.9,4.3
2026-09-01,VIX,5.1,8.1,11.9,4.3
2026-10-01,VIX,2.6,8.1,11.9,4.3
2025-10-01,VLO,20.9,49.7,109.8,-10.4
2025-11-01,VLO,20.6,49.7,109.8,-10.4
2025-12-01,VLO,22.2,49.7,109.8,-10.4
2026-01-01,VLO,32.4,49.7,109.8,-10.4
2026-02-01,VLO,30.3,49.7,109.8,-10.4
2026-03-01,VLO,50.9,49.7,109.8,-10.4
2026-04-01,VLO,39.8,49.7,109.8,-10.4
2026-05-01,VLO,36.5,49.7,109.8,-10.4
2026-06-01,VLO,39.5,49.7,109.8,-10.4
2026-07-01,VLO,59.5,49.7,109.8,-10.4
2026-08-01,VLO,71.3,49.7,109.8,-10.4
2026-09-01,VLO,62.8,49.7,109.8,-10.4
2026-10-01,VLO,423.0,49.7,109.8,-10.4
2025-10-01,VLTO,12.1,11.4,24.9,-2.2
2025-11-01,VLTO,7.3,11.4,24.9,-2.2
2025-12-01,VLTO,7.2,11.4,24.9,-2.2
2026-01-01,VLTO,6.3,11.4,24.9,-2.2
2026-02-01,VLTO,13.1,11.4,24.9,-2.2
2026-03-01,VLTO,12.8,11.4,24.9,-2.2
2026-04-01,VLTO,7.3,11.4,24.9,-2.2
2026-05-01,VLTO,9.5,11.4,24.9,-2.2
2026-06-01,VLTO,9.0,11.4,24.9,-2.2
2026-07-01,VLTO,12.9,11.4,24.9,-2.2
2026-08-01,VLTO,7.4,11.4,24.9,-2.2
2026-09-01,VLTO,6.5,11.4,24.9,-2.2
2026-10-01,VLTO,97.4,11.4,24.9,-2.2
2025-10-01,VMC,32.8,40.2,74.7,5.7
2025-11-01,VMC,19.8,40.2,74.7,5.7
2025-12-01,VMC,23.2,40.2,74.7,5.7
2026-01-01,VMC,29.1,40.2,74.7,5.7
2026-02-01,VMC,36.4,40.2,74.7,5.7
2026-03-01,VMC,56.2,40.2,74.7,5.7
2026-04-01,VMC,32.8,40.2,74.7,5.7
2026-05-01,VMC,50.8,40.2,74.7,5.7
2026-06-01,VMC,51.6,40.2,74.7,5.7
2026-07-01,VMC,39.2,40.2,74.7,5.7
2026-08-01,VMC,20.8,40.2,74.7,5.7
2026-09-01,VMC,28.1,40.2,74.7,5.7
2026-10-01,VMC,249.9,40.2,74.7,5.7
2025-10-01,VNM,2.4,2.1,4.5,-0.3
2025-11-01,VNM,1.8,2.1,4.5,-0.3
2025-12-01,VNM,1.7,2.1,4.5,-0.3
2026-01-01,VNM,1.4,2.1,4.5,-0.3
2026-02-01,VNM,1.5,2.1,4.5,-0.3
2026-03-01,VNM,2.4,2.1,4.5,-0.3
2026-04-01,VNM,2.4,2.1,4.5,-0.3
2026-05-01,VNM,1.2,2.1,4.5,-0.3
2026-06-01,VNM,1.1,2.1,4.5,-0.3
2026-07-01,VNM,2.4,2.1,4.5,-0.3
2026-08-01,VNM,1.2,2.1,4.5,-0.3
2026-09-01,VNM,1.3,2.1,4.5,-0.3
2026-10-01,VNM,17.0,2.1,4.5,-0.3
2025-10-01,VRSK,55.8,34.5,60.0,8.9
2025-11-01,VRSK,16.8,34.5,60.0,8.9
2025-12-01,VRSK,13.4,34.5,60.0,8.9
2026-01-01,VRSK,12.5,34.5,60.0,8.9
2026-02-01,VRSK,53.9,34.5,60.0,8.9
2026-03-01,VRSK,34.6,34.5,60.0,8.9
2026-04-01,VRSK,29.8,34.5,60.0,8.9
2026-05-01,VRSK,33.0,34.5,60.0,8.9
2026-06-01,VRSK,17.1,34.5,60.0,8.9
2026-07-01,VRSK,46.5,34.5,60.0,8.9
2026-08-01,VRSK,24.6,34.5,60.0,8.9
2026-09-01,VRSK,33.9,34.5,60.0,8.9
2026-10-01,VRSK,171.3,34.5,60.0,8.9
2025-10-01,VRSN,54.5,42.2,83.2,1.2
2025-11-01,VRSN,20.6,42.2,83.2,1.2
2025-12-01,VRSN,18.7,42.2,83.2,1.2
2026-01-01,VRSN,19.4,42.2,83.2,1.2
2026-02-01,VRSN,43.1,42.2,83.2,1.2
2026-03-01,VRSN,29.7,42.2,83.2,1.2
2026-04-01,VRSN,37.1,42.2,83.2,1.2
2026-05-01,VRSN,42.8,42.2,83.2,1.2
2026-06-01,VRSN,58.2,42.2,83.2,1.2
2026-07-01,VRSN,41.4,42.2,83.2,1.2
2026-08-01,VRSN,31.9,42.2,83.2,1.2
2026-09-01,VRSN,34.8,42.2,83.2,1.2
2026-10-01,VRSN,294.9,42.2,83.2,1.2
2025-10-01,VRT,55.1,72.7,108.9,36.6
2025-11-01,VRT,48.5,72.7,108.9,36.6
2025-12-01,VRT,41.8,72.7,108.9,36.6
2026-01-01,VRT,41.6,72.7,108.9,36.6
2026-02-01,VRT,92.5,72.7,108.9,36.6
2026-03-01,VRT,50.4,72.7,108.9,36.6
2026-04-01,VRT,82.4,72.7,108.9,36.6
2026-05-01,VRT,72.6,72.7,108.9,36.6
2026-06-01,VRT,83.4,72.7,108.9,36.6
2026-07-01,VRT,118.0,72.7,108.9,36.6
2026-08-01,VRT,65.3,72.7,108.9,36.6
2026-09-01,VRT,68.4,72.7,108.9,36.6
2026-10-01,VRT,258.1,72.7,108.9,36.6
2025-10-01,VRTX,40.3,68.2,141.0,-4.6
2025-11-01,VRTX,39.1,68.2,141.0,-4.6
2025-12-01,VRTX,41.0,68.2,141.0,-4.6
2026-01-01,VRTX,58.5,68.2,141.0,-4.6
2026-02-01,VRTX,49.5,68.2,141.0,-4.6
2026-03-01,VRTX,76.9,68.2,141.0,-4.6
2026-04-01,VRTX,34.3,68.2,141.0,-4.6
2026-05-01,VRTX,44.4,68.2,141.0,-4.6
2026-06-01,VRTX,83.9,68.2,141.0,-4.6
2026-07-01,VRTX,68.7,68.2,141.0,-4.6
2026-08-01,VRTX,90.2,68.2,141.0,-4.6
2026-09-01,VRTX,59.2,68.2,141.0,-4.6
2026-10-01,VRTX,523.5,68.2,141.0,-4.6
2025-10-01,VST,37.5,33.0,54.2,11.7
2025-11-01,VST,34.4,33.0,54.2,11.7
2025-12-01,VST,21.4,33.0,54.2,11.7
2026-01-01,VST,33.4,33.0,54.2,11.7
2026-02-01,VST,39.8,33.0,54.2,11.7
2026-03-01,VST,34.2,33.0,54.2,11.7
2026-04-01,VST,18.6,33.0,54.2,11.7
2026-05-01,VST,35.7,33.0,54.2,11.7
2026-06-01,VST,33.4,33.0,54.2,11.7
2026-07-01,VST,27.6,33.0,54.2,11.7
2026-08-01,VST,22.5,33.0,54.2,11.7
2026-09-01,VST,21.5,33.0,54.2,11.7
2026-10-01,VST,162.7,33.0,54.2,11.7
2025-10-01,VTR,7.8,10.4,22.2,-1.4
2025-11-01,VTR,8.3,10.4,22.2,-1.4
2025-12-01,VTR,5.8,10.4,22.2,-1.4
2026-01-01,VTR,5.0,10.4,22.2,-1.4
2026-02-01,VTR,12.1,10.4,22.2,-1.4
2026-03-01,VTR,7.6,10.4,22.2,-1.4
2026-04-01,VTR,9.0,10.4,22.2,-1.4
2026-05-01,VTR,7.6,10.4,22.2,-1.4
2026-06-01,VTR,11.7,10.4,22.2,-1.4
2026-07-01,VTR,12.9,10.4,22.2,-1.4
2026-08-01,VTR,7.6,10.4,22.2,-1.4
2026-09-01,VTR,8.4,10.4,22.2,-1.4
2026-10-01,VTR,84.9,10.4,22.2,-1.4
2025-10-01,VTRS,0.8,2.5,5.0,-0.0
2025-11-01,VTRS,1.4,2.5,5.0,-0.0
2025-12-01,VTRS,2.0,2.5,5.0,-0.0
2026-01-01,VTRS,1.3,2.5,5.0,-0.0
2026-02-01,VTRS,3.5,2.5,5.0,-0.0
2026-03-01,VTRS,2.9,2.5,5.0,-0.0
2026-04-01,VTRS,2.1,2.5,5.0,-0.0
2026-05-01,VTRS,2.8,2.5,5.0,-0.0
2026-06-01,VTRS,1.7,2.5,5.0,-0.0
2026-07-01,VTRS,2.2,2.5,5.0,-0.0
2026-08-01,VTRS,2.5,2.5,5.0,-0.0
2026-09-01,VTRS,2.3,2.5,5.0,-0.0
2026-10-01,VTRS,17.9,2.5,5.0,-0.0
2025-10-01,VXN,8.9,8.0,10.4,5.5
2025-11-01,VXN,12.4,8.0,10.4,5.5
2025-12-01,VXN,5.8,8.0,10.4,5.5
2026-01-01,VXN,5.9,8.0,10.4,5.5
2026-02-01,VXN,9.2,8.0,10.4,5.5
2026-03-01,VXN,9.9,8.0,10.4,5.5
2026-04-01,VXN,9.9,8.0,10.4,5.5
2026-05-01,VXN,4.9,8.0,10.4,5.5
2026-06-01,VXN,11.3,8.0,10.4,5.5
2026-07-01,VXN,6.3,8.0,10.4,5.5
2026-08-01,VXN,7.3,8.0,10.4,5.5
2026-09-01,VXN,5.4,8.0,10.4,5.5
2026-10-01,VXN,3.6,8.0,10.4,5.5
2025-10-01,VZ,5.7,6.1,12.6,-0.4
2025-11-01,VZ,2.9,6.1,12.6,-0.4
2025-12-01,VZ,2.4,6.1,12.6,-0.4
2026-01-01,VZ,6.0,6.1,12.6,-0.4
2026-02-01,VZ,6.6,6.1,12.6,-0.4
2026-03-01,VZ,2.8,6.1,12.6,-0.4
2026-04-01,VZ,5.9,6.1,12.6,-0.4
2026-05-01,VZ,3.2,6.1,12.6,-0.4
2026-06-01,VZ,6.2,6.1,12.6,-0.4
2026-07-01,VZ,8.3,6.1,12.6,-0.4
2026-08-01,VZ,5.7,6.1,12.6,-0.4
2026-09-01,VZ,5.9,6.1,12.6,-0.4
2026-10-01,VZ,46.4,6.1,12.6,-0.4
2025-10-01,WAB,20.2,33.1,74.9,-8.7
2025-11-01,WAB,16.5,33.1,74.9,-8.7
2025-12-01,WAB,15.7,33.1,74.9,-8.7
2026-01-01,WAB,22.5,33.1,74.9,-8.7
2026-02-01,WAB,36.9,33.1,74.9,-8.7
2026-03-01,WAB,32.5,33.1,74.9,-8.7
2026-04-01,WAB,29.0,33.1,74.9,-8.7
2026-05-01,WAB,21.5,33.1,74.9,-8.7
2026-06-01,WAB,33.8,33.1,74.9,-8.7
2026-07-01,WAB,53.1,33.1,74.9,-8.7
2026-08-01,WAB,18.7,33.1,74.9,-8.7
2026-09-01,WAB,20.9,33.1,74.9,-8.7
2026-10-01,WAB,294.7,33.1,74.9,-8.7
2025-10-01,WAT,65.4,64.7,127.5,1.9
2025-11-01,WAT,73.1,64.7,127.5,1.9
2025-12-01,WAT,32.2,64.7,127.5,1.9
2026-01-01,WAT,41.6,64.7,127.5,1.9
2026-02-01,WAT,84.5,64.7,127.5,1.9
2026-03-01,WAT,40.5,64.7,127.5,1.9
2026-04-01,WAT,59.6,64.7,127.5,1.9
2026-05-01,WAT,86.4,64.7,127.5,1.9
2026-06-01,WAT,33.2,64.7,127.5,1.9
2026-07-01,WAT,46.7,64.7,127.5,1.9
2026-08-01,WAT,52.7,64.7,127.5,1.9
2026-09-01,WAT,55.3,64.7,127.5,1.9
2026-10-01,WAT,454.5,64.7,127.5,1.9
2025-10-01,WBD,5.5,3.5,8.0,-1.1
2025-11-01,WBD,2.3,3.5,8.0,-1.1
2025-12-01,WBD,6.4,3.5,8.0,-1.1
2026-01-01,WBD,2.1,3.5,8.0,-1.1
2026-02-01,WBD,2.6,3.5,8.0,-1.1
2026-03-01,WBD,1.6,3.5,8.0,-1.1
2026-04-01,WBD,1.2,3.5,8.0,-1.1
2026-05-01,WBD,0.6,3.5,8.0,-1.1
2026-06-01,WBD,1.5,3.5,8.0,-1.1
2026-07-01,WBD,2.4,3.5,8.0,-1.1
2026-08-01,WBD,3.6,3.5,8.0,-1.1
2026-09-01,WBD,3.2,3.5,8.0,-1.1
2026-10-01,WBD,31.0,3.5,8.0,-1.1
2025-10-01,WDAY,20.3,41.0,69.1,13.0
2025-11-01,WDAY,33.4,41.0,69.1,13.0
2025-12-01,WDAY,16.8,41.0,69.1,13.0
2026-01-01,WDAY,46.4,41.0,69.1,13.0
2026-02-01,WDAY,60.1,41.0,69.1,13.0
2026-03-01,WDAY,31.6,41.0,69.1,13.0
2026-04-01,WDAY,22.7,41.0,69.1,13.0
2026-05-01,WDAY,34.0,41.0,69.1,13.0
2026-06-01,WDAY,47.1,41.0,69.1,13.0
2026-07-01,WDAY,44.3,41.0,69.1,13.0
2026-08-01,WDAY,65.9,41.0,69.1,13.0
2026-09-01,WDAY,30.4,41.0,69.1,13.0
2026-10-01,WDAY,195.8,41.0,69.1,13.0
2025-10-01,WDC,45.1,129.9,222.9,36.8
2025-11-01,WDC,46.0,129.9,222.9,36.8
2025-12-01,WDC,37.4,129.9,222.9,36.8
2026-01-01,WDC,108.7,129.9,222.9,36.8
2026-02-01,WDC,68.5,129.9,222.9,36.8
2026-03-01,WDC,81.6,129.9,222.9,36.8
2026-04-01,WDC,164.0,129.9,222.9,36.8
2026-05-01,WDC,149.5,129.9,222.9,36.8
2026-06-01,WDC,319.0,129.9,222.9,36.8
2026-07-01,WDC,195.3,129.9,222.9,36.8
2026-08-01,WDC,157.2,129.9,222.9,36.8
2026-09-01,WDC,88.4,129.9,222.9,36.8
2026-10-01,WDC,463.6,129.9,222.9,36.8
2025-10-01,WEAT,1.5,3.1,6.7,-0.6
2025-11-01,WEAT,1.3,3.1,6.7,-0.6
2025-12-01,WEAT,1.2,3.1,6.7,-0.6
2026-01-01,WEAT,1.4,3.1,6.7,-0.6
2026-02-01,WEAT,2.3,3.1,6.7,-0.6
2026-03-01,WEAT,2.2,3.1,6.7,-0.6
2026-04-01,WEAT,3.5,3.1,6.7,-0.6
2026-05-01,WEAT,2.8,3.1,6.7,-0.6
2026-06-01,WEAT,2.0,3.1,6.7,-0.6
2026-07-01,WEAT,3.7,3.1,6.7,-0.6
2026-08-01,WEAT,4.7,3.1,6.7,-0.6
2026-09-01,WEAT,3.9,3.1,6.7,-0.6
2026-10-01,WEAT,25.5,3.1,6.7,-0.6
2025-10-01,WEC,7.6,10.2,24.8,-4.3
2025-11-01,WEC,3.8,10.2,24.8,-4.3
2025-12-01,WEC,9.0,10.2,24.8,-4.3
2026-01-01,WEC,7.5,10.2,24.8,-4.3
2026-02-01,WEC,8.3,10.2,24.8,-4.3
2026-03-01,WEC,7.2,10.2,24.8,-4.3
2026-04-01,WEC,6.6,10.2,24.8,-4.3
2026-05-01,WEC,10.4,10.2,24.8,-4.3
2026-06-01,WEC,10.5,10.2,24.8,-4.3
2026-07-01,WEC,10.9,10.2,24.8,-4.3
2026-08-01,WEC,6.5,10.2,24.8,-4.3
2026-09-01,WEC,7.4,10.2,24.8,-4.3
2026-10-01,WEC,103.3,10.2,24.8,-4.3
2025-10-01,WELL,25.8,28.4,60.5,-3.7
2025-11-01,WELL,29.8,28.4,60.5,-3.7
2025-12-01,WELL,24.5,28.4,60.5,-3.7
2026-01-01,WELL,10.7,28.4,60.5,-3.7
2026-02-01,WELL,35.0,28.4,60.5,-3.7
2026-03-01,WELL,21.9,28.4,60.5,-3.7
2026-04-01,WELL,22.7,28.4,60.5,-3.7
2026-05-01,WELL,16.4,28.4,60.5,-3.7
2026-06-01,WELL,35.4,28.4,60.5,-3.7
2026-07-01,WELL,28.2,28.4,60.5,-3.7
2026-08-01,WELL,18.1,28.4,60.5,-3.7
2026-09-01,WELL,15.0,28.4,60.5,-3.7
2026-10-01,WELL,230.3,28.4,60.5,-3.7
2025-10-01,WFC,9.9,11.6,22.7,0.4
2025-11-01,WFC,7.6,11.6,22.7,0.4
2025-12-01,WFC,10.7,11.6,22.7,0.4
2026-01-01,WFC,11.7,11.6,22.7,0.4
2026-02-01,WFC,14.6,11.6,22.7,0.4
2026-03-01,WFC,10.0,11.6,22.7,0.4
2026-04-01,WFC,8.0,11.6,22.7,0.4
2026-05-01,WFC,9.9,11.6,22.7,0.4
2026-06-01,WFC,10.6,11.6,22.7,0.4
2026-07-01,WFC,7.0,11.6,22.7,0.4
2026-08-01,WFC,6.7,11.6,22.7,0.4
2026-09-01,WFC,12.2,11.6,22.7,0.4
2026-10-01,WFC,82.2,11.6,22.7,0.4
2025-10-01,WM,24.2,24.8,53.7,-4.0
2025-11-01,WM,24.3,24.8,53.7,-4.0
2025-12-01,WM,15.3,24.8,53.7,-4.0
2026-01-01,WM,17.9,24.8,53.7,-4.0
2026-02-01,WM,20.6,24.8,53.7,-4.0
2026-03-01,WM,29.0,24.8,53.7,-4.0
2026-04-01,WM,14.6,24.8,53.7,-4.0
2026-05-01,WM,24.4,24.8,53.7,-4.0
2026-06-01,WM,17.8,24.8,53.7,-4.0
2026-07-01,WM,23.9,24.8,53.7,-4.0
2026-08-01,WM,14.1,24.8,53.7,-4.0
2026-09-01,WM,18.7,24.8,53.7,-4.0
2026-10-01,WM,208.8,24.8,53.7,-4.0
2025-10-01,WMB,9.0,9.3,19.3,-0.6
2025-11-01,WMB,5.2,9.3,19.3,-0.6
2025-12-01,WMB,5.8,9.3,19.3,-0.6
2026-01-01,WMB,9.8,9.3,19.3,-0.6
2026-02-01,WMB,10.0,9.3,19.3,-0.6
2026-03-01,WMB,5.2,9.3,19.3,-0.6
2026-04-01,WMB,7.1,9.3,19.3,-0.6
2026-05-01,WMB,8.9,9.3,19.3,-0.6
2026-06-01,WMB,9.0,9.3,19.3,-0.6
2026-07-01,WMB,7.2,9.3,19.3,-0.6
2026-08-01,WMB,7.4,9.3,19.3,-0.6
2026-09-01,WMB,9.4,9.3,19.3,-0.6
2026-10-01,WMB,72.7,9.3,19.3,-0.6
2025-10-01,WMT,9.7,14.0,28.9,-0.9
2025-11-01,WMT,11.8,14.0,28.9,-0.9
2025-12-01,WMT,7.1,14.0,28.9,-0.9
2026-01-01,WMT,11.8,14.0,28.9,-0.9
2026-02-01,WMT,15.6,14.0,28.9,-0.9
2026-03-01,WMT,10.7,14.0,28.9,-0.9
2026-04-01,WMT,11.1,14.0,28.9,-0.9
2026-05-01,WMT,20.5,14.0,28.9,-0.9
2026-06-01,WMT,10.2,14.0,28.9,-0.9
2026-07-01,WMT,11.3,14.0,28.9,-0.9
2026-08-01,WMT,14.7,14.0,28.9,-0.9
2026-09-01,WMT,7.3,14.0,28.9,-0.9
2026-10-01,WMT,107.6,14.0,28.9,-0.9
2025-10-01,WRB,7.8,9.0,18.8,-0.9
2025-11-01,WRB,8.7,9.0,18.8,-0.9
2025-12-01,WRB,12.7,9.0,18.8,-0.9
2026-01-01,WRB,6.1,9.0,18.8,-0.9
2026-02-01,WRB,5.8,9.0,18.8,-0.9
2026-03-01,WRB,9.7,9.0,18.8,-0.9
2026-04-01,WRB,3.7,9.0,18.8,-0.9
2026-05-01,WRB,5.8,9.0,18.8,-0.9
2026-06-01,WRB,8.7,9.0,18.8,-0.9
2026-07-01,WRB,8.9,9.0,18.8,-0.9
2026-08-01,WRB,6.1,9.0,18.8,-0.9
2026-09-01,WRB,5.2,9.0,18.8,-0.9
2026-10-01,WRB,70.9,9.0,18.8,-0.9
2025-10-01,WSM,22.7,35.3,69.1,1.5
2025-11-01,WSM,31.6,35.3,69.1,1.5
2025-12-01,WSM,21.6,35.3,69.1,1.5
2026-01-01,WSM,38.1,35.3,69.1,1.5
2026-02-01,WSM,20.7,35.3,69.1,1.5
2026-03-01,WSM,29.4,35.3,69.1,1.5
2026-04-01,WSM,32.3,35.3,69.1,1.5
2026-05-01,WSM,42.9,35.3,69.1,1.5
2026-06-01,WSM,46.8,35.3,69.1,1.5
2026-07-01,WSM,27.8,35.3,69.1,1.5
2026-08-01,WSM,33.6,35.3,69.1,1.5
2026-09-01,WSM,17.7,35.3,69.1,1.5
2026-10-01,WSM,246.4,35.3,69.1,1.5
2025-10-01,WST,64.8,54.0,107.9,0.1
2025-11-01,WST,34.7,54.0,107.9,0.1
2025-12-01,WST,22.2,54.0,107.9,0.1
2026-01-01,WST,67.6,54.0,107.9,0.1
2026-02-01,WST,32.4,54.0,107.9,0.1
2026-03-01,WST,26.2,54.0,107.9,0.1
2026-04-01,WST,80.2,54.0,107.9,0.1
2026-05-01,WST,36.6,54.0,107.9,0.1
2026-06-01,WST,51.2,54.0,107.9,0.1
2026-07-01,WST,60.7,54.0,107.9,0.1
2026-08-01,WST,24.8,54.0,107.9,0.1
2026-09-01,WST,50.7,54.0,107.9,0.1
2026-10-01,WST,381.2,54.0,107.9,0.1
2025-10-01,WTW,41.1,45.4,88.7,2.0
2025-11-01,WTW,20.5,45.4,88.7,2.0
2025-12-01,WTW,24.5,45.4,88.7,2.0
2026-01-01,WTW,26.9,45.4,88.7,2.0
2026-02-01,WTW,69.4,45.4,88.7,2.0
2026-03-01,WTW,26.5,45.4,88.7,2.0
2026-04-01,WTW,54.4,45.4,88.7,2.0
2026-05-01,WTW,25.9,45.4,88.7,2.0
2026-06-01,WTW,19.2,45.4,88.7,2.0
2026-07-01,WTW,80.2,45.4,88.7,2.0
2026-08-01,WTW,25.9,45.4,88.7,2.0
2026-09-01,WTW,58.0,45.4,88.7,2.0
2026-10-01,WTW,294.4,45.4,88.7,2.0
2025-10-01,WY,2.7,3.3,5.9,0.7
2025-11-01,WY,2.1,3.3,5.9,0.7
2025-12-01,WY,2.8,3.3,5.9,0.7
2026-01-01,WY,4.7,3.3,5.9,0.7
2026-02-01,WY,3.7,3.3,5.9,0.7
2026-03-01,WY,2.6,3.3,5.9,0.7
2026-04-01,WY,2.0,3.3,5.9,0.7
2026-05-01,WY,2.6,3.3,5.9,0.7
2026-06-01,WY,2.3,3.3,5.9,0.7
2026-07-01,WY,2.7,3.3,5.9,0.7
2026-08-01,WY,2.8,3.3,5.9,0.7
2026-09-01,WY,4.4,3.3,5.9,0.7
2026-10-01,WY,19.0,3.3,5.9,0.7
2025-10-01,WYNN,22.3,16.7,27.1,6.3
2025-11-01,WYNN,19.3,16.7,27.1,6.3
2025-12-01,WYNN,14.8,16.7,27.1,6.3
2026-01-01,WYNN,17.0,16.7,27.1,6.3
2026-02-01,WYNN,15.1,16.7,27.1,6.3
2026-03-01,WYNN,9.6,16.7,27.1,6.3
2026-04-01,WYNN,12.5,16.7,27.1,6.3
2026-05-01,WYNN,15.6,16.7,27.1,6.3
2026-06-01,WYNN,14.6,16.7,27.1,6.3
2026-07-01,WYNN,8.6,16.7,27.1,6.3
2026-08-01,WYNN,18.4,16.7,27.1,6.3
2026-09-01,WYNN,15.8,16.7,27.1,6.3
2026-10-01,WYNN,79.4,16.7,27.1,6.3
2025-10-01,XEL,4.6,8.0,18.2,-2.2
2025-11-01,XEL,3.3,8.0,18.2,-2.2
2025-12-01,XEL,9.4,8.0,18.2,-2.2
2026-01-01,XEL,4.3,8.0,18.2,-2.2
2026-02-01,XEL,10.1,8.0,18.2,-2.2
2026-03-01,XEL,7.9,8.0,18.2,-2.2
2026-04-01,XEL,5.8,8.0,18.2,-2.2
2026-05-01,XEL,6.3,8.0,18.2,-2.2
2026-06-01,XEL,6.7,8.0,18.2,-2.2
2026-07-01,XEL,4.8,8.0,18.2,-2.2
2026-08-01,XEL,5.8,8.0,18.2,-2.2
2026-09-01,XEL,8.3,8.0,18.2,-2.2
2026-10-01,XEL,72.8,8.0,18.2,-2.2
2025-10-01,XES,15.0,17.9,33.1,2.6
2025-11-01,XES,8.5,17.9,33.1,2.6
2025-12-01,XES,9.4,17.9,33.1,2.6
2026-01-01,XES,20.0,17.9,33.1,2.6
2026-02-01,XES,19.0,17.9,33.1,2.6
2026-03-01,XES,15.0,17.9,33.1,2.6
2026-04-01,XES,17.5,17.9,33.1,2.6
2026-05-01,XES,15.5,17.9,33.1,2.6
2026-06-01,XES,17.2,17.9,33.1,2.6
2026-07-01,XES,13.6,17.9,33.1,2.6
2026-08-01,XES,18.1,17.9,33.1,2.6
2026-09-01,XES,18.5,17.9,33.1,2.6
2026-10-01,XES,113.8,17.9,33.1,2.6
2025-10-01,XLB,2.7,5.0,12.1,-2.1
2025-11-01,XLB,2.8,5.0,12.1,-2.1
2025-12-01,XLB,2.8,5.0,12.1,-2.1
2026-01-01,XLB,5.4,5.0,12.1,-2.1
2026-02-01,XLB,4.9,5.0,12.1,-2.1
2026-03-01,XLB,6.7,5.0,12.1,-2.1
2026-04-01,XLB,2.9,5.0,12.1,-2.1
2026-05-01,XLB,3.9,5.0,12.1,-2.1
2026-06-01,XLB,3.7,5.0,12.1,-2.1
2026-07-01,XLB,2.9,5.0,12.1,-2.1
2026-08-01,XLB,3.8,5.0,12.1,-2.1
2026-09-01,XLB,4.8,5.0,12.1,-2.1
2026-10-01,XLB,50.0,5.0,12.1,-2.1
2025-10-01,XLC,4.8,9.5,25.6,-6.7
2025-11-01,XLC,5.5,9.5,25.6,-6.7
2025-12-01,XLC,4.3,9.5,25.6,-6.7
2026-01-01,XLC,7.1,9.5,25.6,-6.7
2026-02-01,XLC,7.1,9.5,25.6,-6.7
2026-03-01,XLC,12.4,9.5,25.6,-6.7
2026-04-01,XLC,9.8,9.5,25.6,-6.7
2026-05-01,XLC,3.4,9.5,25.6,-6.7
2026-06-01,XLC,11.0,9.5,25.6,-6.7
2026-07-01,XLC,8.8,9.5,25.6,-6.7
2026-08-01,XLC,4.2,9.5,25.6,-6.7
2026-09-01,XLC,5.3,9.5,25.6,-6.7
2026-10-01,XLC,112.0,9.5,25.6,-6.7
2025-10-01,XLE,2.6,7.3,16.3,-1.7
2025-11-01,XLE,2.9,7.3,16.3,-1.7
2025-12-01,XLE,2.9,7.3,16.3,-1.7
2026-01-01,XLE,7.2,7.3,16.3,-1.7
2026-02-01,XLE,6.4,7.3,16.3,-1.7
2026-03-01,XLE,8.1,7.3,16.3,-1.7
2026-04-01,XLE,7.6,7.3,16.3,-1.7
2026-05-01,XLE,6.6,7.3,16.3,-1.7
2026-06-01,XLE,6.4,7.3,16.3,-1.7
2026-07-01,XLE,7.8,7.3,16.3,-1.7
2026-08-01,XLE,7.6,7.3,16.3,-1.7
2026-09-01,XLE,5.2,7.3,16.3,-1.7
2026-10-01,XLE,64.1,7.3,16.3,-1.7
2025-10-01,XLF,2.5,4.7,12.4,-3.1
2025-11-01,XLF,2.8,4.7,12.4,-3.1
2025-12-01,XLF,3.3,4.7,12.4,-3.1
2026-01-01,XLF,3.8,4.7,12.4,-3.1
2026-02-01,XLF,4.2,4.7,12.4,-3.1
2026-03-01,XLF,4.2,4.7,12.4,-3.1
2026-04-01,XLF,4.6,4.7,12.4,-3.1
2026-05-01,XLF,1.8,4.7,12.4,-3.1
2026-06-01,XLF,4.4,4.7,12.4,-3.1
2026-07-01,XLF,3.9,4.7,12.4,-3.1
2026-08-01,XLF,1.5,4.7,12.4,-3.1
2026-09-01,XLF,5.2,4.7,12.4,-3.1
2026-10-01,XLF,54.3,4.7,12.4,-3.1
2025-10-01,XLI,7.1,15.8,40.4,-8.9
2025-11-01,XLI,8.4,15.8,40.4,-8.9
2025-12-01,XLI,7.1,15.8,40.4,-8.9
2026-01-01,XLI,12.2,15.8,40.4,-8.9
2026-02-01,XLI,13.2,15.8,40.4,-8.9
2026-03-01,XLI,23.2,15.8,40.4,-8.9
2026-04-01,XLI,14.0,15.8,40.4,-8.9
2026-05-01,XLI,9.6,15.8,40.4,-8.9
2026-06-01,XLI,16.6,15.8,40.4,-8.9
2026-07-01,XLI,10.5,15.8,40.4,-8.9
2026-08-01,XLI,13.5,15.8,40.4,-8.9
2026-09-01,XLI,8.9,15.8,40.4,-8.9
2026-10-01,XLI,172.3,15.8,40.4,-8.9
2025-10-01,XLK,13.9,22.5,51.4,-6.4
2025-11-01,XLK,18.4,22.5,51.4,-6.4
2025-12-01,XLK,9.9,22.5,51.4,-6.4
2026-01-01,XLK,8.3,22.5,51.4,-6.4
2026-02-01,XLK,11.1,22.5,51.4,-6.4
2026-03-01,XLK,14.9,22.5,51.4,-6.4
2026-04-01,XLK,29.3,22.5,51.4,-6.4
2026-05-01,XLK,31.5,22.5,51.4,-6.4
2026-06-01,XLK,25.9,22.5,51.4,-6.4
2026-07-01,XLK,21.5,22.5,51.4,-6.4
2026-08-01,XLK,18.7,22.5,51.4,-6.4
2026-09-01,XLK,15.0,22.5,51.4,-6.4
2026-10-01,XLK,203.3,22.5,51.4,-6.4
2025-10-01,XLP,4.4,7.0,18.7,-4.8
2025-11-01,XLP,4.2,7.0,18.7,-4.8
2025-12-01,XLP,2.6,7.0,18.7,-4.8
2026-01-01,XLP,7.0,7.0,18.7,-4.8
2026-02-01,XLP,6.9,7.0,18.7,-4.8
2026-03-01,XLP,9.3,7.0,18.7,-4.8
2026-04-01,XLP,4.0,7.0,18.7,-4.8
2026-05-01,XLP,3.9,7.0,18.7,-4.8
2026-06-01,XLP,4.9,7.0,18.7,-4.8
2026-07-01,XLP,6.0,7.0,18.7,-4.8
2026-08-01,XLP,3.6,7.0,18.7,-4.8
2026-09-01,XLP,5.6,7.0,18.7,-4.8
2026-10-01,XLP,82.0,7.0,18.7,-4.8
2025-10-01,XLRE,2.4,3.5,9.5,-2.4
2025-11-01,XLRE,1.5,3.5,9.5,-2.4
2025-12-01,XLRE,1.7,3.5,9.5,-2.4
2026-01-01,XLRE,2.4,3.5,9.5,-2.4
2026-02-01,XLRE,3.5,3.5,9.5,-2.4
2026-03-01,XLRE,4.1,3.5,9.5,-2.4
2026-04-01,XLRE,4.0,3.5,9.5,-2.4
2026-05-01,XLRE,1.8,3.5,9.5,-2.4
2026-06-01,XLRE,2.6,3.5,9.5,-2.4
2026-07-01,XLRE,2.4,3.5,9.5,-2.4
2026-08-01,XLRE,1.7,3.5,9.5,-2.4
2026-09-01,XLRE,3.5,3.5,9.5,-2.4
2026-10-01,XLRE,41.3,3.5,9.5,-2.4
2025-10-01,XLU,3.3,4.1,9.9,-1.7
2025-11-01,XLU,1.6,4.1,9.9,-1.7
2025-12-01,XLU,3.0,4.1,9.9,-1.7
2026-01-01,XLU,2.1,4.1,9.9,-1.7
2026-02-01,XLU,5.3,4.1,9.9,-1.7
2026-03-01,XLU,3.3,4.1,9.9,-1.7
2026-04-01,XLU,3.0,4.1,9.9,-1.7
2026-05-01,XLU,3.8,4.1,9.9,-1.7
2026-06-01,XLU,3.2,4.1,9.9,-1.7
2026-07-01,XLU,2.3,4.1,9.9,-1.7
2026-08-01,XLU,2.8,4.1,9.9,-1.7
2026-09-01,XLU,4.7,4.1,9.9,-1.7
2026-10-01,XLU,41.2,4.1,9.9,-1.7
2025-10-01,XLV,7.2,14.6,38.8,-9.6
2025-11-01,XLV,16.1,14.6,38.8,-9.6
2025-12-01,XLV,8.0,14.6,38.8,-9.6
2026-01-01,XLV,7.6,14.6,38.8,-9.6
2026-02-01,XLV,6.4,14.6,38.8,-9.6
2026-03-01,XLV,16.8,14.6,38.8,-9.6
2026-04-01,XLV,8.3,14.6,38.8,-9.6
2026-05-01,XLV,8.7,14.6,38.8,-9.6
2026-06-01,XLV,15.9,14.6,38.8,-9.6
2026-07-01,XLV,11.3,14.6,38.8,-9.6
2026-08-01,XLV,15.6,14.6,38.8,-9.6
2026-09-01,XLV,9.4,14.6,38.8,-9.6
2026-10-01,XLV,169.0,14.6,38.8,-9.6
2025-10-01,XLY,7.1,11.3,27.1,-4.5
2025-11-01,XLY,11.0,11.3,27.1,-4.5
2025-12-01,XLY,6.3,11.3,27.1,-4.5
2026-01-01,XLY,7.3,11.3,27.1,-4.5
2026-02-01,XLY,8.9,11.3,27.1,-4.5
2026-03-01,XLY,11.9,11.3,27.1,-4.5
2026-04-01,XLY,15.4,11.3,27.1,-4.5
2026-05-01,XLY,8.0,11.3,27.1,-4.5
2026-06-01,XLY,6.7,11.3,27.1,-4.5
2026-07-01,XLY,10.9,11.3,27.1,-4.5
2026-08-01,XLY,4.6,11.3,27.1,-4.5
2026-09-01,XLY,8.5,11.3,27.1,-4.5
2026-10-01,XLY,111.8,11.3,27.1,-4.5
2025-10-01,XOM,6.7,21.5,45.0,-2.1
2025-11-01,XOM,8.3,21.5,45.0,-2.1
2025-12-01,XOM,7.2,21.5,45.0,-2.1
2026-01-01,XOM,24.1,21.5,45.0,-2.1
2026-02-01,XOM,18.9,21.5,45.0,-2.1
2026-03-01,XOM,28.8,21.5,45.0,-2.1
2026-04-01,XOM,26.0,21.5,45.0,-2.1
2026-05-01,XOM,19.8,21.5,45.0,-2.1
2026-06-01,XOM,20.0,21.5,45.0,-2.1
2026-07-01,XOM,23.4,21.5,45.0,-2.1
2026-08-01,XOM,19.6,21.5,45.0,-2.1
2026-09-01,XOM,13.8,21.5,45.0,-2.1
2026-10-01,XOM,166.0,21.5,45.0,-2.1
2025-10-01,XOP,13.4,25.9,52.0,-0.2
2025-11-01,XOP,11.8,25.9,52.0,-0.2
2025-12-01,XOP,15.3,25.9,52.0,-0.2
2026-01-01,XOP,19.2,25.9,52.0,-0.2
2026-02-01,XOP,19.1,25.9,52.0,-0.2
2026-03-01,XOP,34.7,25.9,52.0,-0.2
2026-04-01,XOP,28.3,25.9,52.0,-0.2
2026-05-01,XOP,19.8,25.9,52.0,-0.2
2026-06-01,XOP,22.6,25.9,52.0,-0.2
2026-07-01,XOP,27.5,25.9,52.0,-0.2
2026-08-01,XOP,26.9,25.9,52.0,-0.2
2026-09-01,XOP,24.4,25.9,52.0,-0.2
2026-10-01,XOP,189.2,25.9,52.0,-0.2
2025-10-01,XYL,10.7,15.2,29.5,1.0
2025-11-01,XYL,14.8,15.2,29.5,1.0
2025-12-01,XYL,5.3,15.2,29.5,1.0
2026-01-01,XYL,14.2,15.2,29.5,1.0
2026-02-01,XYL,19.0,15.2,29.5,1.0
2026-03-01,XYL,14.0,15.2,29.5,1.0
2026-04-01,XYL,16.0,15.2,29.5,1.0
2026-05-01,XYL,15.2,15.2,29.5,1.0
2026-06-01,XYL,13.0,15.2,29.5,1.0
2026-07-01,XYL,12.3,15.2,29.5,1.0
2026-08-01,XYL,14.0,15.2,29.5,1.0
2026-09-01,XYL,10.0,15.2,29.5,1.0
2026-10-01,XYL,105.1,15.2,29.5,1.0
2025-10-01,XYZ,9.9,14.0,24.4,3.5
2025-11-01,XYZ,19.7,14.0,24.4,3.5
2025-12-01,XYZ,6.8,14.0,24.4,3.5
2026-01-01,XYZ,12.2,14.0,24.4,3.5
2026-02-01,XYZ,17.9,14.0,24.4,3.5
2026-03-01,XYZ,11.9,14.0,24.4,3.5
2026-04-01,XYZ,18.5,14.0,24.4,3.5
2026-05-01,XYZ,10.1,14.0,24.4,3.5
2026-06-01,XYZ,13.6,14.0,24.4,3.5
2026-07-01,XYZ,9.3,14.0,24.4,3.5
2026-08-01,XYZ,9.7,14.0,24.4,3.5
2026-09-01,XYZ,11.7,14.0,24.4,3.5
2026-10-01,XYZ,77.0,14.0,24.4,3.5
2025-10-01,YUM,16.4,19.2,38.2,0.1
2025-11-01,YUM,17.7,19.2,38.2,0.1
2025-12-01,YUM,15.9,19.2,38.2,0.1
2026-01-01,YUM,12.8,19.2,38.2,0.1
2026-02-01,YUM,15.1,19.2,38.2,0.1
2026-03-01,YUM,14.6,19.2,38.2,0.1
2026-04-01,YUM,12.3,19.2,38.2,0.1
2026-05-01,YUM,14.2,19.2,38.2,0.1
2026-06-01,YUM,14.8,19.2,38.2,0.1
2026-07-01,YUM,25.5,19.2,38.2,0.1
2026-08-01,YUM,15.1,19.2,38.2,0.1
2026-09-01,YUM,20.3,19.2,38.2,0.1
2026-10-01,YUM,140.0,19.2,38.2,0.1
2025-10-01,ZBH,12.9,14.6,27.1,2.2
2025-11-01,ZBH,18.4,14.6,27.1,2.2
2025-12-01,ZBH,9.3,14.6,27.1,2.2
2026-01-01,ZBH,10.7,14.6,27.1,2.2
2026-02-01,ZBH,15.7,14.6,27.1,2.2
2026-03-01,ZBH,13.9,14.6,27.1,2.2
2026-04-01,ZBH,18.0,14.6,27.1,2.2
2026-05-01,ZBH,8.1,14.6,27.1,2.2
2026-06-01,ZBH,11.7,14.6,27.1,2.2
2026-07-01,ZBH,13.5,14.6,27.1,2.2
2026-08-01,ZBH,7.8,14.6,27.1,2.2
2026-09-01,ZBH,14.0,14.6,27.1,2.2
2026-10-01,ZBH,92.0,14.6,27.1,2.2
2025-10-01,ZBRA,61.9,59.9,114.3,5.6
2025-11-01,ZBRA,48.9,59.9,114.3,5.6
2025-12-01,ZBRA,32.5,59.9,114.3,5.6
2026-01-01,ZBRA,35.4,59.9,114.3,5.6
2026-02-01,ZBRA,80.8,59.9,114.3,5.6
2026-03-01,ZBRA,37.5,59.9,114.3,5.6
2026-04-01,ZBRA,43.9,59.9,114.3,5.6
2026-05-01,ZBRA,47.1,59.9,114.3,5.6
2026-06-01,ZBRA,51.7,59.9,114.3,5.6
2026-07-01,ZBRA,45.5,59.9,114.3,5.6
2026-08-01,ZBRA,97.0,59.9,114.3,5.6
2026-09-01,ZBRA,44.5,59.9,114.3,5.6
2026-10-01,ZBRA,390.8,59.9,114.3,5.6
2025-10-01,ZTS,8.1,16.4,29.6,3.1
2025-11-01,ZTS,29.6,16.4,29.6,3.1
2025-12-01,ZTS,14.0,16.4,29.6,3.1
2026-01-01,ZTS,11.1,16.4,29.6,3.1
2026-02-01,ZTS,13.6,16.4,29.6,3.1
2026-03-01,ZTS,16.8,16.4,29.6,3.1
2026-04-01,ZTS,10.4,16.4,29.6,3.1
2026-05-01,ZTS,43.9,16.4,29.6,3.1
2026-06-01,ZTS,11.5,16.4,29.6,3.1
2026-07-01,ZTS,7.3,16.4,29.6,3.1
2026-08-01,ZTS,9.2,16.4,29.6,3.1
2026-09-01,ZTS,8.5,16.4,29.6,3.1
2026-10-01,ZTS,72.3,16.4,29.6,3.1
