Date,Ticker,Ticker_name,Category,Close,lt_pt_sm,change_pct,Ivol,rvol,prem_disc,model_score,Spread_Quad,rating,day_rr_ratio,week_rr_ratio,month_rr_ratio,day_pr_low,day_pr_high,week_pr_low,week_pr_high,month_pr_low,month_pr_high,day_dn,day_up,week_dn,week_up,month_dn,month_up
2026-09-28,A,"AGILENT TECHNOLOGIES, INC.",Health Care,175.21,167.36,-0.0448,0.3246,0.32960241,-0.015177103832462957,-37.0,4,Sell,-1.2097701149425286,1.0471938775510197,-2.8456790123456805,162.58,185.65,151.69,199.84,124.5,193.03,-0.07208492665943722,0.059585640089035996,-0.13423891330403526,0.1405741681410877,-0.2894241196278752,0.10170652360025101
2026-09-28,AAPL,APPLE INC.,Information Technology,338.4,347.51,0.0269,0.2522,0.22159226,0.13812639484790656,-3.0,2,Neutral,1.3076923076923117,1.9748559455212202,-1.7061102831594614,326.57,353.87,319.31,376.1,281.16,371.95,-0.0349586288416075,0.04571513002364069,-0.05641252955082732,0.11140661938534291,-0.16914893617021265,0.09914302600472813
2026-09-28,ABBV,ABBVIE INC.,Health Care,266.28,278.34,0.0453,0.2995,0.1708732,0.7527616969776418,-13.0,1,Neutral,1.033434650455937,1.0979020979021024,-1.2190669371196727,256.41,276.48,251.98,281.98,224.21,300.79,-0.037066246056782104,0.03830554303740441,-0.05370286916028233,0.05896049271443604,-0.15799158780231326,0.12960042060988441
2026-09-28,ABNB,"AIRBNB, INC.",Consumer Discretionary,156.08,190.0,0.2173,0.4264,0.39946612,0.06742469173606014,-15.0,1,Neutral,-3.90909090909093,1.398197460057352,3.2009777294948343,139.74,160.26,131.67,190.21,137.67,215.01,-0.1046899026140441,0.026781137878011174,-0.1563941568426449,0.2186699128651972,-0.11795233213736556,0.37756278831368517
2026-09-28,ABT,ABBOTT LABORATORIES,Health Care,100.98,111.8,0.1071,0.3375,0.1822076,0.8522827807402107,27.0,1,Buy,-1.1276041666666694,1.5731981981981964,2.8134403209628887,96.65,104.82,92.1,114.95,91.01,129.03,-0.042879778173895766,0.03802733214497911,-0.08793820558526455,0.13834422657952072,-0.09873242226183399,0.2777777777777777
2026-09-28,ACGL,ARCH CAPITAL GROUP LTD.,Financials,94.9,98.94,0.0426,0.2316,0.15593529,0.48523147005402034,-17.0,1,Neutral,-1.1165413533834596,1.1712418300653578,1.8129770992366414,91.93,97.56,87.25,103.86,87.04,109.15,-0.03129610115911485,0.028029504741833522,-0.08061116965226556,0.09441517386722853,-0.08282402528977872,0.15015806111696528
2026-09-28,ACN,ACCENTURE PUBLIC LIMITED COMPANY,Information Technology,174.47,171.81,-0.0152,0.5588,0.41583273,0.3438095649661823,-16.0,2,Neutral,1.9976105137395448,4.166846071044138,-1.0926509186351707,166.1,191.19,165.18,213.18,132.84,212.57,-0.04797386370149603,0.09583309451481625,-0.05324697655757438,0.2218719550639079,-0.238608356737548,0.21837565197455144
2026-09-28,ADBE,ADOBE INC.,Information Technology,231.01,249.29,0.0791,0.4062,0.411372,-0.012572562060616743,-24.0,3,Neutral,-1.1285714285714261,2.1689606074988137,2.4746387949584996,217.58,242.91,209.94,276.71,198.48,311.51,-0.05813601142807656,0.051512921518549026,-0.09120817280637195,0.19782693389896533,-0.14081641487381502,0.3484697632137137
2026-09-28,ADI,"ANALOG DEVICES, INC.",Information Technology,395.43,404.12,0.022,0.382,0.34642939,0.10267780686852235,-12.0,2,Neutral,-1.363909774436088,-1.5734767025089593,-1.2427802251590796,377.29,408.73,355.92,420.54,319.26,456.72,-0.04587411172647493,0.033634271552487105,-0.09991654654426829,0.06350049313405659,-0.1926257491844322,0.1549958273272134
2026-09-28,ADM,ARCHER-DANIELS-MIDLAND COMPANY.,Consumer Staples,80.38,90.3,0.1234,0.3289,0.29623419,0.11027022235346973,-2.0,1,Neutral,1.9032258064516203,1.982578397212547,1.983970406905056,77.9,85.1,74.64,91.76,72.27,96.47,-0.030853446130878148,0.05872107489425238,-0.07141079870614575,0.14157750684249826,-0.10089574521025135,0.20017417267977122
2026-09-28,ADP,"AUTOMATIC DATA PROCESSING, INC.",Industrials,261.8,284.23,0.0857,0.2787,0.21200405,0.31459752773590877,56.0,1,Buy,-1.0042765502494677,2.022264631043255,2.0713055459869096,247.71,275.83,246.08,293.59,232.77,321.93,-0.053819709702062624,0.053590527119938836,-0.0600458365164247,0.12142857142857122,-0.11088617265087852,0.2296791443850268
2026-09-28,ADSK,"AUTODESK, INC.",Information Technology,207.19,239.21,0.1545,0.4388,0.47463191,-0.0754941023666107,-26.0,3,Sell,1.4299138606108046,1.8781597573306372,4.286634460547506,194.42,225.45,187.41,244.34,188.56,287.05,-0.06163424875717949,0.08813166658622507,-0.09546792798880255,0.17930402046430816,-0.08991746705922099,0.3854433129012018
2026-09-28,AEE,AMEREN ,Utilities,99.39,109.59,0.1026,0.213,0.10645445,1.000855765071352,-0.0,1,Neutral,-1.9134615384615419,-1.3483535528596198,9.062499999999995,95.41,101.47,91.61,105.16,97.47,116.79,-0.0400442700472885,0.020927658718180808,-0.07827749270550355,0.058054130194184594,-0.019317838816782396,0.17506791427709034
2026-09-28,AEP,"AMERICAN ELECTRIC POWER COMPANY, INC.",Utilities,118.2,128.69,0.0887,0.2174,0.11748723,0.8504138705117144,17.0,1,Neutral,-2.3245033112582956,-1.3115942028985506,3.046242774566473,114.69,119.71,107.34,126.48,111.28,139.28,-0.029695431472081313,0.012774957698815426,-0.09187817258883246,0.07005076142131972,-0.05854483925549914,0.17834179357021984
2026-09-28,AES,THE AES ,Utilities,14.87,14.74,-0.0087,0.0371,0.02239893,0.6563291192927518,-24.0,1,Neutral,-1.166666666666647,1.2205882352941182,-1.1325301204819258,14.73,14.99,14.19,15.7,12.99,16.53,-0.009414929388029458,0.00806993947545398,-0.04572965702757226,0.055817081371889676,-0.1264290517821116,0.11163416274377957
2026-09-28,AFL,AFLAC INC.,Financials,113.55,122.72,0.0808,0.1709,0.12518637,0.3651645941966366,-9.0,1,Neutral,1.2061281337047338,1.3679245283018873,4.121535181236675,109.96,117.88,106.13,123.7,108.86,132.88,-0.031616028181417954,0.03813298106560992,-0.06534566270365483,0.08938793483047114,-0.041303390576838406,0.17023337736679878
2026-09-28,AIG,"AMERICAN INTERNATIONAL GROUP, INC.",Financials,72.78,78.46,0.078,0.2251,0.14066401,0.6002671898803396,-11.0,2,Neutral,5.716417910447744,1.730659025787966,2.9755555555555557,72.11,76.61,69.29,78.82,68.28,86.17,-0.009205825776312238,0.05262434734817245,-0.047952734267655894,0.08298983237153057,-0.0618301731244848,0.18397911514152243
2026-09-28,AIZ,"ASSURANT, INC.",Financials,263.53,294.1,0.116,0.2326,0.17239716,0.34921016100265234,-20.0,1,Neutral,-1.0063795853269502,1.5784897025171654,4.081988379599748,250.91,276.07,241.68,298.02,248.04,326.76,-0.04788828596364736,0.047584715212689366,-0.08291276135544323,0.13087694000683037,-0.05877888665427078,0.23993473228854412
2026-09-28,AJG,ARTHUR J. GALLAGHER & CO.,Financials,229.46,254.69,0.11,0.3603,0.33349166,0.08038683785975342,20.0,2,Neutral,-3.4013015184381903,1.1018153117600624,2.824352694191741,213.78,234.07,204.12,257.38,200.88,310.18,-0.06833435021354484,0.02009064760742607,-0.11043319097010373,0.12167698073738342,-0.12455329904994339,0.3517824457421772
2026-09-28,AKAM,"AKAMAI TECHNOLOGIES, INC.",Information Technology,108.99,127.86,0.1731,0.5322,0.61262901,-0.13128501701217188,9.0,4,Neutral,8.680000000000001,2.7788461538461546,2.5625000000000013,106.49,130.69,99.63,135.0,92.67,150.81,-0.022937884209560555,0.19910083493898534,-0.08587943848059454,0.23864574731626753,-0.149738508120011,0.38370492705752834
2026-09-28,ALB,ALBEMARLE ,Materials,107.39,137.13,0.2769,0.5321,0.45710645,0.1640614565819407,62.0,1,Buy,-1.2933884297520664,1.1040843214756257,4.427301587301588,101.13,112.23,92.21,124.15,91.64,177.12,-0.058292205978210276,0.04506937331222649,-0.14135394357016484,0.15606667287456943,-0.14666170034453863,0.6493155787317255
2026-09-28,ALGN,"ALIGN TECHNOLOGY, INC.",Health Care,145.0,154.32,0.0643,0.5599,0.3361427,0.6656616371558863,9.0,2,Neutral,1.3569844789357022,1.1232980332829043,2.7156976744186045,140.49,151.12,131.78,159.85,127.8,191.71,-0.031103448275861978,0.04220689655172416,-0.09117241379310348,0.10241379310344834,-0.11862068965517247,0.32213793103448274
2026-09-28,ALL,THE ALLSTATE ,Financials,227.55,264.97,0.1644,0.3103,0.26150077,0.18661218473658803,-0.0,2,Neutral,-2.519817073170731,1.4548045602605846,16.96163069544357,211.02,234.11,202.99,263.28,223.38,298.28,-0.07264337508239949,0.028828828828828756,-0.1079323225664689,0.15702043506921548,-0.01832564271588666,0.31083278400351544
2026-09-28,ALLE,ALLEGION PUBLIC LIMITED COMPANY,Industrials,155.38,165.16,0.0629,0.3143,0.21062297,0.4922399014694363,3.0,2,Neutral,-1.987654320987648,1.1751336898395723,1.8112020138451872,148.94,158.62,140.42,172.96,139.49,184.16,-0.041446775646801326,0.02085210451795594,-0.0962800875273524,0.11314197451409447,-0.10226541382417287,0.18522332346505332
2026-09-28,AMAT,"APPLIED MATERIALS, INC.",Information Technology,486.76,579.11,0.1897,0.5685,0.50357114,0.12893681714960858,13.0,2,Neutral,-1.4333958724202611,-2.789049919484705,2.138925010836585,440.92,518.74,400.16,517.81,394.48,684.14,-0.09417372010847225,0.06569972881913055,-0.17791108554523782,0.0637891363300187,-0.18958008053250053,0.40549757580737933
2026-09-28,AMCR,AMCOR PLC,Materials,42.79,45.38,0.0605,0.3021,0.21876659,0.38092384216438147,40.0,1,Buy,-2.6562499999999947,-1.0110375275938184,2.2589285714285725,40.24,43.75,38.21,47.32,38.31,52.91,-0.05959336293526518,0.022435148399158722,-0.10703435382098614,0.10586585650852998,-0.10469735919607381,0.236503856041131
2026-09-28,AMD,"ADVANCED MICRO DEVICES, INC.",Information Technology,607.87,669.93,0.1021,0.5794,0.57329198,0.010654291727576481,13.0,2,Neutral,14.490166414523415,1.4359182725795212,-1.1198044009779953,601.26,703.65,521.73,731.56,383.45,808.28,-0.010874035566815321,0.15756658496060005,-0.14170793097208279,0.20348100745225128,-0.36919078092355273,0.3296922039251813
2026-09-28,AME,"AMETEK, INC.",Industrials,251.67,257.41,0.0228,0.2587,0.2490234,0.03885819565550852,-10.0,2,Neutral,-1.274084124830386,-1.1061452513966468,-1.1171710063335685,242.28,259.04,225.93,274.94,219.92,280.09,-0.03731076409583978,0.02928438033933345,-0.10227679103588028,0.0924623514920333,-0.12615726944013983,0.1129256566138197
2026-09-28,AMGN,AMGEN INC.,Health Care,418.13,457.79,0.0949,0.2964,0.43827929,-0.32371890079497023,50.0,4,Buy,-1.8909861325115567,-1.1080940850916638,1.173455804046858,369.04,444.09,354.06,475.95,343.01,506.28,-0.11740367828187404,0.062085954129098564,-0.15322985674311818,0.13828235237844688,-0.17965704445985697,0.21081960155932356
2026-09-28,AMP,"AMERIPRISE FINANCIAL, INC.",Financials,496.16,560.86,0.1304,0.3102,0.28118516,0.10318766466907414,55.0,2,Buy,-1.9088806660499602,1.5646377828451135,3.3812701334560487,454.89,517.78,439.15,585.36,452.7,643.11,-0.08317881328603682,0.043574653337632885,-0.11490245082231543,0.1797807158980973,-0.08759271202837804,0.29617462108997095
2026-09-28,AMT,AMERICAN TOWER ,Real Estate,168.0,173.77,0.0343,0.2993,0.21735376,0.37701781648497823,47.0,2,Buy,1.1465968586387443,1.6395468589083393,1.265272427077602,162.27,174.57,158.29,183.92,149.83,190.99,-0.03410714285714278,0.039107142857142785,-0.05779761904761904,0.0947619047619046,-0.10815476190476181,0.13684523809523808
2026-09-28,AMZN,"AMAZON.COM, INC.",Consumer Discretionary,246.15,272.7,0.1079,0.3678,0.27270817,0.3486944670561207,-6.0,1,Neutral,1.1803977272727288,1.2545779365788292,3.14101382488479,239.11,254.46,223.76,274.24,224.45,314.31,-0.02860044688198249,0.03375990249847649,-0.09096079626244169,0.11411740808450133,-0.08815762746292921,0.27690432663010367
2026-09-28,ANET,"ARISTA NETWORKS, INC.",Information Technology,204.92,230.15,0.1231,0.4757,0.40316488,0.17991428221624872,2.0,1,Neutral,2.2465483234714063,2.6383673469387774,1.3382650993109046,199.85,216.31,192.67,237.24,155.58,270.95,-0.024741362482920137,0.055582666406402526,-0.059779426117509304,0.15772008588717568,-0.24077688854186985,0.3222233066562561
2026-09-28,AON,AON PLC,Financials,272.1,327.44,0.2034,0.3185,0.40151393,-0.20675230371210285,-0.0,4,Neutral,-1.236211031175064,1.068779714738509,17.21855345911946,261.79,280.44,240.55,305.82,265.74,381.61,-0.03789048144064677,0.030650496141124473,-0.11595001837559726,0.12392502756339563,-0.023373759647188574,0.40246233002572573
2026-09-28,AOS,A. O. SMITH ,Industrials,58.38,60.63,0.0385,0.3006,0.225926,0.3305241539265069,-5.0,1,Neutral,-1.5952380952380953,-1.2027972027972038,1.548091603053433,55.7,60.06,53.22,62.67,51.83,68.52,-0.04590613223706752,0.02877697841726623,-0.08838643371017474,0.07348406988694767,-0.11219595751969857,0.17368961973278507
2026-09-28,APA,APA ,Energy,42.33,49.3,0.1647,0.4725,0.40664139,0.1619574682252587,51.0,1,Buy,2.5600000000000023,3.434579439252336,1.6181818181818188,41.08,45.53,40.19,49.68,33.53,56.57,-0.029529884242853743,0.07559650366170567,-0.050555161823765626,0.17363571934798028,-0.2078903850696905,0.33640444129459013
2026-09-28,APD,"AIR PRODUCTS AND CHEMICALS, INC.",Materials,278.75,301.22,0.0806,0.2829,0.18698583,0.5129488689062696,-10.0,2,Neutral,1.456703910614521,1.1725440806045346,2.7521719250114307,271.59,289.18,254.93,306.68,256.88,338.94,-0.02568609865470861,0.03741704035874438,-0.08545291479820627,0.1001973094170403,-0.07845739910313898,0.21592825112107628
2026-09-28,APH,AMPHENOL ,Information Technology,84.62,93.91,0.1098,0.4646,0.39002078,0.19121858071254572,-35.0,1,Sell,-1.4479418886198572,-1.4985380116959088,1.342878120411159,78.64,88.75,74.37,91.46,71.0,102.91,-0.07066887260694876,0.04880642874025054,-0.12112975655873315,0.08083195462065684,-0.16095485700779966,0.2161427558496809
2026-09-28,APO,"APOLLO GLOBAL MANAGEMENT, INC.",Financials,119.0,134.84,0.1331,0.3651,0.25956408,0.4065890781189756,46.0,1,Buy,1.3824884792626717,2.208062418725617,3.0293296089385486,114.66,125.0,111.31,135.98,104.68,162.38,-0.036470588235294144,0.050420168067226934,-0.06462184873949572,0.1426890756302519,-0.12033613445378144,0.3645378151260503
2026-09-28,APP,APPLOVIN CORP,Information Technology,308.24,400.48,0.2992,0.7262,0.4393905,0.6527439714786731,-41.0,1,Sell,1.7210834553440664,-1.127098831030818,3.891116639836089,294.58,331.75,255.21,355.29,239.91,574.12,-0.04431611731118612,0.07627173630936923,-0.17204126654554897,0.15264079937710884,-0.22167791331430053,0.862574617181417
2026-09-28,APTV,APTIV PLC,Consumer Discretionary,43.64,45.02,0.0316,0.441,0.36239914,0.21689030498251172,29.0,1,Buy,1.8625954198473234,-1.5843749999999988,2.236292428198433,42.33,46.08,38.57,46.84,35.98,60.77,-0.03001833180568292,0.05591200733272217,-0.11617781851512377,0.07332722273143921,-0.17552703941338232,0.39252978918423476
2026-09-28,ARE,"ALEXANDRIA REAL ESTATE EQUITIES, INC.",Real Estate,48.66,49.41,0.0154,0.4738,0.39611659,0.19611248799248737,5.0,1,Neutral,3.260606060606065,2.045238095238098,1.2387152777777786,47.01,54.04,44.46,57.25,37.14,62.93,-0.03390875462392107,0.11056309083436089,-0.0863131935881627,0.17653103164817097,-0.23674475955610352,0.2932593505959722
2026-09-28,ARES,ARES MANAGEMENT CORP,Financials,118.34,132.49,0.1196,0.4156,0.29004313,0.4328903428948656,31.0,1,Buy,-1.1966604823747684,1.901492537313432,2.7617901828681415,111.89,123.73,108.29,137.45,97.56,175.73,-0.054503971607233415,0.0455467297617036,-0.08492479296941013,0.16148386006422166,-0.1755957410850093,0.48495859388203466
2026-09-28,ASC,ARDMORE SHIPPING ,MR Discretion,18.15,18.86,0.0391,0.0003,0.25230943,-0.9988109837987427,-7.0,3,Neutral,-2.0533333333333323,1.6074074074074112,1.007334963325184,16.61,18.9,16.8,20.32,14.06,22.27,-0.08484848484848484,0.04132231404958686,-0.07438016528925606,0.1195592286501379,-0.22534435261707986,0.2269972451790634
2026-09-28,ATO,ATMOS ENERGY ,Utilities,157.05,171.89,0.0945,0.1926,0.10681956,0.8030405667276668,-48.0,1,Sell,-6.629629629629616,-1.173134328358213,4.926590538336031,151.68,157.86,145.26,167.1,150.92,187.25,-0.03419293218720154,0.005157593123209292,-0.07507163323782251,0.06399235912129875,-0.03903215536453375,0.19229544730977377
2026-09-28,AVGO,BROADCOM INC.,Information Technology,349.57,416.96,0.1928,0.3488,0.29680567,0.17517970596720733,6.0,1,Neutral,1.4086181277860332,1.2489683631361765,3.177250374171479,336.11,368.53,320.49,385.89,302.8,498.17,-0.03850444832222444,0.054238063907085854,-0.08318791658323077,0.10389907600766657,-0.1337929456189032,0.42509368652916457
2026-09-28,AVY,AVERY DENNISON ,Materials,171.89,178.77,0.04,0.3081,0.19050997,0.6172381949354147,36.0,1,Buy,-1.6221662468513736,1.46845637583893,1.2237687366167045,165.45,175.86,156.99,193.77,153.21,194.75,-0.03746582116469832,0.023096166152772213,-0.08668334399906907,0.12729070917447216,-0.10867415207400066,0.1329920297864915
2026-09-28,AWK,"AMERICAN WATER WORKS COMPANY, INC.",Utilities,128.93,139.51,0.0821,0.2332,0.14407703,0.6185786172854895,4.0,1,Neutral,1.934306569343053,1.644628099173552,2.3326467559217288,126.19,134.23,120.46,142.86,119.22,151.58,-0.021251842084852313,0.041107577755371105,-0.06569456294113096,0.10804312417590944,-0.07531218490653846,0.17567672380361432
2026-09-28,AXON,"AXON ENTERPRISE, INC.",Industrials,424.75,581.19,0.3683,0.6931,0.61431171,0.128254579421903,-9.0,1,Neutral,1.0608802961744146,1.2699129313124802,8.421610704367582,400.44,450.54,362.73,503.51,385.14,758.33,-0.057233666862860466,0.06071806945261926,-0.14601530311948197,0.18542672160094176,-0.09325485579752801,0.785356091818717
2026-09-28,AXP,AMERICAN EXPRESS COMPANY,Financials,306.33,336.33,0.0979,0.2884,0.21454397,0.3442465896384783,20.0,2,Neutral,-2.406162464985981,-1.3532338308457685,3.696740670760517,289.15,313.47,276.41,328.44,285.16,384.59,-0.05608330884993307,0.023308197042405387,-0.09767244474912662,0.0721770639506416,-0.06910847778539475,0.25547612052361823
2026-09-28,AZO,"AUTOZONE, INC.",Consumer Discretionary,2913.28,3011.98,0.0339,0.3152,0.25511922,0.2355007984110331,-35.0,2,Sell,-1.8161541061169346,-1.6954899522157492,1.422228443449047,2752.06,3002.05,2654.26,3066.05,2556.08,3421.3,-0.0553396858523727,0.030470809534270726,-0.08891009446397191,0.052439175087873435,-0.1226109402460458,0.1743807666959578
2026-09-28,BA,THE BOEING COMPANY,Industrials,184.39,211.52,0.1471,0.3756,0.33349166,0.12626504662815252,38.0,2,Buy,6.540697674418609,2.3536184210526327,4.754843019372078,180.95,206.89,172.23,213.01,169.42,255.57,-0.018656109333477944,0.12202397093117856,-0.06594717717880583,0.15521449102445906,-0.08118661532621074,0.38602961115027945
2026-09-28,BAC,BANK OF AMERICA ,Financials,55.47,63.91,0.1522,0.2721,0.25640505,0.06121154790048,-13.0,2,Neutral,-1.1999999999999982,1.627862595419847,6.670588235294127,52.77,57.72,50.23,64.0,52.92,72.48,-0.04867495943753375,0.0405624661979449,-0.09446547683432494,0.1537768162970976,-0.04597079502433743,0.306652244456463
2026-09-28,BALL,BALL ,Materials,57.13,62.99,0.1026,0.2874,0.19373249,0.48348890782335974,-10.0,2,Neutral,-1.327510917030568,1.158371040723981,3.112970711297071,54.09,59.42,52.71,62.25,52.35,72.01,-0.053211972693856135,0.040084018904253504,-0.07736740766672501,0.08962016453702071,-0.08366882548573429,0.2604586031857168
2026-09-28,BAX,BAXTER INTERNATIONAL INC.,Health Care,23.49,24.49,0.0426,0.4463,0.23040261,0.9370440291453295,10.0,1,Neutral,-1.2980769230769176,1.4757281553398067,2.265536723163843,22.14,24.53,20.4,28.05,19.95,31.51,-0.05747126436781602,0.04427415921668798,-0.1315453384418902,0.19412515964240118,-0.1507024265644955,0.3414218816517669
2026-09-28,BBY,"BEST BUY CO., INC.",Consumer Discretionary,89.91,88.96,-0.0106,0.35,0.38998903,-0.10253885859302259,-51.0,3,Sell,1.9784615384615405,1.6971569839307785,-1.7948717948717936,86.66,96.34,81.82,103.64,67.51,102.39,-0.03614725836948063,0.07151596040484942,-0.08997886775664554,0.15270826381937508,-0.24913802691580456,0.13880547213880545
2026-09-28,BDX,"BECTON, DICKINSON AND COMPANY",Health Care,183.83,191.08,0.0394,0.3258,0.23672066,0.3763057267582812,55.0,2,Buy,-1.6580086580086646,1.5753424657534243,1.070609002647837,172.34,190.76,173.61,199.93,149.84,220.22,-0.06250339988032427,0.037697873034869156,-0.05559484306152418,0.08758091715171612,-0.18489909155197737,0.19795463199695362
2026-09-28,BEN,"FRANKLIN RESOURCES, INC.",Financials,32.68,36.06,0.1034,0.3501,0.23797475,0.47116448278651424,15.0,2,Neutral,-1.373831775700933,1.240174672489085,2.6156583629893255,31.21,33.75,30.39,35.52,29.87,40.03,-0.044981640146878776,0.03274173806609548,-0.07007343941248467,0.0869033047735619,-0.08598531211750304,0.2249082007343941
2026-09-28,BF.B,BROWN-FORMAN ,Consumer Staples,26.03,25.91,-0.0046,0.3489,0.27024762,0.2910381967471165,14.0,1,Neutral,-1.1466666666666658,1.3502824858757068,1.3104395604395602,25.17,26.78,24.26,28.42,22.39,30.8,-0.03303880138301962,0.02881290818286586,-0.06799846331156356,0.09181713407606606,-0.13983864771417598,0.18325009604302722
2026-09-28,BG,BUNGE LIMITED,Consumer Staples,109.06,125.55,0.1512,0.3686,0.36633602,0.0061800638659557094,71.0,2,Buy,-1.0581613508442782,1.3876106194690263,2.063815789473684,103.42,114.39,97.76,124.74,93.86,140.43,-0.05171465248487073,0.048872180451127845,-0.10361269026224096,0.14377406931964054,-0.13937282229965164,0.28763983128553083
2026-09-28,BIIB,BIOGEN INC.,Health Care,228.69,229.95,0.0055,0.3766,0.25845286,0.45713226001832585,9.0,1,Neutral,-1.211297071129705,-1.5897058823529422,-1.770022042615724,217.11,238.25,207.07,242.29,180.51,255.91,-0.050636232454414176,0.041803314530587166,-0.09453845817482187,0.05946915037824119,-0.2106782106782107,0.11902575538939164
2026-09-28,BKNG,BOOKING HOLDINGS INC.,Consumer Discretionary,163.87,191.01,0.1656,0.4277,0.3959261,0.08025209755052787,0.0,2,Neutral,-8.851351351351358,-1.0392077607113985,5.2500000000000036,144.22,166.09,138.16,188.61,149.83,237.58,-0.11991212546530794,0.013547324098370561,-0.15689265881491432,0.15097333251968026,-0.08567767132483062,0.449807774455361
2026-09-28,BKR,BAKER HUGHES COMPANY,Energy,57.12,68.13,0.1928,0.3589,0.30847344,0.1634713186328134,98.0,2,Buy,-1.3205574912891962,1.409448818897639,4.000000000000004,53.33,59.99,52.04,64.28,52.46,75.76,-0.06635154061624648,0.05024509803921573,-0.0889355742296919,0.1253501400560224,-0.08158263305322122,0.3263305322128853
2026-09-28,BLDR,"BUILDERS FIRSTSOURCE, INC.",Industrials,58.01,60.46,0.0422,0.5857,0.40148218,0.4588443252948362,-6.0,1,Neutral,-1.1630769230769233,-2.2005730659025775,2.634770889487873,54.23,61.26,50.33,61.5,50.59,77.56,-0.06516117910705055,0.05602482330632652,-0.13239096707464226,0.060162041027409074,-0.12790898121013605,0.3370108601965178
2026-09-28,BLK,"BLACKROCK, INC.",Financials,1071.25,1146.33,0.0701,0.2955,0.24530877,0.20460430338466895,65.0,2,Buy,-1.5635769459298832,1.5078801647025433,1.8259961719157822,1018.62,1104.91,1000.82,1177.45,956.31,1281.13,-0.04912952158693118,0.031421236872812175,-0.06574562427071173,0.09913652275379237,-0.10729521586931157,0.1959206534422404
2026-09-28,BMY,BRISTOL-MYERS SQUIBB COMPANY,Health Care,63.88,69.25,0.0841,0.3713,0.19527232,0.9014471687538717,32.0,1,Buy,-503.0000000001002,-1.226337448559673,1.8298171589310828,58.85,63.89,57.92,68.74,56.77,76.89,-0.07874139010644965,0.00015654351909821784,-0.09329993738259235,0.07608015028177828,-0.11130244207889795,0.20366311834690043
2026-09-28,BNY,THE BANK OF NEW YORK MELLON ,Financials,148.44,179.84,0.2115,0.2632,0.1710002,0.5391794863397821,0.0,1,Neutral,-1.24796747967479,1.5347698334965723,16.910638297872385,142.3,153.36,138.23,164.11,146.09,188.18,-0.04136351387766091,0.03314470493128541,-0.06878199946106178,0.10556453786041509,-0.015831312314739887,0.26771759633521963
2026-09-28,BR,"BROADRIDGE FINANCIAL SOLUTIONS, INC.",Industrials,162.92,173.37,0.0641,0.3628,0.24068929,0.5073375304734167,14.0,1,Neutral,-1.5478119935170112,1.9680851063829856,1.6489113530326605,153.37,169.09,152.58,183.27,137.2,205.33,-0.05861772649152952,0.03787134790081037,-0.06346673213847276,0.12490793027252645,-0.15786889270807758,0.260311809477044
2026-09-28,BRK.B,"BERKSHIRE HATHAWAY INC.,",Financials,503.09,531.9,0.0573,0.1732,0.11388372,0.5208495121163939,-3.0,1,Neutral,1.7747524752475363,1.799790722009074,2.190416925948975,490.97,524.6,474.42,554.69,470.95,573.49,-0.02409111689757293,0.04275576934544523,-0.05698781530143704,0.10256614124709307,-0.06388518952871258,0.13993520046115027
2026-09-28,BRO,"BROWN & BROWN, INC.",Financials,60.24,67.74,0.1245,0.3246,0.27959771,0.16095371453507257,-13.0,2,Neutral,-1.7235023041474706,1.3591772151898727,4.550607287449387,56.5,62.41,53.92,68.83,55.3,82.72,-0.062084993359893814,0.03602257636122164,-0.10491367861885792,0.14259628154050463,-0.0820053120849934,0.3731739707835324
2026-09-28,BSX,BOSTON SCIENTIFIC ,Health Care,44.11,45.93,0.0413,0.4611,0.38217878,0.20650340659939315,-5.0,1,Neutral,-1.2712765957446794,-1.1145833333333344,1.9448275862068967,41.72,45.99,38.76,48.91,36.86,58.21,-0.054182725005667676,0.042620720924960276,-0.1212876898662435,0.10881886193606882,-0.16436182271593747,0.3196554069372024
2026-09-28,BTC=F,BITCOIN FUTURES,Futures,83810.0,84966.07,0.0138,0.0,0.43826341,,-27.0,,,1.6395450003929182,4.207708814790358,-1.62180308300246,80246.92,89651.83,80781.0,96555.15,58905.9,99165.81,-0.042513781171697906,0.06970325736785599,-0.03614127192459138,0.1520719484548383,-0.2971495048323589,0.18322169192220494
2026-09-28,BTI,BRITISH AMERICAN TOBACCO P.L.C.,MR Discretion,56.05,61.09,0.0899,0.2834,0.17534981,0.6161979302971585,-16.0,1,Neutral,-1.3924050632911318,-1.4576271186440655,2.462121212121216,53.85,57.63,51.75,59.0,52.09,65.8,-0.03925066904549501,0.028189116859946628,-0.07671721677074039,0.052631578947368585,-0.07065120428189109,0.17395182872435333
2026-09-28,BTU,PEABODY ENERGY ,MR Discretion,25.15,29.82,0.1857,0.5481,0.51663586,0.060901966812756836,75.0,1,Buy,1.0070422535211279,1.4838709677419362,1.9710144927536237,23.73,26.58,22.36,29.29,18.25,38.75,-0.056461232604373635,0.05685884691848897,-0.11093439363817093,0.16461232604373754,-0.2743538767395626,0.5407554671968191
2026-09-28,BX,BLACKSTONE INC,Financials,114.56,134.7,0.1758,0.4165,0.30882268,0.348670376152425,44.0,1,Buy,1.1774530271398733,2.040904198062432,4.29831595829992,109.77,120.2,105.27,133.52,102.09,168.16,-0.04181215083798884,0.0492318435754191,-0.08109287709497215,0.16550279329608952,-0.10885125698324016,0.467877094972067
2026-09-28,BXP,"BOSTON PROPERTIES, INC.",Real Estate,62.43,66.38,0.0633,0.3124,0.2249894,0.388509858686676,12.0,1,Neutral,-1.4299065420560801,1.1366223908918403,2.132625994694961,59.37,64.57,57.16,68.42,54.89,78.51,-0.04901489668428649,0.034278391798814534,-0.08441454428960438,0.09594746115649522,-0.12077526830049656,0.25756847669389726
2026-09-28,C,CITIGROUP INC.,Financials,131.31,152.96,0.1649,0.3193,0.22491003,0.4196787933379402,46.0,2,Buy,1.4289855072463775,1.2310093652445353,3.268599033816421,127.86,136.24,121.7,143.14,120.96,165.14,-0.02627370344985147,0.037544741451526864,-0.07318559134871672,0.0900921483512298,-0.07882111034955452,0.2576346051328915
2026-09-28,CAG,"CONAGRA BRANDS, INC.",Consumer Staples,14.16,14.88,0.0508,0.347,0.20633685,0.6817160870683061,24.0,1,Neutral,1.5370370370370345,1.8999999999999986,1.9735449735449733,13.62,14.99,13.16,16.06,12.27,17.89,-0.03813559322033899,0.05861581920903958,-0.07062146892655363,0.13418079096045177,-0.13347457627118653,0.2634180790960452
2026-09-28,CAH,"CARDINAL HEALTH, INC.",Health Care,220.29,264.91,0.2026,0.3294,0.20647972,0.5953140579617215,-20.0,1,Neutral,-1.779197080291965,1.5472263868065974,6.96085740913328,210.54,225.77,206.95,240.93,209.56,294.98,-0.04425983930273725,0.024876299423487236,-0.06055653910754011,0.0936946752008716,-0.04870852058649955,0.33905306641245647
2026-09-28,CALM,"CAL-MAINE FOODS, INC.",MR Discretion,67.36,82.01,0.2175,0.351,0.23518083,0.492468582579626,17.0,1,Neutral,1.7685589519650595,1.26438188494492,8.470129870129867,65.07,71.41,59.19,77.69,63.51,99.97,-0.033996437054631956,0.06012470308788598,-0.12128859857482188,0.15335510688836096,-0.057155581947743506,0.4841152019002375
2026-09-28,CANE,TEUCRIUM:SUGAR,Commodities,11.23,11.65,0.0374,0.4686,0.22551326,1.0779265928752926,29.0,1,Buy,1.172413793103444,1.8840579710144878,-1.0975609756097573,10.94,11.57,10.54,12.53,9.43,12.87,-0.02582368655387368,0.030276046304541504,-0.061442564559216484,0.11576135351736405,-0.16028495102404283,0.14603739982190556
2026-09-28,CARR,CARRIER GLOBAL ,Industrials,55.87,58.97,0.0555,0.4053,0.25115059,0.6137728364484432,-18.0,2,Neutral,-2.0860215053763422,-4.220930232558124,1.9971830985915509,51.99,57.73,48.61,57.59,48.77,70.05,-0.06944693037408256,0.03329156971541081,-0.12994451405047425,0.03078575264005745,-0.12708072310721308,0.2538034723465188
2026-09-28,CASY,"CASEY'S GENERAL STORES, INC.",Consumer Staples,606.24,788.44,0.3005,0.3274,0.56891061,-0.42451416049350876,0.0,4,Neutral,-3.537489812550945,-1.7871365638766523,42.77845777233804,519.43,630.78,504.82,662.99,598.07,955.74,-0.14319411454209563,0.04047901821060962,-0.16729348112958564,0.09360979150171556,-0.013476510952757925,0.5765043547110056
2026-09-28,CAT,CATERPILLAR INC.,Industrials,819.95,943.27,0.1504,0.4602,0.25935771,0.7743833410620411,7.0,1,Neutral,-1.5467997247075063,-2.232447817836814,2.5801681029896795,775.0,849.01,725.83,862.11,725.96,1062.46,-0.05482041587901709,0.03544118543813646,-0.11478748704189279,0.05141776937618148,-0.11462894078907249,0.2957619367034574
2026-09-28,CB,CHUBB LTD,Financials,331.37,355.51,0.0728,0.2149,0.1420451,0.5128997761978413,9.0,1,Neutral,1.5464333781965005,1.5167235494880549,2.914549653579679,323.94,342.86,316.72,353.59,314.05,381.85,-0.022422065968554783,0.034674231221897056,-0.04421039925159176,0.0670549536771583,-0.05226785768174547,0.15233726649968315
2026-09-28,CBOE,"CBOE GLOBAL MARKETS, INC.",Financials,253.26,304.09,0.2007,0.3517,0.32255413,0.09035962429003774,44.0,1,Buy,2.500784929356357,1.8825812712275614,5.274426054458092,246.89,269.19,232.65,292.06,234.53,352.05,-0.025152017689331174,0.06289978678038377,-0.08137882018479026,0.1532022427544817,-0.07395561873173806,0.3900734423122483
2026-09-28,CBRE,"CBRE GROUP, INC.",Real Estate,130.35,148.63,0.1402,0.3872,0.34222264,0.13142719020576776,-13.0,1,Neutral,3.469534050179224,2.5358090185676425,4.1336492890995284,127.56,140.03,122.81,149.47,119.8,173.96,-0.021403912543152992,0.07426160337552745,-0.05784426543920207,0.14668200997314917,-0.08093594169543539,0.33456079785193715
2026-09-28,CCI,CROWN CASTLE INC.,Real Estate,67.1,72.71,0.0836,0.3142,0.24635649,0.27538754915691466,20.0,2,Neutral,1.1313432835820934,1.2652733118971085,2.3933717579250726,63.75,70.89,60.88,74.97,60.16,83.71,-0.049925484351713734,0.05648286140089431,-0.09269746646795818,0.11728763040238466,-0.10342771982116239,0.2475409836065574
2026-09-28,CCJ,CAMECO ,MR Discretion,87.04,113.33,0.302,0.4472,0.37721006,0.1855463239766193,20.0,1,Neutral,1.311557788944722,1.2072164948453599,4.168393782383415,83.06,92.26,77.34,98.75,75.46,135.31,-0.045726102941176516,0.059972426470588314,-0.11144301470588236,0.13453584558823528,-0.13304227941176483,0.5545726102941175
2026-09-28,CCL,CARNIVAL CORP,Consumer Discretionary,22.14,25.19,0.1378,0.5164,0.25548433,1.0212589946318822,58.0,1,Buy,-1.8805970149253806,-1.358208955223882,3.5206896551724114,20.88,22.81,19.41,24.15,19.24,32.35,-0.056910569105691144,0.03026196928635949,-0.12330623306233068,0.09078590785907847,-0.13098464317976521,0.46115627822944893
2026-09-28,CDNS,"CADENCE DESIGN SYSTEMS, INC.",Information Technology,326.7,330.68,0.0122,0.4527,0.45237585,0.0007165501871948532,-19.0,2,Neutral,-1.3293768545994045,-1.4545055908791922,-1.1794151660333712,299.82,346.92,260.36,372.31,255.31,387.23,-0.082277318640955,0.06189164370982558,-0.2030609121518212,0.1396082032445669,-0.21851851851851845,0.18527701254973983
2026-09-28,CDW,CDW ,Information Technology,130.33,146.42,0.1235,0.4947,0.45597936,0.08491752784599726,29.0,1,Buy,9.241573033707853,2.5348399246704276,1.504129129129128,128.55,146.78,119.71,157.25,103.69,170.4,-0.013657638302769892,0.12621806184301376,-0.08148545998618906,0.20655259725312658,-0.20440420471111798,0.30745031842246595
2026-09-28,CEG,CONSTELLATION ENERGY,Utilities,260.43,297.87,0.1438,0.4492,0.40578417,0.10699241914735103,33.0,2,Buy,-1.6590909090909098,1.2360200539915158,2.060535751951065,239.99,272.75,234.5,292.48,213.02,358.12,-0.07848558153822527,0.047306377913450826,-0.09956610221556661,0.12306569903620934,-0.18204507929194025,0.37511039434780935
2026-09-28,CF,"CF INDUSTRIES HOLDINGS, INC.",Materials,115.51,147.07,0.2732,0.4117,0.41132437,0.0009132208723738877,15.0,2,Neutral,1.1329690346083767,1.9631449631449607,3.2439320388349504,110.02,121.73,103.3,139.48,99.03,168.97,-0.04752835252359111,0.053848151675179645,-0.10570513375465329,0.20751450090901202,-0.14267163016189077,0.46281707211496825
2026-09-28,CFG,"CITIZENS FINANCIAL GROUP, INC.",Financials,64.8,74.48,0.1494,0.296,0.24800744,0.19351258171932262,-13.0,2,Neutral,-1.9150326797385604,1.309885931558936,4.540865384615389,61.87,66.33,59.54,71.69,60.64,83.69,-0.04521604938271606,0.023611111111111027,-0.08117283950617282,0.10632716049382718,-0.06419753086419744,0.2915123456790123
2026-09-28,CHD,"CHURCH & DWIGHT CO., INC.",Consumer Staples,95.62,103.79,0.0854,0.2419,0.13652077,0.7718915590646023,23.0,1,Neutral,-1.1769230769230803,-1.0213049267643157,2.076490438695162,92.56,98.22,87.95,103.13,86.73,114.08,-0.032001673290106725,0.02719096423342382,-0.08021334448860074,0.07854005438192835,-0.09297218155197662,0.1930558460573102
2026-09-28,CHRW,"C.H. ROBINSON WORLDWIDE, INC.",Industrials,148.24,169.07,0.1405,0.399,0.21946507,0.8180569691568687,-3.0,1,Neutral,-1.0729166666666696,-1.223471882640588,2.080352228948814,142.06,154.0,123.22,168.69,130.07,186.04,-0.041689152725310374,0.038855909336211525,-0.16878035617916898,0.13795196977873703,-0.12257150566648689,0.25499190501888824
2026-09-28,CHTR,"CHARTER COMMUNICATIONS, INC.",Communication Services,111.4,131.62,0.1815,0.6544,0.62955123,0.03947060829346638,-5.0,2,Neutral,-1.897247706422023,1.3418467583497031,6.120674356699195,101.06,116.85,96.13,131.89,100.13,180.38,-0.09281867145421907,0.04892280071813282,-0.13707360861759432,0.18393177737881494,-0.10116696588868945,0.6192100538599639
2026-09-28,CI,THE CIGNA GROUP,Health Care,271.83,275.35,0.0129,0.3229,0.25443661,0.2690783767320277,7.0,2,Neutral,-2.1521997621878644,-1.0719602977667473,-1.0916878172588818,253.73,280.24,250.23,291.98,237.42,303.35,-0.06658573373064047,0.030938454180921893,-0.07946142809844381,0.07412721186035398,-0.1265864694846044,0.11595482470661822
2026-09-28,CIEN,CIENA CORPORATION,Information Technology,344.19,497.77,0.4462,0.6688,0.69238254,-0.0340599865502097,8.0,3,Neutral,4.972010178117038,1.06959706959707,4.781059627099869,336.33,383.27,300.51,390.91,290.02,603.18,-0.02283622417850606,0.11354193904529475,-0.12690665039658333,0.13573898137656526,-0.15738400302158695,0.7524623027978732
2026-09-28,CINF,CINCINNATI FINANCIAL ,Financials,161.92,180.7,0.116,0.2182,0.14956961,0.4588525035266189,-13.0,1,Neutral,-1.1873840445268942,1.0832579185520377,5.541595925297129,155.52,167.31,150.87,173.89,156.03,194.56,-0.039525691699604626,0.033288043478260976,-0.06824357707509876,0.07392539525691699,-0.03637598814229237,0.20158102766798436
2026-09-28,CL,COLGATE-PALMOLIVE COMPANY,Consumer Staples,86.52,90.35,0.0443,0.2194,0.13117106,0.6726250439693024,12.0,1,Neutral,-2.622807017543854,-1.2976939203354265,2.0914634146341453,83.53,87.66,80.33,91.29,79.96,100.24,-0.03455848358760971,0.013176144244105403,-0.07154415164123895,0.05513176144244114,-0.0758206195099399,0.15857605177993528
2026-09-28,CLX,THE CLOROX COMPANY,Consumer Staples,81.42,93.11,0.1436,0.3633,0.32355422,0.12284117326610677,11.0,2,Neutral,1.0999999999999972,1.1526570048309162,7.824742268041246,77.72,85.49,71.07,93.35,77.54,111.78,-0.04544338000491288,0.049987718005404025,-0.12711864406779672,0.14652419552935392,-0.047654139032178744,0.3728813559322033
2026-09-28,CMBT,CMB.TECH NV,MR Discretion,19.05,19.95,0.0472,0.6381,0.26573926,1.4012259234860518,51.0,1,Buy,1.3048780487804876,3.344086021505377,1.0283400809716594,18.23,20.12,18.12,22.16,14.11,24.13,-0.043044619422572206,0.0561679790026246,-0.04881889763779523,0.1632545931758529,-0.25931758530183735,0.2666666666666666
2026-09-28,CMCSA,COMCAST ,Communication Services,21.79,24.47,0.123,0.4429,0.32495118,0.3629739704284194,13.0,2,Neutral,-2.819672131147542,-1.1574803149606294,3.671296296296296,20.07,22.4,18.85,24.33,19.63,29.72,-0.07893529141808164,0.027994492886645128,-0.13492427719137212,0.11656723267553915,-0.09912804038549794,0.3639284075263882
2026-09-28,CME,CME GROUP INC.,Financials,263.24,284.68,0.0814,0.2597,0.22889453,0.13458368795444775,37.0,2,Buy,1.4483695652173842,1.915207877461706,1.8308661417322833,255.88,273.9,244.96,298.25,231.49,321.37,-0.02795927670566789,0.04049536544598076,-0.06944233399179456,0.13299650509041183,-0.12061236894089045,0.2208251025679988
2026-09-28,CMG,"CHIPOTLE MEXICAN GRILL, INC.",Consumer Discretionary,31.85,34.71,0.0898,0.5051,0.32720536,0.5436788688302661,-11.0,1,Neutral,-1.2715231788079497,1.5882352941176454,2.174442190669371,29.93,33.36,28.62,36.98,26.92,42.57,-0.060282574568288894,0.04740973312401886,-0.10141287284144429,0.16106750392464653,-0.1547880690737834,0.3365777080062793
2026-09-28,CMI,CUMMINS INC.,Industrials,517.84,612.38,0.1826,0.3817,0.21467097,0.7780699458338498,9.0,1,Neutral,-1.4966190833959503,-1.9147812971342408,5.174461256304445,497.92,531.15,467.06,544.36,474.22,743.55,-0.03846748030279623,0.025702919820793868,-0.09806117719759,0.051212729800710566,-0.08423451259076165,0.43586822184458507
2026-09-28,CMRE,COSTAMARE INC.,MR Discretion,14.72,15.27,0.0374,0.4285,0.22491003,0.9052062729261117,-30.0,1,Sell,-1.9750000000000094,1.4385964912280684,1.243999999999999,13.93,15.12,13.58,16.36,12.22,17.83,-0.05366847826086962,0.02717391304347827,-0.07744565217391308,0.11141304347826075,-0.16983695652173914,0.21127717391304324
2026-09-28,CMS,CMS ENERGY ,Utilities,62.6,68.19,0.0893,0.2252,0.10269219,1.1929613147796343,-13.0,1,Neutral,-1.5606060606060619,-1.172248803827751,6.5756097560975455,60.54,63.92,57.7,66.78,60.55,76.08,-0.032907348242811496,0.021086261980830745,-0.07827476038338654,0.06677316293929714,-0.03274760383386588,0.21533546325878583
2026-09-28,CNC,CENTENE ,Health Care,62.53,62.65,0.0019,0.5448,0.34207977,0.5926109866128593,20.0,2,Neutral,-1.6935483870967727,-1.0033726812816206,1.3660933660933658,58.33,65.01,56.58,68.46,42.18,90.33,-0.06716775947545184,0.039660962737885885,-0.09515432592355677,0.0948344794498639,-0.3254437869822485,0.44458659843275217
2026-09-28,CNP,"CENTERPOINT ENERGY, INC.",Utilities,36.62,41.64,0.1371,0.2228,0.14553749,0.5308770269433671,2.0,1,Neutral,-1.2405063291139213,-1.0065146579804547,11.726027397260328,35.64,37.41,33.53,39.69,35.89,45.18,-0.026761332605133692,0.02157291097760794,-0.08438012015292184,0.08383397050791919,-0.019934462042599632,0.23375204806116878
2026-09-28,CNR,"CORE NATURAL RESOURCES, INC.",MR Discretion,88.4,102.91,0.1641,0.4222,0.30101242,0.4025999325874994,30.0,1,Buy,1.0464480874316904,1.705463182897862,2.15736040609137,84.74,92.23,79.98,102.76,72.64,122.4,-0.04140271493212677,0.04332579185520369,-0.09524886877828054,0.16244343891402724,-0.17828054298642537,0.3846153846153846
2026-09-28,COF,CAPITAL ONE FINANCIAL ,Financials,196.46,225.82,0.1494,0.3426,0.23032323,0.48747479791769166,9.0,1,Neutral,-1.9314775160599644,1.4043145441892813,4.357398141529662,187.44,201.13,182.09,216.64,182.47,257.42,-0.04591265397536404,0.02377074213580377,-0.07314466049068513,0.1027181105568562,-0.07121042451389603,0.3102921714343887
2026-09-28,COHR,COHERENT CORP.,Information Technology,282.45,366.59,0.2979,0.7559,0.78534365,-0.03749142174893749,10.0,3,Neutral,4.070121951219513,1.6508467900748323,2.9645573471250386,269.33,335.85,231.67,366.28,216.71,477.34,-0.046450699238803295,0.18906001062134914,-0.1797840325721367,0.2967958930784209,-0.23274915914321115,0.6899982297751814
2026-09-28,COIN,"COINBASE GLOBAL, INC.",Financials,191.79,202.92,0.058,0.7074,0.89997347,-0.21397682978366017,-37.0,4,Sell,2.2273112807463984,2.9597141000649807,-1.1646175954015647,180.0,218.05,176.4,237.34,118.85,254.42,-0.061473486625997165,0.13692059022889636,-0.08024401689347715,0.2374993482454768,-0.3803117993638876,0.3265550862922988
2026-09-28,COMT,ISHARES:GSCI COMM DYN RS,Commodities,36.84,39.06,0.0603,0.2668,0.20689246,0.28955883650858993,-21.0,2,Neutral,2.967213114754059,2.559006211180112,-1.1596153846153865,36.23,38.65,35.23,40.96,30.81,42.04,-0.016558089033659296,0.04913137893593911,-0.043702497285559305,0.11183496199782827,-0.16368078175895773,0.1411509229098804
2026-09-28,COO,"THE COOPER COMPANIES, INC.",Health Care,56.57,64.47,0.1396,0.3315,0.5999929,-0.44749346200596707,0.0,4,Neutral,-2.539473684210528,-1.6985195154777926,4.08888888888889,46.92,60.37,43.95,64.0,50.27,82.33,-0.1705851157857522,0.06717341347003702,-0.22308644157680746,0.13134170054799355,-0.11136644864769307,0.4553650344705673
2026-09-28,COP,CONOCOPHILLIPS,Energy,126.04,142.68,0.132,0.3136,0.33474575,-0.06316958467732603,45.0,4,Buy,1.648230088495572,2.6160949868073833,1.7887905604719765,121.52,133.49,118.46,145.87,109.09,156.36,-0.035861631228181645,0.05910821961282142,-0.06013963821009216,0.15733100602983185,-0.13448111710568078,0.2405585528403682
2026-09-28,COR,"CENCORA, INC.",Health Care,303.81,343.93,0.1321,0.3231,0.21754426,0.4852150086607663,-6.0,1,Neutral,1.4962962962962967,2.159953970080554,2.719622778382301,294.36,317.95,286.43,341.35,276.24,378.79,-0.031104966920114552,0.04654224679898622,-0.057206806885882644,0.12356406964879363,-0.09074750666535003,0.24679898620848562
2026-09-28,CORN,TEUCRIUM:CORN,Commodities,19.53,20.33,0.041,0.1912,0.15266514,0.2524142708675996,62.0,1,Buy,1.1199999999999974,1.9140624999999978,1.033557046979865,19.03,20.09,18.25,21.98,16.55,22.61,-0.0256016385048643,0.028673835125447855,-0.06554019457245264,0.1254480286738351,-0.15258576548899128,0.1577060931899641
2026-09-28,COST,COSTCO WHOLESALE ,Consumer Staples,922.92,948.89,0.0281,0.199,0.16665058,0.19411525600450963,-5.0,1,Neutral,-3.0454266421117113,-1.28345323741007,1.4152785007808464,873.31,939.21,842.64,985.47,846.08,1031.67,-0.05375330472847051,0.017650500585099538,-0.08698478741386029,0.0677740215836693,-0.08325748710614134,0.11783253153036033
2026-09-28,CPAY,"FLEETCOR TECHNOLOGIES, INC.",Financials,396.23,421.84,0.0646,0.2951,0.18592224,0.587222701275544,57.0,1,Buy,-1.5541237113402082,1.8354870775347911,1.6275775880024994,384.17,403.99,376.11,433.16,348.22,474.37,-0.03043686747596097,0.019584584710900188,-0.05077858819372583,0.09320344244504453,-0.12116699896524741,0.1972086919213587
2026-09-28,CPER,UNITED STATES COPPER IDX,Commodities,39.68,45.12,0.1371,0.244,0.29109085,-0.16177372115956246,-29.0,4,Sell,2.6634615384615437,3.506024096385554,2.381538461538462,38.64,42.45,38.85,42.59,36.43,47.42,-0.02620967741935487,0.0698084677419355,-0.02091733870967738,0.07333669354838723,-0.08190524193548387,0.19506048387096775
2026-09-28,CPRT,"COPART, INC.",Industrials,27.22,31.34,0.1514,0.3461,0.38227402,-0.0946285075820742,1.0,3,Neutral,-1.1914893617021234,1.7250000000000012,3.8989169675090274,26.1,28.16,24.42,32.05,24.45,38.02,-0.04114621601763402,0.03453343130051434,-0.1028655400440851,0.17744305657604698,-0.10176340925789862,0.3967670830271861
2026-09-28,CPT,CAMDEN PROPERTY TRUST,Real Estate,98.4,102.12,0.0378,0.2693,0.12786916,1.1060590372221104,12.0,1,Neutral,-3.606837606837644,-1.4579124579124603,3.184060721062613,94.18,99.57,89.74,104.34,93.13,115.18,-0.04288617886178858,0.011890243902438868,-0.08800813008130093,0.06036585365853653,-0.05355691056910583,0.17052845528455274
2026-09-28,CRESY,CRESUD INC.,MR Discretion,11.93,13.08,0.0964,0.3756,0.50338064,-0.253844963127704,-13.0,4,Neutral,,4.72972972972974,1.05829596412556,11.98,13.31,11.56,13.68,9.7,14.29,0.00419111483654655,0.11567476948868416,-0.031014249790444204,0.14668901927912814,-0.18692372170997484,0.1978206202849957
2026-09-28,CRH,CRH PUBLIC LIMITED COMPANY,Materials,83.75,93.51,0.1165,0.3653,0.27216844,0.3421835389878416,-13.0,1,Neutral,-1.1184668989547,-1.430501930501928,4.294407894736843,80.54,86.62,76.34,88.93,77.67,109.86,-0.03832835820895519,0.03426865671641788,-0.08847761194029846,0.06185074626865683,-0.07259701492537307,0.3117611940298508
2026-09-28,CRL,CHARLES RIVER LABORATORIES,Health Care,294.59,289.4,-0.0176,0.5207,0.36022433,0.44548814900981304,-2.0,2,Neutral,-1.7884615384615319,1.411764705882353,-1.4614645088928047,273.2,306.55,260.59,342.59,203.38,357.0,-0.07260938932075078,0.040598798329882335,-0.11541464408160496,0.1629383210563835,-0.3096167554906819,0.21185376285685198
2026-09-28,CRM,"SALESFORCE, INC.",Information Technology,227.27,260.29,0.1453,0.4019,0.34244488,0.17361953257995855,29.0,1,Buy,1.6134903640256946,2.587395371738059,1.4681818181818176,217.93,242.34,206.96,279.82,172.27,308.02,-0.04109649315791786,0.06630879570554837,-0.08936507238086855,0.231222774673296,-0.24200290403484837,0.35530426365116363
2026-09-28,CRWD,"CROWDSTRIKE HOLDINGS, INC.",Information Technology,259.25,280.12,0.0805,0.5624,0.74146651,-0.24150316647477443,-55.0,3,Sell,1.9523076923076919,1.1613410162388678,-1.613074528474638,246.25,284.63,221.07,303.59,171.16,313.86,-0.05014464802314367,0.09789778206364508,-0.14727097396335587,0.17103182256509153,-0.3397878495660559,0.21064609450337524
2026-09-28,CSCO,"CISCO SYSTEMS, INC.",Information Technology,106.74,129.5,0.2132,0.3765,0.28507441,0.3207078109887169,45.0,1,Buy,-1.1128608923884495,1.2555168408826949,4.961696306429556,102.5,110.55,98.13,117.55,99.43,143.01,-0.03972269065017797,0.03569421023046648,-0.08066329398538508,0.1012741240397228,-0.06848416713509453,0.3397976391231028
2026-09-28,CSGP,"COSTAR GROUP, INC.",Real Estate,27.02,28.44,0.0526,0.577,0.34103205,0.6919230905130471,-20.0,1,Neutral,1.598425196850395,1.3527272727272723,2.18140589569161,25.75,29.05,24.27,30.74,22.61,36.64,-0.04700222057735015,0.07512953367875652,-0.10177646188008882,0.1376757957068837,-0.16321243523316065,0.3560325684678016
2026-09-28,CSX,CSX ,Industrials,46.76,52.9,0.1313,0.2465,0.19870121,0.24055610934628935,35.0,2,Buy,-1.5436893203883442,1.1386861313868615,4.108108108108114,45.17,47.79,42.65,51.44,44.17,57.4,-0.03400342172797255,0.02202737382378106,-0.08789563729683492,0.10008554319931573,-0.05538922155688619,0.22754491017964074
2026-09-28,CTAS,CINTAS ,Industrials,200.58,206.69,0.0305,0.2047,0.2048764,-0.0008610069290557743,-22.0,4,Neutral,-3.5714285714285725,1.2994947175011473,1.1419190076614358,189.08,203.8,178.81,228.87,173.17,231.88,-0.05733373217668758,0.016053445009472478,-0.10853524778143386,0.14104098115465136,-0.13665370425765289,0.15604746235915834
2026-09-28,CTSH,COGNIZANT TECHNOLOGY SOLUTIONS ,Information Technology,56.75,59.52,0.0488,0.5318,0.39768817,0.337228613061334,47.0,2,Buy,1.1528150134048258,3.6111111111111076,1.333852140077821,53.02,61.05,53.33,69.1,43.9,73.89,-0.06572687224669593,0.07577092511013217,-0.060264317180616755,0.2176211453744492,-0.22643171806167406,0.30202643171806165
2026-09-28,CTVA,"CORTEVA, INC.",Materials,77.74,90.22,0.1605,0.276,0.26559639,0.03917075077714727,-15.0,1,Neutral,1.3065134099616902,1.501275510204085,2.8573487031700293,75.13,81.15,69.9,89.51,70.8,97.57,-0.033573449961409874,0.04386416259325965,-0.10084898379212748,0.15140210959608957,-0.08927193208129658,0.2550810393619758
2026-09-28,CVNA,CARVANA CO.,Consumer Discretionary,60.47,79.07,0.3076,0.7462,0.41754718,0.7871034358320896,-64.0,1,Sell,2.051792828685263,2.021818181818183,4.0580204778157,57.96,65.62,54.97,71.59,51.68,96.14,-0.041508185877294546,0.08516619811476778,-0.09095419216140233,0.18389283942450807,-0.14536133619976843,0.589879278981313
2026-09-28,CVS,CVS HEALTH ,Health Care,87.85,97.22,0.1067,0.3547,0.28120103,0.26137518059588905,54.0,2,Buy,-3.4564102564102486,-1.4118476727785594,2.9925213675213684,81.11,89.8,77.84,94.94,78.49,115.86,-0.07672168468981211,0.022196926579396647,-0.11394422310756958,0.08070574843483214,-0.10654524758110417,0.31883892999430863
2026-09-28,CVX,CHEVRON ,Energy,206.37,225.45,0.0925,0.2884,0.23999081,0.20171268224812433,76.0,2,Buy,-1.2537931034482763,1.623681125439624,1.2942231790455683,197.28,213.62,189.31,234.07,178.5,242.44,-0.044047099869166995,0.03513107525318593,-0.08266705431991084,0.13422493579493144,-0.13504869893879923,0.17478315646654075
2026-09-28,D,"DOMINION ENERGY, INC.",Utilities,60.28,66.93,0.1103,0.1864,0.15160155,0.22953888004443224,34.0,2,Buy,-1.2592592592592606,1.174632352941177,6.286995515695054,58.24,61.9,54.84,66.67,58.05,74.3,-0.03384207033842068,0.026874585268745754,-0.09024552090245519,0.10600530856005319,-0.03699402786994033,0.23258128732581285
2026-09-28,DAL,"DELTA AIR LINES, INC.",Industrials,84.03,88.81,0.0569,0.4541,0.29256718,0.5521221484925276,-24.0,2,Neutral,-1.1544502617801058,-1.3937418513689694,1.4373508353221955,79.62,87.85,73.34,91.7,67.27,108.12,-0.0524812566940378,0.04545995477805542,-0.12721647030822325,0.09127692490777095,-0.19945257646078784,0.28668332738307756
2026-09-28,DASH,"DOORDASH, INC.",Consumer Discretionary,178.39,227.28,0.2741,0.5725,0.40218066,0.42348963274365303,25.0,2,Neutral,1.892785571142288,2.5997425997426014,6.309831824062105,168.41,197.28,162.85,218.79,162.93,275.94,-0.05594483995739663,0.10589158585122505,-0.08711250630640732,0.22647009361511294,-0.08666405067548621,0.5468355849543136
2026-09-28,DBA,INVESCO DB MS AGRI,Commodities,28.25,30.0,0.0619,0.1888,0.13972742,0.3512022192923909,47.0,2,Buy,1.3255813953488387,1.752380952380951,1.643724696356277,27.82,28.82,27.2,30.09,25.78,32.31,-0.01522123893805305,0.02017699115044258,-0.03716814159292037,0.06513274336283192,-0.08743362831858403,0.14371681415929216
2026-09-28,DBB,INVESCO DB MS BMTL,Commodities,25.5,27.38,0.0737,0.2402,0.19639941,0.22301793065467956,70.0,2,Buy,2.0862068965517317,2.5999999999999917,1.641304347826087,24.92,26.71,24.9,27.06,23.66,28.52,-0.02274509803921565,0.047450980392157005,-0.02352941176470591,0.061176470588235166,-0.07215686274509803,0.11843137254901959
2026-09-28,DBC,INVESCO DB CM IDX,Commodities,32.49,34.03,0.0474,0.5776,0.1927324,1.996901403189085,-2.0,2,Neutral,2.959183673469367,3.1666666666666563,-1.2133995037220842,32.0,33.94,31.41,35.91,27.6,36.52,-0.01508156355801793,0.04462911665127711,-0.03324099722991691,0.10526315789473673,-0.1505078485687904,0.12403816558941205
2026-09-28,DD,"DUPONT DE NEMOURS, INC.",Materials,130.98,139.01,0.0613,0.3248,0.21175006,0.5338838628900506,57.0,1,Buy,-1.3309002433089943,-1.2172413793103412,1.644839067702554,125.51,135.09,120.39,139.68,112.96,160.62,-0.04176210108413492,0.031378836463582305,-0.080852038479157,0.06642235455794787,-0.137578256222324,0.2262940907008706
2026-09-28,DDOG,"DATADOG, INC.",Information Technology,268.7,276.29,0.0282,0.6961,0.54416226,0.27921403443156834,-12.0,1,Neutral,1.064712389380532,-1.1353211009174307,1.193751972230988,250.62,287.95,219.2,312.3,173.63,382.19,-0.06728693710457756,0.07164123557871238,-0.18422032005954592,0.16226274655749906,-0.35381466319315225,0.4223669519910682
2026-09-28,DE,DEERE & COMPANY,Industrials,689.59,761.05,0.1036,0.3122,0.27686729,0.12761605027448342,-30.0,1,Sell,2.2887060583395673,1.6272606969563281,-1.028443840403845,676.22,720.19,644.25,763.37,583.65,792.6,-0.019388332197392666,0.044374193361272685,-0.06574921330065697,0.10699111065995726,-0.15362751780043227,0.14937861627923832
2026-09-28,DECK,DECKERS OUTDOOR ,Consumer Discretionary,78.36,81.51,0.0402,0.5797,0.29277355,0.9800285920637297,-8.0,1,Neutral,-1.2000000000000017,-1.6543689320388324,2.4053231939163484,74.46,81.61,69.84,83.51,65.21,109.99,-0.04977029096477803,0.04147524247064838,-0.10872894333843797,0.06572230729964268,-0.16781521184277703,0.4036498213374169
2026-09-28,DELL,DELL TECHNOLOGIES INC.,Information Technology,543.43,664.53,0.2228,0.6119,0.90056083,-0.32053451625250007,26.0,4,Buy,2.3302631578947413,1.954249404289122,1.176969882906377,520.63,596.56,480.48,666.45,347.86,773.61,-0.0419557256684393,0.09776788178790285,-0.11583828643983574,0.2263769022689217,-0.359880757411258,0.42356881291058657
2026-09-28,DG,DOLLAR GENERAL ,Consumer Staples,124.37,139.43,0.1211,0.3322,0.3533348,-0.059815223408506646,19.0,4,Neutral,-2.49818181818182,1.27455121436114,1.7677595628415286,117.5,127.12,114.9,136.44,106.07,156.72,-0.05523840154378068,0.022111441665996656,-0.07614376457345018,0.09704912760311957,-0.14714159363190493,0.2601109592345421
2026-09-28,DGX,QUEST DIAGNOSTICS INC.,Health Care,237.62,266.34,0.1209,0.3049,0.25875448,0.17833708618301025,76.0,2,Buy,-1.4598039215686305,1.2854039965247595,1.9580492920818033,222.73,247.82,214.6,267.21,218.55,274.96,-0.06266307549869543,0.04292567965659444,-0.09687736722498108,0.12452655500378751,-0.08025418735796652,0.15714165474286657
2026-09-28,DHI,"D.R. HORTON, INC.",Consumer Discretionary,139.42,143.26,0.0275,0.3838,0.2828996,0.35666505007430205,-5.0,1,Neutral,1.5456730769230798,-1.1175355450236948,1.4723854289071698,135.26,145.85,127.63,149.97,122.4,164.48,-0.02983789987089369,0.046119638502367,-0.08456462487447991,0.07567063548988684,-0.12207717687562747,0.17974465643379722
2026-09-28,DHR,DANAHER ,Health Care,227.33,213.89,-0.0591,0.3545,0.2469121,0.43573360722297516,-2.0,1,Neutral,-1.090684253915913,-1.4855491329479773,-3.1100173711638717,214.1,239.46,199.06,246.36,173.62,244.6,-0.058197334271763546,0.05335855364448161,-0.12435666212114549,0.0837109048519773,-0.23626446135573842,0.07596885584832624
2026-09-28,DHT,"DHT HOLDINGS, INC.",MR Discretion,21.9,24.35,0.1119,0.5659,0.32322085,0.7508152707351643,5.0,1,Neutral,-1.1499999999999988,2.065868263473058,-1.0315126050420165,20.06,23.5,20.23,25.35,16.99,26.66,-0.0840182648401826,0.0730593607305936,-0.07625570776255697,0.15753424657534265,-0.2242009132420092,0.21735159817351613
2026-09-28,DIA,SPDR DOW JONES INDUS AVG,Sector & Style ETFs,514.02,533.17,0.0373,0.128,0.11426471,0.12020587983814068,13.0,2,Neutral,-1.7016742770167308,1.4238030095759242,2.171945701357468,502.84,520.59,477.47,566.06,485.29,576.42,-0.021750126454223584,0.012781603828644794,-0.07110618263880775,0.10124119684058974,-0.05589276681841171,0.12139605462822445
2026-09-28,DIS,THE WALT DISNEY COMPANY,Communication Services,105.59,107.85,0.0214,0.2519,0.21665528,0.16267648773664778,6.0,1,Neutral,-1.5528700906344401,1.0101394169835232,-1.01824602707475,100.45,108.9,97.7,113.56,88.29,122.58,-0.04867885216403067,0.03134766549862689,-0.07472298513116771,0.07548063263566629,-0.16384127284780747,0.16090538876787575
2026-09-28,DJI,DOW JONES INDUSTRIAL AVG INDEX,Indices,51481.51,53182.9,0.033,0.0,0.11493144,,-4.0,,,-1.5719611258526072,1.8241061310861588,2.381339589341828,50515.87,52095.8,49884.24,54395.1,49158.41,57013.6,-0.01875702558064052,0.011932245188612356,-0.031026090726554156,0.05659488231794274,-0.045124939031508604,0.10745780378236769
2026-09-28,DLR,"DIGITAL REALTY TRUST, INC.",Real Estate,177.18,197.12,0.1125,0.3034,0.28929703,0.04874910053518344,83.0,2,Buy,2.2666666666666604,2.1332760103181436,2.6930379746835413,172.38,188.06,165.55,201.99,161.38,219.73,-0.027091093802912303,0.061406479286601146,-0.06563946269330623,0.14002709109380285,-0.0891748504345864,0.2401512586070662
2026-09-28,DLTR,"DOLLAR TREE, INC.",Consumer Staples,116.02,136.9,0.18,0.3831,0.38524256,-0.005561586964846321,37.0,4,Buy,-5.6931818181818,-1.1701754385964898,2.8724523339907977,106.0,117.78,102.68,127.42,100.81,159.71,-0.08636441992759869,0.015169798310636251,-0.11498017583175302,0.0982589208757112,-0.131098086536804,0.37657300465437005
2026-09-28,DOC,"HEALTHDOC PROPERTIES, INC.",Real Estate,20.1,21.06,0.0478,0.2257,0.14028303,0.6088902556495965,-12.0,1,Neutral,1.5777777777777617,1.2215568862275432,1.9045226130653243,19.65,20.81,18.43,22.14,18.11,23.89,-0.022388059701492713,0.03532338308457694,-0.08308457711442796,0.10149253731343277,-0.09900497512437823,0.1885572139303482
2026-09-28,DOV,DOVER ,Industrials,191.48,199.74,0.0431,0.2752,0.19843135,0.38687762795546154,65.0,2,Buy,-2.1365853658536444,-2.060039370078739,1.5670995670995682,182.72,195.58,170.55,201.64,168.38,227.68,-0.045748903279715813,0.02141215792772111,-0.10930645498224345,0.05306037184040102,-0.1206392312513056,0.18905368706914571
2026-09-28,DOW,DOW INC.,Materials,27.89,28.93,0.0373,0.4017,0.27251768,0.4740328040367878,72.0,1,Buy,1.4473684210526259,1.4108527131782937,1.814885496183205,27.13,28.99,25.31,31.53,22.65,37.4,-0.027249910362136975,0.03944065973467192,-0.09250627465041239,0.13051272857655083,-0.18788096091789175,0.3409824309788454
2026-09-28,DPZ,"DOMINO'S PIZZA, INC.",Consumer Discretionary,292.27,326.52,0.1172,0.4145,0.36243089,0.14366631387297035,0.0,1,Neutral,-4.035051546391732,1.161868202175304,6.513121546961344,272.7,297.12,261.01,328.59,277.79,386.58,-0.06695863413966541,0.016594245047387712,-0.10695589694460594,0.1242686556950765,-0.04954323057446863,0.3226810825606461
2026-09-28,DRI,"DARDEN RESTAURANTS, INC.",Consumer Discretionary,197.02,230.29,0.1689,0.2866,0.31929985,-0.10241110354420768,35.0,4,Buy,4.785326086956509,1.998691099476439,4.720068906115411,193.34,214.63,181.74,227.56,185.41,251.82,-0.01867830677088622,0.0893817886508983,-0.07755557811389702,0.1550096436909958,-0.05892802761141003,0.27814435082732714
2026-09-28,DTE,DTE ENERGY COMPANY,Utilities,120.83,134.75,0.1152,0.1897,0.12894863,0.4711284641023328,0.0,1,Neutral,-1.919999999999997,-1.2162436548223343,11.730337078651681,116.51,123.08,108.85,130.68,118.16,152.15,-0.03575271041959771,0.01862120334354045,-0.09914756269138458,0.08151949019283289,-0.022097161301001367,0.2592071505420839
2026-09-28,DUK,DUKE ENERGY ,Utilities,113.41,121.56,0.0719,0.219,0.10667669,1.0529320885378053,-35.0,1,Sell,-1.8038277511961673,1.101295641931686,4.237136465324386,109.64,115.5,104.92,122.76,108.94,132.35,-0.033242218499250464,0.018428709990300662,-0.07486112335772854,0.08244422890397685,-0.03941451371131288,0.16700467330923208
2026-09-28,DVA,DAVITA INC.,Health Care,178.07,195.15,0.0959,0.4437,0.35927186,0.23499792051623514,7.0,2,Neutral,1.5573580533024338,1.1598207617625094,2.8918463611859826,169.44,191.51,151.29,209.13,148.39,263.9,-0.04846408715673611,0.0754759364294939,-0.15039029595103048,0.17442578761161354,-0.16667602628179934,0.4820014600999607
2026-09-28,DVN,DEVON ENERGY ,Energy,46.73,50.57,0.0822,0.3539,0.33655544,0.05153552116109017,60.0,2,Buy,3.3070175438596707,2.397476340694011,1.355053191489363,45.59,50.5,43.56,54.33,39.21,56.92,-0.02439546329980724,0.08067622512304728,-0.0678365075968328,0.16263642199871597,-0.1609244596618874,0.21806120265354179
2026-09-28,DXCM,"DEXCOM, INC.",Health Care,86.68,91.32,0.0535,0.4491,0.23714927,0.8937439697790341,44.0,1,Buy,1.0637450199203144,2.01420959147424,1.2070967741935479,81.66,92.02,81.05,98.02,71.18,105.39,-0.05791416705122299,0.061605906783571696,-0.06495154591601304,0.1308260267651129,-0.17881864328564834,0.21585140747577292
2026-09-28,DXY,US DOLLAR INDEX,Indices,101.19,100.55,-0.0063,,0.04824263,,-49.0,,,1.5432098765432056,1.0180505415162495,-1.9629629629629572,100.38,102.44,98.42,104.01,94.83,104.43,-0.008004743551734417,0.012352999308232082,-0.027374246467042118,0.027868366439371517,-0.06285206048028458,0.032018974206937445
2026-09-28,EBAY,EBAY INC.,Consumer Discretionary,107.32,120.55,0.1233,0.3564,0.28243924,0.2618643216856129,-26.0,1,Sell,1.6578947368421095,1.165060240963856,1.8161004431314636,103.52,113.62,99.02,116.99,93.78,131.91,-0.03540812523294812,0.05870294446515101,-0.07733879985091319,0.09010436079016038,-0.12616474096161012,0.22912784196794633
2026-09-28,EC,ECOPETROL SA,MR Discretion,16.7,19.83,0.1874,0.4034,0.34700087,0.16253310834638524,52.0,2,Buy,-1.5438596491228045,1.7200000000000024,2.6290322580645173,15.82,17.27,15.7,18.42,14.84,21.59,-0.05269461077844306,0.03413173652694623,-0.05988023952095811,0.10299401197604796,-0.11137724550898198,0.2928143712574851
2026-09-28,ECH,ISHARES:MSCI CHILE,Foreign,38.32,44.51,0.1615,0.2363,0.17614354,0.3415195357150198,33.0,1,Buy,1.9893617021276617,2.387499999999998,5.070270270270267,37.38,40.19,36.72,42.14,36.47,47.7,-0.024530271398747305,0.048799582463465496,-0.04175365344467641,0.09968684759916502,-0.048277661795407156,0.2447807933194155
2026-09-28,ECHO,ECHOSTAR CORPORATION,Communication Services,89.22,106.16,0.1899,0.4181,0.28434418,0.47040111740637713,-34.0,1,Sell,4.260638297872354,1.5234375000000018,2.1015769944341374,87.34,97.23,81.54,100.92,67.66,134.53,-0.0210715086303519,0.08977807666442517,-0.08607935440484193,0.13113651647612645,-0.24164985429275954,0.5078457744900247
2026-09-28,ECL,ECOLAB INC.,Materials,280.23,294.37,0.0505,0.2326,0.15809422,0.4712745348944445,4.0,1,Neutral,-2.06045751633987,-1.3228556206712858,1.2922813036020566,267.62,286.35,255.4,299.0,251.08,317.9,-0.044998751025942973,0.02183920351140145,-0.08860578810262998,0.06698069442957566,-0.10402169646361914,0.1344252935089032
2026-09-28,ED,"CONSOLIDATED EDISON, INC.",Utilities,102.83,109.79,0.0677,0.1841,0.13590166,0.3546560064093405,-11.0,1,Neutral,-1.5251396648044662,1.0204978038067352,2.753820033955857,100.1,104.62,96.0,109.8,96.94,119.05,-0.026548672566371723,0.0174073713896723,-0.06642030535835841,0.06778177574637745,-0.0572790041816591,0.1577360692404941
2026-09-28,EDEN,ISHARES:MSCI DENMARK,Foreign,110.51,115.88,0.0486,0.0,0.16412654,,-5.0,,Neutral,-3.7549019607843266,1.1654247391952286,1.876497695852533,106.68,111.53,103.8,118.33,99.66,130.87,-0.034657497059089604,0.009229933942629609,-0.06071848701474991,0.07076282689349367,-0.0981811600760113,0.18423672065876384
2026-09-28,EDV,VANGUARD EXT DUR T;ETF,Bonds,56.72,59.4,0.0472,0.2002,0.15234765,0.3140996923812083,27.0,1,Buy,1.965986394557825,1.4520547945205498,2.01823708206687,55.25,59.61,53.07,62.02,53.43,63.36,-0.02591678420310295,0.05095204513399154,-0.0643511988716502,0.09344146685472499,-0.05800423131170662,0.11706629055007056
2026-09-28,EFNL,ISHARES:MSCI FINLAND,Foreign,54.49,59.71,0.0958,0.0,0.21268666,,45.0,,Buy,1.1304347826086938,1.4999999999999982,1.6322869955156951,52.42,56.83,52.45,57.55,50.03,61.77,-0.03798862176546158,0.042943659387043365,-0.03743806202973021,0.05615709304459515,-0.08184988071205723,0.13360249587080197
2026-09-28,EFX,EQUIFAX INC.,Industrials,145.78,165.54,0.1355,0.4444,0.33704755,0.3185083232321375,2.0,1,Neutral,1.1537242472266243,1.4573289902280138,6.409663865546213,139.47,153.06,130.43,168.15,136.26,206.8,-0.04328440115242149,0.04993826313623262,-0.10529565098093008,0.15345040471944027,-0.06530388256276587,0.41857593634243395
2026-09-28,EG,"EVEREST GROUP, LTD.",Financials,369.8,387.99,0.0492,0.2452,0.18438241,0.32984485884526626,25.0,1,Neutral,1.099491237987563,1.3975953565505794,1.1718074373018155,352.11,389.25,345.68,403.51,335.11,410.45,-0.0478366684694429,0.05259599783666835,-0.06522444564629526,0.09115738236884807,-0.09380746349378044,0.10992428339643046
2026-09-28,EIDO,ISHARES:MSCI INDONESIA,Foreign,11.87,11.8,-0.0059,0.2407,0.19749475,0.2187665748076848,36.0,1,Buy,1.034482758620695,1.681818181818184,1.358024691358026,11.58,12.17,10.99,13.35,10.25,14.07,-0.024431339511373107,0.02527379949452402,-0.07413647851727034,0.12468407750631849,-0.1364785172704296,0.18534119629317614
2026-09-28,EIRL,ISHARES:MSCI IRELAND,Foreign,82.99,85.54,0.0307,0.0,0.13317125,,6.0,,Neutral,-6.119047619047578,1.122950819672132,1.1239860950173821,80.42,83.41,79.33,87.1,74.36,92.69,-0.03096758645619946,0.005060850704904141,-0.04410169899987948,0.04952403904084823,-0.10398843234124588,0.11688155199421613
2026-09-28,EIS,ISHARES:MSCI ISRAEL,Foreign,121.35,137.86,0.1361,0.0,0.21121033,,55.0,,Buy,2.0232558139534955,2.080550098231832,2.8571428571428608,118.34,127.44,116.26,131.94,113.58,143.55,-0.024804285125669456,0.05018541409147104,-0.04194478780387301,0.08726823238566128,-0.06402966625463535,0.18294190358467266
2026-09-28,EIX,EDISON INTERNATIONAL,Utilities,51.47,63.95,0.2425,0.4238,0.93203998,-0.5452984752864356,-14.0,4,Neutral,2.754237288135594,1.0941558441558439,2.948493683187561,50.29,54.72,42.23,61.58,41.18,81.81,-0.022925976296871986,0.06314357878375754,-0.17952205168059066,0.1964251020011658,-0.1999222848261123,0.5894695939382164
2026-09-28,EL,THE ESTEE LAUDER COMPANIES INC.,Consumer Staples,95.57,103.22,0.08,0.3274,0.33587284,-0.025226332679951113,36.0,3,Buy,-1.1189979123173261,1.53974484789009,1.3222996515679453,90.21,100.36,85.38,111.26,72.61,125.93,-0.05608454535942242,0.050120330647692946,-0.10662341739039449,0.1641728575912944,-0.24024275400230188,0.31767290990896746
2026-09-28,ELV,"ELEVANCE HEALTH, INC.",Health Care,394.59,397.22,0.0067,0.3295,0.26597738,0.23882715139159583,13.0,2,Neutral,1.2087765957446843,1.3950354609929094,1.042002847650689,379.55,412.77,366.39,433.93,310.31,482.41,-0.038115512303910304,0.04607313920778533,-0.07146658556983199,0.0996984211459997,-0.2135887883626042,0.22256012570009398
2026-09-28,EME,"EMCOR GROUP, INC.",Industrials,765.52,863.43,0.1279,0.4482,0.33577759,0.3348121296599931,-3.0,1,Neutral,-1.8399038461538393,-1.5757627118644073,2.032206659397803,727.25,786.32,672.55,824.52,646.29,1007.82,-0.049992162190406475,0.027171073257393763,-0.12144685965095625,0.0770717943358763,-0.15575033963841578,0.316516877416658
2026-09-28,EMR,EMERSON ELECTRIC CO.,Industrials,159.39,164.32,0.0309,0.2673,0.24991238,0.06957486459854456,24.0,1,Neutral,-1.9258373205741555,-1.0465116279069737,1.0097719869706856,151.34,163.57,142.74,175.3,134.83,184.19,-0.050505050505050386,0.026224982746722025,-0.10446075663466958,0.09981805633979568,-0.15408745843528437,0.15559319907146008
2026-09-28,ENZL,ISHARES:MSCI NEW ZLND,Foreign,45.32,47.44,0.0468,0.2259,0.17142881,0.3177481661338022,27.0,1,Buy,-1.6082474226804166,1.283653846153848,2.2404580152671767,43.76,46.29,43.24,47.99,42.7,51.19,-0.034421888790820865,0.021403353927625712,-0.04589585172109445,0.0589143865842896,-0.05781112091791696,0.12952338923212703
2026-09-28,EOG,"EOG RESOURCES, INC.",Energy,140.63,155.91,0.1087,0.3404,0.30045681,0.13294153658890262,60.0,2,Buy,1.196836555360282,1.6974299065420557,1.9752851711026624,134.94,147.44,132.07,155.16,124.85,171.8,-0.04046078361658245,0.048424944890848254,-0.06086894688188871,0.10332077081703761,-0.11220934366778068,0.22164545260612978
2026-09-28,EPAM,"EPAM SYSTEMS, INC.",Information Technology,107.55,109.92,0.022,0.5682,0.36231977,0.568227977181593,5.0,1,Neutral,1.0039630118890377,2.9445161290322592,1.0456730769230769,99.98,115.15,99.8,130.37,74.27,142.35,-0.07038586703858662,0.07066480706648082,-0.07205950720595067,0.21218038121803828,-0.3094374709437471,0.3235704323570432
2026-09-28,EPHE,ISHARES:MSCI PHILIPPINES,Foreign,23.11,24.04,0.0402,0.0,0.16293595,,31.0,,Buy,-2.519999999999996,-1.4333333333333331,2.0833333333333353,22.48,23.36,21.39,24.31,21.19,27.11,-0.027260926006057895,0.01081782778018181,-0.07442665512765034,0.051925573344872245,-0.08308091735179568,0.17308524448290785
2026-09-28,EPOL,ISHARES:MSCI POLAND,Foreign,44.66,48.96,0.0963,0.3112,0.19000198,0.6378776684327185,51.0,2,Buy,1.0491803278688543,1.97524752475248,1.8553459119496876,43.44,45.94,42.64,48.65,41.48,50.56,-0.027317510076130702,0.028660994178235644,-0.045230631437527924,0.08934169278996862,-0.07120465741155402,0.1321092700403046
2026-09-28,EPU,ISHARES:MSCI PERU,Foreign,89.44,106.6,0.1919,0.3653,0.21143257,0.7277375950166998,35.0,1,Buy,1.6616915422885665,2.0478873239436624,2.9388235294117653,87.43,92.78,85.89,96.71,80.94,114.42,-0.02247316636851515,0.03734347048300535,-0.0396914132379248,0.08128354203935606,-0.09503577817531306,0.27929338103756707
2026-09-28,EQIX,"EQUINIX, INC.",Real Estate,1011.07,1104.02,0.0919,0.3522,0.27861349,0.26411682363262456,71.0,2,Buy,3.211793611793609,1.542877906976743,2.008224156067704,990.72,1076.43,928.51,1138.45,906.5,1221.07,-0.02012719198472912,0.06464438663989647,-0.08165606733460595,0.12598534226116875,-0.10342508431661512,0.2077007526679655
2026-09-28,EQR,EQUITY RESIDENTIAL,Real Estate,61.37,64.33,0.0482,0.0,0.21859197,,8.0,,Neutral,-1.4932735426008934,-1.0958904109589016,2.0948081264108374,58.04,63.6,55.77,66.48,56.94,70.65,-0.05426103959589368,0.0363369724621152,-0.09124979631741881,0.08326543913964479,-0.07218510672967249,0.1512139481831516
2026-09-28,EQT,EQT ,Energy,49.87,58.85,0.1801,0.3229,0.24943614,0.2945197115381917,29.0,2,Buy,1.418181818181823,1.2028397565922921,4.315789473684217,47.67,52.99,44.94,55.8,46.45,64.63,-0.04411469821535985,0.06256266292360135,-0.09885702827351117,0.1189091638259474,-0.06857830358933215,0.2959695207539603
2026-09-28,ERIE,ERIE INDEMNITY COMPANY,Financials,221.92,237.01,0.068,0.3757,0.2961072,0.268797246402654,-11.0,1,Neutral,-1.862811791383213,1.069033530571993,2.205914172376488,205.49,230.74,191.5,254.44,194.19,283.09,-0.0740356885364094,0.03974405191059849,-0.13707642393655362,0.14653929343907723,-0.12495493871665464,0.2756398702235039
2026-09-28,ES,EVERSOURCE ENERGY,Utilities,63.28,69.94,0.1052,0.1997,0.17803261,0.1217046135536628,-13.0,2,Neutral,-1.2199999999999989,1.0816326530612241,7.280000000000001,60.84,65.28,57.89,69.11,61.28,77.84,-0.03855878634639698,0.031605562579013924,-0.08517699115044253,0.09213021491782558,-0.031605562579013924,0.23008849557522137
2026-09-28,ES=F,E-MINI S&P 500 FUTURES,Futures,7749.75,7855.32,0.0136,0.0,0.10158098,,-13.0,,,1.167823672335996,1.888543426833391,1.0145402976404057,7634.51,7884.33,7601.8,8029.16,7164.48,8343.53,-0.014870157101841919,0.017365721474886353,-0.01909093841736831,0.03605406626020202,-0.0755211458434144,0.07661924578212198
2026-09-28,ESS,"ESSEX PROPERTY TRUST, INC.",Real Estate,273.01,278.74,0.021,0.2129,0.13017096,0.6355414448814083,-34.0,1,Sell,-1.6501079913606898,-1.2823129251700693,1.6275659824046942,265.37,277.64,250.39,290.65,252.55,306.31,-0.027984322918574334,0.016959085747774827,-0.0828541079081353,0.0646130178381743,-0.07494230980550154,0.12197355408226818
2026-09-28,ETN,EATON  PUBLIC LIMITED COMPANY,Industrials,431.41,459.02,0.064,0.4146,0.44186693,-0.06170846503493699,-31.0,4,Sell,2.346113989637303,1.2314873753447888,1.292344625233394,412.11,476.69,384.28,489.45,356.43,528.31,-0.04473702510372968,0.10495816045061535,-0.10924642451496269,0.13453559259173398,-0.17380218353770194,0.2246123177487771
2026-09-28,ETR,ENTERGY ,Utilities,98.1,115.01,0.1724,0.2154,0.14048939,0.5332118674584609,-0.0,1,Neutral,-1.989690721649472,-1.104460093896712,12.399014778325117,94.24,100.04,88.69,106.62,96.07,123.27,-0.03934760448521912,0.019775739041794305,-0.09592252803261969,0.08685015290519882,-0.020693170234454605,0.25657492354740064
2026-09-28,EVRG,"EVERGY, INC.",Utilities,77.91,85.59,0.0986,0.2054,0.12567848,0.6343291230129453,-26.0,1,Sell,-1.550724637681149,-1.2217090069284051,5.223175965665241,75.77,79.29,72.62,82.24,75.58,90.08,-0.027467590809908904,0.017712745475548797,-0.0678988576562699,0.05557694776023614,-0.029906302143498875,0.15620587857784618
2026-09-28,EW,EDWARDS LIFESCIENCES ,Health Care,86.83,93.85,0.0808,0.3336,0.25127759,0.32761540732701233,61.0,2,Buy,-1.8208955223880534,-1.0830090791180267,2.1752265861027182,81.95,89.51,78.48,94.54,80.21,101.23,-0.056201773580559666,0.030864908441782912,-0.0961649199585396,0.08879419555453194,-0.07624093055395609,0.1658412990901763
2026-09-28,EWA,ISHARES:MSCI AUSTRALIA,Foreign,28.5,29.79,0.0453,0.173,0.18103289,-0.0443725446795884,27.0,4,Buy,-2.4375000000000013,1.2634408602150549,2.038461538461541,27.33,28.98,26.64,30.85,26.42,32.74,-0.04105263157894745,0.01684210526315799,-0.0652631578947368,0.08245614035087723,-0.07298245614035082,0.14877192982456156
2026-09-28,EWC,ISHARES:MSCI CANADA,Foreign,59.07,64.4,0.0902,0.1414,0.1434738,-0.014454206970192618,16.0,4,Neutral,1.053435114503817,1.5276073619631902,3.355731225296442,57.76,60.45,55.81,64.05,56.54,67.56,-0.022177078042999843,0.023362112747587593,-0.0551887590993736,0.08430675469781601,-0.04283054003724396,0.14372778059928892
2026-09-28,EWD,ISHARES:MSCI SWEDEN,Foreign,50.95,54.64,0.0724,0.2145,0.16126913,0.3300747638435204,36.0,2,Buy,-1.3008130081300857,1.4444444444444435,2.5993031358884955,49.35,52.18,47.71,55.63,48.08,58.41,-0.03140333660451422,0.024141315014720277,-0.0635917566241414,0.09185475956820421,-0.05632973503434746,0.14641805691854737
2026-09-28,EWG,ISHARES:MSCI GERMANY,Foreign,42.13,44.73,0.0617,0.1655,0.13452058,0.23029502251625744,20.0,2,Neutral,-3.100000000000016,1.1774891774891758,2.208029197080289,40.89,42.53,39.82,44.85,39.39,48.18,-0.029432708283883224,0.009494422027058969,-0.05483028720626637,0.06456206978400192,-0.06503679088535486,0.14360313315926887
2026-09-28,EWH,ISHARES:MSCI HONG KONG,Foreign,22.41,23.69,0.0571,0.16,0.15788786,0.013377469300046352,20.0,2,Neutral,-1.4615384615384601,1.4732824427480928,1.7447916666666659,21.84,22.8,21.1,24.34,20.49,25.76,-0.025435073627844695,0.01740294511378848,-0.058456046407853623,0.08612226684515845,-0.08567603748326647,0.1494868362338242
2026-09-28,EWI,ISHARES:MSCI ITALY,Foreign,60.04,64.56,0.0753,0.139,0.16401542,-0.1525187083019388,48.0,4,Buy,-1.4824561403508745,1.1891891891891901,3.6976744186046515,58.35,61.18,56.34,64.44,57.89,67.99,-0.0281479013990672,0.018987341772152,-0.06162558294470344,0.07328447701532315,-0.03580946035976018,0.1324117255163224
2026-09-28,EWJ,ISHARES:MSCI JAPAN,Foreign,96.83,102.14,0.0548,0.1982,0.18446178,0.07447732532994089,5.0,2,Neutral,-1.1111111111111072,1.1575221238938083,1.172368421052632,94.23,99.17,91.18,103.37,89.23,105.74,-0.026851182484767033,0.02416606423629042,-0.05834968501497462,0.06754105132706822,-0.07848807187855,0.09201693689972124
2026-09-28,EWK,ISHARES:MSCI BELGIUM,Foreign,26.54,28.33,0.0674,0.2371,0.12599597,0.8818062196751213,-10.0,2,Neutral,-1.7031249999999982,-1.0055865921787719,2.2468354430379778,25.45,27.18,24.74,28.33,24.96,30.09,-0.04107008289374525,0.024114544084400835,-0.06782215523737756,0.06744536548605873,-0.05953278070836465,0.1337603617181613
2026-09-28,EWL,ISHARES:MSCI SWITZERLAND,Foreign,60.42,63.95,0.0584,0.0669,0.13617153,-0.5087078774836414,-46.0,3,Sell,-1.7560975609756173,-1.0788804071246845,2.865454545454544,58.26,61.65,56.18,64.35,57.67,68.3,-0.035749751737835234,0.020357497517378365,-0.07017543859649122,0.06504468718967216,-0.045514730221780875,0.13042039059913924
2026-09-28,EWM,ISHARES:MSCI MALAYSIA,Foreign,27.67,28.81,0.0412,0.1043,0.14972836,-0.3034051798870969,4.0,4,Neutral,-1.1632653061224534,1.448275862068965,1.6595744680851028,27.1,28.16,26.51,29.35,25.79,30.79,-0.02059992771955188,0.017708709794000743,-0.04192265992049149,0.06071557643657388,-0.06794362125045184,0.11275749909649435
2026-09-28,EWN,ISHARES:MSCI NETHERLANDS,Foreign,68.1,71.33,0.0474,0.2367,0.16171361,0.4636986954901321,35.0,2,Buy,-1.7410071942445946,-1.1054054054054017,1.471841704718419,65.68,69.49,64.01,71.8,61.53,77.77,-0.03553597650513929,0.02041116005873711,-0.06005873715124799,0.05433186490455211,-0.09647577092511006,0.14199706314243765
2026-09-28,EWO,ISHARES:MSCI AUSTRIA,Foreign,44.33,48.35,0.0907,0.0,0.15866571,,46.0,,Buy,-3.3389830508474363,-1.153508771929822,1.6201550387596917,42.36,44.92,41.7,46.61,40.46,50.6,-0.044439431536205665,0.013309271373787679,-0.05932776900518821,0.05143243852921264,-0.08729979697721624,0.1414392059553351
2026-09-28,EWP,ISHARES:MSCI SPAIN,Foreign,60.64,66.42,0.0953,0.2075,0.16720619,0.2409827650519396,18.0,2,Neutral,-1.5154639175257738,1.2895927601809956,3.707627118644069,59.17,61.61,58.43,63.49,58.28,69.39,-0.024241424802110778,0.015996042216358752,-0.036444591029023754,0.046998680738786325,-0.03891820580474936,0.14429419525065956
2026-09-28,EWQ,ISHARES:MSCI FRANCE,Foreign,43.78,45.72,0.0443,0.1593,0.11945567,0.3335490898004254,20.0,2,Neutral,-2.800000000000021,-1.1607717041800643,3.2954545454545476,42.66,44.18,40.17,46.89,42.02,49.58,-0.025582457743261844,0.009136592051164794,-0.08245774326176336,0.07103700319780715,-0.04020100502512558,0.13248058474189128
2026-09-28,EWS,ISHARES:MSCI SINGAPORE,Foreign,33.56,35.89,0.0694,0.154,0.15576067,-0.011303687895025005,28.0,4,Buy,-1.8906249999999996,1.4814814814814796,1.485185185185183,32.35,34.2,31.67,36.36,30.86,37.57,-0.03605482717520858,0.019070321811680557,-0.056317044100119173,0.08343265792610244,-0.08045292014302752,0.11948748510131102
2026-09-28,EWT,ISHARES:MSCI TAIWAN,Foreign,114.17,121.79,0.0667,0.3033,0.26531065,0.1431881833616555,25.0,2,Neutral,-1.0139165009940372,-1.0203359858532275,-1.2957334891876098,109.07,119.2,102.63,125.48,92.0,131.28,-0.04467022860646408,0.04405710782166938,-0.1010773408075677,0.09906280108609966,-0.19418411141280545,0.1498642375405097
2026-09-28,EWU,ISHARES:MSCI UK,Foreign,47.27,49.56,0.0484,0.1338,0.10928011,0.22437651279816606,36.0,2,Buy,-1.8196721311475534,1.2415458937198067,2.341232227488143,46.16,47.88,45.2,49.84,45.16,52.21,-0.02348212396869065,0.012904590649460479,-0.04379098794161207,0.05436852126084202,-0.044637190607150545,0.10450602919399188
2026-09-28,EWW,ISHARES:MSCI MEXICO,Foreign,72.37,80.46,0.1118,0.2158,0.16866665,0.2794467667437517,35.0,2,Buy,-1.2732919254658461,1.3392857142857137,4.694029850746256,70.32,73.98,68.45,77.62,69.69,84.95,-0.028326654691170572,0.022246787342821595,-0.05416609092165259,0.07254387177007038,-0.037031919303578964,0.1738289346414259
2026-09-28,EWY,ISHARES:MSCI S KOREA,Foreign,183.58,220.11,0.199,0.4467,0.46377375,-0.03681482619488485,-1.0,3,Neutral,1.3968957871396874,1.0861268695203692,1.6452758055707262,174.56,196.18,164.19,204.64,146.96,243.83,-0.04913389258089118,0.06863492755202083,-0.10562152739949893,0.11471837890837766,-0.19947706721865133,0.32819479246105243
2026-09-28,EWZ,ISHARES:MSCI BRAZIL,Foreign,36.21,38.45,0.0619,0.565,0.23989556,1.3551915675304702,24.0,2,Neutral,3.53846153846151,2.022641509433963,1.298329355608592,35.69,38.05,33.56,41.57,32.02,41.65,-0.01436067384700368,0.05081469207401268,-0.07318420325876829,0.14802540734603697,-0.11571389119027886,0.1502347417840375
2026-09-28,EXC,EXELON ,Utilities,40.32,44.94,0.1146,0.2042,0.15004585,0.3609173462644917,2.0,1,Neutral,-2.3066666666666626,-1.201954397394136,5.9551282051281955,38.59,41.07,36.63,43.39,38.76,49.61,-0.042906746031745935,0.018601190476190466,-0.0915178571428571,0.07614087301587302,-0.038690476190476275,0.23040674603174605
2026-09-28,EXE,EXPAND ENERGY ,Energy,85.31,99.76,0.1694,0.2975,0.25789725,0.153560187245114,-13.0,2,Neutral,1.1624365482233505,1.3202312138728316,5.0429906542056,81.37,89.89,76.66,96.73,79.96,112.29,-0.04618450357519632,0.053686554917360185,-0.10139491267143363,0.1338647286367367,-0.06271246043840117,0.3162583518930957
2026-09-28,EXPD,EXPEDITORS INTERNATIONAL OF WASHINGTON,Industrials,188.58,204.08,0.0822,0.2913,0.20787668,0.40131158531106026,53.0,2,Buy,-1.7008196721311515,1.5997304582210226,1.1139195443218224,180.28,193.46,173.74,212.32,160.49,219.87,-0.04401315091738256,0.025877611623714047,-0.0786933927245731,0.1258882172022482,-0.1489553505143706,0.16592427616926497
2026-09-28,EXPE,"EXPEDIA GROUP, INC.",Consumer Discretionary,264.23,334.29,0.2651,0.4623,0.4765051,-0.029811013565227418,0.0,4,Neutral,-2.0838852097130296,1.3077515400410673,7.6027568922305715,235.91,277.82,225.27,315.18,248.27,385.57,-0.10717935132271139,0.05143246414108904,-0.1474472997010181,0.19282443325890308,-0.06040192256746024,0.45922113310373525
2026-09-28,EXR,EXTRA SPACE STORAGE INC.,Real Estate,131.68,137.99,0.0479,0.2317,0.18596986,0.24590081425022325,25.0,2,Neutral,1.1148648648648594,1.3104421448730004,2.6495468277945604,127.24,136.63,121.05,145.61,121.75,157.99,-0.0337181044957473,0.03759113001215053,-0.08072600243013373,0.10578675577156749,-0.07541008505467806,0.19980255164034033
2026-09-28,F,FORD MOTOR COMPANY,Consumer Discretionary,12.38,14.81,0.1963,0.3792,0.33017389,0.1484857267181241,33.0,1,Buy,1.1568627450980353,1.7551020408163247,7.136363636363633,11.87,12.97,11.4,14.1,11.72,17.09,-0.04119547657512124,0.047657512116316525,-0.07915993537964461,0.1389337641357027,-0.05331179321486268,0.3804523424878836
2026-09-28,FANG,"DIAMONDBACK ENERGY, INC.",Energy,185.23,203.48,0.0985,0.3646,0.36385959,0.002034878344143509,70.0,2,Buy,1.0565134099616862,1.7074954296160887,2.5120041753653464,174.79,196.26,168.82,213.25,166.07,233.36,-0.05636236030880526,0.05954758948334504,-0.08859256060033471,0.15127139232305797,-0.10343896776979966,0.2598391189332183
2026-09-28,FAST,FASTENAL COMPANY,Industrials,50.49,54.3,0.0755,0.2604,0.19252603,0.3525443806221944,-26.0,1,Sell,1.5934959349593452,-1.0150537634408603,1.3597246127366602,49.26,52.45,45.77,55.14,44.68,58.39,-0.024361259655377387,0.038819568231333035,-0.09348385818974048,0.09209744503862138,-0.11507229154287979,0.15646662705486225
2026-09-28,FCX,FREEPORT-MCMORAN INC.,Materials,71.96,82.99,0.1533,0.4861,0.40691126,0.19460936028164966,44.0,1,Buy,-1.1729323308270632,1.3238866396761142,1.5202614379084973,67.28,75.95,64.55,81.77,56.66,95.22,-0.06503613118399099,0.05544747081712065,-0.10297387437465255,0.136325736520289,-0.21261812117843248,0.3232351306281269
2026-09-28,FDS,FACTSET RESEARCH SYSTEMS INC.,Financials,267.67,285.65,0.0672,0.532,0.44389886,0.1984712013002241,23.0,2,Neutral,1.1446927374301676,2.186520376175545,1.6502145922746772,249.77,288.16,248.53,309.52,211.75,359.95,-0.06687338887436023,0.07654948257182359,-0.07150595882990252,0.15634923599955153,-0.20891396122090644,0.3447528673366458
2026-09-28,FDX,FEDEX ,Industrials,289.65,336.85,0.163,0.3981,0.27012063,0.47378598961508445,29.0,2,Buy,-11.060240963855229,-1.2640545144804058,4.699178644763871,271.29,291.31,259.97,313.13,270.17,381.19,-0.06338684619368185,0.005731054721215267,-0.10246849646124612,0.08106335232176765,-0.06725358190920061,0.3160365958915934
2026-09-28,FE,FIRSTENERGY CORP.,Utilities,43.02,47.02,0.093,0.2365,0.13218703,0.7891316568652762,24.0,1,Neutral,-1.3814432989690772,1.0730994152046762,5.329113924050612,41.68,43.99,39.6,46.69,41.44,51.44,-0.03114830311483041,0.022547652254765183,-0.07949790794979084,0.08530915853091581,-0.03672710367271048,0.19572291957229182
2026-09-28,FERG,FERGUSON ENTERPRISES INC.,Industrials,227.3,240.51,0.0581,0.3546,0.24378482,0.45456144480201854,-5.0,1,Neutral,-3.9509536784741277,-1.4031620553359694,1.7619490999379261,212.8,230.97,191.8,252.6,195.08,284.07,-0.06379234491860974,0.016146062472503164,-0.15618125824901008,0.11130664320281558,-0.14175098988121426,0.24975802903651556
2026-09-28,FFIV,"F5, INC.",Information Technology,435.56,482.45,0.1077,0.4797,0.38856033,0.23455732086700665,-5.0,2,Neutral,,1.6994039171160935,1.1506467439785903,438.31,476.84,400.33,495.43,345.88,538.75,0.0063137110845807864,0.09477454311690692,-0.08088437873082932,0.13745523004867288,-0.20589585820552858,0.23691339884286888
2026-09-28,FICO,FAIR ISAAC ,Information Technology,840.89,1006.6,0.1971,0.5813,0.66042715,-0.11981207919753134,-60.0,4,Sell,-1.0247999999999993,1.294892793329364,4.870898980537536,776.84,903.39,706.57,1014.82,732.99,1366.46,-0.07616929681646822,0.07432601172567166,-0.1597355183198753,0.2068403715111371,-0.12831642664319942,0.6250163517225797
2026-09-28,FIS,FIDELITY NATIONAL INFORMATION SERVICES,Financials,34.31,36.22,0.0557,0.4088,0.31626782,0.29257538753073264,-11.0,1,Neutral,-1.4827586206896586,1.387878787878787,3.691218130311614,32.59,35.47,31.01,38.89,30.78,47.34,-0.05013115709705618,0.033809385018944704,-0.09618187117458465,0.1334887787816963,-0.10288545613523759,0.3797726610317691
2026-09-28,FISV,"FISERV, INC.",Financials,46.02,44.03,-0.0432,0.4119,0.35579534,0.15768801243996045,4.0,1,Neutral,-3.1666666666666905,1.1606217616580283,1.5440705128205126,42.41,47.16,42.16,50.5,33.54,65.29,-0.07844415471534127,0.024771838331160145,-0.08387657540199922,0.09734897870491088,-0.27118644067796616,0.41873098652759677
2026-09-28,FITB,FIFTH THIRD BANCORP,Financials,51.57,56.75,0.1004,0.2765,0.22818018,0.2117616876277335,18.0,2,Neutral,-1.2320441988950244,1.1468531468531475,2.693548387096775,49.34,53.38,47.28,56.49,46.61,64.93,-0.043242195074655765,0.035097925150281206,-0.08318789994182663,0.09540430482838858,-0.09617994958309095,0.2590653480705838
2026-09-28,FIX,"COMFORT SYSTEMS USA, INC.",Industrials,1658.3,2054.47,0.2389,0.6337,0.45620161,0.3890788329309054,19.0,1,Neutral,-1.2148749508969467,-1.6061027423715704,2.57168525866587,1565.52,1734.67,1450.39,1787.75,1391.16,2345.3,-0.055948863293734497,0.04605318699873373,-0.12537538442983776,0.07806187059036374,-0.161092685280106,0.41427968401374926
2026-09-28,FLEX,FLEX LTD.,Information Technology,113.04,140.89,0.2464,0.7216,0.48552182,0.4862359842035524,6.0,1,Neutral,1.9190871369294575,-1.523114355231144,2.523340471092076,108.22,122.29,94.26,125.37,89.69,171.96,-0.042639773531493286,0.08182944090587396,-0.166135881104034,0.109076433121019,-0.20656404812455775,0.5212314225053079
2026-09-28,FOXA,FOX ,Communication Services,63.06,71.22,0.1294,0.3404,0.28407432,0.19827797176457196,36.0,1,Buy,-1.1890034364261186,1.8994413407821218,1.7371794871794868,59.6,65.97,57.69,73.26,52.14,82.03,-0.0548683793212813,0.04614652711703138,-0.08515699333967652,0.1617507136060894,-0.17316841103710756,0.30082461148112905
2026-09-28,FRO,FRONTLINE PLC,MR Discretion,48.1,54.16,0.126,0.3249,0.34974716,-0.07104320732725888,10.0,3,Neutral,1.1761517615176127,3.0098039215686256,1.114374034003091,44.41,52.44,45.04,57.31,35.16,62.52,-0.0767151767151768,0.09022869022869018,-0.06361746361746368,0.19147609147609157,-0.2690228690228691,0.29979209979209975
2026-09-28,FRT,FEDERAL REALTY INVESTMENT TRUST,Real Estate,109.83,114.34,0.0411,0.1867,0.10643858,0.7540632353419221,27.0,1,Buy,-1.664310954063603,-1.1173416407061278,2.6550802139037417,105.12,112.66,99.07,119.46,102.35,129.69,-0.042884457798415654,0.025767094600746665,-0.09796958936538291,0.08768096148593285,-0.0681052535737049,0.18082491122644084
2026-09-28,FSLR,"FIRST SOLAR, INC.",Information Technology,172.97,221.52,0.2807,0.583,0.58280081,0.00034178058194545,36.0,2,Buy,1.9148181011535041,1.7141009055627427,8.23954877239549,161.7,194.55,149.78,212.72,157.9,297.14,-0.06515580736543913,0.12476151933861379,-0.13406949181939065,0.22980863733595425,-0.08712493495981954,0.7178701508932184
2026-09-28,FTI,TECHNIPFMC PLC,MR Discretion,70.62,87.62,0.2407,0.3552,0.286265,0.24080834192094747,28.0,1,Buy,-2.0666666666666837,1.6655629139072834,4.003205128205121,67.21,72.27,64.58,80.68,64.38,95.6,-0.04828660436137089,0.023364485981308247,-0.08552817898612297,0.14245256301331066,-0.08836023789294833,0.353724157462475
2026-09-28,FTNT,"FORTINET, INC.",Information Technology,176.33,190.72,0.0816,0.5906,0.49315746,0.1975891026772667,-1.0,1,Neutral,2.02066772655007,1.1468172484599566,-1.0299634034766698,170.04,189.04,156.85,198.67,131.3,220.05,-0.03567175182895721,0.0720807576702771,-0.11047467816026779,0.12669426643225745,-0.25537344751318547,0.24794419554244884
2026-09-28,FTV,FORTIVE ,Industrials,55.76,59.62,0.0692,0.3088,0.2266721,0.3623202855578611,36.0,2,Buy,-1.1124260355029527,-1.8703703703703674,2.7378917378917413,53.88,57.45,50.71,58.46,52.25,65.37,-0.03371592539454793,0.030308464849354566,-0.09056671449067422,0.04842180774748939,-0.06294835007173594,0.17234576757532283
2026-09-28,FVX,5 YR TSY YLD NDX,Yields,5.07,4.91,-0.0316,0.0,0.17250828,,-29.0,,,2.3999999999999804,1.6400000000000006,-10.00000000000002,4.97,5.31,4.82,5.48,4.17,5.16,-0.019723865877712132,0.04733727810650867,-0.04930966469428011,0.0808678500986193,-0.1775147928994083,0.017751479289940697
2026-09-28,FXA,INVESCO:AU DOLLAR,Currencies,69.53,72.31,0.04,0.0894,0.06335516,0.41109264028375914,42.0,2,Buy,-1.3559322033898342,1.40476190476191,1.6900584795321631,67.93,70.71,67.43,72.48,66.11,75.31,-0.023011649647634025,0.016971091615129996,-0.0302027901625197,0.042427729037825435,-0.049187401121817964,0.08312958435207829
2026-09-28,FXB,INVESCO:GBP STERLING,Currencies,127.5,132.18,0.0367,0.0844,0.04646468,0.8164334716175814,38.0,2,Buy,-1.3090909090909137,1.0662100456620986,1.8248686514886163,124.62,129.7,123.12,132.17,121.79,137.92,-0.022588235294117576,0.017254901960784164,-0.034352941176470586,0.03662745098039211,-0.04478431372549019,0.08172549019607844
2026-09-28,FXC,INVESCO:CANADIAN DOLLAR,Currencies,68.9,71.13,0.0324,0.0553,0.04371839,0.2649139183762257,44.0,1,Buy,-1.1774193548387344,1.3175355450236976,1.913183279742762,68.17,69.52,66.79,71.68,65.79,74.85,-0.010595065312046459,0.008998548621190094,-0.03062409288824386,0.040348330914368624,-0.045137880986937606,0.0863570391872277
2026-09-28,FXE,INVESCO:EURO,Currencies,104.91,108.87,0.0377,0.0676,0.04067049,0.6621388136705508,9.0,1,Neutral,-1.3606557377049164,1.0200729927007324,1.9192307692307689,103.25,106.13,99.43,110.5,99.71,114.89,-0.0158230864550567,0.011629015346487526,-0.05223524926127143,0.053283767038413865,-0.049566294919454745,0.0951291583261844
2026-09-28,FXY,INVESCO:JAPANESE YEN,Currencies,58.22,59.24,0.0175,0.0989,0.11756661,-0.15877475756084147,-20.0,4,Neutral,-1.4318181818181754,1.0039370078740164,-1.0930930930930938,56.96,59.1,53.14,63.32,54.58,61.55,-0.02164204740638953,0.015115080728272057,-0.08725523874957053,0.0875987633115769,-0.06252147028512545,0.057196839574029434
2026-09-28,GD,GENERAL DYNAMICS ,Industrials,334.16,383.11,0.1465,0.2795,0.16185648,0.7268384929661145,0.0,2,Neutral,1.4834710743801598,1.2695481335952827,13.18658892128277,324.48,348.52,308.71,366.47,327.3,424.62,-0.02896815896576488,0.04297342590375863,-0.07616112042135514,0.09669020828345709,-0.020529087862102058,0.2707086425664351
2026-09-28,GDDY,GODADDY INC.,Information Technology,93.71,96.42,0.0289,0.5382,0.61801047,-0.12914096746613368,-22.0,4,Neutral,2.3513513513513553,2.4524838012958994,1.0278268551236753,87.42,108.5,84.45,116.42,71.07,116.98,-0.06712197204140424,0.15782733966492368,-0.098815494611034,0.24234339985060305,-0.241596414470174,0.24831928289403482
2026-09-28,GDX,VANECK:GOLD MINERS,Commodities,87.89,115.35,0.3124,0.434,0.43769193,-0.008434996733890032,6.0,3,Neutral,5.539823008849584,2.6918844566712523,2.950108459869848,86.76,94.15,80.62,107.46,74.06,128.69,-0.012856980316304445,0.07122539538058947,-0.0827170326544544,0.2226646945044941,-0.15735578564114228,0.4642166344294003
2026-09-28,GDXJ,VANECK:JR GOLD MINERS,Commodities,114.1,150.81,0.3217,0.4739,0.51666761,-0.08277586822212457,-10.0,3,Neutral,4.188940092165924,2.820160366552123,2.9186237028945947,111.93,123.19,105.37,138.72,95.79,167.54,-0.01901840490797535,0.07966695880806318,-0.07651183172655551,0.2157756354075373,-0.16047326906222603,0.46836108676599464
2026-09-28,GE,GENERAL ELECTRIC COMPANY,Industrials,318.24,365.58,0.1488,0.3576,0.24615012,0.45277199133601864,14.0,1,Neutral,1.1788135593220301,-1.1315184049079758,4.396439426834558,306.44,332.15,288.73,344.32,295.21,419.49,-0.037078934137757646,0.04370915032679723,-0.09272875816993464,0.08195072900955247,-0.07236676721970847,0.31815610859728505
2026-09-28,GEHC,GE HEALTHCARE TECHNOLOGIES INC.,Health Care,66.78,67.32,0.0081,0.4158,0.19541519,1.1277772725856163,-4.0,1,Neutral,-2.24064171122994,-1.253373313343328,1.4076595744680844,62.59,68.65,58.42,73.45,55.03,83.32,-0.06274333632824192,0.028002395926924217,-0.12518718179095534,0.09988020365378869,-0.17595088349805332,0.24767894579215333
2026-09-28,GEN,GEN DIGITAL INC.,Information Technology,20.85,29.77,0.4278,0.6291,0.57511755,0.09386333280909276,41.0,2,Buy,3.9264705882352855,2.6198347107437994,58.599999999999994,19.49,26.19,17.22,30.36,20.6,35.5,-0.06522781774580355,0.256115107913669,-0.1741007194244606,0.45611510791366894,-0.011990407673860948,0.7026378896882493
2026-09-28,GEOS,GEOSPACE TECHNOLOGIES ,MR Discretion,4.89,5.3,0.0838,0.8487,0.3022665,1.807787167946167,-14.0,1,Neutral,3.5833333333333353,1.3396226415094354,2.851063829787235,4.77,5.32,4.36,5.6,3.48,8.91,-0.024539877300613466,0.0879345603271986,-0.10838445807770947,0.14519427402862983,-0.2883435582822086,0.8220858895705523
2026-09-28,GEV,GE VERNOVA INC.,Industrials,949.77,1196.33,0.2596,0.5054,0.46344038,0.09053941307401825,-18.0,2,Neutral,1.1680859691808614,-1.3000267165375337,2.6749264751892885,900.45,1007.38,852.45,1024.63,789.96,1377.25,-0.05192836160333547,0.060656790591406384,-0.10246691304210487,0.07881908251471414,-0.16826178969645278,0.45008791602177367
2026-09-28,GGB,GERDAU SA,MR Discretion,4.78,5.26,0.1004,0.5873,0.39446565,0.48884953607494097,16.0,1,Neutral,1.538461538461541,1.5384615384615368,1.260869565217391,4.65,4.98,4.26,5.58,3.86,5.94,-0.027196652719665204,0.04184100418410042,-0.10878661087866115,0.16736401673640167,-0.19246861924686198,0.2426778242677825
2026-09-28,GILD,"GILEAD SCIENCES, INC.",Health Care,152.21,166.21,0.092,0.3127,0.21355975,0.4642272244652843,-31.0,1,Sell,-1.285974499089258,1.6617647058823504,-1.114533205004812,145.15,157.7,142.69,168.03,129.05,172.99,-0.04638328624926091,0.03606858944878777,-0.06254516786019326,0.10393535247355623,-0.15215820248341105,0.13652191051836282
2026-09-28,GIS,"GENERAL MILLS, INC.",Consumer Staples,33.6,37.6,0.119,0.3244,0.26658061,0.21689270648754255,4.0,1,Neutral,1.1656050955414,1.4264705882352935,3.242937853107341,32.03,35.43,29.52,39.42,30.06,45.08,-0.04672619047619053,0.05446428571428563,-0.12142857142857144,0.17321428571428577,-0.10535714285714293,0.34166666666666656
2026-09-28,GL,GLOBE LIFE INC.,Financials,166.69,184.26,0.1054,0.2423,0.14901401,0.626021606961654,28.0,1,Buy,1.3156682027649778,1.2586477987421378,2.950035688793722,162.35,172.4,153.97,182.7,152.68,208.02,-0.02603635491031253,0.03425520427140216,-0.07630931669566265,0.09604655348251234,-0.08404823324734534,0.24794528765972768
2026-09-28,GLATF,GLOBAL ATOMIC ,MR Discretion,0.29,0.43,0.4828,0.0,2.00601394,,28.0,,Buy,1.800000000000001,3.4000000000000017,5.833333333333337,0.24,0.38,0.24,0.46,0.23,0.64,-0.1724137931034483,0.3103448275862071,-0.1724137931034483,0.5862068965517244,-0.2068965517241378,1.2068965517241383
2026-09-28,GLD,SPDR GOLD,Commodities,377.91,457.9,0.2117,0.2254,0.25705591,-0.123147956411506,-63.0,3,Sell,6.816176470588154,2.7165504121750077,4.177384393063583,375.19,396.45,362.14,420.75,350.23,493.54,-0.007197480881691476,0.04905929983329349,-0.041729512317747686,0.11336032388663964,-0.07324495250191843,0.30597232145219766
2026-09-28,GLW,CORNING INC.,Information Technology,151.59,202.99,0.3391,0.598,0.68758843,-0.13029368455196377,-12.0,4,Neutral,1.7601031814273436,-1.360869565217392,2.8262078554049346,139.96,172.06,123.42,172.29,122.82,232.9,-0.07672010027046638,0.13503529256547275,-0.1858301998812587,0.1365525430437362,-0.18978824460716415,0.5363810277722805
2026-09-28,GM,GENERAL MOTORS COMPANY,Consumer Discretionary,80.64,95.81,0.1881,0.429,0.35728755,0.20071354291522336,69.0,2,Buy,1.5481727574750792,1.9780621572212058,5.668380462724934,77.63,85.3,75.17,91.46,76.75,102.69,-0.03732638888888895,0.057787698412698374,-0.06783234126984128,0.1341765873015872,-0.048239087301587324,0.2734375
2026-09-28,GNK,GENCO SHIPPING & TRADING LIMITED,MR Discretion,25.93,28.99,0.118,0.3414,0.32041107,0.06550625732125903,51.0,1,Buy,1.3761467889908259,3.9801980198019877,1.934579439252336,24.84,27.43,24.92,29.95,22.72,32.14,-0.04203625144620127,0.0578480524489009,-0.03895102198225986,0.15503278056305447,-0.12379483224064791,0.2394909371384497
2026-09-28,GNRC,GENERAC HOLDINGS INC.,Industrials,205.21,220.77,0.0758,0.5564,0.78266086,-0.28909182963359126,-53.0,4,Sell,1.4281641961231444,-1.2124137931034482,1.3608095676172955,187.67,230.26,170.05,234.21,150.86,279.17,-0.08547341747478199,0.12207007455777008,-0.17133667949904974,0.14131864918863601,-0.2648506408069782,0.36041128599970773
2026-09-28,GOOGL,ALPHABET INC.,Communication Services,342.75,391.62,0.1426,0.3489,0.26678698,0.3077849601206175,38.0,2,Buy,1.1395923409512039,1.3100643849542541,2.6409190906868725,326.56,361.2,313.24,381.41,301.84,450.79,-0.04723559445660097,0.05382932166301968,-0.08609773887673233,0.11279358132749828,-0.11935813274981777,0.3152151714077316
2026-09-28,GPC,GENUINE PARTS COMPANY,Consumer Discretionary,128.13,135.3,0.056,0.3047,0.19817736,0.5375116511795295,12.0,1,Neutral,-1.2450142450142454,1.1090289608177186,1.6660787771898893,123.76,131.64,116.39,141.15,111.12,156.47,-0.03410598610785909,0.02739405291500807,-0.09162569265589637,0.10161554671037232,-0.1327557948958089,0.2211816124248811
2026-09-28,GPN,GLOBAL PAYMENTS INC.,Financials,84.7,87.44,0.0323,0.4104,0.27070798,0.5160247584869864,25.0,1,Neutral,-1.643410852713183,1.5859697386519955,1.5631911532385463,80.46,87.28,77.43,96.23,72.04,104.49,-0.05005903187721383,0.030460448642266824,-0.0858323494687131,0.13612750885478153,-0.1494687131050767,0.23364817001180627
2026-09-28,GREK,GLBL X MSCI GREECE,Foreign,85.91,95.26,0.1088,0.2857,0.18903364,0.5113712035593241,34.0,2,Buy,-5.322222222222179,-1.0031645569620247,1.6069042316258377,81.12,86.81,79.57,92.23,76.93,100.34,-0.05575602374578037,0.01047607961820507,-0.07379816086602264,0.07356535909672912,-0.1045279944127574,0.1679664765452218
2026-09-28,GRMN,GARMIN LTD,Consumer Discretionary,294.05,314.57,0.0698,0.375,0.24313396,0.542359611137827,38.0,2,Buy,-1.077794561933537,1.1323246878001911,1.4633213321332128,279.78,307.29,252.41,341.2,249.61,359.08,-0.04852916170719279,0.0450263560618942,-0.1416085699710934,0.16034687978234996,-0.15113076007481718,0.22115286515898647
2026-09-28,GS,"THE GOLDMAN SACHS GROUP, INC.",Financials,916.28,1096.05,0.1962,0.3301,0.28039143,0.17728277215890653,-13.0,2,Neutral,-1.289548468582249,1.1863601335730798,8.468800430338906,875.44,947.95,838.42,1008.65,879.1,1231.15,-0.0445715283537782,0.03456367049373554,-0.08497402540708088,0.10080979613218677,-0.04057711616536419,0.3436394988431486
2026-09-28,GWW,"W.W. GRAINGER, INC.",Industrials,1255.69,1372.78,0.0932,0.274,0.19457384,0.40820574852200076,32.0,1,Buy,1.0394935182393712,-1.318844566712518,2.654939106901213,1222.52,1290.17,1159.81,1328.39,1159.62,1510.75,-0.02641575548105035,0.027459006601948,-0.07635642555089239,0.057896455335313624,-0.07650773678216771,0.2031233823634815
2026-09-28,HAL,HALLIBURTON COMPANY,Energy,32.43,37.0,0.1409,0.3502,0.24451504,0.4322227377097132,11.0,1,Neutral,-1.6486486486486427,1.2750929368029733,2.3864628820960707,31.21,33.17,29.74,35.86,27.85,43.36,-0.0376194881282762,0.022818378045020182,-0.08294788775824857,0.10576626580326853,-0.1412272587110699,0.3370336108541474
2026-09-28,HAS,"HASBRO, INC.",Consumer Discretionary,89.45,97.68,0.092,0.3711,0.16834916,1.204347203158008,77.0,1,Buy,-5.658536585365842,1.09667673716012,2.001986097318767,82.49,90.68,79.52,100.34,79.38,109.61,-0.07780883174958086,0.013750698714365628,-0.1110117384013416,0.12174399105645617,-0.11257685858021249,0.22537730575740622
2026-09-28,HBAN,HUNTINGTON BANCSHARES INC.,Financials,15.3,17.08,0.1163,0.26,0.28407432,-0.08474655505643724,-12.0,4,Neutral,-1.1764705882352957,1.1487603305785121,4.110091743119267,14.5,15.98,14.09,16.69,14.21,19.78,-0.05228758169934644,0.04444444444444451,-0.07908496732026149,0.0908496732026145,-0.07124183006535945,0.29281045751633994
2026-09-28,HCA,"HCA HEALTHCARE, INC.",Health Care,432.6,454.89,0.0515,0.3501,0.29231319,0.1976880003259518,-19.0,2,Neutral,1.6060606060606026,1.2942334739803087,-1.1408730158730163,416.43,458.57,397.05,478.61,357.85,498.12,-0.03737864077669906,0.060032362459546906,-0.0821775312066575,0.10635691169671757,-0.172792417938049,0.15145631067961163
2026-09-28,HD,"THE HOME DEPOT, INC.",Consumer Discretionary,289.89,310.98,0.0728,0.267,0.21157544,0.26196121818298,-35.0,2,Sell,1.7287066246056908,1.1438784629133167,5.211796246648808,283.55,300.85,267.51,315.49,274.97,367.65,-0.021870364621063065,0.03780744420297366,-0.07720169719548797,0.08830935872227408,-0.051467798130325204,0.26823967711890706
2026-09-28,HIG,THE HARTFORD FINANCIAL SERVICES GROUP,Financials,126.04,139.15,0.104,0.2338,0.16847615,0.3877335159902455,-0.0,1,Neutral,-2.293706293706295,-1.005295675198588,6.314479638009043,119.48,128.9,114.65,137.37,121.62,153.95,-0.05204696921612184,0.022691209139955593,-0.09036813709933356,0.089892097746747,-0.03506823230720413,0.22143763884481094
2026-09-28,HII,"HUNTINGTON INGALLS INDUSTRIES, INC.",Industrials,257.05,298.57,0.1615,0.3765,0.16341218,1.3039898249934616,-35.0,1,Sell,2.726984126984123,1.6048222313036364,4.415030211480358,250.75,274.23,232.58,296.32,230.57,373.96,-0.024508850418206607,0.06683524606107771,-0.09519548725928806,0.15277183427348762,-0.10301497763081124,0.4548142384750047
2026-09-28,HLT,HILTON WORLDWIDE HOLDINGS INC.,Consumer Discretionary,320.28,335.47,0.0474,0.2654,0.18235047,0.4554390783857045,-5.0,1,Neutral,-11.129870129869973,-3.4469078179696373,1.2121807465618872,303.14,321.82,290.74,328.85,279.56,369.64,-0.053515673785437756,0.004808292743849307,-0.09223179717746965,0.026757836892719045,-0.1271387535906081,0.15411514924441128
2026-09-28,HLX,"HELIX ENERGY SOLUTIONS GROUP, INC.",MR Discretion,7.94,10.0,0.2594,0.0,0.42850059,,14.0,,Neutral,1.9999999999999962,1.9315068493150664,7.56666666666666,7.7,8.42,7.21,9.35,7.34,12.48,-0.030226700251889227,0.06045340050377823,-0.09193954659949632,0.17758186397984876,-0.07556675062972296,0.5717884130982367
2026-09-28,HON,HONEYWELL INTERNATIONAL INC.,Industrials,211.52,220.02,0.0402,0.3027,0.19452622,0.5560884285933281,26.0,1,Buy,1.1725239616613388,-1.3425707547169834,1.7121699935608492,205.26,218.86,188.75,228.48,180.46,264.7,-0.02959531013615746,0.03470121028744333,-0.10764939485627845,0.08018154311649006,-0.1468419062027232,0.2514183055975794
2026-09-28,HOOD,"ROBINHOOD MARKETS, INC.",Financials,116.46,145.23,0.247,0.6344,0.80118641,-0.20817428742956345,-83.0,3,Sell,3.014198782961465,1.9875555555555555,1.3532460447354064,111.53,131.32,105.21,138.82,79.8,166.07,-0.04233213120384671,0.12759745835479985,-0.09659969088098919,0.19199725227545938,-0.3147861926841834,0.4259831701871888
2026-09-28,HPE,HEWLETT PACKARD ENTERPRISE COMPANY,Information Technology,62.63,70.66,0.1282,0.6455,0.81621957,-0.20915887865810423,9.0,4,Neutral,3.572192513368975,2.284046692607004,-1.0044072278536804,60.76,69.31,57.49,74.37,39.84,85.32,-0.029857895577199534,0.10665815104582466,-0.08206929586460165,0.18745010378412896,-0.3638831231039438,0.36228644419607203
2026-09-28,HPQ,HP INC.,Information Technology,31.32,33.46,0.0683,0.467,0.55643325,-0.16072592714400147,19.0,4,Neutral,1.6578947368421078,3.5078534031413624,1.0890410958904113,29.8,33.84,29.41,38.02,24.02,39.27,-0.048531289910600295,0.08045977011494254,-0.060983397190293775,0.2139208173690934,-0.2330779054916986,0.2538314176245211
2026-09-28,HRL,HORMEL FOODS ,Consumer Staples,19.97,21.33,0.0681,0.2532,0.17904857,0.41414142542439736,4.0,1,Neutral,-2.948717948717941,-2.1836734693877546,2.598214285714288,18.82,20.36,17.83,20.95,17.73,25.79,-0.057586379569353974,0.019529293940911296,-0.10716074111166751,0.049073610415623525,-0.11216825237856776,0.2914371557336004
2026-09-28,HSIC,"HENRY SCHEIN, INC.",Health Care,85.99,93.49,0.0872,0.2781,0.21194055,0.3121604147955641,54.0,2,Buy,-1.6355555555555523,1.1573373676248118,2.2441520467836304,82.31,88.24,79.38,93.64,79.15,101.34,-0.042795673915571486,0.026165833236422742,-0.07686940341900217,0.08896383300383781,-0.07954413303872532,0.1785091289684848
2026-09-28,HST,"HOST HOTELS & RESORTS, INC.",Real Estate,22.66,23.35,0.0305,0.2696,0.16488851,0.635044188342778,38.0,1,Buy,-2.2045454545454457,-1.0456431535269708,1.4823943661971835,21.69,23.1,20.14,25.07,19.82,26.87,-0.042806707855251536,0.01941747572815533,-0.11120917917034423,0.1063548102383054,-0.1253309796999117,0.18578993821712264
2026-09-28,HSY,THE HERSHEY COMPANY,Consumer Staples,164.41,179.76,0.0934,0.2214,0.14063227,0.5743186112262855,-2.0,1,Neutral,2.231617647058822,1.9196787148594385,3.0911831198191395,161.69,170.48,156.94,178.75,151.14,205.43,-0.016544005839060905,0.036919895383492385,-0.04543519250653849,0.08722097196034317,-0.08071285201630074,0.24949820570524905
2026-09-28,HUBB,HUBBELL INC.,Industrials,465.72,485.9,0.0433,0.3333,0.25721465,0.29580488514165104,-5.0,1,Neutral,-1.0301356102461114,-1.3395439377085663,1.486182669789226,445.21,485.63,417.55,501.68,401.67,560.91,-0.0440393369406511,0.04275100919007113,-0.10343124624237743,0.07721377651807959,-0.137528987374388,0.20439319762947683
2026-09-28,HUM,HUMANA INC.,Health Care,389.63,409.75,0.0516,0.6932,0.30983864,1.2372935796516535,47.0,2,Buy,-1.1587112171837712,1.2853075170842818,1.211139762764312,360.5,414.77,354.51,434.77,292.68,507.05,-0.0747632369170752,0.06452275235479821,-0.09013679644791217,0.11585350204039724,-0.24882580910094187,0.30136283140415276
2026-09-28,HWM,HOWMET AEROSPACE INC.,Industrials,228.32,290.59,0.2727,0.3816,0.51415944,-0.2578177695230103,0.0,4,Neutral,-1.9005988023952114,-1.3398416886543516,8.792025019546525,212.45,236.67,202.93,247.27,215.53,340.77,-0.0695077084793273,0.03657147862648902,-0.1112035739313244,0.08299754730203235,-0.056017869656622254,0.49251051156271886
2026-09-28,HYD,VANECK:HIGH YIELD MUNI,Bonds,47.78,49.41,0.0341,0.1611,0.0523065,2.0799231453069886,36.0,2,Buy,1.531645569620256,1.1726907630522085,2.643274853801166,46.99,48.99,45.29,50.7,46.07,52.3,-0.016534114692339896,0.025324403516115535,-0.052113855169527046,0.06111343658434487,-0.03578903306822945,0.09460025115110926
2026-09-28,HYG,ISHARES:IBOXX $HY CORP,Bonds,77.54,79.35,0.0233,0.0743,0.04668693,0.591451826024971,33.0,2,Buy,1.307017543859644,1.4618937644341756,1.7243816254416868,76.4,79.03,73.21,83.87,74.71,82.42,-0.014702089244261085,0.019215888573639317,-0.055842145989167036,0.08163528501418615,-0.0364972917204025,0.06293525922104704
2026-09-28,IBKR,"INTERACTIVE BROKERS GROUP, INC.",Financials,87.08,108.17,0.2422,0.425,0.38765548,0.0963343017877627,35.0,1,Buy,6.360824742268051,2.096525096525099,3.3096234309623425,86.11,93.25,81.9,97.94,77.52,118.72,-0.011139182361047273,0.0708543867707856,-0.059485530546623755,0.1247129076711071,-0.10978410656867255,0.36334405144694526
2026-09-28,IBM,INTERNATIONAL BUSINESS MACHINES ,Information Technology,220.67,254.08,0.1514,0.422,0.33028501,0.277684385373711,-9.0,2,Neutral,2.966942148760342,1.149739183798712,2.540873854827343,214.62,238.62,188.08,258.14,192.29,292.78,-0.0274165042824126,0.08134318212715819,-0.1476865908369963,0.16980106040694243,-0.12860832917931753,0.32677754112475643
2026-09-28,ICE,"INTERCONTINENTAL EXCHANGE, INC.",Financials,152.91,155.11,0.0144,0.2728,0.24553101,0.11106128712621666,12.0,2,Neutral,1.7787356321839127,2.2978494623655963,1.166173361522199,149.43,159.1,143.61,174.28,129.26,180.49,-0.022758485383558846,0.04048132888627287,-0.060820090249166014,0.13975541168007322,-0.1546661434830947,0.18036753645935533
2026-09-28,ICL,ICL GROUP LTD,MR Discretion,5.02,6.11,0.2171,0.3643,0.24822968,0.46759243294355457,-17.0,1,Neutral,2.5555555555555642,2.147058823529414,4.372093023255819,4.93,5.25,4.68,5.75,4.59,6.9,-0.017928286852589626,0.045816733067729265,-0.06772908366533859,0.14541832669322718,-0.08565737051792821,0.3745019920318726
2026-09-28,IDXX,"IDEXX LABORATORIES, INC.",Health Care,529.06,560.38,0.0592,0.3783,0.22143351,0.7084135097709467,25.0,1,Neutral,-5.016641452344917,-1.160773710482527,2.059631728045328,495.9,535.67,473.25,577.14,458.46,674.47,-0.0626772010736022,0.012493857029448385,-0.10548898045590283,0.0908781612671532,-0.1334442218273919,0.27484595320001537
2026-09-28,IEF,ISHARES:7-10 TRS BD ETF,Bonds,89.53,92.68,0.0352,0.0782,0.06375202,0.22662779940149336,36.0,2,Buy,-1.0935251798561119,-1.0815899581589958,3.295918367346922,88.01,90.92,84.36,94.31,87.57,95.99,-0.016977549424773808,0.01552552217133929,-0.05774600692505305,0.053389925164749163,-0.02189210320562951,0.07215458505528871
2026-09-28,IEX,IDEX ,Industrials,231.15,238.37,0.0312,0.2584,0.173302,0.4910387646997727,22.0,1,Neutral,-1.4514388489208614,-1.224698795180724,1.204572803850782,223.08,236.71,210.82,247.75,206.22,261.18,-0.034912394548994086,0.024053644819381326,-0.08795154661475235,0.07181483884923212,-0.10785204412719018,0.12991563919532778
2026-09-28,IFF,INTERNATIONAL FLAVORS & FRAGRANCES INC.,Materials,85.72,86.13,0.0048,0.27,0.17785799,0.5180650585334965,-1.0,1,Neutral,-1.1089743589743553,1.1491344873501983,-1.304257528556595,82.26,88.84,78.21,94.35,73.16,95.35,-0.040363975734950985,0.03639757349510031,-0.08761082594493708,0.1006766215585626,-0.14652356509566034,0.11234251049929989
2026-09-28,INCY,INCYTE ,Health Care,124.82,141.89,0.1368,0.4498,0.26380257,0.7050629946478533,34.0,2,Buy,-1.0709677419354804,1.6353741496598666,1.8716169326856353,119.84,129.47,117.47,136.84,110.41,151.79,-0.03989745233135711,0.03725364524915875,-0.058884794103509,0.09629867008492243,-0.11544624258932856,0.21607114244512093
2026-09-28,INDA,ISHARES:MSCI INDIA,Foreign,47.09,47.97,0.0187,0.1639,0.1385527,0.18294338544106314,-14.0,2,Neutral,1.3596491228070144,1.2543859649122797,1.8113772455089794,45.95,48.64,44.81,49.95,43.75,53.14,-0.024208961562964593,0.032915693353153364,-0.048417923125929074,0.060734763219367105,-0.07092801019324702,0.12847738373327666
2026-09-28,INTC,INTEL ,Information Technology,116.03,137.59,0.1858,0.7487,0.74640349,0.003076767500109101,22.0,2,Neutral,422.6666666666504,1.4409687184661952,1.1828007518796992,115.97,141.39,96.21,144.59,73.47,166.37,-0.000517107644574688,0.21856416444023075,-0.17081789192450236,0.2461432388175473,-0.3668016892183056,0.4338533137981557
2026-09-28,INTU,INTUIT INC.,Information Technology,269.4,302.99,0.1247,0.4821,0.40892732,0.17893810567608925,-11.0,1,Neutral,1.0742407199100141,2.2150573936529394,3.0557620817843882,251.62,288.5,239.78,335.01,220.98,417.36,-0.06599851521900513,0.07089829250185598,-0.10994803266518183,0.24354120267260582,-0.17973273942093537,0.5492204899777284
2026-09-28,INVH,INVITATION HOMES INC.,Real Estate,26.54,27.78,0.0467,0.195,0.11799522,0.652609317563881,4.0,1,Neutral,-2.6666666666666625,1.0610328638497666,3.23391812865497,25.74,26.84,24.41,28.8,24.83,32.07,-0.03014318010550121,0.01130369253956287,-0.08025621703089669,0.08515448379804069,-0.06443104747550865,0.20836473247927656
2026-09-28,IP,INTERNATIONAL PAPER COMPANY,Materials,34.0,39.06,0.1488,0.4085,0.35963698,0.13586761850797435,25.0,2,Neutral,2.9545454545454475,1.361290322580644,3.4796747967479673,33.12,36.6,30.9,38.22,30.31,46.84,-0.02588235294117658,0.07647058823529407,-0.0911764705882353,0.12411764705882344,-0.10852941176470587,0.37764705882352945
2026-09-28,IQV,IQVIA HOLDINGS INC,Health Care,270.97,274.71,0.0138,0.4155,0.24656286,0.6851686421872296,-27.0,1,Sell,1.4385805277524961,2.4442217768871015,-1.3268438786971186,259.98,286.78,256.0,307.56,200.09,324.39,-0.04055799535003879,0.05834594235524215,-0.05524596818836047,0.13503339853120266,-0.2615787725578478,0.19714359523194425
2026-09-28,IR,INGERSOLL RAND INC.,Industrials,76.38,77.77,0.0182,0.3053,0.25280154,0.20766669380257752,3.0,2,Neutral,-1.3475177304964494,-1.4545454545454513,1.573182247403213,72.58,79.2,67.58,82.43,65.79,93.04,-0.04975124378109452,0.03692065985860182,-0.1152134066509557,0.07920921707253226,-0.13864886095836593,0.21811992668237767
2026-09-28,IRM,IRON MOUNTAIN INC.,Real Estate,111.05,120.69,0.0868,0.321,0.30039331,0.06859903105032528,48.0,2,Buy,2.2807017543859693,1.402285714285714,2.042334830019242,108.2,117.55,102.3,123.32,95.46,142.89,-0.02566411526339485,0.058532192705988306,-0.0787933363349842,0.11049076992345785,-0.14038721296713197,0.2867176947321026
2026-09-28,ISRG,"INTUITIVE SURGICAL, INC.",Health Care,414.79,382.5,-0.0778,0.4281,0.27510522,0.5561318683811234,-9.0,1,Neutral,-1.9844861021331677,-1.5017467248908318,-2.951862931737832,384.09,430.26,346.01,460.59,306.25,451.56,-0.07401335615612725,0.037295981098869335,-0.16581884809180558,0.11041731960751222,-0.2616745823187637,0.08864726729188255
2026-09-28,IT,"GARTNER, INC.",Information Technology,185.73,170.45,-0.0823,0.5732,0.60007227,-0.04478172270816638,-37.0,3,Sell,-1.6656101426307428,2.10493827160494,-1.5473757547607987,164.71,198.35,167.91,223.24,119.1,228.79,-0.11317503903515846,0.06794809669951007,-0.09594572766919718,0.20195983416787833,-0.3587465675981263,0.23184192106821744
2026-09-28,ITW,ILLINOIS TOOL WORKS INC.,Industrials,273.83,292.46,0.068,0.2292,0.14929975,0.5351666697365534,30.0,2,Buy,-1.053719008264461,1.0495638382236343,1.8821505376344105,266.18,281.09,248.61,300.3,250.58,317.59,-0.027937041229960102,0.026512799912354446,-0.0921009385385092,0.09666581455647671,-0.0849066939341927,0.15980717963700108
2026-09-28,IVZ,INVESCO LTD.,Financials,30.43,34.58,0.1364,0.3781,0.26089754,0.4492279229616347,-9.0,2,Neutral,-1.9047619047619069,1.3855932203389847,2.1322505800464038,28.83,31.27,28.07,33.7,26.12,39.62,-0.05257969109431482,0.027604337824515213,-0.07755504436411431,0.10745974367400613,-0.14163654288531047,0.30200460072297064
2026-09-28,IWD,ISHARES:RUSS 1000 VL ETF,Sector & Style ETFs,250.05,260.53,0.0419,0.1054,0.09477081,0.11215679173787785,36.0,2,Buy,-1.0983981693363931,1.999119718309855,2.0625482625482583,245.25,254.42,238.69,272.76,237.1,276.76,-0.01919616076784647,0.017476504699060147,-0.04543091381723663,0.09082183563287338,-0.05178964207158576,0.10681863627274546
2026-09-28,IWF,ISHARES:RUSS 1000 GR ETF,Sector & Style ETFs,125.2,145.89,0.1653,0.1769,0.15218891,0.16237116094727266,-23.0,2,Neutral,1.5030303030303025,1.2352941176470567,2.0048833423765595,121.9,130.16,117.89,134.23,106.77,162.15,-0.02635782747603832,0.03961661341853029,-0.05838658146964859,0.07212460063897752,-0.1472044728434505,0.2951277955271565
2026-09-28,IWM,ISHARES:RUSS 2000 ETF,Sector & Style ETFs,280.02,301.78,0.0777,0.1896,0.12534511,0.5126238271281582,-18.0,1,Neutral,-1.2076788830715421,1.2888493475682132,3.2248165443629087,273.1,285.75,263.16,301.75,265.03,328.36,-0.02471252053424744,0.020462824083994136,-0.06020998500107122,0.07760159988572246,-0.053531890579244346,0.1726305263909722
2026-09-28,J,JACOBS SOLUTIONS INC.,Industrials,138.37,152.68,0.1034,0.2969,0.22610062,0.31313217982330155,18.0,2,Neutral,-1.3675675675675725,1.4013657056145667,1.9282325029655987,130.78,143.92,125.19,156.84,121.51,170.88,-0.054852930548529355,0.04010985040109838,-0.0952518609525187,0.13348269133482682,-0.12184722121847225,0.23494977234949754
2026-09-28,JBHT,"J. B. HUNT TRANSPORT SERVICES, INC.",Industrials,226.07,277.02,0.2254,0.3647,0.5272559,-0.3083055116121033,-0.0,4,Neutral,-1.1372781065088753,1.0617892342683861,8.427312775330403,206.85,242.97,199.69,254.08,214.72,321.72,-0.08501791480514886,0.07475560667050041,-0.11668952094484009,0.12389967709116645,-0.050205688503560775,0.42309904012031696
2026-09-28,JBL,JABIL INC.,Information Technology,318.93,364.06,0.1415,0.5113,0.36719324,0.3924548284167759,16.0,1,Neutral,-1.3923029174425814,-1.2430809399477807,2.3013278855975488,296.5,335.04,271.32,357.23,269.98,431.58,-0.07032891230050486,0.050512651679051945,-0.14928040635876216,0.12008904775342555,-0.15348195528799424,0.3532123036402972
2026-09-28,JCI,JOHNSON CONTROLS INTERNATIONAL PLC,Industrials,148.89,162.08,0.0886,0.3536,0.30294911,0.16719273411960178,0.0,2,Neutral,-1.3195548489666067,1.0788288288288297,1.414778856526431,140.59,155.18,135.57,163.26,130.35,175.12,-0.05574585264289067,0.04224595338840764,-0.08946201894015715,0.09651420511787223,-0.12452145879508358,0.17617032708711133
2026-09-28,JKHY,"JACK HENRY & ASSOCIATES, INC.",Financials,147.82,162.35,0.0983,0.3139,0.31650594,-0.008233463169759037,-2.0,3,Neutral,-2.0687203791469178,1.5434262948207196,2.457579185520362,139.09,152.04,135.27,167.19,130.14,191.27,-0.05905831416587737,0.028548234339061063,-0.08490055472872404,0.13103774861317818,-0.1196049249086728,0.2939385739412801
2026-09-28,JNJ,JOHNSON & JOHNSON,Health Care,271.95,294.48,0.0828,0.2387,0.14887113,0.6034002025778942,22.0,1,Neutral,-1.4341397849462392,1.1953698475437629,1.3017398078421192,261.28,279.39,254.24,293.12,233.44,322.08,-0.039235153520867816,0.027357970215112992,-0.06512226512226504,0.07784519213090646,-0.14160691303548445,0.18433535576392712
2026-09-28,JNK,SPDR BBG HIGH YIELD BD,Bonds,93.16,95.25,0.0224,0.0183,0.04784577,-0.6175210473151544,18.0,4,Neutral,1.4218750000000044,1.5033259423503358,1.5553047404063232,91.88,94.98,88.65,99.94,88.73,100.05,-0.013739802490339237,0.019536281665951227,-0.04841133533705444,0.07277801631601544,-0.04755259768140829,0.07395878059252903
2026-09-28,JPM,JPMORGAN CHASE & CO.,Financials,336.59,377.84,0.1226,0.2672,0.19157356,0.3947644967290893,41.0,2,Buy,-1.15415821501014,1.9122807017543872,4.136830102622586,325.21,346.45,317.78,372.56,319.05,409.15,-0.03380967943194979,0.029293799578121726,-0.055884013191122794,0.1068659199619717,-0.0521108767343057,0.21557384354853082
2026-09-28,KDP,KEURIG DR PEPPER INC.,Consumer Staples,31.46,32.35,0.0283,0.2743,0.25454773,0.07759750990511671,-22.0,1,Neutral,-1.3457943925233653,-1.2857142857142858,-1.0100603621730384,30.02,32.53,28.58,33.7,26.44,36.43,-0.04577240940877303,0.03401144310235216,-0.09154481881754617,0.07120152574698024,-0.15956770502225048,0.15797838525111252
2026-09-28,KEY,KEYCORP,Financials,20.4,22.52,0.1039,0.2362,0.24807093,-0.047852966891364535,32.0,4,Buy,-2.0392156862745017,-1.0131578947368394,3.2378048780487876,19.36,20.91,18.86,21.92,18.76,25.71,-0.050980392156862675,0.025000000000000133,-0.07549019607843133,0.0745098039215688,-0.08039215686274492,0.260294117647059
2026-09-28,KEYS,"KEYSIGHT TECHNOLOGIES, INC.",Information Technology,359.74,393.02,0.0925,0.4057,0.36374847,0.11533115177089281,14.0,1,Neutral,1.2213017751479258,1.0814684435504152,1.1042044978348928,342.84,380.38,319.97,402.75,288.15,438.79,-0.04697837326958365,0.057374770667704356,-0.11055206538055262,0.11955857007838988,-0.1990048368265971,0.21974203591482744
2026-09-28,KHC,THE KRAFT HEINZ COMPANY,Consumer Staples,23.56,25.21,0.07,0.2157,0.21138495,0.020413231878617655,4.0,1,Neutral,-1.249999999999997,1.7337278106508898,2.388646288209609,22.51,24.4,21.87,26.49,21.27,29.03,-0.044567062818336,0.035653650254668934,-0.07173174872665522,0.1243633276740237,-0.09719864176570459,0.23217317487266564
2026-09-28,KIM,KIMCO REALTY .,Real Estate,22.49,23.93,0.064,0.3061,0.13134568,1.3304915700310813,54.0,2,Buy,-6.294117647058741,-1.5546874999999973,3.3357664233576707,21.42,22.66,20.5,23.77,21.12,27.06,-0.04757670075589138,0.007558915073365924,-0.08848377056469536,0.056914184081814145,-0.0609159626500666,0.20320142285460197
2026-09-28,KKR,KKR & CO. INC.,Financials,93.24,104.69,0.1228,0.3943,0.30531441,0.2914555850803111,31.0,1,Buy,1.298882681564248,2.5664206642066434,3.0264180264180287,89.66,97.89,87.82,107.15,80.37,132.19,-0.03839553839553833,0.04987129987130001,-0.05812955812955811,0.1491848991848994,-0.13803088803088792,0.41773916773916775
2026-09-28,KLAC,KLA ,Information Technology,189.17,231.26,0.2225,0.6271,0.49515765,0.26646533684776963,13.0,2,Neutral,-1.123164763458398,-2.231404958677683,2.3412895226286428,175.4,201.43,154.07,204.9,156.91,264.7,-0.07279166886927091,0.06480943067082534,-0.18554739123539676,0.08315271977586303,-0.17053443992176343,0.3992704974361685
2026-09-28,KMB,KIMBERLY-CLARK ,Consumer Staples,98.77,103.46,0.0475,0.2592,0.21965557,0.18002926126571706,-11.0,1,Neutral,-2.7983539094650114,-1.5172413793103432,2.1720036596523355,91.97,101.2,89.53,104.86,87.84,122.51,-0.0688468158347676,0.024602612129189128,-0.09355067328136069,0.0616583982990786,-0.11066113192264848,0.2403563835172624
2026-09-28,KMI,"KINDER MORGAN, INC.",Energy,30.63,34.85,0.1378,0.2549,0.18522376,0.376173337589087,40.0,1,Buy,2.791666666666664,1.360406091370561,3.398963730569948,30.15,31.97,28.66,33.31,28.7,37.19,-0.015670910871694477,0.04374795951681354,-0.06431603003591246,0.0874959190336273,-0.06301012079660462,0.2141691152464904
2026-09-28,KO,THE COCA-COLA COMPANY,Consumer Staples,87.18,94.68,0.086,0.2045,0.12812315,0.5961206073999898,-20.0,1,Neutral,4.338983050847412,2.1717948717948685,2.3496376811594155,86.59,89.74,83.28,95.65,81.66,100.15,-0.006767607249369201,0.029364533149804917,-0.0447350309704061,0.09715531085111273,-0.06331727460426717,0.14877265427850417
2026-09-28,KR,THE KROGER CO.,Consumer Staples,59.69,62.5,0.0471,0.2457,0.27115247,-0.09386774164365896,-36.0,4,Sell,-1.6075949367088556,1.0229885057471284,-1.2417266187050349,55.88,62.06,55.34,64.14,51.06,66.64,-0.06382978723404242,0.03970514324007368,-0.07287652873178074,0.0745518512313621,-0.14458033171385487,0.11643491372089132
2026-09-28,KVUE,KENVUE INC.,Consumer Staples,17.88,18.31,0.024,0.2481,0.18677946,0.3283045148540422,-12.0,1,Neutral,-2.970588235294113,-1.5568181818181743,1.6000000000000014,16.87,18.22,16.51,18.76,15.33,21.96,-0.05648769574944057,0.019015659955257336,-0.07662192393736,0.04921700223713654,-0.14261744966442946,0.22818791946308736
2026-09-28,L,LOEWS ,Financials,104.95,114.83,0.0941,0.2116,0.09189753,1.3025646064698364,-26.0,1,Sell,-1.2385786802030452,1.0536451169188448,5.114285714285702,102.51,106.92,97.68,112.61,101.1,124.64,-0.023249166269652233,0.018770843258694603,-0.06927108146736538,0.07298713673177692,-0.03668413530252512,0.18761314911862792
2026-09-28,LDOS,"LEIDOS HOLDINGS, INC.",Industrials,122.35,135.45,0.1071,0.3739,0.28118516,0.32972878085031243,-3.0,1,Neutral,-1.0785219399538046,1.8431542461005221,2.1407010710808185,117.68,126.68,110.81,143.62,101.81,166.32,-0.038169186759297036,0.03539027380465898,-0.09431957498978338,0.1738455251328157,-0.16787903555373918,0.3593788312219044
2026-09-28,LEN,LENNAR ,Consumer Discretionary,82.03,78.62,-0.0416,0.3704,0.3893858,-0.04875832657482626,-38.0,4,Sell,-1.409214092140923,-1.6030769230769233,-1.1435368754956385,76.83,85.72,71.61,88.53,67.61,94.64,-0.06339144215530912,0.04498354260636339,-0.127026697549677,0.07923930269413626,-0.1757893453614532,0.15372424722662448
2026-09-28,LH,LABORATORY  OF AMERICA HOLDINGS,Health Care,309.57,352.46,0.1385,0.2695,0.26023081,0.03561911058878864,61.0,2,Buy,-2.31794333683105,1.40745672436751,2.490532959326791,287.48,319.1,279.53,351.85,281.05,380.6,-0.07135704364117967,0.030784636754207506,-0.09703782666279037,0.13657654165455324,-0.09212779016054518,0.22944729786478035
2026-09-28,LHX,"L3HARRIS TECHNOLOGIES, INC.",Industrials,237.7,269.3,0.1329,0.2906,0.16895239,0.7200111818483301,9.0,1,Neutral,-1.9439252336448578,-1.3381703470031514,5.152446675031368,229.38,241.98,216.49,253.55,221.76,319.83,-0.03500210349179633,0.018005889777029882,-0.08923012200252411,0.0666806899453094,-0.06705931846865798,0.3455195624737064
2026-09-28,LII,LENNOX INTERNATIONAL INC.,Industrials,368.41,389.78,0.058,0.3959,0.24138777,0.640099662049987,-16.0,1,Neutral,-1.0226023213194906,-2.5895841430237136,2.2414266117969808,351.67,384.78,301.78,394.14,317.38,482.79,-0.04543850601232324,0.04443419016856209,-0.18085828289134398,0.06984066664857069,-0.13851415542466283,0.31046931407942235
2026-09-28,LIN,LINDE PUBLIC LIMITED COMPANY,Materials,472.04,488.49,0.0348,0.2201,0.13486982,0.6319440479715921,4.0,1,Neutral,-1.9200343938091187,-1.7192018507808002,1.4597102761430498,449.71,483.67,412.59,506.62,427.86,536.53,-0.04730531310905861,0.02463774256418949,-0.1259427167189222,0.07325650368612835,-0.09359376324040336,0.13661977798491654
2026-09-28,LITE,LUMENTUM HOLDINGS INC.,Information Technology,921.32,1391.98,0.5109,0.7557,0.77610469,-0.026291156673721394,15.0,3,Neutral,1.8120941558441532,1.427839779850174,2.5701508015382615,847.4,1055.27,790.5,1108.11,689.89,1516.13,-0.08023270959058748,0.1453892241566448,-0.14199192462987886,0.20274171840402877,-0.25119393913081234,0.6456063039986106
2026-09-28,LLY,ELI LILLY AND COMPANY,Health Care,1184.78,1240.78,0.0473,0.3948,0.17925494,1.2024497623329098,2.0,1,Neutral,-1.105334890965729,1.0973014798336413,1.2986648657073094,1128.01,1236.14,1081.39,1298.23,992.29,1434.76,-0.04791606880602306,0.04334982021978773,-0.08726514627188164,0.09575617414203474,-0.16246898158307876,0.21099275814919238
2026-09-28,LMT,LOCKHEED MARTIN ,Industrials,518.1,572.16,0.1043,0.2687,0.20951175,0.2825056351254762,40.0,1,Buy,2.103703703703693,1.179896290386915,3.2892783505154632,508.65,537.98,467.96,577.26,469.6,677.63,-0.01823972206137825,0.03837097085504726,-0.09677668403783057,0.11418645049218301,-0.09361127195522101,0.3079135302065237
2026-09-28,LNT,ALLIANT ENERGY ,Utilities,63.21,69.68,0.1024,0.2248,0.11216927,1.0041139609805785,0.0,1,Neutral,-1.5820895522388083,-1.4162303664921474,7.721212121212129,61.09,64.55,57.8,67.03,61.56,75.95,-0.03353899699414642,0.02119917734535659,-0.0855877234614777,0.06043347571586777,-0.02610346464167057,0.20155038759689936
2026-09-28,LOW,"LOWE'S COMPANIES, INC.",Consumer Discretionary,187.66,201.14,0.0718,0.3303,0.20449541,0.6151951772413864,17.0,1,Neutral,1.2443064182194639,1.0284167794316654,3.9421276595744676,182.83,193.67,172.88,202.86,175.91,233.98,-0.02573803687519971,0.0320260044761802,-0.07875945859533195,0.08099754875839293,-0.06261323670467867,0.24682937226899715
2026-09-28,LQD,ISHARES:IBOXX $IG CORP,Bonds,102.47,105.79,0.0324,0.1026,0.07324498,0.40077859260798476,36.0,2,Buy,1.684563758389271,1.2956656346749245,2.0385487528344677,100.98,104.98,96.01,110.84,98.06,111.46,-0.014540841221820977,0.02449497413877233,-0.0630428418073582,0.08168244364204158,-0.04303698643505416,0.08773299502293352
2026-09-28,LRCX,LAM RESEARCH ,Information Technology,314.47,385.91,0.2272,0.6387,0.59510355,0.07325859507979748,11.0,2,Neutral,-1.3546006944444482,-1.7315028901734129,1.8706909306110362,283.26,337.51,254.56,349.07,246.88,440.91,-0.0992463510032755,0.07326613031449725,-0.19051101853912944,0.11002639361465305,-0.21493306197729523,0.4020733297293859
2026-09-28,LULU,LULULEMON ATHLETICA INC.,Consumer Discretionary,100.58,110.85,0.1021,0.3888,0.71567044,-0.4567331857383966,13.0,4,Neutral,-1.225710014947684,-1.0596491228070168,2.6993710691823916,92.38,107.27,88.5,111.98,84.68,143.5,-0.08152714257307614,0.06651421753827802,-0.1201034002783854,0.11334261284549618,-0.15808311791608665,0.42672499502883277
2026-09-28,LUV,SOUTHWEST AIRLINES CO.,Industrials,42.28,42.96,0.0161,0.4597,0.28170902,0.6318256334142232,-14.0,1,Neutral,-1.1912568306010938,-1.64327485380117,1.3292682926829267,40.1,44.11,36.66,45.7,33.26,54.27,-0.051561021759697234,0.0432828760643329,-0.13292336802270588,0.0808893093661307,-0.21333964049195842,0.28358561967833484
2026-09-28,LVS,LAS VEGAS SANDS CORP.,Consumer Discretionary,38.78,42.08,0.0851,0.3817,0.19649466,0.9425464284881839,-2.0,1,Neutral,-3.918367346938763,-1.0000000000000018,3.305803571428569,36.86,39.27,34.8,42.76,34.3,53.59,-0.04951005673027342,0.012635379061371799,-0.10263022176379588,0.10263022176379577,-0.1155234657039712,0.38189788550799375
2026-09-28,LYB,LYONDELLBASELL INDUSTRIES NV,Materials,58.27,62.47,0.0721,0.4248,0.31991896,0.3278362745365264,72.0,1,Buy,1.3999999999999964,1.8051689860834967,1.824978759558198,56.32,61.0,53.24,67.35,46.5,79.75,-0.03346490475373265,0.04685086665522564,-0.08632229277501291,0.1558263257250727,-0.20199073279560675,0.36862879697957784
2026-09-28,LYV,"LIVE NATION ENTERTAINMENT, INC.",Communication Services,171.89,189.89,0.1047,0.3245,0.16684108,0.9449646334104287,40.0,1,Buy,-1.899786780383784,-1.268444444444443,2.5853658536585407,162.98,176.58,157.62,183.14,156.72,211.11,-0.05183547617662454,0.027284891500378272,-0.08301820931991377,0.06544883355634412,-0.08825411600442135,0.22816917796265068
2026-09-28,MA,MASTERCARD INC..,Financials,568.26,603.66,0.0623,0.2414,0.14504538,0.6643067155948021,-3.0,1,Neutral,-2.7767955801105106,1.07133273703041,1.550355126570753,543.13,577.31,523.54,616.17,513.35,653.39,-0.044222714954422315,0.01592580860873527,-0.0786963713792983,0.08430999894414515,-0.09662830394537703,0.1498081863935523
2026-09-28,MAA,"MID-AMERICA APARTMENT COMMUNITIES, INC.",Real Estate,118.34,124.55,0.0525,0.2429,0.13980679,0.7373977329713388,-0.0,1,Neutral,-4.06976744186049,-1.300606060606061,4.436213991769549,113.09,119.63,107.61,126.59,113.48,139.9,-0.044363697819841175,0.010900794321446527,-0.09067094811559917,0.06971438228832172,-0.04106810883893863,0.1821869190468144
2026-09-28,MAR,"MARRIOTT INTERNATIONAL, INC.",Consumer Discretionary,358.57,373.21,0.0408,0.2725,0.21654416,0.258403828577044,15.0,2,Neutral,-1.7320930232558143,-1.9763135228251478,-1.0341278439869988,339.95,369.32,312.68,381.79,301.3,413.95,-0.051928493739018866,0.02998019912429939,-0.12798058956410185,0.06475723010848666,-0.15971776779987168,0.15444683046546004
2026-09-28,MAS,MASCO ,Industrials,68.36,71.34,0.0436,0.3624,0.27315266,0.3267306274813506,25.0,2,Neutral,-1.2446043165467597,-1.5449735449735436,2.254606365159128,64.9,71.14,62.52,72.14,62.39,81.82,-0.050614394382679784,0.04066705675833826,-0.08543007606787589,0.05529549444119364,-0.08733177296664718,0.19689877121123445
2026-09-28,MCD,MCDONALD'S ,Consumer Discretionary,233.6,260.58,0.1155,0.2192,0.22146526,-0.010228511686212083,0.0,4,Neutral,1.1988636363636358,1.3673943334881573,10.606403013182673,223.04,246.26,212.07,263.04,228.29,289.92,-0.045205479452054775,0.05419520547945211,-0.09216609589041092,0.12602739726027412,-0.02273116438356171,0.24109589041095902
2026-09-28,MCHI,ISHARES:MSCI CHINA,Foreign,52.54,56.25,0.0706,0.2269,0.15261752,0.48672314947851314,20.0,2,Neutral,1.1159420289855047,1.4708171206225684,2.614325068870522,51.16,54.08,49.97,56.32,48.91,62.03,-0.026265702322040396,0.029311001141987036,-0.048915112295394025,0.07194518462124089,-0.06909021697754092,0.18062428625808913
2026-09-28,MCHP,MICROCHIP TECHNOLOGY INC.,Information Technology,77.97,72.08,-0.0755,0.4265,0.38270264,0.11444227298771703,14.0,1,Neutral,-2.6097560975609766,-1.875426621160409,-1.1423260754115772,72.62,80.02,66.98,83.83,56.46,96.8,-0.06861613441067071,0.02629216365268694,-0.14095164806977034,0.07515711170963191,-0.27587533666794917,0.24150314223419267
2026-09-28,MCK,MCKESSON ,Health Care,856.29,1018.6,0.1896,0.3129,0.22602124,0.38438316682095897,54.0,1,Buy,2.4039562727746095,3.0069195895967566,3.275457531675274,837.08,902.47,814.38,982.31,792.36,1065.69,-0.02243398848520939,0.05393032734237235,-0.04894369898048556,0.1471697672517489,-0.07465928598955951,0.24454332060400108
2026-09-28,MCO,MOODY'S ,Financials,460.08,492.83,0.0712,0.2679,0.24213387,0.10641274597395256,-11.0,2,Neutral,1.5233358837031397,1.4562906083874798,2.15467937608319,447.01,479.99,426.22,509.39,413.92,559.54,-0.028408102938619395,0.04327508259433155,-0.07359589636584929,0.1071770126934446,-0.1003303773256824,0.21617979481829241
2026-09-28,MDLZ,"MONDELEZ INTERNATIONAL, INC.",Consumer Staples,60.18,61.97,0.0297,0.2889,0.14539462,0.9870061216845574,36.0,1,Buy,1.6830985915492942,1.6896551724137954,1.6236933797909403,58.76,62.57,56.7,66.06,54.44,69.5,-0.023595879029577937,0.039714190761050094,-0.05782652043868386,0.09770687936191425,-0.0953805250913925,0.1548687271518776
2026-09-28,MDT,MEDTRONIC PUBLIC LIMITED COMPANY,Health Care,89.5,95.25,0.0642,0.3736,0.1910497,0.9555120997311171,13.0,1,Neutral,-3.047945205479467,1.3733333333333324,1.3736842105263147,85.05,90.96,83.5,97.74,78.1,105.16,-0.04972067039106154,0.016312849162011034,-0.06703910614525144,0.09206703910614511,-0.12737430167597774,0.17497206703910617
2026-09-28,MDY,SPDR S&P MIDCAP 400 ETF,Sector & Style ETFs,661.08,692.37,0.0473,0.1577,0.10462888,0.5072320376553778,-18.0,1,Neutral,-1.1985472154963712,1.0621867881548952,2.356263072275152,646.23,673.47,617.18,707.71,618.05,762.47,-0.02246324196768923,0.018742058449809473,-0.0664064863556606,0.07053609245477088,-0.06509045803836155,0.15337024263326682
2026-09-28,MET,"METLIFE, INC.",Financials,95.82,100.47,0.0485,0.2821,0.20268572,0.391809941025939,51.0,1,Buy,2.211340206185573,1.842315369261481,1.3980198019801993,93.88,100.11,90.81,105.05,85.72,109.94,-0.02024629513671461,0.044771446462116504,-0.05228553537883518,0.09632644541849311,-0.10540596952619485,0.14735963264454188
2026-09-28,META,"META PLATFORMS, INC.",Communication Services,715.62,699.47,-0.0226,0.4367,0.54811501,-0.20326940143456385,-60.0,4,Sell,,1.9839168625510322,-2.8681305201177634,729.85,828.6,634.79,875.98,481.81,797.14,0.019884855090690712,0.15787708560409164,-0.1129510075179565,0.2240854084570023,-0.32672368016545095,0.11391520639445507
2026-09-28,MGM,MGM RESORTS INTERNATIONAL,Consumer Discretionary,31.86,40.43,0.269,0.3936,0.41527713,-0.05219919045385424,6.0,4,Neutral,2.688524590163938,1.4999999999999996,24.657534246575327,30.03,36.78,26.74,39.54,31.13,49.86,-0.05743879472693025,0.15442561205273075,-0.16070307595731326,0.24105461393596994,-0.02291274325172632,0.5649717514124293
2026-09-28,MKC,"MCCORMICK & COMPANY, INC.",Consumer Staples,48.46,51.59,0.0646,0.3758,0.1829537,1.0540716039085298,-11.0,1,Neutral,-1.9745762711864396,-1.1532033426183856,2.334507042253521,46.13,49.64,44.32,52.05,42.78,61.72,-0.048080891456871666,0.02434997936442418,-0.0854312835328106,0.07408171687990084,-0.11721007016095752,0.2736277342137845
2026-09-28,MLM,"MARTIN MARIETTA MATERIALS, INC.",Materials,490.77,522.99,0.0657,0.2917,0.24656286,0.1830654462719974,6.0,1,Neutral,-2.2012692656391577,-1.7251400560224048,2.6234662576687113,466.49,501.8,441.5,519.33,451.65,593.4,-0.049473276687654,0.022474886402999328,-0.10039325957169343,0.05819426615318801,-0.07971147380646737,0.20912036188031058
2026-09-28,MMM,3M COMPANY,Industrials,169.48,183.14,0.0806,0.3017,0.21413124,0.4089490165003482,50.0,2,Buy,-1.1104651162790684,-1.0304837640821722,1.9783258594917794,163.75,174.64,153.93,184.57,156.1,195.95,-0.033809299032334095,0.030446070332782682,-0.09175123908425764,0.08903705451970745,-0.07894736842105265,0.15618362048619305
2026-09-28,MNST,MONSTER BEVERAGE ,Consumer Staples,41.86,49.24,0.1763,0.251,0.20876565,0.20230507269754394,-17.0,1,Neutral,2.3867924528301847,1.3846153846153835,6.919540229885049,40.8,44.39,38.48,46.54,40.12,53.9,-0.02532250358337318,0.06043956043956045,-0.08074534161490687,0.11180124223602483,-0.0415671285236503,0.2876254180602007
2026-09-28,MO,"ALTRIA GROUP, INC.",Consumer Staples,69.13,74.31,0.0749,0.2276,0.15149043,0.5024051354267063,-18.0,1,Neutral,-1.035714285714282,1.2181818181818203,1.23949579831933,67.1,71.09,63.63,75.83,61.99,77.98,-0.02936496455952553,0.02835237957471448,-0.07956024880659618,0.09691884854621735,-0.10328366845074488,0.12801967307970497
2026-09-28,MOS,THE MOSAIC COMPANY,Materials,22.25,25.89,0.1636,0.4462,0.38435358,0.16091022230103857,55.0,1,Buy,4.612244897959202,2.1930693069306932,2.019950124688279,21.76,24.51,20.23,26.68,18.24,30.35,-0.022022471910112307,0.1015730337078653,-0.09078651685393258,0.19910112359550558,-0.1802247191011237,0.3640449438202247
2026-09-28,MP,MP MATERIALS CORP,MR Discretion,46.45,63.08,0.358,0.5461,0.45499514,0.20023260028667567,12.0,1,Neutral,2.749999999999985,1.3763586956521734,3.279866332497909,45.05,50.3,39.09,56.58,34.48,85.71,-0.03013993541442428,0.0828848223896661,-0.15844994617868668,0.21808396124865426,-0.25769644779332623,0.845209903121636
2026-09-28,MPC,MARATHON PETROLEUM ,Energy,389.44,440.59,0.1313,0.5207,0.31021963,0.6784882375109531,60.0,2,Buy,1.334997919267583,3.1546256946714637,1.043287609624466,365.41,421.52,358.85,485.94,300.5,482.23,-0.061703985209531576,0.08237469186524238,-0.07854868529170089,0.24779170090386193,-0.22837921117502058,0.2382652013147084
2026-09-28,MPWR,"MONOLITHIC POWER SYSTEMS, INC.",Information Technology,1351.2,1399.33,0.0356,0.5897,0.53503441,0.10217210141680422,3.0,2,Neutral,1.4658485760592699,-1.1683890932445855,1.217331999636264,1264.82,1477.82,1151.09,1522.47,1021.29,1752.81,-0.0639283599763174,0.09370929544108941,-0.14809798697454124,0.1267539964476021,-0.24416074600355242,0.2972246891651864
2026-09-28,MRK,"MERCK & CO., INC.",Health Care,148.69,155.75,0.0475,0.3375,0.17368299,0.9431954735463732,57.0,1,Buy,1.19031141868512,2.064859632139404,-1.0633147113594041,142.91,155.57,138.36,170.02,120.14,175.54,-0.03887282265115344,0.04627076467818947,-0.06947340103571176,0.14345282130607306,-0.19201022261080103,0.18057703947810877
2026-09-28,MRNA,"MODERNA, INC.",Health Care,197.28,193.42,-0.0196,1.0185,0.74843542,0.36083885500769064,-41.0,1,Sell,1.5710290827740498,2.4414214325374792,-1.6919543247145288,179.4,225.37,143.25,329.19,68.37,273.47,-0.09063260340632606,0.14238645579886455,-0.2738746958637469,0.6686435523114356,-0.6534367396593674,0.3862023519870237
2026-09-28,MRSH,"MARSH & MCLENNAN COMPANIES, INC.",Financials,169.03,186.98,0.1062,0.2676,0.18871615,0.4180026457725001,24.0,1,Neutral,-1.4680851063829834,1.2301282051282054,4.201573254670604,162.13,173.73,153.43,188.22,158.86,211.76,-0.040821156007809334,0.02780571496184092,-0.09229130923504703,0.11353014257824046,-0.06016683428977099,0.2527953617701
2026-09-28,MRVL,"MARVELL TECHNOLOGY, INC.",Information Technology,251.9,295.35,0.1725,0.6505,0.66782467,-0.025941943714059,-9.0,3,Neutral,18.562499999999854,1.2245287520878079,1.305462313091242,249.98,287.54,209.99,303.22,153.59,380.24,-0.007622072250893286,0.14148471615720526,-0.16637554585152836,0.2037316395394999,-0.39027391822151647,0.5094878920206432
2026-09-28,MS,MORGAN STANLEY,Financials,193.64,231.45,0.1953,0.3272,0.2200048,0.4872402783939258,24.0,1,Neutral,1.0887372013651913,1.3954843408594348,7.070601851851864,184.85,203.21,179.91,212.8,185.0,254.73,-0.045393513736831204,0.04942160710596988,-0.07090477174137566,0.09894649865730232,-0.044618880396612215,0.3154823383598431
2026-09-28,MSCI,MSCI INC.,Financials,542.72,573.52,0.0568,0.3196,0.22630698,0.4122410188143557,48.0,2,Buy,2.7464622641509333,1.1668584579976953,2.2198687350835287,534.24,566.01,507.96,583.28,509.2,617.13,-0.015625,0.04291347287735836,-0.06404775943396235,0.07473466981132071,-0.06176297169811329,0.1371056898584906
2026-09-28,MSFT,MICROSOFT ,Information Technology,509.22,508.5,-0.0014,0.3281,0.25103947,0.30696579306831717,-19.0,2,Neutral,-1.4639751552795042,1.5475095019003802,-1.1580114822546974,485.65,525.32,459.23,586.58,420.47,585.86,-0.046286477357527334,0.03161698283649517,-0.09816974981344018,0.15191862063548167,-0.1742861631514866,0.15050469345273165
2026-09-28,MSI,"MOTOROLA SOLUTIONS, INC.",Information Technology,452.08,500.46,0.107,0.2797,0.1700001,0.6452931498275591,40.0,1,Buy,1.6860036832412593,2.2124910265613833,2.0692392909896613,441.22,470.39,424.22,513.72,397.92,564.15,-0.02402229693859481,0.040501681118386035,-0.061626260838789526,0.13634754910635305,-0.11980180499026716,0.24789860201734215
2026-09-28,MTB,M&T BANK ,Financials,220.44,250.3,0.1355,0.2103,0.19963781,0.053407668617482695,15.0,2,Neutral,-2.2594142259414243,1.2164667393675026,4.5778816199376955,209.64,225.22,202.1,242.75,207.6,279.22,-0.04899292324442028,0.02168390491743777,-0.08319724187987665,0.10120667755398305,-0.058247142079477454,0.2666485211395393
2026-09-28,MTD,METTLER-TOLEDO INTERNATIONAL INC.,Health Care,1545.26,1425.58,-0.0774,0.333,0.31580746,0.054439942615668535,-43.0,2,Sell,-1.0958512160228917,-1.2868508425734506,-3.408090528379221,1430.36,1650.11,1339.84,1704.89,1162.77,1657.49,-0.07435641898450751,0.0678526590994395,-0.13293555777021349,0.10330300402521275,-0.24752468840195174,0.07262855441802674
2026-09-28,MTUM,ISHARES:MSCI USA MOM FCT,Sector & Style ETFs,315.59,330.27,0.0465,0.2847,0.19992355,0.42404434094932797,14.0,1,Neutral,1.696942446043174,1.0014049877063602,1.015473887814314,304.47,334.46,287.12,344.1,269.06,362.84,-0.03523559048132052,0.05979276909914755,-0.09021198390316543,0.09033873063151576,-0.14743813175322407,0.14971957286352544
2026-09-28,MU,"MICRON TECHNOLOGY, INC.",Information Technology,1053.98,1396.22,0.3247,0.5932,0.50509509,0.17443232322848345,34.0,1,Buy,3.1994687273605438,1.1227077510396073,1.6937037866905666,1012.57,1186.47,907.29,1218.67,741.57,1583.11,-0.03928917057249659,0.1257044725706371,-0.13917721398888028,0.15625533691341387,-0.29640979904742026,0.5020303990588055
2026-09-28,MUB,ISHARES:NATL MUNI BOND,Bonds,100.61,104.23,0.036,0.1257,0.05041744,1.4931848979242104,36.0,2,Buy,1.581818181818176,1.1240157480314952,2.619186046511631,98.96,103.22,95.53,106.32,97.17,109.62,-0.01639996024252066,0.025941755292714364,-0.05049199880727562,0.056753801808965276,-0.03419143226319454,0.0895537222940066
2026-09-28,NCLH,NORWEGIAN CRUISE LINE HOLDINGS LTD.,Consumer Discretionary,14.31,15.62,0.0915,0.5486,0.29720254,0.8458792445044379,-20.0,1,Neutral,-1.9565217391304395,-2.1489361702127687,3.170403587443945,13.41,14.77,12.29,15.25,12.08,21.38,-0.06289308176100628,0.03214535290006992,-0.14116002795248084,0.0656883298392732,-0.15583508036338223,0.49406009783368265
2026-09-28,NDAQ,"NASDAQ, INC.",Financials,92.62,97.7,0.0548,0.3036,0.25977045,0.16872415626950632,31.0,2,Buy,1.4552429667519136,1.8465608465608458,1.544050862851952,88.71,98.31,86.95,103.09,81.61,109.62,-0.04221550421075371,0.06143381559058514,-0.06121787950766577,0.1130425394083352,-0.11887281364716051,0.18354567048153747
2026-09-28,NDSN,NORDSON ,Industrials,331.32,337.24,0.0179,0.1971,0.20460653,-0.036687636508961896,9.0,3,Neutral,-2.9201331114808715,-1.0736989172197,-1.360047846889951,313.77,337.33,300.58,359.95,274.47,373.12,-0.05296993842810582,0.018139562960280076,-0.09278039357720635,0.0864119280453941,-0.17158638174574414,0.1261620185922976
2026-09-28,NDX,NASDAQ 100 INDEX,Indices,30276.81,31350.72,0.0355,0.0,0.16177711,,-27.0,,,2.369558200907507,1.1702420266907938,-1.0769897174553251,29750.1,31524.88,29171.56,31570.22,26572.17,33716.62,-0.01739648265454663,0.04122197814102613,-0.03650483653991288,0.042719493896483884,-0.12235899356636326,0.11361203508559847
2026-09-28,NEE,"NEXTERA ENERGY, INC.",Utilities,75.49,82.62,0.0944,0.2509,0.16649184,0.5069807625406748,18.0,2,Neutral,-1.2270742358078517,1.064935064935066,4.413881748071979,72.68,77.78,69.33,82.05,71.6,92.66,-0.03722347330772269,0.03033514372764623,-0.08160021194860245,0.08689892701020008,-0.05153000397403629,0.2274473440190754
2026-09-28,NEM,NEWMONT ,Materials,116.05,148.13,0.2764,0.4708,0.36614552,0.2858275583980927,35.0,1,Buy,4.218750000000001,2.480627306273062,2.32687765706188,114.13,124.15,105.21,142.94,94.88,165.31,-0.016544592847910433,0.0697975010771219,-0.09340801378716079,0.2317104696251615,-0.1824213700990952,0.4244722102542009
2026-09-28,NFLX,"NETFLIX, INC.",Communication Services,69.23,79.92,0.1544,0.4361,0.3675901,0.18637580283038102,33.0,2,Buy,1.4870466321243512,1.7517730496453892,3.057714958775028,65.37,74.97,63.59,79.11,60.74,95.19,-0.05575617506861186,0.08291203235591493,-0.08146757186190956,0.14271269680774235,-0.12263469594106602,0.3749819442438249
2026-09-28,NI,NISOURCE INC.,Utilities,39.1,43.07,0.1015,0.2243,0.13509206,0.6603492462843485,-19.0,1,Neutral,-1.2857142857142878,-1.311827956989249,4.45744680851063,37.84,40.08,35.44,41.89,37.22,47.48,-0.0322250639386189,0.025063938618925752,-0.09360613810741703,0.0713554987212277,-0.04808184143222516,0.21432225063938604
2026-09-28,NKE,"NIKE, INC.",Consumer Discretionary,36.39,35.52,-0.0239,0.456,0.24703909,0.845861721721854,40.0,1,Buy,-6.366666666666739,-1.587982832618028,1.4150612959719784,34.48,36.69,32.69,38.72,30.68,44.47,-0.052486946963451575,0.008244023083264551,-0.10167628469359724,0.06402857928002192,-0.15691123935147022,0.2220390217092607
2026-09-28,NOC,NORTHROP GRUMMAN ,Industrials,505.8,557.73,0.1027,0.3001,0.19330388,0.5524778912870241,40.0,1,Buy,1.9840728100113716,1.2013477639371033,3.498703747348573,497.01,523.24,456.83,564.63,463.37,654.25,-0.017378410438908753,0.03448003163305646,-0.09681692368525119,0.11631079478054573,-0.0838869118228549,0.2934954527481217
2026-09-28,NORW,GLBL X MSCI NORWAY ETF,Foreign,36.26,38.55,0.0632,0.1531,0.10229533,0.49664701213633133,57.0,1,Buy,1.0256410256410295,2.1034482758620783,1.5674300254452938,35.48,37.06,34.81,39.31,32.33,42.42,-0.021511307225593024,0.022062879205736463,-0.03998896856039702,0.08411472697187006,-0.10838389409817983,0.16988416988417
2026-09-28,NOV,NOV INC.,MR Discretion,19.5,22.13,0.1349,0.4671,0.21173419,1.2060679005124304,4.0,1,Neutral,1.967741935483866,2.5,2.2594339622641493,18.88,20.72,18.64,21.65,17.38,24.29,-0.03179487179487184,0.06256410256410261,-0.04410256410256408,0.11025641025641009,-0.10871794871794882,0.24564102564102552
2026-09-28,NOW,"SERVICENOW, INC.",Information Technology,131.45,136.14,0.0357,0.596,0.53536778,0.11325339750554275,-26.0,1,Sell,3.1218274111675286,2.6287799791449467,1.1386166339960804,127.51,143.75,121.86,156.66,95.74,172.11,-0.02997337390642818,0.09357170026626105,-0.0729554963864587,0.191783948269304,-0.27166222898440473,0.30931913275009526
2026-09-28,NQ=F,NASDAQ 100 FUTURES,Futures,30597.5,31556.05,0.0313,0.0,0.15414147,,-23.0,,,2.112605998311373,1.2522228033472766,-1.082793751344408,30052.68,31748.49,29603.26,31842.51,27124.19,33805.23,-0.01780602990440394,0.03761712558215535,-0.03249415801944611,0.040689925647520164,-0.11351613693929252,0.10483634283846732
2026-09-28,NRG,"NRG ENERGY, INC.",Utilities,97.0,117.63,0.2127,0.5026,0.40613341,0.23752438884552762,-43.0,1,Sell,1.0547945205479454,-1.166883963494133,6.341304347826085,91.89,102.39,88.05,104.67,87.8,155.34,-0.05268041237113397,0.055567010309278464,-0.09226804123711341,0.0790721649484536,-0.09484536082474226,0.6014432989690721
2026-09-28,NSC,NORFOLK SOUTHERN ,Industrials,313.05,349.52,0.1165,0.2417,0.15785611,0.5311412399558053,33.0,1,Buy,-2.3000000000000234,1.1963864886095812,5.098800282286515,306.38,315.95,287.59,343.51,298.88,385.3,-0.021306500559016173,0.009263695895224355,-0.08132886120428062,0.09730075067880528,-0.04526433477080338,0.2307938029068839
2026-09-28,NTAP,"NETAPP, INC.",Information Technology,204.41,221.71,0.0846,0.4868,0.4355965,0.11754800601014925,49.0,2,Buy,-2.2222222222222254,1.15893385982231,-1.0590778097982705,193.01,209.54,184.15,227.89,145.61,259.93,-0.05577026564258114,0.025096619539161535,-0.09911452472970983,0.1148671787094564,-0.28765715963015503,0.27161097793650013
2026-09-28,NTRS,NORTHERN TRUST ,Financials,174.55,202.93,0.1626,0.2957,0.22529102,0.3125245737712936,29.0,2,Buy,-1.522613065326634,1.3774319066147827,4.588877855014884,165.46,180.52,161.7,192.25,164.48,220.76,-0.052076768834144915,0.034202234316814684,-0.0736178745345174,0.10140360928100822,-0.05769120595817834,0.2647378974505872
2026-09-28,NUE,NUCOR ,Materials,244.49,285.0,0.1657,0.3637,0.33752379,0.07755367406842661,54.0,1,Buy,-1.0062353858144983,1.385542168674696,2.5096836668818576,231.58,257.32,224.57,272.09,213.51,322.24,-0.05280379565626403,0.052476583909362384,-0.08147572497852684,0.11288805268109114,-0.1267127489876887,0.318008916520103
2026-09-28,NVDA,NVIDIA ,Information Technology,228.86,248.35,0.0852,0.3704,0.32056981,0.1554425539947133,-29.0,1,Sell,-1.468187274909969,1.2028490028490013,-1.0002292000916804,216.63,237.19,211.31,249.97,185.22,272.49,-0.05343878353578613,0.03639779778030228,-0.07668443589967666,0.09223979725596432,-0.19068426112033565,0.19064056628506498
2026-09-28,NVR,"NVR, INC.",Consumer Discretionary,6267.89,6205.56,-0.0099,0.0,0.21889359,,-34.0,,Sell,-1.0820611468096435,-1.2723602235353904,-1.212242064371282,6003.51,6512.22,5792.04,6641.88,5447.19,6944.9,-0.04218006378542061,0.038981220155427154,-0.07591869034076859,0.05966760744046229,-0.13093720534342512,0.10801242523401
2026-09-28,NWSA,NEWS CORP.,Communication Services,29.1,31.45,0.0808,0.4178,0.24668985,0.693624605957643,47.0,2,Buy,-3.6111111111111187,1.1612903225806448,1.4959785522788198,26.5,29.82,26.31,32.34,25.37,34.68,-0.0893470790378007,0.024742268041237025,-0.09587628865979392,0.11134020618556706,-0.1281786941580756,0.1917525773195876
2026-09-28,NXPI,NXP SEMICONDUCTORS NV,Information Technology,236.32,230.84,-0.0232,0.4501,0.38924293,0.15634727135570592,-28.0,2,Sell,-1.1264612114771517,-1.7456989247311834,-1.286397322495817,225.72,245.73,203.85,254.92,182.51,278.15,-0.044854434664861165,0.03981888964116442,-0.13739844278943802,0.07870683818551116,-0.22769972918077186,0.17700575490859838
2026-09-28,O,REALTY INCOME ,Real Estate,55.35,60.88,0.0999,0.1851,0.12407515,0.49183780958556156,-0.0,2,Neutral,-3.3243243243243166,-1.0018903591682429,11.079646017699092,52.89,56.09,50.05,60.64,54.22,67.87,-0.04444444444444451,0.013369467028003568,-0.09575429087624221,0.09557362240289069,-0.02041553748870828,0.2261969286359531
2026-09-28,ODFL,"OLD DOMINION FREIGHT LINE, INC.",Industrials,176.85,198.23,0.1209,0.3738,0.30310785,0.2332244117069222,52.0,2,Buy,-2.5602240896358555,-2.445321307779029,4.2564102564102555,167.71,180.42,155.16,185.72,162.42,238.27,-0.05168221656771266,0.020186598812552914,-0.12264631043257002,0.0501554990104609,-0.08159457167090756,0.34729997172745275
2026-09-28,OEF,ISHARES:S&P 100,Sector & Style ETFs,383.18,395.08,0.0311,0.1464,0.11861432,0.23425232299101828,10.0,2,Neutral,1.2556591211717734,1.3799185888738115,1.0553783044667275,375.67,392.61,361.07,413.69,339.3,429.49,-0.01959914400542828,0.024609843937575038,-0.057701341406127704,0.07962315360926975,-0.1145153713659377,0.1208570384675609
2026-09-28,OKE,"ONEOK, INC.",Energy,88.62,99.41,0.1218,0.3209,0.20832117,0.5404099352936622,-18.0,1,Neutral,1.4962962962962918,1.5426251691474953,2.0633928571428566,85.92,92.66,81.23,100.02,77.42,111.73,-0.030467163168585,0.045587903407808605,-0.08338975400586779,0.12863913337846977,-0.12638230647709325,0.2607763484540735
2026-09-28,OMC,OMNICOM GROUP INC.,Communication Services,75.1,84.87,0.1301,0.2915,0.31880774,-0.08565582504364555,8.0,4,Neutral,-1.9527896995708038,1.193905817174516,3.5124378109452743,70.55,77.43,67.88,83.72,69.07,96.28,-0.06058588548601862,0.031025299600532685,-0.09613848202396802,0.11478029294274306,-0.08029294274300935,0.28202396804261
2026-09-28,ON,ON SEMICONDUCTOR ,Information Technology,75.65,78.85,0.0423,0.6119,0.61191465,-2.3941247361825013e-05,4.0,4,Neutral,-1.5994694960212221,-2.1688555347091945,1.3392945851962241,69.62,79.42,64.09,80.98,55.52,102.61,-0.07970918704560481,0.049834765366820744,-0.15280898876404492,0.0704560475875744,-0.2660938532716457,0.3563780568407138
2026-09-28,ORCL,ORACLE ,Information Technology,132.6,168.38,0.2698,0.5356,0.50809537,0.05413280975183832,46.0,2,Buy,2.300400534045398,1.7279457125231357,2.9045830202855005,125.11,149.83,116.39,160.61,105.98,209.92,-0.056485671191553455,0.1299396681749625,-0.12224736048265461,0.21123680241327314,-0.2007541478129713,0.5831070889894419
2026-09-28,ORLY,"O'REILLY AUTOMOTIVE, INC.",Consumer Discretionary,86.51,92.05,0.064,0.3118,0.22497353,0.3859408260162873,4.0,2,Neutral,-1.3653136531365355,-1.4094903339191587,2.0533333333333332,82.81,89.22,78.49,92.2,79.76,100.37,-0.04276962200901635,0.03132585828227952,-0.09270604554386785,0.0657727430354873,-0.07802566177320536,0.160212692174315
2026-09-28,OTIS,OTIS WORLDWIDE ,Industrials,66.33,69.71,0.051,0.2215,0.22681497,-0.0234330652866519,10.0,4,Neutral,1.0429687500000027,-1.1380145278450366,2.4721030042918466,63.77,69.0,61.63,70.46,61.67,77.85,-0.03859490426654599,0.040253279059249136,-0.0708578320518618,0.062264435398763585,-0.07025478667269702,0.17367706919945713
2026-09-28,OXY,OCCIDENTAL PETROLEUM ,Energy,56.1,62.73,0.1182,0.3303,0.31756953,0.04008718972503433,54.0,2,Buy,2.134969325153369,2.4984802431610924,2.0293742017879945,54.47,59.58,52.81,64.32,48.27,71.99,-0.02905525846702317,0.06203208556149731,-0.05864527629233507,0.14652406417112274,-0.13957219251336894,0.2832442067736185
2026-09-28,PAM,PAMPA ENERGIA SA,MR Discretion,76.55,87.39,0.1416,0.3465,0.27915322,0.24125381752716302,56.0,2,Buy,2.1729957805907287,1.9478114478114499,2.7677419354838726,74.18,81.7,70.61,88.12,67.25,102.29,-0.030960156760287294,0.06727629000653179,-0.07759634225996082,0.15114304376224696,-0.12148922273024165,0.33625081645983035
2026-09-28,PANW,"PALO ALTO NETWORKS, INC.",Information Technology,392.09,422.63,0.0779,0.5764,0.69882759,-0.17518997783129886,0.0,3,Neutral,1.1621727237202046,1.0241950493206788,-1.041682491454614,366.5,421.83,338.36,447.12,282.38,497.41,-0.06526562778953804,0.07584993241347648,-0.13703486444438773,0.14035042974827205,-0.2798082072993445,0.2686117983116123
2026-09-28,PAYX,"PAYCHEX, INC.",Industrials,99.3,120.34,0.2119,0.2517,0.35857338,-0.2980516289301789,-6.0,4,Neutral,1.13846153846154,2.2427093132643474,8.2951127819549,92.15,107.44,88.67,123.14,93.98,143.43,-0.07200402819738161,0.0819738167170192,-0.10704934541792543,0.24008056394763355,-0.05357502517623358,0.4444108761329306
2026-09-28,PBR,BRAZILIAN PETROLEUM  - PETROBRAS,MR Discretion,20.65,21.89,0.06,0.5454,0.37057451,0.47176879489093837,25.0,1,Neutral,2.3953488372093066,2.1265060240963862,-1.1466666666666658,20.22,21.68,18.99,24.18,16.35,24.4,-0.020823244552058084,0.0498789346246975,-0.08038740920096854,0.17094430992736087,-0.20823244552058096,0.18159806295399528
2026-09-28,PCAR,PACCAR INC,Industrials,111.65,128.63,0.1521,0.3037,0.17476246,0.7377873943866435,-0.0,1,Neutral,-2.2640000000000042,1.1852570320077591,9.613079019073565,105.99,114.15,101.34,123.87,107.98,146.93,-0.0506941334527542,0.022391401701746583,-0.09234214061800272,0.10944917151813693,-0.03287057769816393,0.315987460815047
2026-09-28,PCG,PG&E ,Utilities,11.95,15.38,0.287,0.445,0.84311099,-0.4721928603967077,-16.0,4,Neutral,1.428571428571433,1.1261261261261266,4.425925925925929,11.39,12.75,9.73,14.45,10.33,19.12,-0.046861924686192324,0.06694560669456062,-0.1857740585774058,0.20920502092050208,-0.1355648535564853,0.6000000000000001
2026-09-28,PEG,PUBLIC SERVICE ENTERPRISE GROUP INC.,Utilities,66.73,72.66,0.0889,0.1767,0.15661789,0.12822360204188676,-37.0,2,Sell,-2.2477876106194836,-1.276018099547511,6.435555555555551,64.19,67.86,61.09,71.15,64.48,81.21,-0.03806383935261515,0.016933912782856275,-0.08451970627903493,0.06623707477896001,-0.03371796793046611,0.21699385583695463
2026-09-28,PEP,"PEPSICO, INC.",Consumer Staples,128.5,139.01,0.0818,0.2406,0.15096657,0.5937303205603732,27.0,1,Buy,-2.4470588235293986,-1.017926734216679,3.234693877551023,122.26,131.05,115.44,141.33,119.68,157.03,-0.0485603112840467,0.019844357976653848,-0.1016342412451362,0.0998443579766537,-0.0686381322957198,0.22202334630350196
2026-09-28,PFE,PFIZER INC.,Health Care,28.72,28.45,-0.0094,0.1976,0.1476488,0.33831091075579356,-3.0,1,Neutral,-1.7560975609756064,1.3218884120171692,-2.2568807339449535,27.28,29.54,26.39,31.8,23.8,30.9,-0.05013927576601662,0.028551532033426197,-0.08112813370473537,0.10724233983286924,-0.17130919220055707,0.0759052924791086
2026-09-28,PFF,ISHARES:PREF AND INC SEC,Bonds,29.56,30.21,0.022,0.0254,0.08923061,-0.7153443196230531,46.0,4,Buy,1.6000000000000079,1.3378378378378377,1.864864864864866,29.11,30.28,28.08,31.54,28.45,31.63,-0.015223274695534528,0.02435723951285529,-0.05006765899864685,0.06698240866035188,-0.03755074424898508,0.07002706359945865
2026-09-28,PFG,"PRINCIPAL FINANCIAL GROUP, INC.",Financials,114.64,121.95,0.0638,0.251,0.29310691,-0.1436571727360505,19.0,4,Neutral,-1.12280701754386,1.391724137931035,1.277866242038216,110.8,118.06,107.39,124.73,102.08,130.69,-0.033496161898115884,0.029832519190509332,-0.06324145150034888,0.08801465457083046,-0.1095603628750873,0.14000348918353112
2026-09-28,PG,THE PROCTER & GAMBLE COMPANY,Consumer Staples,149.03,150.86,0.0123,0.2489,0.15117294,0.6464586850001066,-11.0,2,Neutral,-2.173469387755109,-1.593798449612406,-1.5489236790606669,142.64,151.97,138.75,155.48,133.2,159.25,-0.04287727303227551,0.019727571629873264,-0.06897940012078108,0.04327987653492582,-0.10622022411594989,0.06857679661813054
2026-09-28,PGR,THE PROGRESSIVE ,Financials,209.47,218.48,0.043,0.2763,0.21263903,0.2993851599116115,11.0,1,Neutral,-11.438848920863192,-1.3900750144258502,1.2684537684537682,193.57,210.86,185.38,226.8,183.73,242.12,-0.07590585764071234,0.006635795101924025,-0.11500453525564525,0.08273261087506567,-0.12288155821836066,0.1558695755955508
2026-09-28,PH,PARKER-HANNIFIN ,Industrials,969.55,1044.89,0.0777,0.3194,0.21168656,0.5088345712642315,36.0,1,Buy,1.2393721386527201,1.0819672131147537,1.886469673405911,938.97,1007.45,888.42,1057.33,860.24,1175.76,-0.03154040534268465,0.03909029962353672,-0.08367799494610906,0.09053684699087206,-0.11274302511474388,0.21268629776700543
2026-09-28,PHM,"PULTEGROUP, INC.",Consumer Discretionary,119.13,126.69,0.0635,0.4175,0.26950152,0.5491563832367252,6.0,1,Neutral,-1.3271604938271584,-1.2586206896551715,2.214542190305208,112.68,123.99,108.91,127.25,107.99,143.8,-0.054142533366909995,0.0407957693276253,-0.08578863426508854,0.06816083270376905,-0.09351129018719051,0.2070846973894067
2026-09-28,PKG,PACKAGING  OF AMERICA,Materials,234.52,256.32,0.093,0.279,0.24638824,0.1323592392234305,15.0,2,Neutral,2.9784688995215234,1.2741573033707845,2.015879828326179,230.34,246.97,216.72,257.2,211.22,281.49,-0.017823639774859346,0.0530871567456932,-0.07589971004605156,0.0967081698789014,-0.09935186764455062,0.20028142589118203
2026-09-28,PLD,"PROLOGIS, INC.",Real Estate,132.44,138.59,0.0464,0.2199,0.15747512,0.396411064808206,13.0,2,Neutral,1.606194690265491,1.433051869722558,2.115422885572139,130.18,136.07,124.15,144.32,122.39,153.7,-0.017064331017819345,0.027408637873754138,-0.06259438236182413,0.0897009966777409,-0.07588341890667472,0.1605255209906371
2026-09-28,PLTR,PALANTIR TECHNOLOGIES INC.,Information Technology,187.48,227.48,0.2134,0.4756,0.47675909,-0.002431185947602943,2.0,3,Neutral,3.561027837259115,1.7328410078192895,1.1897835497835498,182.81,204.11,164.46,227.37,129.73,256.19,-0.024909323661190474,0.08870279496479627,-0.1227864305525922,0.21276936206528707,-0.3080328568380627,0.3664924258587583
2026-09-28,PM,PHILIP MORRIS INTERNATIONAL INC.,Consumer Staples,193.76,205.99,0.0631,0.3072,0.19751063,0.5553593242044743,-15.0,1,Neutral,-1.629687499999995,1.0058139534883728,1.1201201201201207,183.33,200.16,174.84,212.79,167.12,223.6,-0.05382947976878605,0.03303055326176718,-0.09764657308009905,0.09821428571428581,-0.13748967795210565,0.15400495458298935
2026-09-28,PNC,"THE PNC FINANCIAL SERVICES GROUP, INC.",Financials,223.67,251.61,0.1249,0.2743,0.20714645,0.3241839288097863,15.0,2,Neutral,-1.7208633093525108,1.1267753813782233,4.102687801516199,211.71,230.62,204.66,245.09,209.16,283.2,-0.0534716323154647,0.031072562256896363,-0.084991281799079,0.09576608396298125,-0.06487235659677204,0.26615102606518537
2026-09-28,PNR,PENTAIR PUBLIC LIMITED COMPANY,Industrials,53.03,56.97,0.0743,0.3614,0.1904306,0.897804239444711,-41.0,1,Sell,-1.1047120418848184,-1.5238095238095237,3.946280991735533,50.92,54.94,45.03,58.28,48.19,72.13,-0.039788798793135904,0.03601734867056372,-0.15085800490288515,0.09900056571751836,-0.09126909296624564,0.3601734867056383
2026-09-28,PNW,PINNACLE WEST CAPITAL ,Utilities,91.32,99.74,0.0922,0.2309,0.09854894,1.34299831129589,0.0,1,Neutral,-1.5665024630541826,-1.185082872928175,7.103896103896146,88.14,93.35,82.74,98.56,89.01,107.73,-0.03482260183968455,0.022229522558037784,-0.09395532194480949,0.07928164695576001,-0.025295663600525486,0.17969776609724053
2026-09-28,PODD,INSULET ,Health Care,133.11,141.72,0.0647,0.521,0.30982277,0.6816065520297296,-26.0,1,Sell,1.1376404494381984,-1.2545592705167192,1.8499267935578323,125.99,141.21,116.6,146.27,105.79,183.65,-0.05348959507174533,0.06085192697768749,-0.12403275486439802,0.0988655998797987,-0.2052437833370897,0.37968597400646065
2026-09-28,POWA,INVESCO BLOOMBERG PRICING POWER,Sector & Style ETFs,86.83,90.13,0.038,0.1152,0.10983572,0.048839120825174165,25.0,2,Neutral,-1.2619047619047528,1.1550925925925932,2.865753424657543,84.18,88.93,82.51,91.82,83.18,97.29,-0.03051940573534484,0.024185189450650846,-0.04975238972705276,0.05746861683749849,-0.04203616261660703,0.12046527697800302
2026-09-28,PPG,"PPG INDUSTRIES, INC.",Materials,107.01,112.45,0.0508,0.2986,0.22111602,0.3504222805746955,48.0,2,Buy,-1.4697802197802219,-2.362244897959184,2.00643382352941,101.66,110.65,97.75,110.93,96.13,128.84,-0.049995327539482326,0.03401551256891877,-0.08653396878796382,0.03663209045883553,-0.10167274086533973,0.20399962620315848
2026-09-28,PPL,PPL ,Utilities,32.11,34.85,0.0853,0.1942,0.14037827,0.3834049956592285,-13.0,1,Neutral,-2.9761904761904643,-1.3504672897196262,4.230263157894738,30.86,32.53,29.22,34.25,30.59,38.54,-0.03892868265337901,0.013080037371535402,-0.09000311429461227,0.06664590470258491,-0.047337278106508895,0.2002491435689817
2026-09-28,PPLT,ABRDN:PHYSICAL PLATINUM,Commodities,15.57,19.24,0.2357,0.3985,0.39324331,0.013367525565787686,56.0,2,Buy,1.6274509803921542,3.2352941176470575,2.838842975206612,15.06,16.4,15.06,17.22,13.15,22.44,-0.032755298651252374,0.05330764290301859,-0.032755298651252374,0.10597302504816941,-0.15542710340398203,0.441233140655106
2026-09-28,PRU,"PRUDENTIAL FINANCIAL, INC.",Financials,116.09,123.69,0.0655,0.2561,0.22278284,0.14954993840638697,35.0,2,Buy,2.77348066298342,1.94336810730253,2.1398601398601373,114.28,121.11,109.38,129.13,106.08,137.51,-0.015591351537600162,0.043242311999310834,-0.05779998277198728,0.11232664312171581,-0.08622620380739088,0.18451201653889204
2026-09-28,PSA,PUBLIC STORAGE.,Real Estate,284.79,306.91,0.0777,0.2187,0.19378012,0.12859874377206504,36.0,2,Buy,-1.1706666666666705,1.0287037037037012,3.841340075853351,276.01,292.29,263.19,307.01,268.97,345.56,-0.03082973419010504,0.026335194353734437,-0.07584535973875495,0.07802240247199688,-0.05554970329014364,0.2133853014501912
2026-09-28,PSKY,PARAMOUNT SKYDANCE ,Communication Services,10.28,11.16,0.0856,0.5361,0.4299293,0.2469492076953117,-18.0,2,Neutral,-2.3181818181818103,1.362637362637364,1.0551724137931038,9.26,10.72,8.46,12.76,7.38,13.34,-0.09922178988326846,0.04280155642023353,-0.17704280155642005,0.24124513618677046,-0.2821011673151751,0.2976653696498055
2026-09-28,PSX,PHILLIPS 66,Energy,253.55,278.9,0.1,0.4599,0.27369239,0.6803536262005676,51.0,2,Buy,1.6976102941176405,3.952208544532945,1.0292879019908112,242.67,272.02,239.74,308.13,201.31,307.32,-0.042910668507197935,0.07284559258528889,-0.0544665746401104,0.21526326168408594,-0.20603431275882467,0.21206862551764938
2026-09-28,PTC,PTC INC.,Information Technology,139.69,146.17,0.0464,0.5048,0.42080145,0.1996156382065699,-26.0,1,Sell,-1.5363941769316896,1.08246887966805,1.3345323741007193,125.97,148.62,120.41,160.56,111.89,176.79,-0.09821748156632548,0.06392726752093925,-0.13801990120982177,0.14940224783449074,-0.19901209821748156,0.2655880879089412
2026-09-28,PWR,"QUANTA SERVICES, INC.",Industrials,644.36,726.36,0.1273,0.4547,0.33361866,0.36293335630566936,16.0,1,Neutral,1.2901977644024076,-1.1497501292434957,1.8133893610925407,621.1,674.37,577.64,702.39,539.65,834.24,-0.03609783350921847,0.046573344093364,-0.10354460239617613,0.09005835247377236,-0.16250232789124097,0.29467999255074795
2026-09-28,PYPL,"PAYPAL HOLDINGS, INC.",Financials,54.28,56.08,0.0332,0.4465,0.56565634,-0.21065147082060454,-43.0,4,Sell,-3.3027522935779943,1.4030898876404478,1.2333051563820798,50.68,55.37,47.16,64.27,42.45,68.87,-0.06632277081798088,0.020081061164332947,-0.13117170228445107,0.1840456890198967,-0.2179439941046426,0.26879145173176133
2026-09-28,Q,"QNITY ELECTRONICS, INC.",Information Technology,124.91,169.72,0.3587,0.5731,0.42380174,0.3522832633957569,-20.0,1,Neutral,-1.1493411420204949,-1.6950578338590963,3.5166583789159622,117.06,131.74,108.79,134.42,104.8,195.63,-0.06284524857897678,0.05467936914578497,-0.1290529181010327,0.07613481706828917,-0.16099591706028338,0.566167640701305
2026-09-28,QAT,ISHARES:MSCI QATAR,Foreign,16.58,17.2,0.0374,0.0,0.08080125,,3.0,,Neutral,1.650000000000015,-1.0129870129870058,2.4935064935065028,16.38,16.91,15.8,17.35,15.81,18.5,-0.012062726176115812,0.01990349819059123,-0.0470446320868515,0.04644149577804613,-0.04644149577804568,0.1158021712907118
2026-09-28,QCOM,QUALCOMM INC.,Information Technology,187.48,196.15,0.0462,0.5282,0.56732316,-0.06896097807817336,-37.0,4,Sell,45.41379310344953,1.6879680479281078,-1.3242870285188584,186.9,213.82,167.45,221.29,129.9,230.96,-0.003093663324087781,0.14049498613185407,-0.10683806272669083,0.1803392361851932,-0.3071260934499679,0.23191807126093456
2026-09-28,QQQ,INVESCO QQQ TRUST 1,Sector & Style ETFs,736.53,765.43,0.0392,0.1983,0.15936418,0.2443197712309002,-12.0,2,Neutral,2.1780913978494687,1.1427635887360856,-1.0483993488876835,721.65,768.94,690.72,788.88,639.92,828.68,-0.020202843061382425,0.044003638684099844,-0.062197059182925285,0.07107653456071028,-0.1311691309247417,0.12511370887811757
2026-09-28,QUAL,ISHARES:MSCI USA QF,Sector & Style ETFs,222.87,225.65,0.0125,0.1229,0.10440664,0.17712819797668033,7.0,2,Neutral,-1.084452975047984,1.3611111111111092,-1.036870503597122,217.22,228.08,207.39,243.94,199.81,245.11,-0.025351101539013765,0.023376856463409146,-0.06945753129627141,0.09453941759770257,-0.10346838964418725,0.09978911473056051
2026-09-28,RCL,ROYAL CARIBBEAN CRUISES LTD.,Consumer Discretionary,242.59,288.78,0.1904,0.4709,0.33777778,0.39411183293347474,14.0,2,Neutral,-4.067357512953375,-1.3187305967575031,3.82910003135779,219.04,248.38,204.36,271.58,210.7,364.7,-0.09707737334597477,0.023867430644296972,-0.1575909971556948,0.11950204047982194,-0.13145636670926264,0.5033595778886186
2026-09-28,RDDT,"REDDIT, INC.",Communication Services,143.08,187.2,0.3084,0.6873,0.55305198,0.24274032976068538,-25.0,1,Neutral,6.863070539419013,1.3808988764044927,3.3850855745721256,140.67,159.62,125.28,167.66,110.36,253.84,-0.01684372379088639,0.11559966452334347,-0.12440592675426343,0.1717920044730219,-0.22868325412356727,0.7741123846798992
2026-09-28,REG,REGENCY CENTERS ,Real Estate,73.33,76.16,0.0386,0.1742,0.11516955,0.5125525800873583,6.0,1,Neutral,-3.397058823529381,-1.446540880503144,2.6197183098591563,71.02,74.01,66.43,78.1,69.78,82.63,-0.03150143188326748,0.009273148779490148,-0.0940951861448247,0.06504841129142225,-0.048411291422337355,0.12682394654302476
2026-09-28,REGN,"REGENERON PHARMACEUTICALS, INC.",Health Care,752.25,830.51,0.104,0.3374,0.30729872,0.09795445942631953,39.0,2,Buy,8.961741424802057,3.8535576392719264,1.9321992709599018,744.67,820.18,715.99,891.98,628.8,990.78,-0.010076437354602952,0.0903024260551677,-0.04820206048521103,0.18574941841143233,-0.1641076769690928,0.31708873379860414
2026-09-28,RF,REGIONS FINANCIAL ,Financials,27.26,30.57,0.1214,0.2348,0.22670385,0.03571245040611348,-13.0,2,Neutral,-1.590361445783136,1.2890995260663483,4.544444444444441,25.94,28.09,25.15,29.98,25.46,35.44,-0.04842259721203224,0.030447542186353482,-0.07740278796771838,0.09977989728539982,-0.06603081438004399,0.30007336757153324
2026-09-28,RIG,TRANSOCEAN LTD,MR Discretion,5.28,6.11,0.1572,0.5054,0.52208081,-0.03195062848603836,31.0,4,Buy,2.0769230769230753,2.272727272727272,2.3,5.15,5.55,4.95,6.03,4.28,7.58,-0.024621212121212155,0.051136363636363535,-0.0625,0.14204545454545459,-0.18939393939393934,0.43560606060606055
2026-09-28,RJF,"RAYMOND JAMES FINANCIAL, INC.",Financials,161.16,185.52,0.1512,0.3232,0.24440392,0.3224010482319595,36.0,2,Buy,-17.174603174603288,1.0590667454223273,3.7648979591836738,150.34,161.79,144.23,179.09,148.91,207.28,-0.0671382477041449,0.003909158600148954,-0.1050508811119385,0.11125589476296849,-0.07601141722511795,0.2861752295855051
2026-09-28,RL,RALPH LAUREN ,Consumer Discretionary,357.16,383.31,0.0732,0.3916,0.29864712,0.31124653068812447,-35.0,2,Sell,-2.3357070193285936,-2.009829059829063,1.795922612856249,334.2,366.99,310.13,380.56,309.09,443.49,-0.06428491432411254,0.027522678911412246,-0.13167767947138542,0.06551685519095085,-0.13458953970209442,0.2417123978049054
2026-09-28,RMD,RESMED INC.,Health Care,222.1,237.71,0.0703,0.3392,0.23426011,0.4479631209940096,4.0,1,Neutral,-1.2784222737818998,1.6341900777047234,1.3521701136032627,211.08,230.72,205.37,249.44,187.77,268.52,-0.049617289509229945,0.038811346240432254,-0.07532642953624491,0.12309770373705531,-0.15457001350742905,0.2090049527239981
2026-09-28,ROK,"ROCKWELL AUTOMATION, INC.",Industrials,431.22,451.67,0.0474,0.3545,0.20279684,0.7480548513477823,4.0,1,Neutral,1.0552631578947314,-1.4798370672097805,1.628946919269498,416.02,447.26,394.89,455.77,372.63,526.66,-0.0352488289040398,0.03719679050136815,-0.08424933908445809,0.05693149668382724,-0.13587032141366362,0.22132554148694394
2026-09-28,ROKU,"ROKU, INC.",MR Discretion,152.67,171.59,0.1239,0.2139,0.13785423,0.5516390030251521,27.0,1,Buy,-1.1028037383177518,1.723625557206544,1.969814995131452,149.13,155.88,145.94,164.27,132.13,193.13,-0.02318726665356652,0.021025741796030673,-0.04408200694307973,0.0759808737800487,-0.13453854719329272,0.26501604768454845
2026-09-28,ROL,"ROLLINS, INC.",Industrials,30.59,34.0,0.1115,0.3857,0.31472799,0.22550269520038557,-15.0,2,Neutral,-1.8738738738738734,-1.5602836879432638,4.291666666666666,28.51,31.7,26.19,33.41,27.95,41.92,-0.06799607714939515,0.036286368094148314,-0.14383785550833605,0.09218698921216073,-0.08630271330500161,0.3703824779339655
2026-09-28,ROP,"ROPER TECHNOLOGIES, INC.",Information Technology,354.0,388.0,0.096,0.319,0.21786175,0.4642313301899026,4.0,1,Neutral,-1.0,1.5253537735849052,2.912412291313817,335.24,372.76,320.08,405.74,312.67,474.37,-0.05299435028248589,0.05299435028248589,-0.0958192090395481,0.1461581920903956,-0.11675141242937848,0.3400282485875705
2026-09-28,ROST,"ROSS STORES, INC.",Consumer Discretionary,237.09,252.38,0.0645,0.3214,0.17487358,0.8378991269007017,18.0,1,Neutral,-1.42397137745975,1.0329048843187654,1.5399923459624947,229.13,242.68,217.64,257.18,210.96,277.33,-0.033573748365599565,0.023577544392424876,-0.08203635750137084,0.08473575435488634,-0.11021131215993929,0.16972457716478973
2026-09-28,RSG,"REPUBLIC SERVICES, INC.",Industrials,212.93,226.15,0.0621,0.2009,0.14471201,0.3882745461140371,4.0,1,Neutral,-1.2005899705014769,1.1756473058082546,1.6038506417736265,204.79,219.71,198.64,229.73,195.79,240.42,-0.038228525806603186,0.03184145024186358,-0.0671112572206829,0.07889916874090064,-0.08049593763208573,0.1291034612313906
2026-09-28,RSP,INVESCO S&P500 EWGHT,Sector & Style ETFs,209.74,218.49,0.0417,0.1443,0.08999259,0.6034653519806465,4.0,1,Neutral,-1.1728045325779075,1.3125506072874453,2.3717328170377514,205.6,213.27,197.39,225.95,199.41,234.24,-0.01973872413464295,0.01683036139982841,-0.05888242586058945,0.0772861638218747,-0.04925145418136745,0.11681129016878034
2026-09-28,RTX,RTX ,Industrials,187.66,225.39,0.2011,0.2983,0.14923625,0.9988441146169247,0.0,1,Neutral,1.2560975609756129,1.3291925465838499,46.23703703703725,183.56,192.81,169.95,211.2,186.31,250.08,-0.021848023020355933,0.02744324842800805,-0.09437280187573271,0.1254396248534584,-0.0071938612384098155,0.3326228285196633
2026-09-28,RUT,RUSSELL 2000 INDEX,Indices,2817.91,3016.44,0.0705,0.0,0.12358304,,-26.0,,,-1.1310754343523102,1.4751807819585805,3.7654225654225755,2766.48,2863.38,2736.32,2938.27,2701.36,3256.77,-0.018251115188206768,0.016136072479248975,-0.028954082990585106,0.04271250678694494,-0.04136044089413771,0.15573953745861302
2026-09-28,RVTY,"REVVITY, INC.",Health Care,151.02,146.13,-0.0324,0.4616,0.47720358,-0.032697952517456,-49.0,4,Sell,1.026375282592311,1.2926829268292654,-5.177659574468099,137.75,164.64,136.26,170.1,102.35,160.42,-0.08786915640312543,0.09018673023440593,-0.09773539928486308,0.1263408820023837,-0.3222751953383659,0.0622434114686794
2026-09-28,SBAC,SBA COMMUNICATIONS ,Real Estate,163.43,179.75,0.0999,0.3289,0.24770582,0.32778470849009533,55.0,2,Buy,1.2543103448275834,1.7494322482967428,2.988372093023255,156.47,172.16,150.22,186.54,148.81,207.12,-0.04258704032307414,0.05341736523282137,-0.08082971302698405,0.1414061065899772,-0.08945725998898613,0.267331579269412
2026-09-28,SBLK,STAR BULK CARRIERS CORP.,MR Discretion,29.3,33.45,0.1416,0.2894,0.29686917,-0.025159803559258176,36.0,3,Buy,1.5765765765765773,3.2071005917159727,1.9060240963855413,28.19,31.05,27.61,34.72,25.15,37.21,-0.03788395904436859,0.05972696245733777,-0.057679180887372006,0.18498293515358366,-0.1416382252559728,0.26996587030716723
2026-09-28,SBUX,STARBUCKS ,Consumer Discretionary,95.27,104.17,0.0934,0.3265,0.16352331,0.9966572349838074,21.0,1,Neutral,-6.6853932584269655,-1.179775280898876,3.080856123662309,89.32,96.16,85.82,103.28,86.86,121.18,-0.06245407788390889,0.009341870473391412,-0.09919177075679653,0.0840768342605227,-0.08827542773170982,0.271963892096148
2026-09-28,SCHP,SCHWAB STR:US TIPS,Bonds,25.17,28.43,0.1295,0.0621,0.0477029,0.3018076469145483,-32.0,2,Sell,-1.2000000000000213,-1.058823529411766,6.999999999999958,24.81,25.47,23.73,26.53,24.58,29.3,-0.014302741358760529,0.011918951132300348,-0.05721096543504178,0.05403257846642817,-0.023440603893524203,0.1640842272546683
2026-09-28,SCHW,THE CHARLES SCHWAB ,Financials,98.3,114.09,0.1606,0.3499,0.27566083,0.26931345305751253,41.0,2,Buy,-1.1749347258485645,1.8355555555555552,5.062080536912757,93.8,102.13,89.3,114.82,92.34,128.47,-0.04577822990844349,0.03896236012207521,-0.09155645981688709,0.16805696846388596,-0.06063072227873845,0.3069175991861648
2026-09-28,SD,"SANDRIDGE ENERGY, INC.",MR Discretion,13.6,15.07,0.1081,0.3224,0.25861161,0.24665710097083426,81.0,2,Buy,5.35000000000002,2.4492753623188417,1.9277108433734944,13.4,14.67,12.91,15.29,11.94,16.8,-0.014705882352941124,0.07867647058823524,-0.05073529411764699,0.12426470588235294,-0.12205882352941178,0.23529411764705888
2026-09-28,SDY,SPDR S&P DIVIDEND,Sector & Style ETFs,148.01,157.36,0.0632,0.1391,0.08386503,0.6586174237343028,-18.0,1,Neutral,-1.864705882352915,1.0820895522388083,3.652246256239609,144.84,149.71,137.29,159.61,142.0,169.96,-0.021417471792446352,0.011485710424971485,-0.07242753867981888,0.07837308289980416,-0.04060536450239838,0.1483007904871294
2026-09-28,SHW,THE SHERWIN-WILLIAMS COMPANY,Materials,332.79,338.21,0.0163,0.2929,0.22471953,0.3034025124563049,3.0,2,Neutral,-5.777464788732482,-1.7447731755424094,1.3509139946059328,312.28,336.34,288.56,358.14,299.42,377.87,-0.06163045764596309,0.010667387842182574,-0.13290663781964607,0.07617416388713583,-0.10027344571651797,0.1354608011058025
2026-09-28,SHY,ISHARES:1-3 TRS BD ETF,Bonds,81.11,82.76,0.0203,0.0556,0.02093848,1.6553980995755184,18.0,2,Neutral,-1.1774193548387075,-1.1264822134387324,1.88034188034188,80.38,81.73,78.26,83.64,79.94,83.31,-0.009000123289360173,0.007643940327949794,-0.03513746763654291,0.031192208112439834,-0.014424855135001913,0.027123659228208696
2026-09-28,SILJ,ETFMG PRIME JR SILVR MNR,Commodities,27.6,36.82,0.3341,0.4738,0.51506428,-0.08011481596044678,-10.0,3,Neutral,2.731707317073168,2.2332015810276666,3.1615720524017448,26.78,29.84,25.07,33.25,23.02,42.08,-0.02971014492753621,0.08115942028985512,-0.09166666666666667,0.20471014492753614,-0.16594202898550725,0.5246376811594202
2026-09-28,SJM,THE J. M. SMUCKER COMPANY,Consumer Staples,120.63,134.66,0.1163,0.2643,0.17292101,0.5284435361556121,11.0,1,Neutral,1.0191489361702166,1.8125,2.206081081081082,115.93,125.42,112.63,135.13,105.83,153.28,-0.03896211555997675,0.03970819862389119,-0.06631849457017325,0.12020227140843898,-0.12268921495482055,0.2706623559645196
2026-09-28,SLB,SCHLUMBERGER N.V.,Energy,51.49,59.22,0.1501,0.3645,0.3845917,-0.05224163704000895,47.0,3,Buy,-1.6341463414634139,1.721068249258157,2.3145161290322553,48.81,53.13,48.12,57.29,44.05,68.71,-0.05204894154204698,0.031850844824237834,-0.06544960186443982,0.11264323169547485,-0.1444940765197127,0.3344338706544958
2026-09-28,SLV,ISHARES:SILVER TRUST,Commodities,54.95,72.8,0.3248,0.3686,0.42935781,-0.14150857067209288,-25.0,4,Neutral,5.844155844155821,3.323008849557514,3.6310299869621887,54.18,59.45,52.69,62.46,47.28,82.8,-0.014012738853503293,0.08189262966333022,-0.041128298453139256,0.13666969972702447,-0.1395814376706097,0.5068243858052774
2026-09-28,SM,SM ENERGY COMPANY,MR Discretion,33.55,38.17,0.1377,0.513,0.50122171,0.02349916167837174,53.0,2,Buy,1.8650306748466348,2.8750000000000044,1.6946745562130185,31.92,36.59,30.91,41.14,25.1,47.87,-0.04858420268256325,0.09061102831594647,-0.07868852459016384,0.22622950819672139,-0.25186289120715344,0.4268256333830105
2026-09-28,SMCI,"SUPER MICRO COMPUTER, INC.",Information Technology,41.78,40.33,-0.0347,0.734,0.68281021,0.07496928026310568,-20.0,1,Neutral,1.7447698744769877,2.162037037037036,-1.3659985152190055,39.39,45.95,37.46,51.12,23.38,55.25,-0.05720440402106275,0.09980852082336056,-0.10339875538535181,0.22355193872666335,-0.4404021062709431,0.32240306366682625
2026-09-28,SMH,VANECK:SEMICONDUCTOR,Sector & Style ETFs,600.01,660.61,0.101,0.3658,0.33933348,0.07799560479561274,22.0,2,Neutral,1.901563937442503,-1.2334667429007051,1.145541125541126,578.27,641.35,535.29,652.48,484.51,732.32,-0.03623272945450906,0.06889885168580534,-0.10786486891885139,0.08744854252429124,-0.192496791720138,0.2205129914501427
2026-09-28,SNA,SNAP-ON INC.,Industrials,369.21,410.67,0.1123,0.2453,0.10050151,1.4407593477948737,24.0,1,Neutral,-1.3236994219653102,-1.1703452178834175,5.632963988919671,360.05,376.13,348.53,386.88,354.77,450.55,-0.02480972888058275,0.01874272094471996,-0.05601148397930722,0.04785894206549113,-0.039110533300831474,0.22030822567102737
2026-09-28,SNDK,SANDISK CORPORATION,Information Technology,1712.89,3323.23,0.9401,0.7233,0.77008825,-0.060756997655788125,0.0,3,Neutral,3.3185938536369632,1.166303001710207,3.8359273365621225,1622.43,2013.09,1373.75,2108.43,1074.88,4160.25,-0.05281133055829623,0.17525935699315176,-0.19799286585828635,0.2309196737677257,-0.3724757573457723,1.4287899398093278
2026-09-28,SNPS,"SYNOPSYS, INC.",Information Technology,417.61,416.12,-0.0036,0.4356,0.44278765,-0.016232724648033825,-3.0,3,Neutral,1.8935732647814913,1.0846787479406916,-1.0185627154600905,398.16,454.44,356.91,483.45,302.38,530.74,-0.04657455520701126,0.0881923325590861,-0.14535092550465745,0.15765905988841267,-0.275927300591461,0.270898685376308
2026-09-28,SO,THE SOUTHERN COMPANY,Utilities,82.35,89.02,0.081,0.2289,0.11378847,1.0116273643542266,-13.0,1,Neutral,-1.1333333333333284,-1.030965391621127,4.5270270270270405,79.46,84.9,76.69,87.84,78.65,99.1,-0.03509411050394662,0.030965391621129434,-0.06873102610807524,0.06666666666666687,-0.04493017607771688,0.20340012143290842
2026-09-28,SOLV,SOLVENTUM ,Health Care,89.54,94.99,0.0609,0.3802,0.1846364,1.0591822630857184,26.0,1,Buy,-1.9832635983263631,1.3783783783783767,1.1584433634468372,84.8,91.93,84.36,96.68,75.15,106.21,-0.05293723475541667,0.02669198123743577,-0.05785123966942152,0.0797408979227161,-0.16071029707393347,0.18617377708286775
2026-09-28,SOYB,TEUCRIUM:SOYBEAN,Commodities,27.35,28.47,0.041,0.2736,0.17282577,0.5830972429632457,19.0,2,Neutral,3.0499999999999807,2.46902654867256,-1.103174603174604,26.95,28.57,26.22,30.14,24.57,29.87,-0.014625228519195677,0.044606946983546614,-0.04131627056672771,0.10201096892138928,-0.1016453382084096,0.09213893967093223
2026-09-28,SPG,"SIMON PROPERTY GROUP, INC.",Real Estate,204.53,222.44,0.0876,0.2061,0.14964899,0.37722279315082585,40.0,1,Buy,-1.8367952522255162,-1.228710462287104,3.0591630591630565,198.34,207.9,189.38,216.86,190.67,246.93,-0.03026450887400378,0.016476800469368724,-0.07407226323766691,0.06028455483303197,-0.06776512003129131,0.20730455189947694
2026-09-28,SPGI,S&P GLOBAL INC.,Financials,395.92,415.75,0.0501,0.2891,0.27866111,0.037460878556035526,23.0,2,Neutral,1.134433962264149,1.377736549165121,1.9028065549067605,383.2,410.35,368.97,433.05,342.83,496.94,-0.03212770256617503,0.03644675692058996,-0.06806930693069302,0.09378157203475457,-0.13409274600929488,0.25515255607193366
2026-09-28,SPHB,INVESCO S&P500 HI BE,Sector & Style ETFs,150.5,159.36,0.0589,0.3078,0.26991426,0.14036212832919603,25.0,2,Neutral,1.8816964285714344,1.0010395010395001,-1.0069573283859001,146.02,158.93,140.88,160.13,128.79,172.06,-0.029767441860465094,0.05601328903654479,-0.06392026578073096,0.0639867109634551,-0.14425249169435217,0.1432558139534883
2026-09-28,SPLV,INVESCO S&P500 LOWVL,Sector & Style ETFs,71.12,75.21,0.0575,0.0794,0.06500611,0.2214236477155762,-20.0,1,Neutral,-2.2063492063492234,-1.008810572687226,5.443786982248521,69.73,71.75,66.54,75.66,69.43,80.32,-0.019544431946006746,0.008858267716535417,-0.06439820022497189,0.06383577052868383,-0.023762654668166405,0.12935883014623162
2026-09-28,SPX,S&P 500 INDEX,Indices,7683.69,7834.96,0.0197,0.0,0.1088515,,14.0,,,1.2905733722060346,1.9150439216168074,1.0381460277625294,7560.21,7843.05,7520.9,7995.44,7046.14,8345.56,-0.01607040367323509,0.020740035061279194,-0.021186435163313422,0.040572953880231966,-0.08297445628337419,0.08613960219634054
2026-09-28,SPY,SPDR S&P 500 ETF,Sector & Style ETFs,765.61,786.12,0.0268,0.1342,0.10835939,0.2384713498294888,47.0,2,Buy,1.1815159574468101,1.4403732362312218,1.0856704339333052,750.57,783.38,721.67,828.9,693.94,843.42,-0.019644466503833447,0.02321025064980864,-0.05739214482569466,0.08266610937683683,-0.09361162994213756,0.10163137890048457
2026-09-28,SRE,SEMPRA,Utilities,76.89,83.81,0.09,0.2056,0.22244948,-0.07574519841538851,-24.0,3,Neutral,1.3251231527093577,1.1689708141321034,2.6202046035805595,74.86,79.58,70.38,84.5,69.07,97.38,-0.026401352581610138,0.03498504356873444,-0.08466640655481861,0.09897255820002604,-0.1017037326050203,0.26648458837300026
2026-09-28,STE,STERIS PUBLIC LIMITED COMPANY,Health Care,211.0,227.56,0.0785,0.2793,0.17193679,0.624434188866734,27.0,1,Buy,-4.58174904942967,-1.147663551401869,2.347826086956524,198.95,213.63,186.44,232.4,190.3,259.6,-0.057109004739336555,0.01246445497630333,-0.11639810426540287,0.10142180094786735,-0.09810426540284356,0.23033175355450242
2026-09-28,STIP,ISHARES:0-5 TIPS BD ETF,Bonds,99.64,102.73,0.031,0.1007,0.02239893,3.4957504666517547,33.0,2,Buy,-1.5063291139240358,1.108262108262107,1.6707692307692286,98.45,100.43,96.13,103.53,96.39,105.07,-0.011942994781212302,0.007928542753914192,-0.035226816539542405,0.03904054596547568,-0.03261742272179846,0.054496186270573954
2026-09-28,STLA,STELLANTIS NV,MR Discretion,4.62,4.58,-0.0087,0.6932,0.4224524,0.640894926860399,36.0,1,Buy,-2.6428571428571495,-1.214285714285714,1.8235294117647054,4.25,4.76,4.11,5.04,3.77,6.17,-0.0800865800865801,0.030303030303030276,-0.11038961038961037,0.09090909090909083,-0.18398268398268403,0.3354978354978355
2026-09-28,STLD,"STEEL DYNAMICS, INC.",Materials,230.39,276.32,0.1994,0.4014,0.33165022,0.21031127312383502,54.0,1,Buy,1.3714981729598108,1.1132447070408686,3.050529747351265,222.18,241.65,210.08,253.0,205.85,305.25,-0.03563522722340373,0.048873649029905986,-0.08815486783280513,0.09813794001475773,-0.10651503971526544,0.32492729719171853
2026-09-28,STNG,SCORPIO TANKERS INC.,MR Discretion,83.19,87.84,0.0559,0.4105,0.26723147,0.5361214755133441,30.0,1,Buy,-1.2528517110266153,1.831189710610933,1.023542600896861,76.6,88.45,76.97,94.58,65.35,101.45,-0.0792162519533598,0.06322875345594436,-0.07476860199543212,0.13691549465079933,-0.21444885202548392,0.21949753576150988
2026-09-28,STT,STATE STREET ,Financials,179.73,209.42,0.1652,0.3258,0.19108145,0.7050320687853266,-15.0,1,Neutral,-1.5366379310344769,1.4338487972508607,3.6620745542949744,172.6,184.37,168.09,196.42,167.39,224.92,-0.03967061703666608,0.025816502531575303,-0.06476381238524442,0.09286151449396307,-0.0686585433706115,0.25143270461247424
2026-09-28,STX,SEAGATE TECHNOLOGY HOLDINGS,Information Technology,921.51,1174.56,0.2746,0.7158,0.53689173,0.33322969977578154,22.0,1,Neutral,1.1851380582771338,-1.2232348181585888,1.912021009908082,842.92,1014.65,777.89,1038.92,670.2,1402.02,-0.08528393614827845,0.10107323848900163,-0.15585289362025367,0.12741044589857964,-0.2727154344499788,0.5214376403945697
2026-09-28,STZ,"CONSTELLATION BRANDS, INC.",Consumer Staples,112.92,118.46,0.0491,0.3678,0.24589613,0.49575351185884875,16.0,1,Neutral,-1.2718446601941722,-1.0563909774436084,3.1020036429872473,107.68,117.04,101.68,123.56,101.94,146.98,-0.04640453418349266,0.03648600779312794,-0.09953949698901876,0.0942260007084661,-0.09723698193411268,0.30162947219270264
2026-09-28,SW,SMURFIT WESTROCK PUBLIC LIMITED COMPANY,Materials,45.07,48.45,0.075,0.3525,0.34477844,0.022395715927016724,47.0,2,Buy,3.096491228070175,1.5074183976261133,1.5780542986425337,43.93,48.6,41.7,50.15,36.23,59.02,-0.025293987131129403,0.078322609274462,-0.07477257599289988,0.11271355668959382,-0.1961393388063014,0.3095185267361882
2026-09-28,SWK,"STANLEY BLACK & DECKER, INC.",Industrials,88.73,93.77,0.0568,0.3675,0.28793182,0.27634382333984475,41.0,2,Buy,1.5012594458438275,1.3434482758620683,2.2765957446808507,84.76,94.69,81.48,98.47,77.92,113.34,-0.04474247717795554,0.0671700664938577,-0.08170855404034716,0.109771216048687,-0.12183027161050375,0.27735827792178513
2026-09-28,SWKS,"SKYWORKS SOLUTIONS, INC.",Information Technology,87.59,78.79,-0.1005,0.577,0.82698249,-0.30228268799258384,-60.0,4,Sell,8.455696202531655,2.3648960739030023,-4.789333333333333,86.01,100.95,78.93,108.07,51.67,95.09,-0.018038588880009088,0.1525288274917227,-0.09886973398789811,0.2338166457358144,-0.41009247631008106,0.0856262130380181
2026-09-28,SYF,SYNCHRONY FINANCIAL,Financials,71.52,82.5,0.1535,0.3585,0.25716703,0.3940356195737842,-18.0,2,Neutral,-2.063725490196069,1.1273291925465851,3.4924698795180715,67.31,73.56,65.08,78.78,64.88,94.71,-0.05886465324384782,0.028523489932885893,-0.09004474272930652,0.10151006711409405,-0.09284116331096193,0.324244966442953
2026-09-28,SYK,STRYKER ,Health Care,275.31,313.67,0.1393,0.3389,0.37938486,-0.10671184928149213,0.0,4,Neutral,-2.6023550724637623,-1.5069748903945812,11.236874236874236,246.58,286.35,237.5,300.4,267.12,367.34,-0.1043550906251135,0.040100250626566414,-0.13733609385783296,0.09113363117939777,-0.029748283752860427,0.3342777232937415
2026-09-28,SYY,SYSCO ,Consumer Staples,78.57,87.03,0.1077,0.2511,0.22937076,0.09473413263312191,54.0,2,Buy,-1.6217105263157836,-1.0296684118673625,2.732558139534886,73.64,81.61,72.67,84.3,72.55,95.02,-0.06274659539264338,0.03869161257477427,-0.07509227440498911,0.07292859870179469,-0.07661957490136184,0.209367443044419
2026-09-28,T,AT&T INC.,Communication Services,24.9,26.86,0.0787,0.3259,0.23452998,0.38958780451011,3.0,2,Neutral,1.7727272727272774,2.775362318840583,1.2989949748743732,24.02,26.46,23.52,28.73,20.92,30.07,-0.03534136546184741,0.06265060240963871,-0.055421686746987886,0.15381526104417675,-0.15983935742971878,0.20763052208835342
2026-09-28,TAGS,TEUCRIUM:AGRICULTURAL,Commodities,27.42,28.9,0.054,0.3938,0.15118881,1.604690122238544,25.0,1,Neutral,1.3404255319148846,2.5533980582524234,1.131249999999998,26.95,28.05,26.39,30.05,24.22,31.04,-0.017140773158278666,0.022975929978118037,-0.03756382202771702,0.09591539022611228,-0.11670313639679075,0.1320204230488693
2026-09-28,TAP,MOLSON COORS BEVERAGE COMPANY,Consumer Staples,36.27,39.92,0.1006,0.3252,0.26111978,0.24540546104933125,2.0,1,Neutral,-1.8968253968254003,1.0199004975124355,4.08163265306122,33.88,37.53,32.25,40.37,33.82,46.27,-0.06589467879790456,0.03473945409429269,-0.11083540115798185,0.113041080783016,-0.06754893851668053,0.2757099531293079
2026-09-28,TDG,TRANSDIGM GROUP INC.,Industrials,1109.22,1188.24,0.0712,0.3269,0.18723982,0.7458893092292014,6.0,1,Neutral,-1.4845145920190663,-1.624909485879799,2.947768762677483,1059.37,1142.8,997.02,1178.27,1010.62,1399.87,-0.04494149041668938,0.030273525540469803,-0.10115216097798452,0.062250951118804077,-0.08889129298065312,0.2620309767223814
2026-09-28,TDW,TIDEWATER INC.,MR Discretion,83.27,96.3,0.1565,0.4471,0.42464309,0.05288419976408898,25.0,1,Neutral,2.950000000000025,2.448330683624805,1.926185344827586,81.87,87.4,76.98,98.67,64.71,119.02,-0.016812777711060267,0.04959769424762839,-0.07553740843040702,0.1849405548216645,-0.22288939594091517,0.42932628797886396
2026-09-28,TDY,TELEDYNE TECHNOLOGIES INC.,Information Technology,610.83,678.61,0.111,0.2901,0.13926706,1.0830482096771488,7.0,1,Neutral,2.1624649859943874,1.0469798657718112,2.978081058726219,600.12,633.99,551.23,673.23,562.47,754.85,-0.017533519964638367,0.03791562300476392,-0.09757215591899548,0.10215608270713616,-0.0791709640980306,0.2357775485814384
2026-09-28,TECH,BIO-TECHNE ,Health Care,72.51,69.71,-0.0386,0.0,0.02114484,,-34.0,,Sell,1.5178571428571266,1.3002309468822166,-1.1960227272727288,71.95,73.36,68.18,78.14,59.88,83.07,-0.0077230726796304605,0.011722521031581667,-0.05971590125499926,0.07764446283271265,-0.17418287132809274,0.14563508481588738
2026-09-28,TECK,TECK RESOURCES LIMITED,MR Discretion,65.16,73.15,0.1226,0.4593,0.37452726,0.22634598079723234,52.0,2,Buy,-1.0057306590257848,1.472061657032756,1.6700000000000006,61.65,68.65,59.97,72.8,53.16,85.2,-0.05386740331491713,0.053560466543892016,-0.07965009208103124,0.11724984653161452,-0.18416206261510126,0.30755064456721937
2026-09-28,TEL,TE CONNECTIVITY LTD,Information Technology,214.71,222.42,0.0359,0.3729,0.31199758,0.1952015781660872,-31.0,1,Sell,1.493129770992364,1.4474153297682695,1.064449064449064,208.16,224.49,203.49,230.95,181.04,250.55,-0.030506264263425176,0.045549811373480464,-0.052256532066508266,0.07563690559359126,-0.15681617064878217,0.16692282613758103
2026-09-28,TER,"TERADYNE, INC.",Information Technology,401.3,463.9,0.156,0.7465,0.69317626,0.07692666797330894,35.0,2,Buy,-1.1339741664163425,-1.4612721765469507,1.5443340340149045,363.55,434.59,333.76,447.52,296.64,562.93,-0.09406927485671568,0.08295539496635929,-0.1683030152005981,0.11517567904310977,-0.2608023922252679,0.40276601046598537
2026-09-28,TFC,TRUIST FINANCIAL ,Financials,47.09,51.36,0.0907,0.2838,0.2393717,0.18560381197944453,71.0,2,Buy,-1.7094017094017173,1.2633136094674535,2.8424999999999994,45.09,48.26,43.71,51.36,43.09,58.46,-0.04247186239116585,0.024846039498831907,-0.07177744744107029,0.09067742620513908,-0.0849437247823317,0.24145253769377772
2026-09-28,TGT,TARGET ,Consumer Staples,158.43,164.7,0.0396,0.3835,0.24502303,0.5651589975032143,62.0,1,Buy,-1.7196819085487085,1.4541522491349481,1.1225114854517606,149.78,163.46,146.87,175.24,132.31,187.75,-0.054598245281827995,0.03174903742977975,-0.0729659786656568,0.1061036419869974,-0.1648677649435082,0.18506595972984918
2026-09-28,THD,ISHARES:MSCI THAI,Foreign,72.52,75.68,0.0436,0.1695,0.20409855,-0.1695188427355313,16.0,4,Neutral,1.7918781725888342,1.6679687500000024,1.4038179148311305,70.55,76.05,69.96,76.79,65.71,82.08,-0.027164920022062833,0.048676227247655746,-0.03530060672917823,0.05888030888030893,-0.09390512961941533,0.13182570325427467
2026-09-28,TIP,ISHARES:TIPS BD ETF,Bonds,104.09,107.87,0.0363,0.0003,0.04756003,-0.9936921822799523,20.0,4,Neutral,-1.080000000000003,1.0273224043715832,2.9647058823529453,102.47,105.59,98.6,109.73,101.54,111.65,-0.015563454702661184,0.014410606206167742,-0.05274281871457398,0.054183879335190754,-0.02449803055048516,0.07262945527908538
2026-09-28,TJX,"THE TJX COMPANIES, INC.",Consumer Discretionary,130.25,141.57,0.0869,0.2682,0.2168934,0.2365521495813152,14.0,2,Neutral,1.0412186379928323,-1.3549747048903857,2.9871794871794854,124.67,136.06,114.18,142.11,118.55,165.2,-0.042840690978886764,0.04460652591170833,-0.1233781190019193,0.09105566218810002,-0.08982725527831092,0.2683301343570057
2026-09-28,TKO,"TKO GROUP HOLDINGS, INC.",Communication Services,181.58,210.6,0.1598,0.3486,0.30040919,0.16041722957942817,-46.0,1,Sell,1.6119631901840452,1.4345583494519647,3.9240174672489005,175.06,192.09,166.07,203.83,170.13,226.51,-0.035907038220068355,0.05788082387928184,-0.08541689613393555,0.12253552153320846,-0.06305760546315686,0.24743914528031707
2026-09-28,TLT,ISHARES:20+ TRS BD ETF,Bonds,78.62,81.71,0.0393,0.1497,0.10285094,0.4555044416706351,27.0,1,Buy,1.7437499999999857,1.4138755980861213,2.169761273209541,77.02,81.41,74.44,84.53,74.85,86.8,-0.020351055711015142,0.03548715339608233,-0.05316713304502685,0.07517171203256168,-0.047952175019079224,0.10404477232256415
2026-09-28,TMO,THERMO FISHER SCIENTIFIC INC.,Health Care,678.6,661.45,-0.0253,0.3348,0.24811856,0.34935492129246604,-61.0,2,Sell,1.2221063607924918,1.6199460916442041,-2.0010432363509914,649.83,713.76,630.37,756.73,505.97,764.87,-0.042396109637488966,0.05181255526083106,-0.0710727969348659,0.11513409961685817,-0.2543913940465664,0.12712938402593577
2026-09-28,TMUS,"T-MOBILE US, INC.",Communication Services,166.45,182.67,0.0974,0.3352,0.33230107,0.008723805794546458,4.0,2,Neutral,-3.299212598425193,-1.1460606060606058,2.3353760445682474,153.88,170.26,147.54,182.95,148.5,208.37,-0.07551817362571334,0.022889756683688756,-0.11360768999699611,0.09912886752778616,-0.1078401922499248,0.25184740162210884
2026-09-28,TNX,10 Y TSY YLD NDX,Yields,5.24,5.15,-0.0172,0.0,0.14493426,,-61.0,,,-1.1428571428571466,1.166666666666663,-7.400000000000029,5.08,5.38,5.0,5.52,4.5,5.34,-0.03053435114503822,0.026717557251908275,-0.04580152671755733,0.05343511450381677,-0.1412213740458016,0.01908396946564883
2026-09-28,TPL,TEXAS PACIFIC LAND ,Energy,338.15,403.81,0.1942,0.4298,0.43651722,-0.015388213092715985,-12.0,4,Neutral,1.0102325581395362,1.0376498800959244,3.0689336536684557,316.65,359.87,296.45,381.42,284.04,504.21,-0.06358125092414613,0.06423184977081187,-0.1233180541179949,0.1279609640692001,-0.16001774360490895,0.49108383853319526
2026-09-28,TPR,"TAPESTRY, INC.",Consumer Discretionary,113.45,152.69,0.3459,0.3282,0.26170714,0.2540735418987803,0.0,1,Neutral,-2.442253521126763,-1.203508771929825,10.637519872813982,104.78,117.0,96.3,127.7,107.16,180.36,-0.07642133098281179,0.03129131776112826,-0.1511679153812252,0.12560599382988102,-0.055442926399294934,0.5897752313794624
2026-09-28,TRGP,TARGA RESOURCES CORP.,Energy,277.43,327.29,0.1797,0.3506,0.18900189,0.8550079049474055,-18.0,1,Neutral,1.8020565552699137,1.6514843432289552,2.5748366013071906,269.65,291.45,252.84,318.04,246.83,356.22,-0.028043109973687197,0.050535270158238,-0.08863497098367157,0.14637926684208624,-0.11029809321270223,0.2839995674584581
2026-09-28,TRMB,TRIMBLE INC.,Information Technology,57.51,60.96,0.06,0.3885,0.2347681,0.6548244842463691,-17.0,1,Neutral,1.3664921465968607,1.4458955223880612,1.2285115303983236,55.6,60.12,52.15,65.26,47.97,69.23,-0.03321161537123973,0.04538341158059467,-0.0932011824030603,0.13475917231785783,-0.1658841940532081,0.20379064510519918
2026-09-28,TROW,"T. ROWE PRICE GROUP, INC.",Financials,103.81,109.44,0.0542,0.2187,0.16347568,0.33781367356905934,25.0,2,Neutral,-1.240802675585289,-1.110687022900764,2.133580705009276,100.1,106.8,95.08,111.67,93.03,126.81,-0.0357383681726231,0.028802620171467064,-0.08409594451401603,0.07571524901261917,-0.10384356035064057,0.221558616703593
2026-09-28,TRV,"THE TRAVELERS COMPANIES, INC.",Financials,363.16,411.62,0.1334,0.238,0.17284164,0.3769830001613037,15.0,2,Neutral,-1.2090981644054324,1.5758620689655156,3.546751968503928,348.01,375.69,337.06,404.29,342.84,435.23,-0.041717149465800296,0.03450269853508092,-0.07186914858464599,0.11325586518339015,-0.05595329882145628,0.19845247273928845
2026-09-28,TS,TENARIS SA,MR Discretion,56.12,61.93,0.1035,0.3209,0.24251486,0.3232178844628326,22.0,1,Neutral,-1.256756756756753,1.0885167464114844,1.6955903271692772,54.26,57.6,51.94,60.67,49.09,68.04,-0.033143264433357134,0.026372059871703657,-0.07448325017818958,0.08107626514611566,-0.12526728439059154,0.21240199572344998
2026-09-28,TSCO,TRACTOR SUPPLY COMPANY,Consumer Discretionary,32.07,33.25,0.0368,0.3878,0.26026256,0.4900337566801771,3.0,2,Neutral,-1.7600000000000016,1.206642066420665,1.5437710437710437,30.31,33.07,29.36,35.34,26.13,41.24,-0.054879950109136266,0.031181789834736406,-0.08450265045213601,0.10196445275958843,-0.18521983161833488,0.285937012784534
2026-09-28,TSLA,"TESLA, INC.",Consumer Discretionary,357.45,393.78,0.1016,0.4373,0.4532807,-0.035255637400842255,-53.0,3,Sell,,1.5741214801023977,1.3708328130852798,360.35,393.46,314.48,425.09,277.36,467.24,0.008113022800391834,0.10074136242831155,-0.12021261714925158,0.18922926283396269,-0.22405930899426485,0.3071478528465521
2026-09-28,TSN,"TYSON FOODS, INC.",Consumer Staples,50.95,54.52,0.0701,0.2541,0.28715397,-0.11510887347300125,18.0,4,Neutral,1.054794520547944,1.075650118203308,4.606694560669454,49.49,52.49,46.72,55.5,48.56,61.96,-0.028655544651619236,0.03022571148184494,-0.08302257114818457,0.08930323846908728,-0.04690873405299312,0.21609421000981355
2026-09-28,TT,TRANE TECHNOLOGIES PLC,Industrials,452.06,467.16,0.0334,0.3087,0.22340195,0.3818142590071394,-14.0,2,Neutral,-2.422040816326532,-1.928894369091658,1.2869277961302503,422.39,464.31,405.13,476.39,388.49,533.87,-0.06563288059107197,0.02709817280891924,-0.1038136530549042,0.053820289342122685,-0.1406229261602442,0.18097155244879004
2026-09-28,TTD,"THE TRADE DESK, INC.",Communication Services,12.34,11.28,-0.0859,0.5885,0.45466178,0.29436875032689125,-47.0,1,Sell,1.1136363636363653,1.2252252252252251,1.945812807881773,11.46,13.32,10.12,15.06,8.28,20.24,-0.07131280388978922,0.0794165316045381,-0.17990275526742305,0.220421393841167,-0.3290113452188007,0.6401944894651539
2026-09-28,TTWO,"TAKE-TWO INTERACTIVE SOFTWARE, INC.",Communication Services,202.35,238.09,0.1766,0.478,0.36276425,0.31766016083448134,34.0,2,Buy,1.039660056657224,-1.267441860465115,6.161739130434781,195.29,209.69,182.73,217.83,190.85,273.21,-0.03489004200642454,0.03627378304917217,-0.0969607116382506,0.0765011119347665,-0.05683222139856681,0.35018532246108225
2026-09-28,TUR,ISHARES:MSCI TURKEY,Foreign,35.44,41.05,0.1583,0.4813,0.35096949,0.3713442726887741,35.0,2,Buy,1.9032258064516203,1.455830388692582,4.6905829596412625,34.2,37.8,32.61,39.56,33.21,45.9,-0.03498871331828424,0.06659142212189617,-0.07985327313769752,0.11625282167042905,-0.06292325056433401,0.2951467268623025
2026-09-28,TXN,TEXAS INSTRUMENTS INC.,Information Technology,278.31,280.67,0.0085,0.4751,0.28629675,0.6594669691500168,-3.0,1,Neutral,-1.6671289875173392,-1.5831509846827156,-1.028040540540541,266.29,285.52,249.37,296.59,217.45,337.51,-0.04318924939815305,0.025906363407710797,-0.10398476518989619,0.06568215299486169,-0.21867701483956747,0.21271244295928993
2026-09-28,TXT,TEXTRON INC.,Industrials,77.37,80.95,0.0463,0.2891,0.18430304,0.5686122160546023,12.0,1,Neutral,-1.7210300429184584,-1.1944894651539713,2.327659574468081,73.36,79.7,70.0,83.54,70.32,93.78,-0.05182887424066185,0.030115031666020364,-0.09525655938994448,0.07974667183662931,-0.0911205893757272,0.21209771229158592
2026-09-28,TYL,"TYLER TECHNOLOGIES, INC.",Information Technology,324.02,340.36,0.0504,0.481,0.36739961,0.3092011719881793,-42.0,1,Sell,-1.2007104795737076,1.804994054696793,1.4838251986379123,303.74,340.91,298.79,369.56,253.54,428.6,-0.06258872909079682,0.05212641194987988,-0.07786556385408294,0.14054687982223335,-0.21751743719523486,0.32275785445342886
2026-09-28,TYX,30 Y TSY YLD NDX,Yields,5.56,5.58,0.0036,0.0,0.11007384,,-29.0,,,-1.9999999999999822,-1.5555555555555467,-2.6842105263157827,5.36,5.66,5.28,5.74,5.05,5.75,-0.03597122302158262,0.017985611510791477,-0.050359712230215736,0.03237410071942448,-0.09172661870503596,0.03417266187050361
2026-09-28,UAL,"UNITED AIRLINES HOLDINGS, INC.",Industrials,111.51,125.64,0.1267,0.538,0.38429009,0.3999840589175747,-18.0,2,Neutral,1.285714285714286,-1.1513795674869511,2.301957129543335,106.54,117.9,96.07,124.92,90.05,160.91,-0.044569993722536116,0.057304277643260626,-0.13846291812393519,0.1202582728006456,-0.192449107703345,0.4430095955519684
2026-09-28,UBER,"UBER TECHNOLOGIES, INC.",Industrials,68.16,75.67,0.1102,0.292,0.26818394,0.08880494484494483,-11.0,1,Neutral,-1.3152173913043463,1.0816618911174787,2.6884353741496625,65.74,70.0,61.18,75.71,60.81,87.92,-0.03550469483568075,0.02699530516431925,-0.10240610328638489,0.110768779342723,-0.10783450704225339,0.289906103286385
2026-09-28,UDR,"UDR, INC.",Real Estate,33.83,35.32,0.044,0.2141,0.11305825,0.8937140810157598,-2.0,1,Neutral,-4.483870967741905,-1.4352331606217616,3.3879781420765074,32.44,34.14,31.06,35.76,32.0,40.03,-0.041087791900679904,0.009163464380727238,-0.08187998817617503,0.05704995566065629,-0.05409399940880866,0.18326928761454342
2026-09-28,UHS,"UNIVERSAL HEALTH SERVICES, INC.",Health Care,177.48,176.1,-0.0078,0.3642,0.25086485,0.4517777201548965,-27.0,1,Sell,4.755020080321324,2.1932457786116353,-1.32154213036566,174.99,189.32,166.82,200.86,144.23,202.64,-0.01402974983096672,0.06671174216813158,-0.06006310570205087,0.1317331530313277,-0.1873450529637143,0.14176245210727978
2026-09-28,ULTA,"ULTA BEAUTY, INC.",Consumer Discretionary,549.13,589.33,0.0732,0.3075,0.32012533,-0.039438709832802066,6.0,3,Neutral,1.0367478180983036,2.0064724919093857,1.1595888277437436,527.36,571.7,515.14,617.33,452.82,660.81,-0.03964452861799572,0.041101378544242895,-0.0618979112414183,0.1241964562125546,-0.1753865204960574,0.2033762497040772
2026-09-28,UNG,UNITED STATES NAT GAS,Commodities,10.79,10.69,-0.0093,0.4323,0.4138008,0.04470556847642637,-54.0,2,Sell,2.463414634146355,1.1884057971014506,-1.3065326633165826,10.38,11.8,9.41,12.43,8.19,12.78,-0.03799814643188126,0.09360518999073242,-0.12789620018535675,0.1519925857275255,-0.24096385542168675,0.1844300278035218
2026-09-28,UNH,UNITEDHEALTH GROUP INC.,Health Care,377.83,375.53,-0.0061,0.3439,0.17869934,0.9244615005293246,23.0,1,Neutral,-4.690243902438989,-1.325746799431007,1.3661909503263638,358.6,381.93,349.87,398.92,287.44,501.32,-0.050895905565995214,0.010851441124315242,-0.07400153508191509,0.05581875446629447,-0.23923457639679213,0.32684011327845863
2026-09-28,UNP,UNION PACIFIC ,Industrials,274.1,308.55,0.1257,0.2625,0.19712964,0.3316110149645686,35.0,2,Buy,-2.633757961783463,1.1634225466342243,4.6232925952552035,265.83,277.24,249.44,302.79,260.19,338.41,-0.030171470266326272,0.011455673112002795,-0.0899671652681504,0.10466982852973361,-0.05074790222546521,0.23462240058372852
2026-09-28,UPS,"UNITED PARCEL SERVICE, INC.",Industrials,94.25,101.12,0.0729,0.3368,0.28643962,0.17581499374981702,-10.0,2,Neutral,-2.6359223300970878,-1.265432098765433,2.6335963923337076,88.82,96.31,84.0,102.35,85.38,117.61,-0.05761273209549078,0.02185676392572944,-0.10875331564986734,0.08594164456233422,-0.09411140583554378,0.24785145888594173
2026-09-28,URA,GLBL X URANIUM ETF,Commodities,40.13,49.46,0.2325,0.38,0.43005629,-0.11639473986068194,28.0,3,Buy,1.5852272727272676,1.472289156626504,3.315960912052117,38.37,42.92,35.98,46.24,33.99,60.49,-0.04385746324445561,0.06952404684774471,-0.10341390480936974,0.15225517069524042,-0.15300274109145273,0.5073511088960876
2026-09-28,URI,"UNITED RENTALS, INC.",Industrials,1043.92,1099.56,0.0533,0.3861,0.28023269,0.37778358406365786,-5.0,1,Neutral,1.0912783751493387,-1.4192609465958,1.5212679320929634,1002.07,1089.59,931.77,1122.94,884.29,1286.76,-0.040089278871944245,0.0437485631082839,-0.10743160395432605,0.07569545559046675,-0.15291401639972424,0.2326231895164379
2026-09-28,URNM,SPROTT URANIUM MINERS,MR Discretion,47.92,59.41,0.2398,0.4488,0.44477196,0.009056416236311149,30.0,1,Buy,1.464912280701752,1.690773067331669,3.8161993769470395,45.64,51.26,43.91,54.7,41.5,72.42,-0.047579298831385675,0.06969949916527529,-0.08368113522537568,0.14148580968280466,-0.13397328881469117,0.5112687813021703
2026-09-28,USB,U.S. BANCORP,Financials,58.78,65.33,0.1114,0.2989,0.2201953,0.35743133481958966,18.0,2,Neutral,-1.6294416243654837,1.2429245283018853,3.125279642058166,55.57,60.75,54.54,64.05,54.31,72.75,-0.05461041170466141,0.03351480095270487,-0.07213337870023817,0.08965634569581482,-0.07604627424293975,0.23766587274583184
2026-09-28,USO,UNITED STATES OIL FUND,Commodities,150.01,167.64,0.1175,0.5132,0.4458038,0.15117906128211556,25.0,2,Neutral,1.5376756066411297,2.5221932114882564,1.0299951620706342,142.18,162.05,138.52,178.99,108.67,192.59,-0.0521965202319844,0.0802613159122727,-0.07659489367375494,0.19318712085860956,-0.2755816278914739,0.28384774348376784
2026-09-28,UUP,INVESCO DB USD IDX BL,Currencies,28.7,28.64,-0.0021,0.0616,0.04949672,0.24452691006595995,-38.0,1,Sell,1.2765957446808571,1.1590909090909096,-1.8608695652173883,28.23,29.3,27.38,30.23,26.56,29.85,-0.016376306620209058,0.020905923344947785,-0.045993031358884995,0.05331010452961671,-0.07456445993031358,0.04006968641114983
2026-09-28,V,VISA INC.,Financials,367.74,395.14,0.0745,0.2286,0.16642834,0.3735641417801798,46.0,1,Buy,-1.7464212678936637,1.129841549295774,1.6718097074895522,350.66,377.52,345.02,393.41,336.63,419.75,-0.04644585848697447,0.026594876815141166,-0.06178278131288417,0.06980475335835101,-0.08459781367270358,0.14143144613041825
2026-09-28,VAL,VALARIS LIMITED,MR Discretion,79.62,92.89,0.1667,0.462,0.49771345,-0.07175504298708424,63.0,4,Buy,2.325966850828723,2.1563786008230434,2.2449969678593082,77.81,83.83,74.76,90.1,63.13,116.64,-0.022732981662898832,0.05287616176839971,-0.061039939713639746,0.13162521979402153,-0.20710876664154731,0.4649585531273548
2026-09-28,VEEV,VEEVA SYSTEMS INC.,Health Care,279.96,296.04,0.0574,0.4128,0.30523504,0.35240043213911476,-20.0,1,Neutral,-2.09929078014184,1.9343271555197445,-1.1333794056668962,259.24,289.83,255.14,327.97,197.96,352.31,-0.07401057293899116,0.035255036433776255,-0.08865552221745965,0.1714887841120163,-0.292898985569367,0.25842977568224046
2026-09-28,VICI,VICI PROPERTIES INC.,Real Estate,23.19,24.51,0.0569,0.2603,0.15450659,0.6847177845294494,9.0,1,Neutral,-1.488888888888895,1.039215686274509,5.075268817204301,22.52,23.64,21.66,24.78,22.26,27.91,-0.028891763691246353,0.019404915912031084,-0.06597671410090555,0.06856403622250973,-0.040103492884864145,0.20353600689952556
2026-09-28,VIX,CBOE MKT VOLATILITY IDX,Volatility,16.07,20.82,0.2956,0.0,1.0548293,,-37.0,,Sell,-1.1306818181818197,-1.2210526315789485,2.3488943488943486,14.08,17.83,13.75,17.97,12.0,25.63,-0.12383322962041077,0.10952084629744863,-0.14436838830118237,0.11823273179838201,-0.2532669570628501,0.594897324206596
2026-09-28,VLO,VALERO ENERGY ,Energy,389.57,432.34,0.1098,0.5534,0.33487274,0.6525680770551823,51.0,2,Buy,-1.171237458193978,2.6379999999999995,-1.1702421277129595,354.55,419.47,359.57,468.71,296.29,469.28,-0.08989398567651508,0.07675128988371793,-0.07700798316092106,0.20314705957850965,-0.23944348897502366,0.20461021125856704
2026-09-28,VLTO,VERALTO ,Industrials,96.2,98.06,0.0193,0.2369,0.15499869,0.5284000142194751,-42.0,1,Sell,1.0854430379746824,1.2743902439024386,1.115727002967358,93.04,99.63,89.64,104.56,82.72,111.24,-0.032848232848232795,0.035654885654885504,-0.0681912681912682,0.08690228690228685,-0.1401247401247402,0.15634095634095635
2026-09-28,VMC,VULCAN MATERIALS COMPANY,Materials,246.15,268.5,0.0908,0.3132,0.24867417,0.25947942241045774,37.0,1,Buy,-1.930599369085174,-1.9033457249070604,4.112062812276938,233.91,252.49,220.55,259.6,232.14,303.76,-0.049725776965265145,0.025756652447694428,-0.10400162502539101,0.05464147877310599,-0.05691651432053635,0.2340442819419053
2026-09-28,VNM,VANECK:VIETNAM,Foreign,17.09,18.62,0.0895,0.2131,0.15458596,0.3785210506827401,-11.0,1,Neutral,1.3214285714285696,-1.105769230769232,2.117647058823531,16.81,17.46,15.94,18.13,15.39,20.69,-0.016383850204798156,0.021650087770626048,-0.06729081334113518,0.06085430076067877,-0.09947337624341712,0.21064950263311877
2026-09-28,VRSK,"VERISK ANALYTICS, INC.",Industrials,167.77,178.74,0.0654,0.3677,0.38173429,-0.036764551594251516,-2.0,4,Neutral,-1.2112332112332136,1.5694135115070518,2.1699129714048873,157.85,175.96,154.3,188.91,143.64,220.13,-0.05912856887405382,0.048816832568397084,-0.08028849019490969,0.1260058413303926,-0.14382785956964905,0.31209393812958197
2026-09-28,VRSN,"VERISIGN, INC.",Information Technology,282.07,319.75,0.1336,0.3219,0.2434832,0.3220624667328178,53.0,1,Buy,4.475746268656707,2.6408529741863087,2.255735492577599,276.71,306.06,264.25,329.13,252.43,348.93,-0.019002375296912177,0.08504981033076908,-0.06317580742368911,0.16683801893147088,-0.10508029921650652,0.2370333605133479
2026-09-28,VRT,VERTIV HOLDINGS CO,Industrials,244.04,319.74,0.3102,0.6547,0.63171017,0.03639300282279767,64.0,2,Buy,1.3441340782122917,-1.6415662650602425,3.0811868947043064,226.14,268.1,205.89,267.28,195.51,393.57,-0.07334863137190628,0.09859039501721045,-0.15632683166693984,0.09523029011637418,-0.1988608424848386,0.6127274217341421
2026-09-28,VRTX,VERTEX PHARMACEUTICALS INC.,Health Care,527.67,554.37,0.0506,0.3309,0.19274827,0.7167469259257166,31.0,1,Buy,-2.703610411418951,-1.034141414141413,1.0095766129032273,495.47,539.58,476.48,577.17,428.47,627.82,-0.061022987852256017,0.022570925009949505,-0.09701138969431644,0.09380863039399623,-0.187996285557261,0.18979665321128758
2026-09-28,VST,VISTRA CORP.,Utilities,138.02,155.57,0.1272,0.4871,0.32293511,0.5083525603642167,-29.0,1,Sell,-1.4607142857142885,-1.3718689788053964,2.149700598802394,129.84,143.62,123.78,148.4,114.64,188.28,-0.05926677293145921,0.040573829879727574,-0.10317345312273585,0.07520649181278061,-0.1693957397478627,0.36415012317055484
2026-09-28,VTR,"VENTAS, INC.",Real Estate,87.04,98.05,0.1265,0.2475,0.11667763,1.121229236486891,17.0,1,Neutral,-1.6764705882353015,1.1218872870248988,4.202099737532803,83.62,89.08,79.41,95.6,83.23,103.05,-0.03929227941176472,0.0234375,-0.08766084558823539,0.09834558823529393,-0.043772977941176516,0.18393841911764697
2026-09-28,VTRS,VIATRIS INC.,Health Care,18.27,18.45,0.0099,0.3381,0.2378795,0.4213078470402032,8.0,2,Neutral,-4.964285714285696,-1.1161616161616164,-1.2397476340693998,16.88,18.55,16.06,20.25,14.34,21.44,-0.07608100711548993,0.01532567049808442,-0.12096332785987962,0.10837438423645329,-0.21510673234811162,0.17350848385331163
2026-09-28,VXN,CBOE NASDAQ MKT VOL NDX,Volatility,22.13,25.86,0.1685,0.0,0.83425301,,-22.0,,Neutral,-1.902777777777775,-3.837837837837838,1.9194991055456172,19.39,23.57,17.87,23.24,16.54,32.86,-0.123813827383642,0.06507004066877542,-0.1924988703117939,0.05015815634884779,-0.2525982828739268,0.48486217803886134
2026-09-28,VZ,VERIZON COMMUNICATIONS INC.,Communication Services,46.68,51.45,0.1022,0.2971,0.22033817,0.3483818986061289,62.0,2,Buy,-1.1572052401746722,1.7198795180722892,1.8645418326693215,44.03,48.97,43.36,52.39,41.66,56.04,-0.05676949443016277,0.0490574121679519,-0.07112253641816624,0.12232219365895469,-0.10754070265638394,0.2005141388174807
2026-09-28,WAB,WESTINGHOUSE AIR BRAKE TECHNOLOGIES ,Industrials,292.37,313.65,0.0728,0.2662,0.19682802,0.35244971727094554,3.0,2,Neutral,-1.1387213510253287,1.1108640406607353,1.4422057264050896,282.93,300.66,260.89,327.34,264.08,333.17,-0.03228785443102922,0.02835448233402893,-0.10767178575093206,0.11960871498443737,-0.09676095358620929,0.13954920135444815
2026-09-28,WAT,WATERS ,Health Care,442.94,437.83,-0.0115,0.3404,0.22932314,0.48436830230041306,-2.0,1,Neutral,-3.021181716833884,-1.5458059528411288,-1.6167856622468306,415.84,451.91,402.95,468.81,331.98,511.57,-0.06118210141328406,0.020251049803585275,-0.09028310832166886,0.058405201607441226,-0.2505079694766785,0.15494197859755277
2026-09-28,WBD,"WARNER BROS. DISCOVERY, INC.",Communication Services,30.9,35.08,0.1353,0.6788,0.39006841,0.7402075702567148,54.0,2,Buy,1.4879518072289148,1.293209876543212,1.0610583446404347,29.24,33.37,27.66,35.09,23.53,38.72,-0.05372168284789647,0.07993527508090614,-0.10485436893203881,0.13559870550161834,-0.2385113268608413,0.2530744336569579
2026-09-28,WDAY,"WORKDAY, INC.",Information Technology,188.6,192.13,0.0187,0.5018,0.49191925,0.020086121858414963,14.0,1,Neutral,1.069587628865982,3.145752143413879,1.30887953497695,176.96,201.05,175.77,228.96,138.71,253.9,-0.06171792152704125,0.06601272534464475,-0.06802757158006356,0.21399787910922585,-0.2645281018027571,0.346235418875928
2026-09-28,WDC,WESTERN DIGITAL ,Information Technology,453.23,646.25,0.4259,0.7249,0.47082203,0.5396475819111524,34.0,1,Buy,1.274188833674362,-1.9277301927194894,3.807209302325581,419.02,496.82,381.21,490.59,367.23,780.65,-0.07548044039450175,0.09617633431149741,-0.15890386779339416,0.08243055402334343,-0.18974913399377802,0.7224146680493346
2026-09-28,WEAT,TEUCRIUM:WHEAT,Commodities,24.97,27.98,0.1205,0.3046,0.24800744,0.22818896078278939,4.0,1,Neutral,1.3076923076923082,2.7014925373134338,2.297945205479454,24.45,25.65,23.63,28.59,22.05,31.68,-0.020824989987985543,0.02723267921505812,-0.05366439727673211,0.14497396876251512,-0.11694032839407287,0.2687224669603525
2026-09-28,WEC,"WEC ENERGY GROUP, INC.",Utilities,101.45,109.32,0.0776,0.2159,0.12736118,0.6951790176567147,0.0,1,Neutral,-2.5461538461538535,-1.3322475570032584,4.943708609271527,98.14,102.75,93.27,107.59,98.43,116.38,-0.03262690980778715,0.012814194184327166,-0.08063085263676695,0.06052242483982262,-0.02976835879743711,0.14716609167077377
2026-09-28,WELL,WELLTOWER INC.,Real Estate,232.96,266.21,0.1427,0.2733,0.16874602,0.6195937539741678,40.0,1,Buy,-1.1221374045801575,1.189535504538173,3.0858516483516465,224.14,240.82,214.23,255.24,218.4,277.89,-0.03786057692307698,0.033739697802197766,-0.08040006868131877,0.09563873626373631,-0.0625,0.19286572802197788
2026-09-28,WFC,WELLS FARGO & COMPANY,Financials,80.81,93.8,0.1607,0.3051,0.27602594,0.10533089752361668,71.0,2,Buy,1.2691029900332182,1.8364888123924263,3.98646362098139,77.8,84.63,75.0,91.48,74.9,104.37,-0.037247865363197685,0.04727137730478903,-0.07189704244524198,0.13203811409479016,-0.07313451305531493,0.2915480757332014
2026-09-28,WM,"WASTE MANAGEMENT, INC.",Industrials,206.44,220.06,0.066,0.2163,0.14595023,0.4820120530128662,9.0,2,Neutral,-1.1865384615384618,1.0446927374301687,4.059090909090903,200.27,211.64,192.12,221.4,197.64,242.16,-0.02988761867855061,0.025188916876574208,-0.06936640186010457,0.0724665762449137,-0.04262739779112579,0.17302848285216044
2026-09-28,WMB,"THE WILLIAMS COMPANIES, INC.",Energy,68.98,82.17,0.1912,0.285,0.19097033,0.4923784233917383,2.0,1,Neutral,1.7672955974842743,1.0853174603174587,4.98260869565217,67.39,71.79,63.94,74.45,65.53,86.17,-0.02305015946651212,0.04073644534647736,-0.07306465642215143,0.07929834734705721,-0.05001449695563931,0.24920266743983754
2026-09-28,WMT,WALMART INC.,Consumer Staples,108.73,117.98,0.0851,0.1999,0.19743125,0.012504352781031347,-18.0,1,Neutral,1.2385321100917384,-1.143373493975905,1.5058043117744604,105.46,112.78,99.24,117.03,96.67,126.89,-0.03007449645911897,0.03724822955945917,-0.08728041938747366,0.07633587786259532,-0.11091695024372306,0.16701922192587149
2026-09-28,WRB,W. R. BERKLEY ,Financials,67.66,73.6,0.0878,0.2505,0.1581736,0.5837029693956515,-40.0,2,Sell,-1.3403361344537752,1.1441774491682073,2.406614785992222,64.47,70.04,62.25,73.85,62.52,80.03,-0.047147502216967174,0.035175879396984966,-0.07995861661247405,0.09148684599467916,-0.07596807567247998,0.1828258941767662
2026-09-28,WSM,"WILLIAMS-SONOMA, INC.",Consumer Discretionary,231.03,245.16,0.0612,0.4229,0.28031206,0.5086757237630091,3.0,2,Neutral,-1.2929542645241043,-1.0715404699738906,1.3774560496380557,220.57,239.12,210.51,250.18,192.35,284.31,-0.04527550534562619,0.03501709734666503,-0.08881963381379043,0.08288966800848385,-0.16742414405055628,0.23061940007791204
2026-09-28,WST,"WEST PHARMACEUTICAL SERVICES, INC.",Health Care,375.65,378.98,0.0089,0.3853,0.22838654,0.6870521353841605,-34.0,2,Sell,1.4107722258273883,1.179164434922337,-1.2115604005577378,360.24,397.39,338.31,419.68,280.07,454.54,-0.041022228137894245,0.05787302009849604,-0.09940103820045254,0.11721016904033021,-0.25443897244775715,0.21000931718354865
2026-09-28,WTW,WILLIS TOWERS WATSON,Financials,292.11,342.66,0.1731,0.3101,0.2420545,0.28111644278457937,-20.0,1,Neutral,-1.3618307426597633,1.6328016643550598,5.607124419204956,276.34,303.69,263.27,339.2,272.74,400.72,-0.05398651193043724,0.039642600390263905,-0.0987299305056315,0.16120639485125454,-0.0663106364040944,0.37181198863441867
2026-09-28,WY,WEYERHAEUSER COMPANY,Real Estate,19.72,22.13,0.1222,0.2583,0.23186306,0.11401962865494819,34.0,2,Buy,2.232142857142862,1.2590673575129534,9.388888888888905,19.16,20.97,17.79,22.15,19.0,26.48,-0.028397565922920864,0.06338742393509134,-0.09787018255578095,0.12322515212981733,-0.03651115618661249,0.3427991886409738
2026-09-28,WYNN,"WYNN RESORTS, LIMITED",Consumer Discretionary,80.52,91.84,0.1406,0.3916,0.24292759,0.612002984099089,9.0,1,Neutral,-2.9518072289156385,-1.2095006090133962,4.770655270655275,75.62,82.18,70.59,88.73,73.5,114.01,-0.060854446100347626,0.020615996025832306,-0.12332339791356173,0.10196224540486853,-0.08718330849478384,0.4159215101838054
2026-09-28,XEL,XCEL ENERGY INC.,Utilities,69.39,77.74,0.1203,0.2675,0.17144468,0.5602700532906593,0.0,1,Neutral,-1.5276073619631914,-1.1268533772652407,9.87195121951219,66.9,71.02,62.55,75.46,67.75,85.58,-0.035884133160397624,0.02349041648652528,-0.09857328145265898,0.0874765816400056,-0.023634529471105337,0.23331892203487525
2026-09-28,XES,SPDR S&P OIL&GAS E&S,MR Discretion,110.99,125.92,0.1345,0.3082,0.262231,0.17529964039339352,23.0,1,Neutral,1.114285714285719,1.6873278236914622,2.400140646976091,107.84,114.5,103.73,123.24,96.77,145.12,-0.028380935219389114,0.031624470673033755,-0.06541129831516346,0.11037030363095779,-0.12811965041895668,0.30750518064690513
2026-09-28,XLB,SEL SECTOR:MATRLS SPDR,Sector & Style ETFs,49.47,52.56,0.0625,0.2251,0.14225146,0.5824090663111647,46.0,1,Buy,-1.2043010752688148,1.1818181818181817,2.317010309278354,48.35,50.4,45.73,53.89,45.59,58.46,-0.0226399838285829,0.018799272286234014,-0.0756013745704468,0.08934707903780081,-0.07843137254901955,0.18172629876692947
2026-09-28,XLC,SEL SECTOR:COMM SVC SPDR,Sector & Style ETFs,111.18,116.99,0.0523,0.1423,0.21936982,-0.3513237144471376,-6.0,4,Neutral,3.2499999999999765,1.5828635851183748,1.5343589743589736,109.66,116.12,102.31,125.22,101.43,126.14,-0.01367152365533375,0.04443245187983447,-0.07978053606763813,0.12628170534268746,-0.08769562871019965,0.13455657492354733
2026-09-28,XLE,SEL SECTOR:ENERGY SPDR,Sector & Style ETFs,62.1,68.54,0.1037,0.2817,0.21255966,0.3252749839739111,84.0,2,Buy,1.0186335403726716,1.7956521739130424,1.5694822888283375,60.49,63.74,57.5,70.36,54.76,73.62,-0.025925925925925908,0.026409017713365568,-0.07407407407407407,0.13301127214170694,-0.11819645732689221,0.1855072463768117
2026-09-28,XLF,SEL SECTOR:FINL S SPDR,Sector & Style ETFs,54.19,57.89,0.0683,0.1691,0.13467932,0.25557509497374964,55.0,2,Buy,-1.188524590163932,1.5694822888283415,2.8280802292263663,52.74,55.41,50.52,59.95,50.7,64.06,-0.026757704373500557,0.02251337885218674,-0.06772467244879121,0.10629267392507846,-0.06440302638863249,0.18213692563203554
2026-09-28,XLI,SEL SECTOR:INDUST SPDR,Sector & Style ETFs,168.78,180.63,0.0702,0.1774,0.12782154,0.38787249785912437,4.0,1,Neutral,1.0269360269360313,-1.0503778337531482,2.9107312440645776,165.81,171.83,156.27,180.69,158.25,199.43,-0.017596871667259095,0.018070861476478406,-0.07412015641663694,0.07056523284749372,-0.06238890863846425,0.1815973456570683
2026-09-28,XLK,SEL SECTOR:TECH SPDR,Sector & Style ETFs,194.53,205.27,0.0552,0.2572,0.19268478,0.3348226050858816,9.0,1,Neutral,2.08152173913043,1.0740489130434785,-1.0490892250694661,190.85,202.19,179.81,210.34,160.55,226.92,-0.018917390633835462,0.03937695985195089,-0.07566956253534163,0.08127281139155906,-0.17467742764612137,0.16650388114943704
2026-09-28,XLP,SEL SECTOR:C STP SPDR,Sector & Style ETFs,82.28,87.36,0.0617,0.0889,0.1081054,-0.17765440024272605,-23.0,3,Neutral,-1.8129496402877663,-1.1846846846846864,2.902777777777783,79.76,83.67,77.02,86.72,78.68,92.73,-0.030627126883811306,0.016893534273213495,-0.0639280505590667,0.05396208070004849,-0.043753038405444755,0.12700534759358284
2026-09-28,XLRE,SEL SECTOR:RL EST SPDR,Sector & Style ETFs,41.35,43.42,0.0501,0.132,0.10070788,0.3107216634884977,27.0,1,Buy,-1.043478260869567,1.3155893536121663,3.637499999999997,40.63,42.04,38.72,44.81,39.75,47.17,-0.017412333736396612,0.016686819830713295,-0.06360338573155988,0.08367593712212829,-0.03869407496977029,0.1407496977025393
2026-09-28,XLU,SEL SECTOR:UTIL SPDR,Sector & Style ETFs,39.25,42.76,0.0894,0.1844,0.13890194,0.32755525228805293,-13.0,1,Neutral,-1.3707865168539304,-1.132142857142859,6.6052631578947345,38.03,40.14,36.08,42.05,38.11,46.78,-0.031082802547770627,0.022675159235668874,-0.08076433121019111,0.07133757961783438,-0.029044585987261118,0.19184713375796192
2026-09-28,XLV,SEL SECTOR:H CARE SPDR,Sector & Style ETFs,171.26,176.38,0.0299,0.2124,0.129028,0.6461543230926621,39.0,1,Buy,-1.761904761904749,1.1934046345811067,-1.038912579957354,164.97,174.83,160.04,184.65,151.77,190.02,-0.03672778231928053,0.02084549807310543,-0.06551442251547357,0.07818521546187096,-0.11380357351395531,0.10954104869788628
2026-09-28,XLY,SEL SECTOR:C DSC SPDR,Sector & Style ETFs,109.0,116.63,0.07,0.2038,0.16004679,0.273377616633236,4.0,1,Neutral,1.2705882352941171,1.166284403669725,3.41708542713568,106.45,112.24,100.28,119.17,103.03,129.4,-0.023394495412843996,0.029724770642201692,-0.07999999999999996,0.0933027522935781,-0.05477064220183481,0.18715596330275241
2026-09-28,XOM,EXXON MOBIL ,Energy,162.52,178.23,0.0967,0.3139,0.26788232,0.17178319196279923,63.0,2,Buy,-1.2875939849624118,1.4760837070254085,1.3830197780993712,155.67,167.84,149.14,182.27,141.79,191.19,-0.04214865862663075,0.032734432685207926,-0.08232832882106833,0.12152350479940921,-0.12755353187300034,0.17640905734678802
2026-09-28,XOP,SPDR S&P OIL&GAS EXP,MR Discretion,180.14,203.64,0.1305,0.3439,0.26273898,0.30890361224664864,53.0,2,Buy,1.5076660988075057,2.308419243986257,1.7834499794153988,174.27,188.99,168.5,207.01,155.85,223.46,-0.03258576662595747,0.04912845564560908,-0.06461640945930935,0.14916176307316542,-0.13483956922393692,0.24047962695681147
2026-09-28,XYL,XYLEM INC.,Industrials,100.91,109.26,0.0827,0.2868,0.26685048,0.07475916850514941,-1.0,2,Neutral,6.184615384615403,1.4477958236658954,4.083881578947369,99.61,108.95,92.29,113.39,94.83,125.74,-0.012882766821920466,0.07967495788326229,-0.08542265384996517,0.1236745614904371,-0.060251709444059,0.24606084629868197
2026-09-28,XYZ,"BLOCK, INC.",Financials,73.31,82.23,0.1217,0.3894,0.38759198,0.0046647508031514295,4.0,1,Neutral,2.816176470588235,2.4577656675749298,2.7088846880907353,71.95,77.14,69.64,82.33,62.73,101.97,-0.018551357250034095,0.05224389578502242,-0.05006138316737141,0.12303914882007905,-0.1443186468421771,0.3909425726367479
2026-09-28,YUM,"YUM! BRANDS, INC.",Consumer Discretionary,138.28,152.63,0.1038,0.3016,0.28634437,0.0532772130284942,35.0,1,Buy,-1.896725440806046,1.0229956494717218,2.8710263396911873,130.75,142.25,122.19,154.74,127.27,169.89,-0.05445472953427832,0.02870986404396869,-0.11635811397165174,0.11903384437373443,-0.07962105872143477,0.22859415678333805
2026-09-28,ZBH,"ZIMMER BIOMET HOLDINGS, INC.",Health Care,91.62,100.61,0.0981,0.362,0.28712222,0.2607871309994747,55.0,2,Buy,-2.149100257069408,1.1672278338944981,2.402743142144635,83.26,95.51,82.71,102.02,83.6,110.89,-0.09124645273957654,0.04245797860729095,-0.09724950884086458,0.11351233355162615,-0.087535472604235,0.21032525649421507
2026-09-28,ZBRA,ZEBRA TECHNOLOGIES ,Information Technology,371.87,365.21,-0.0179,0.467,0.29499598,0.5830724201733191,-41.0,1,Sell,1.050433839479393,1.625836120401336,-1.4926241710650974,353.43,391.24,324.03,449.65,261.58,445.76,-0.04958722134079108,0.05208809530212166,-0.1286471078602739,0.20915911474439985,-0.2965821389195149,0.19869846989539353
2026-09-28,ZTS,ZOETIS INC.,Health Care,71.43,66.88,-0.0637,0.4747,0.22227486,1.1356441299749331,-1.0,1,Neutral,-2.1479289940828488,-1.1943048576214423,-1.0442779291553141,67.8,73.12,64.3,77.4,56.1,86.11,-0.05081898362032777,0.023659526809463705,-0.09981800363992732,0.08357832843343127,-0.21461570768584637,0.20551588968220624
