Date,Ticker,monthly_return,monthly_return_avg,monthly_return_hi,monthly_return_lo
2025-07-01,A,-0.0271,0.0287,0.1125,-0.0551
2025-08-01,A,0.0945,0.0287,0.1125,-0.0551
2025-09-01,A,0.0214,0.0287,0.1125,-0.0551
2025-10-01,A,0.1403,0.0287,0.1125,-0.0551
2025-11-01,A,0.0488,0.0287,0.1125,-0.0551
2025-12-01,A,-0.1136,0.0287,0.1125,-0.0551
2026-01-01,A,-0.0163,0.0287,0.1125,-0.0551
2026-02-01,A,-0.0932,0.0287,0.1125,-0.0551
2026-03-01,A,-0.061,0.0287,0.1125,-0.0551
2026-04-01,A,0.0138,0.0287,0.1125,-0.0551
2026-05-01,A,0.1729,0.0287,0.1125,-0.0551
2026-06-01,A,-0.0199,0.0287,0.1125,-0.0551
2026-07-01,A,0.0417,0.0287,0.1125,-0.0551
2026-08-01,A,0.1098,0.0287,0.1125,-0.0551
2026-09-01,A,0.1252,0.0287,0.1125,-0.0551
2025-07-01,AAPL,0.0117,0.0358,0.0974,-0.0257
2025-08-01,AAPL,0.1184,0.0358,0.0974,-0.0257
2025-09-01,AAPL,0.0969,0.0358,0.0974,-0.0257
2025-10-01,AAPL,0.0618,0.0358,0.0974,-0.0257
2025-11-01,AAPL,0.0314,0.0358,0.0974,-0.0257
2025-12-01,AAPL,-0.0251,0.0358,0.0974,-0.0257
2026-01-01,AAPL,-0.0455,0.0358,0.0974,-0.0257
2026-02-01,AAPL,0.0181,0.0358,0.0974,-0.0257
2026-03-01,AAPL,-0.0393,0.0358,0.0974,-0.0257
2026-04-01,AAPL,0.0692,0.0358,0.0974,-0.0257
2026-05-01,AAPL,0.15,0.0358,0.0974,-0.0257
2026-06-01,AAPL,-0.0727,0.0358,0.0974,-0.0257
2026-07-01,AAPL,0.0676,0.0358,0.0974,-0.0257
2026-08-01,AAPL,0.0257,0.0358,0.0974,-0.0257
2026-09-01,AAPL,0.0764,0.0358,0.0974,-0.0257
2025-07-01,ABBV,0.0183,0.0244,0.0843,-0.0355
2025-08-01,ABBV,0.1131,0.0244,0.0843,-0.0355
2025-09-01,ABBV,0.1005,0.0244,0.0843,-0.0355
2025-10-01,ABBV,-0.0583,0.0244,0.0843,-0.0355
2025-11-01,ABBV,0.0443,0.0244,0.0843,-0.0355
2025-12-01,ABBV,0.0035,0.0244,0.0843,-0.0355
2026-01-01,ABBV,-0.024,0.0244,0.0843,-0.0355
2026-02-01,ABBV,0.0407,0.0244,0.0843,-0.0355
2026-03-01,ABBV,-0.0629,0.0244,0.0843,-0.0355
2026-04-01,ABBV,-0.0284,0.0244,0.0843,-0.0355
2026-05-01,ABBV,0.0303,0.0244,0.0843,-0.0355
2026-06-01,ABBV,0.1558,0.0244,0.0843,-0.0355
2026-07-01,ABBV,-0.0028,0.0244,0.0843,-0.0355
2026-08-01,ABBV,0.0218,0.0244,0.0843,-0.0355
2026-09-01,ABBV,0.0309,0.0244,0.0843,-0.0355
2025-07-01,ABNB,0.0005,0.0181,0.1109,-0.0747
2025-08-01,ABNB,-0.0142,0.0181,0.1109,-0.0747
2025-09-01,ABNB,-0.0698,0.0181,0.1109,-0.0747
2025-10-01,ABNB,0.0422,0.0181,0.1109,-0.0747
2025-11-01,ABNB,-0.0755,0.0181,0.1109,-0.0747
2025-12-01,ABNB,0.1601,0.0181,0.1109,-0.0747
2026-01-01,ABNB,-0.0468,0.0181,0.1109,-0.0747
2026-02-01,ABNB,0.0444,0.0181,0.1109,-0.0747
2026-03-01,ABNB,-0.0654,0.0181,0.1109,-0.0747
2026-04-01,ABNB,0.1115,0.0181,0.1109,-0.0747
2026-05-01,ABNB,-0.0502,0.0181,0.1109,-0.0747
2026-06-01,ABNB,0.0734,0.0181,0.1109,-0.0747
2026-07-01,ABNB,0.0588,0.0181,0.1109,-0.0747
2026-08-01,ABNB,0.2092,0.0181,0.1109,-0.0747
2026-09-01,ABNB,-0.1405,0.0181,0.1109,-0.0747
2025-07-01,ABT,-0.0722,-0.0164,0.0671,-0.0999
2025-08-01,ABT,0.0513,-0.0164,0.0671,-0.0999
2025-09-01,ABT,0.0096,-0.0164,0.0671,-0.0999
2025-10-01,ABT,-0.077,-0.0164,0.0671,-0.0999
2025-11-01,ABT,0.0427,-0.0164,0.0671,-0.0999
2025-12-01,ABT,-0.028,-0.0164,0.0671,-0.0999
2026-01-01,ABT,-0.1276,-0.0164,0.0671,-0.0999
2026-02-01,ABT,0.0645,-0.0164,0.0671,-0.0999
2026-03-01,ABT,-0.1176,-0.0164,0.0671,-0.0999
2026-04-01,ABT,-0.1157,-0.0164,0.0671,-0.0999
2026-05-01,ABT,-0.0572,-0.0164,0.0671,-0.0999
2026-06-01,ABT,0.06,-0.0164,0.0671,-0.0999
2026-07-01,ABT,0.1649,-0.0164,0.0671,-0.0999
2026-08-01,ABT,0.0441,-0.0164,0.0671,-0.0999
2026-09-01,ABT,-0.0822,-0.0164,0.0671,-0.0999
2025-07-01,ACGL,-0.0548,0.0029,0.0509,-0.0451
2025-08-01,ACGL,0.0636,0.0029,0.0509,-0.0451
2025-09-01,ACGL,-0.0087,0.0029,0.0509,-0.0451
2025-10-01,ACGL,-0.0487,0.0029,0.0509,-0.0451
2025-11-01,ACGL,0.0882,0.0029,0.0509,-0.0451
2025-12-01,ACGL,0.0213,0.0029,0.0509,-0.0451
2026-01-01,ACGL,0.0013,0.0029,0.0509,-0.0451
2026-02-01,ACGL,0.0428,0.0029,0.0509,-0.0451
2026-03-01,ACGL,-0.0415,0.0029,0.0509,-0.0451
2026-04-01,ACGL,-0.0159,0.0029,0.0509,-0.0451
2026-05-01,ACGL,-0.0542,0.0029,0.0509,-0.0451
2026-06-01,ACGL,0.0864,0.0029,0.0509,-0.0451
2026-07-01,ACGL,0.0358,0.0029,0.0509,-0.0451
2026-08-01,ACGL,-0.0245,0.0029,0.0509,-0.0451
2026-09-01,ACGL,-0.0348,0.0029,0.0509,-0.0451
2025-07-01,ACN,-0.1064,-0.0212,0.126,-0.1685
2025-08-01,ACN,-0.0267,-0.0212,0.126,-0.1685
2025-09-01,ACN,-0.0514,-0.0212,0.126,-0.1685
2025-10-01,ACN,0.0142,-0.0212,0.126,-0.1685
2025-11-01,ACN,-0.0004,-0.0212,0.126,-0.1685
2025-12-01,ACN,0.0732,-0.0212,0.126,-0.1685
2026-01-01,ACN,-0.0174,-0.0212,0.126,-0.1685
2026-02-01,ACN,-0.2083,-0.0212,0.126,-0.1685
2026-03-01,ACN,-0.05,-0.0212,0.126,-0.1685
2026-04-01,ACN,-0.0987,-0.0212,0.126,-0.1685
2026-05-01,ACN,0.0468,-0.0212,0.126,-0.1685
2026-06-01,ACN,-0.3348,-0.0212,0.126,-0.1685
2026-07-01,ACN,0.3333,-0.0212,0.126,-0.1685
2026-08-01,ACN,0.1437,-0.0212,0.126,-0.1685
2026-09-01,ACN,-0.0719,-0.0212,0.126,-0.1685
2025-07-01,ADBE,-0.0755,-0.0226,0.0975,-0.1426
2025-08-01,ADBE,-0.0028,-0.0226,0.0975,-0.1426
2025-09-01,ADBE,-0.0111,-0.0226,0.0975,-0.1426
2025-10-01,ADBE,-0.0353,-0.0226,0.0975,-0.1426
2025-11-01,ADBE,-0.0593,-0.0226,0.0975,-0.1426
2025-12-01,ADBE,0.0933,-0.0226,0.0975,-0.1426
2026-01-01,ADBE,-0.1621,-0.0226,0.0975,-0.1426
2026-02-01,ADBE,-0.1052,-0.0226,0.0975,-0.1426
2026-03-01,ADBE,-0.0737,-0.0226,0.0975,-0.1426
2026-04-01,ADBE,0.0124,-0.0226,0.0975,-0.1426
2026-05-01,ADBE,0.0533,-0.0226,0.0975,-0.1426
2026-06-01,ADBE,-0.2091,-0.0226,0.0975,-0.1426
2026-07-01,ADBE,0.2214,-0.0226,0.0975,-0.1426
2026-08-01,ADBE,0.1692,-0.0226,0.0975,-0.1426
2026-09-01,ADBE,-0.1958,-0.0226,0.0975,-0.1426
2025-07-01,ADI,-0.0563,0.0353,0.1373,-0.0667
2025-08-01,ADI,0.1188,0.0353,0.1373,-0.0667
2025-09-01,ADI,-0.0223,0.0353,0.1373,-0.0667
2025-10-01,ADI,-0.0471,0.0353,0.1373,-0.0667
2025-11-01,ADI,0.1333,0.0353,0.1373,-0.0667
2025-12-01,ADI,0.0221,0.0353,0.1373,-0.0667
2026-01-01,ADI,0.1463,0.0353,0.1373,-0.0667
2026-02-01,ADI,0.1445,0.0353,0.1373,-0.0667
2026-03-01,ADI,-0.1058,0.0353,0.1373,-0.0667
2026-04-01,ADI,0.2644,0.0353,0.1373,-0.0667
2026-05-01,ADI,0.0288,0.0353,0.1373,-0.0667
2026-06-01,ADI,-0.0403,0.0353,0.1373,-0.0667
2026-07-01,ADI,-0.0749,0.0353,0.1373,-0.0667
2026-08-01,ADI,-0.0143,0.0353,0.1373,-0.0667
2026-09-01,ADI,0.0869,0.0353,0.1373,-0.0667
2025-07-01,ADM,0.0265,0.0304,0.0925,-0.0316
2025-08-01,ADM,0.1561,0.0304,0.0925,-0.0316
2025-09-01,ADM,-0.0463,0.0304,0.0925,-0.0316
2025-10-01,ADM,0.0132,0.0304,0.0925,-0.0316
2025-11-01,ADM,0.0035,0.0304,0.0925,-0.0316
2025-12-01,ADM,-0.0535,0.0304,0.0925,-0.0316
2026-01-01,ADM,0.1708,0.0304,0.0925,-0.0316
2026-02-01,ADM,0.0257,0.0304,0.0925,-0.0316
2026-03-01,ADM,0.0529,0.0304,0.0925,-0.0316
2026-04-01,ADM,0.0255,0.0304,0.0925,-0.0316
2026-05-01,ADM,0.0703,0.0304,0.0925,-0.0316
2026-06-01,ADM,-0.0424,0.0304,0.0925,-0.0316
2026-07-01,ADM,0.0376,0.0304,0.0925,-0.0316
2026-08-01,ADM,0.0255,0.0304,0.0925,-0.0316
2026-09-01,ADM,-0.0021,0.0304,0.0925,-0.0316
2025-07-01,ADP,0.0036,-0.0064,0.0707,-0.0834
2025-08-01,ADP,-0.0176,-0.0064,0.0707,-0.0834
2025-09-01,ADP,-0.0347,-0.0064,0.0707,-0.0834
2025-10-01,ADP,-0.1131,-0.0064,0.0707,-0.0834
2025-11-01,ADP,-0.0192,-0.0064,0.0707,-0.0834
2025-12-01,ADP,0.0076,-0.0064,0.0707,-0.0834
2026-01-01,ADP,-0.0405,-0.0064,0.0707,-0.0834
2026-02-01,ADP,-0.1315,-0.0064,0.0707,-0.0834
2026-03-01,ADP,-0.0522,-0.0064,0.0707,-0.0834
2026-04-01,ADP,0.0431,-0.0064,0.0707,-0.0834
2026-05-01,ADP,0.0467,-0.0064,0.0707,-0.0834
2026-06-01,ADP,0.0095,-0.0064,0.0707,-0.0834
2026-07-01,ADP,0.1898,-0.0064,0.0707,-0.0834
2026-08-01,ADP,0.0739,-0.0064,0.0707,-0.0834
2026-09-01,ADP,-0.0786,-0.0064,0.0707,-0.0834
2025-07-01,ADSK,-0.0209,-0.0193,0.0761,-0.1146
2025-08-01,ADSK,0.0382,-0.0193,0.0761,-0.1146
2025-09-01,ADSK,0.0094,-0.0193,0.0761,-0.1146
2025-10-01,ADSK,-0.0514,-0.0193,0.0761,-0.1146
2025-11-01,ADSK,0.0066,-0.0193,0.0761,-0.1146
2025-12-01,ADSK,-0.0242,-0.0193,0.0761,-0.1146
2026-01-01,ADSK,-0.1457,-0.0193,0.0761,-0.1146
2026-02-01,ADSK,-0.0277,-0.0193,0.0761,-0.1146
2026-03-01,ADSK,-0.0263,-0.0193,0.0761,-0.1146
2026-04-01,ADSK,-0.01,-0.0193,0.0761,-0.1146
2026-05-01,ADSK,-0.024,-0.0193,0.0761,-0.1146
2026-06-01,ADSK,-0.1595,-0.0193,0.0761,-0.1146
2026-07-01,ADSK,0.2046,-0.0193,0.0761,-0.1146
2026-08-01,ADSK,0.1039,-0.0193,0.0761,-0.1146
2026-09-01,ADSK,-0.19,-0.0193,0.0761,-0.1146
2025-07-01,AEE,0.053,0.0026,0.0498,-0.0445
2025-08-01,AEE,-0.0133,0.0026,0.0498,-0.0445
2025-09-01,AEE,0.0461,0.0026,0.0498,-0.0445
2025-10-01,AEE,-0.0226,0.0026,0.0498,-0.0445
2025-11-01,AEE,0.0424,0.0026,0.0498,-0.0445
2025-12-01,AEE,-0.061,0.0026,0.0498,-0.0445
2026-01-01,AEE,0.0342,0.0026,0.0498,-0.0445
2026-02-01,AEE,0.0968,0.0026,0.0498,-0.0445
2026-03-01,AEE,-0.0297,0.0026,0.0498,-0.0445
2026-04-01,AEE,0.0339,0.0026,0.0498,-0.0445
2026-05-01,AEE,-0.05,0.0026,0.0498,-0.0445
2026-06-01,AEE,0.047,0.0026,0.0498,-0.0445
2026-07-01,AEE,-0.0303,0.0026,0.0498,-0.0445
2026-08-01,AEE,-0.0328,0.0026,0.0498,-0.0445
2026-09-01,AEE,-0.0624,0.0026,0.0498,-0.0445
2025-07-01,AEP,0.0904,0.0103,0.0706,-0.05
2025-08-01,AEP,-0.0187,0.0103,0.0706,-0.05
2025-09-01,AEP,0.0133,0.0103,0.0706,-0.05
2025-10-01,AEP,0.069,0.0103,0.0706,-0.05
2025-11-01,AEP,0.0292,0.0103,0.0706,-0.05
2025-12-01,AEP,-0.0684,0.0103,0.0706,-0.05
2026-01-01,AEP,0.0388,0.0103,0.0706,-0.05
2026-02-01,AEP,0.1172,0.0103,0.0706,-0.05
2026-03-01,AEP,-0.0205,0.0103,0.0706,-0.05
2026-04-01,AEP,0.046,0.0103,0.0706,-0.05
2026-05-01,AEP,-0.0761,0.0103,0.0706,-0.05
2026-06-01,AEP,0.0801,0.0103,0.0706,-0.05
2026-07-01,AEP,-0.0655,0.0103,0.0706,-0.05
2026-08-01,AEP,-0.0424,0.0103,0.0706,-0.05
2026-09-01,AEP,-0.0333,0.0103,0.0706,-0.05
2025-07-01,AES,0.25,0.0267,0.119,-0.0656
2025-08-01,AES,0.0297,0.0267,0.119,-0.0656
2025-09-01,AES,-0.0281,0.0267,0.119,-0.0656
2025-10-01,AES,0.054,0.0267,0.119,-0.0656
2025-11-01,AES,0.0137,0.0267,0.119,-0.0656
2025-12-01,AES,0.0199,0.0267,0.119,-0.0656
2026-01-01,AES,0.0216,0.0267,0.119,-0.0656
2026-02-01,AES,0.1795,0.0267,0.119,-0.0656
2026-03-01,AES,-0.1846,0.0267,0.119,-0.0656
2026-04-01,AES,0.0256,0.0267,0.119,-0.0656
2026-05-01,AES,0.0152,0.0267,0.119,-0.0656
2026-06-01,AES,-0.0007,0.0267,0.119,-0.0656
2026-07-01,AES,0.0014,0.0267,0.119,-0.0656
2026-08-01,AES,0.0041,0.0267,0.119,-0.0656
2026-09-01,AES,0.0088,0.0267,0.119,-0.0656
2025-07-01,AFL,-0.0578,0.0058,0.0539,-0.0423
2025-08-01,AFL,0.0755,0.0058,0.0539,-0.0423
2025-09-01,AFL,0.0453,0.0058,0.0539,-0.0423
2025-10-01,AFL,-0.0404,0.0058,0.0539,-0.0423
2025-11-01,AFL,0.0291,0.0058,0.0539,-0.0423
2025-12-01,AFL,-0.0004,0.0058,0.0539,-0.0423
2026-01-01,AFL,0.0062,0.0058,0.0539,-0.0423
2026-02-01,AFL,0.0178,0.0058,0.0539,-0.0423
2026-03-01,AFL,-0.0285,0.0058,0.0539,-0.0423
2026-04-01,AFL,0.0361,0.0058,0.0539,-0.0423
2026-05-01,AFL,-0.011,0.0058,0.0539,-0.0423
2026-06-01,AFL,0.043,0.0058,0.0539,-0.0423
2026-07-01,AFL,0.0872,0.0058,0.0539,-0.0423
2026-08-01,AFL,-0.0912,0.0058,0.0539,-0.0423
2026-09-01,AFL,-0.0184,0.0058,0.0539,-0.0423
2025-07-01,AIG,-0.093,-0.0072,0.0552,-0.0696
2025-08-01,AIG,0.0475,-0.0072,0.0552,-0.0696
2025-09-01,AIG,-0.0342,-0.0072,0.0552,-0.0696
2025-10-01,AIG,0.0053,-0.0072,0.0552,-0.0696
2025-11-01,AIG,-0.0355,-0.0072,0.0552,-0.0696
2025-12-01,AIG,0.1233,-0.0072,0.0552,-0.0696
2026-01-01,AIG,-0.1247,-0.0072,0.0552,-0.0696
2026-02-01,AIG,0.0749,-0.0072,0.0552,-0.0696
2026-03-01,AIG,-0.0651,-0.0072,0.0552,-0.0696
2026-04-01,AIG,-0.006,-0.0072,0.0552,-0.0696
2026-05-01,AIG,-0.0076,-0.0072,0.0552,-0.0696
2026-06-01,AIG,0.004,-0.0072,0.0552,-0.0696
2026-07-01,AIG,0.0543,-0.0072,0.0552,-0.0696
2026-08-01,AIG,-0.0283,-0.0072,0.0552,-0.0696
2026-09-01,AIG,-0.0287,-0.0072,0.0552,-0.0696
2025-07-01,AIZ,-0.0516,0.0215,0.0813,-0.0383
2025-08-01,AIZ,0.1511,0.0215,0.0813,-0.0383
2025-09-01,AIZ,0.0046,0.0215,0.0813,-0.0383
2025-10-01,AIZ,-0.0225,0.0215,0.0813,-0.0383
2025-11-01,AIZ,0.0777,0.0215,0.0813,-0.0383
2025-12-01,AIZ,0.0556,0.0215,0.0813,-0.0383
2026-01-01,AIZ,-0.0113,0.0215,0.0813,-0.0383
2026-02-01,AIZ,-0.0359,0.0215,0.0813,-0.0383
2026-03-01,AIZ,-0.0513,0.0215,0.0813,-0.0383
2026-04-01,AIZ,0.0848,0.0215,0.0813,-0.0383
2026-05-01,AIZ,0.0533,0.0215,0.0813,-0.0383
2026-06-01,AIZ,0.079,0.0215,0.0813,-0.0383
2026-07-01,AIZ,0.0397,0.0215,0.0813,-0.0383
2026-08-01,AIZ,0.0096,0.0215,0.0813,-0.0383
2026-09-01,AIZ,-0.0598,0.0215,0.0813,-0.0383
2025-07-01,AJG,-0.1027,-0.0177,0.0684,-0.1037
2025-08-01,AJG,0.054,-0.0177,0.0684,-0.1037
2025-09-01,AJG,0.0231,-0.0177,0.0684,-0.1037
2025-10-01,AJG,-0.1945,-0.0177,0.0684,-0.1037
2025-11-01,AJG,-0.0075,-0.0177,0.0684,-0.1037
2025-12-01,AJG,0.0451,-0.0177,0.0684,-0.1037
2026-01-01,AJG,-0.0364,-0.0177,0.0684,-0.1037
2026-02-01,AJG,-0.0849,-0.0177,0.0684,-0.1037
2026-03-01,AJG,-0.0509,-0.0177,0.0684,-0.1037
2026-04-01,AJG,-0.047,-0.0177,0.0684,-0.1037
2026-05-01,AJG,-0.0256,-0.0177,0.0684,-0.1037
2026-06-01,AJG,0.1415,-0.0177,0.0684,-0.1037
2026-07-01,AJG,0.0865,-0.0177,0.0684,-0.1037
2026-08-01,AJG,0.051,-0.0177,0.0684,-0.1037
2026-09-01,AJG,-0.1184,-0.0177,0.0684,-0.1037
2025-07-01,AKAM,-0.0433,0.0308,0.1781,-0.1164
2025-08-01,AKAM,0.037,0.0308,0.1781,-0.1164
2025-09-01,AKAM,-0.0426,0.0308,0.1781,-0.1164
2025-10-01,AKAM,-0.0087,0.0308,0.1781,-0.1164
2025-11-01,AKAM,0.192,0.0308,0.1781,-0.1164
2025-12-01,AKAM,-0.0254,0.0308,0.1781,-0.1164
2026-01-01,AKAM,0.1135,0.0308,0.1781,-0.1164
2026-02-01,AKAM,0.0128,0.0308,0.1781,-0.1164
2026-03-01,AKAM,0.1673,0.0308,0.1781,-0.1164
2026-04-01,AKAM,-0.1034,0.0308,0.1781,-0.1164
2026-05-01,AKAM,0.4521,0.0308,0.1781,-0.1164
2026-06-01,AKAM,-0.2095,0.0308,0.1781,-0.1164
2026-07-01,AKAM,-0.0256,0.0308,0.1781,-0.1164
2026-08-01,AKAM,-0.057,0.0308,0.1781,-0.1164
2026-09-01,AKAM,0.049,0.0308,0.1781,-0.1164
2025-07-01,ALB,0.0827,0.051,0.2094,-0.1075
2025-08-01,ALB,0.2516,0.051,0.2094,-0.1075
2025-09-01,ALB,-0.0452,0.051,0.2094,-0.1075
2025-10-01,ALB,0.2115,0.051,0.2094,-0.1075
2025-11-01,ALB,0.3233,0.051,0.2094,-0.1075
2025-12-01,ALB,0.0881,0.051,0.2094,-0.1075
2026-01-01,ALB,0.2064,0.051,0.2094,-0.1075
2026-02-01,ALB,0.0471,0.051,0.2094,-0.1075
2026-03-01,ALB,0.0048,0.051,0.2094,-0.1075
2026-04-01,ALB,0.0956,0.051,0.2094,-0.1075
2026-05-01,ALB,-0.1031,0.051,0.2094,-0.1075
2026-06-01,ALB,-0.2346,0.051,0.2094,-0.1075
2026-07-01,ALB,-0.1288,0.051,0.2094,-0.1075
2026-08-01,ALB,0.1473,0.051,0.2094,-0.1075
2026-09-01,ALB,-0.187,0.051,0.2094,-0.1075
2025-07-01,ALGN,-0.3186,-0.0112,0.1035,-0.126
2025-08-01,ALGN,0.1004,-0.0112,0.1035,-0.126
2025-09-01,ALGN,-0.1179,-0.0112,0.1035,-0.126
2025-10-01,ALGN,0.1011,-0.0112,0.1035,-0.126
2025-11-01,ALGN,0.0675,-0.0112,0.1035,-0.126
2025-12-01,ALGN,0.0609,-0.0112,0.1035,-0.126
2026-01-01,ALGN,0.0441,-0.0112,0.1035,-0.126
2026-02-01,ALGN,0.166,-0.0112,0.1035,-0.126
2026-03-01,ALGN,-0.0982,-0.0112,0.1035,-0.126
2026-04-01,ALGN,0.0267,-0.0112,0.1035,-0.126
2026-05-01,ALGN,-0.006,-0.0112,0.1035,-0.126
2026-06-01,ALGN,-0.036,-0.0112,0.1035,-0.126
2026-07-01,ALGN,0.003,-0.0112,0.1035,-0.126
2026-08-01,ALGN,-0.0554,-0.0112,0.1035,-0.126
2026-09-01,ALGN,-0.0814,-0.0112,0.1035,-0.126
2025-07-01,ALL,0.0096,0.0106,0.088,-0.0668
2025-08-01,ALL,0.001,0.0106,0.088,-0.0668
2025-09-01,ALL,0.0551,0.0106,0.088,-0.0668
2025-10-01,ALL,-0.1078,0.0106,0.088,-0.0668
2025-11-01,ALL,0.1121,0.0106,0.088,-0.0668
2025-12-01,ALL,-0.0227,0.0106,0.088,-0.0668
2026-01-01,ALL,-0.044,0.0106,0.088,-0.0668
2026-02-01,ALL,0.078,0.0106,0.088,-0.0668
2026-03-01,ALL,-0.0335,0.0106,0.088,-0.0668
2026-04-01,ALL,0.0478,0.0106,0.088,-0.0668
2026-05-01,ALL,-0.0514,0.0106,0.088,-0.0668
2026-06-01,ALL,0.1545,0.0106,0.088,-0.0668
2026-07-01,ALL,0.1099,0.0106,0.088,-0.0668
2026-08-01,ALL,-0.0238,0.0106,0.088,-0.0668
2026-09-01,ALL,-0.1171,0.0106,0.088,-0.0668
2025-07-01,ALLE,0.1513,0.0072,0.0767,-0.0624
2025-08-01,ALLE,0.0234,0.0072,0.0767,-0.0624
2025-09-01,ALLE,0.0445,0.0072,0.0767,-0.0624
2025-10-01,ALLE,-0.0653,0.0072,0.0767,-0.0624
2025-11-01,ALLE,0.0016,0.0072,0.0767,-0.0624
2025-12-01,ALLE,-0.041,0.0072,0.0767,-0.0624
2026-01-01,ALLE,0.0388,0.0072,0.0767,-0.0624
2026-02-01,ALLE,-0.0256,0.0072,0.0767,-0.0624
2026-03-01,ALLE,-0.0984,0.0072,0.0767,-0.0624
2026-04-01,ALLE,-0.0538,0.0072,0.0767,-0.0624
2026-05-01,ALLE,-0.0539,0.0072,0.0767,-0.0624
2026-06-01,ALLE,0.0801,0.0072,0.0767,-0.0624
2026-07-01,ALLE,0.1204,0.0072,0.0767,-0.0624
2026-08-01,ALLE,-0.0137,0.0072,0.0767,-0.0624
2026-09-01,ALLE,-0.005,0.0072,0.0767,-0.0624
2025-07-01,AMAT,-0.0164,0.0825,0.2866,-0.1216
2025-08-01,AMAT,-0.1072,0.0825,0.2866,-0.1216
2025-09-01,AMAT,0.2736,0.0825,0.2866,-0.1216
2025-10-01,AMAT,0.1385,0.0825,0.2866,-0.1216
2025-11-01,AMAT,0.0822,0.0825,0.2866,-0.1216
2025-12-01,AMAT,0.0188,0.0825,0.2866,-0.1216
2026-01-01,AMAT,0.2542,0.0825,0.2866,-0.1216
2026-02-01,AMAT,0.1551,0.0825,0.2866,-0.1216
2026-03-01,AMAT,-0.082,0.0825,0.2866,-0.1216
2026-04-01,AMAT,0.1542,0.0825,0.2866,-0.1216
2026-05-01,AMAT,0.1409,0.0825,0.2866,-0.1216
2026-06-01,AMAT,0.6065,0.0825,0.2866,-0.1216
2026-07-01,AMAT,-0.2978,0.0825,0.2866,-0.1216
2026-08-01,AMAT,-0.0971,0.0825,0.2866,-0.1216
2026-09-01,AMAT,0.0581,0.0825,0.2866,-0.1216
2025-07-01,AMCR,0.0174,-0.0038,0.0713,-0.079
2025-08-01,AMCR,-0.077,-0.0038,0.0713,-0.079
2025-09-01,AMCR,-0.0521,-0.0038,0.0713,-0.079
2025-10-01,AMCR,-0.0342,-0.0038,0.0713,-0.079
2025-11-01,AMCR,0.0785,-0.0038,0.0713,-0.079
2025-12-01,AMCR,-0.0211,-0.0038,0.0713,-0.079
2026-01-01,AMCR,0.0612,-0.0038,0.0713,-0.079
2026-02-01,AMCR,0.0945,-0.0038,0.0713,-0.079
2026-03-01,AMCR,-0.1792,-0.0038,0.0713,-0.079
2026-04-01,AMCR,-0.043,-0.0038,0.0713,-0.079
2026-05-01,AMCR,0.0205,-0.0038,0.0713,-0.079
2026-06-01,AMCR,0.1167,-0.0038,0.0713,-0.079
2026-07-01,AMCR,0.0353,-0.0038,0.0713,-0.079
2026-08-01,AMCR,0.0225,-0.0038,0.0713,-0.079
2026-09-01,AMCR,-0.0737,-0.0038,0.0713,-0.079
2025-07-01,AMD,0.2425,0.1372,0.4113,-0.137
2025-08-01,AMD,-0.0776,0.1372,0.4113,-0.137
2025-09-01,AMD,-0.0052,0.1372,0.4113,-0.137
2025-10-01,AMD,0.583,0.1372,0.4113,-0.137
2025-11-01,AMD,-0.1507,0.1372,0.4113,-0.137
2025-12-01,AMD,-0.0155,0.1372,0.4113,-0.137
2026-01-01,AMD,0.1054,0.1372,0.4113,-0.137
2026-02-01,AMD,-0.1543,0.1372,0.4113,-0.137
2026-03-01,AMD,0.0161,0.1372,0.4113,-0.137
2026-04-01,AMD,0.7426,0.1372,0.4113,-0.137
2026-05-01,AMD,0.4559,0.1372,0.4113,-0.137
2026-06-01,AMD,0.1256,0.1372,0.4113,-0.137
2026-07-01,AMD,-0.1803,0.1372,0.4113,-0.137
2026-08-01,AMD,-0.0114,0.1372,0.4113,-0.137
2026-09-01,AMD,0.3397,0.1372,0.4113,-0.137
2025-07-01,AME,0.0215,0.0231,0.0783,-0.0322
2025-08-01,AME,-0.0003,0.0231,0.0783,-0.0322
2025-09-01,AME,0.0173,0.0231,0.0783,-0.0322
2025-10-01,AME,0.0751,0.0231,0.0783,-0.0322
2025-11-01,AME,-0.0209,0.0231,0.0783,-0.0322
2025-12-01,AME,0.0375,0.0231,0.0783,-0.0322
2026-01-01,AME,0.0909,0.0231,0.0783,-0.0322
2026-02-01,AME,0.068,0.0231,0.0783,-0.0322
2026-03-01,AME,-0.1039,0.0231,0.0783,-0.0322
2026-04-01,AME,0.0986,0.0231,0.0783,-0.0322
2026-05-01,AME,-0.041,0.0231,0.0783,-0.0322
2026-06-01,AME,0.0712,0.0231,0.0783,-0.0322
2026-07-01,AME,-0.001,0.0231,0.0783,-0.0322
2026-08-01,AME,-0.0271,0.0231,0.0783,-0.0322
2026-09-01,AME,0.0662,0.0231,0.0783,-0.0322
2025-07-01,AMGN,0.0569,0.028,0.0989,-0.043
2025-08-01,AMGN,-0.025,0.028,0.0989,-0.043
2025-09-01,AMGN,-0.0192,0.028,0.0989,-0.043
2025-10-01,AMGN,0.0575,0.028,0.0989,-0.043
2025-11-01,AMGN,0.1576,0.028,0.0989,-0.043
2025-12-01,AMGN,-0.0525,0.028,0.0989,-0.043
2026-01-01,AMGN,0.0445,0.028,0.0989,-0.043
2026-02-01,AMGN,0.1354,0.028,0.0989,-0.043
2026-03-01,AMGN,-0.0935,0.028,0.0989,-0.043
2026-04-01,AMGN,-0.0159,0.028,0.0989,-0.043
2026-05-01,AMGN,-0.0273,0.028,0.0989,-0.043
2026-06-01,AMGN,0.0752,0.028,0.0989,-0.043
2026-07-01,AMGN,0.0636,0.028,0.0989,-0.043
2026-08-01,AMGN,0.1161,0.028,0.0989,-0.043
2026-09-01,AMGN,-0.0355,0.028,0.0989,-0.043
2025-07-01,AMP,-0.0291,-0.0009,0.0781,-0.0799
2025-08-01,AMP,-0.0065,-0.0009,0.0781,-0.0799
2025-09-01,AMP,-0.0458,-0.0009,0.0781,-0.0799
2025-10-01,AMP,-0.0783,-0.0009,0.0781,-0.0799
2025-11-01,AMP,0.0066,-0.0009,0.0781,-0.0799
2025-12-01,AMP,0.0759,-0.0009,0.0781,-0.0799
2026-01-01,AMP,0.0752,-0.0009,0.0781,-0.0799
2026-02-01,AMP,-0.1083,-0.0009,0.0781,-0.0799
2026-03-01,AMP,-0.0547,-0.0009,0.0781,-0.0799
2026-04-01,AMP,0.0684,-0.0009,0.0781,-0.0799
2026-05-01,AMP,-0.0612,-0.0009,0.0781,-0.0799
2026-06-01,AMP,0.0293,-0.0009,0.0781,-0.0799
2026-07-01,AMP,0.1898,-0.0009,0.0781,-0.0799
2026-08-01,AMP,0.0133,-0.0009,0.0781,-0.0799
2026-09-01,AMP,-0.1087,-0.0009,0.0781,-0.0799
2025-07-01,AMT,-0.0571,-0.0174,0.0402,-0.0751
2025-08-01,AMT,-0.0218,-0.0174,0.0402,-0.0751
2025-09-01,AMT,-0.0566,-0.0174,0.0402,-0.0751
2025-10-01,AMT,-0.0694,-0.0174,0.0402,-0.0751
2025-11-01,AMT,0.0128,-0.0174,0.0402,-0.0751
2025-12-01,AMT,-0.0314,-0.0174,0.0402,-0.0751
2026-01-01,AMT,0.0211,-0.0174,0.0402,-0.0751
2026-02-01,AMT,0.0702,-0.0174,0.0402,-0.0751
2026-03-01,AMT,-0.1005,-0.0174,0.0402,-0.0751
2026-04-01,AMT,0.0587,-0.0174,0.0402,-0.0751
2026-05-01,AMT,0.0233,-0.0174,0.0402,-0.0751
2026-06-01,AMT,-0.1251,-0.0174,0.0402,-0.0751
2026-07-01,AMT,0.0599,-0.0174,0.0402,-0.0751
2026-08-01,AMT,0.0135,-0.0174,0.0402,-0.0751
2026-09-01,AMT,-0.038,-0.0174,0.0402,-0.0751
2025-07-01,AMZN,0.0671,0.0158,0.1151,-0.0835
2025-08-01,AMZN,-0.0218,0.0158,0.1151,-0.0835
2025-09-01,AMZN,-0.0412,0.0158,0.1151,-0.0835
2025-10-01,AMZN,0.1123,0.0158,0.1151,-0.0835
2025-11-01,AMZN,-0.045,0.0158,0.1151,-0.0835
2025-12-01,AMZN,-0.0103,0.0158,0.1151,-0.0835
2026-01-01,AMZN,0.0367,0.0158,0.1151,-0.0835
2026-02-01,AMZN,-0.1224,0.0158,0.1151,-0.0835
2026-03-01,AMZN,-0.0082,0.0158,0.1151,-0.0835
2026-04-01,AMZN,0.2727,0.0158,0.1151,-0.0835
2026-05-01,AMZN,0.0211,0.0158,0.1151,-0.0835
2026-06-01,AMZN,-0.1193,0.0158,0.1151,-0.0835
2026-07-01,AMZN,0.1395,0.0158,0.1151,-0.0835
2026-08-01,AMZN,-0.0435,0.0158,0.1151,-0.0835
2026-09-01,AMZN,-0.0389,0.0158,0.1151,-0.0835
2025-07-01,ANET,0.2044,0.0582,0.1876,-0.0713
2025-08-01,ANET,0.1082,0.0582,0.1876,-0.0713
2025-09-01,ANET,0.0671,0.0582,0.1876,-0.0713
2025-10-01,ANET,0.0822,0.0582,0.1876,-0.0713
2025-11-01,ANET,-0.1713,0.0582,0.1876,-0.0713
2025-12-01,ANET,0.0027,0.0582,0.1876,-0.0713
2026-01-01,ANET,0.0817,0.0582,0.1876,-0.0713
2026-02-01,ANET,-0.0581,0.0582,0.1876,-0.0713
2026-03-01,ANET,-0.0803,0.0582,0.1876,-0.0713
2026-04-01,ANET,0.4067,0.0582,0.1876,-0.0713
2026-05-01,ANET,-0.0767,0.0582,0.1876,-0.0713
2026-06-01,ANET,0.0653,0.0582,0.1876,-0.0713
2026-07-01,ANET,0.0616,0.0582,0.1876,-0.0713
2026-08-01,ANET,0.0851,0.0582,0.1876,-0.0713
2026-09-01,ANET,0.0555,0.0582,0.1876,-0.0713
2025-07-01,AON,-0.0029,-0.0143,0.0411,-0.0696
2025-08-01,AON,0.0317,-0.0143,0.0411,-0.0696
2025-09-01,AON,-0.0284,-0.0143,0.0411,-0.0696
2025-10-01,AON,-0.0446,-0.0143,0.0411,-0.0696
2025-11-01,AON,0.0389,-0.0143,0.0411,-0.0696
2025-12-01,AON,-0.0029,-0.0143,0.0411,-0.0696
2026-01-01,AON,-0.0092,-0.0143,0.0411,-0.0696
2026-02-01,AON,-0.0405,-0.0143,0.0411,-0.0696
2026-03-01,AON,-0.0378,-0.0143,0.0411,-0.0696
2026-04-01,AON,-0.0345,-0.0143,0.0411,-0.0696
2026-05-01,AON,0.0142,-0.0143,0.0411,-0.0696
2026-06-01,AON,0.0495,-0.0143,0.0411,-0.0696
2026-07-01,AON,0.087,-0.0143,0.0411,-0.0696
2026-08-01,AON,-0.1083,-0.0143,0.0411,-0.0696
2026-09-01,AON,-0.1354,-0.0143,0.0411,-0.0696
2025-07-01,AOS,0.0796,-0.0061,0.0672,-0.0794
2025-08-01,AOS,0.0071,-0.0061,0.0672,-0.0794
2025-09-01,AOS,0.0297,-0.0061,0.0672,-0.0794
2025-10-01,AOS,-0.1011,-0.0061,0.0672,-0.0794
2025-11-01,AOS,-0.0002,-0.0061,0.0672,-0.0794
2025-12-01,AOS,0.0136,-0.0061,0.0672,-0.0794
2026-01-01,AOS,0.0988,-0.0061,0.0672,-0.0794
2026-02-01,AOS,0.0614,-0.0061,0.0672,-0.0794
2026-03-01,AOS,-0.1546,-0.0061,0.0672,-0.0794
2026-04-01,AOS,-0.0622,-0.0061,0.0672,-0.0794
2026-05-01,AOS,-0.0828,-0.0061,0.0672,-0.0794
2026-06-01,AOS,0.1058,-0.0061,0.0672,-0.0794
2026-07-01,AOS,-0.0413,-0.0061,0.0672,-0.0794
2026-08-01,AOS,-0.0166,-0.0061,0.0672,-0.0794
2026-09-01,AOS,-0.0081,-0.0061,0.0672,-0.0794
2025-07-01,APA,0.0547,0.0661,0.198,-0.0657
2025-08-01,APA,0.2037,0.0661,0.198,-0.0657
2025-09-01,APA,0.0457,0.0661,0.198,-0.0657
2025-10-01,APA,-0.0671,0.0661,0.198,-0.0657
2025-11-01,APA,0.1024,0.0661,0.198,-0.0657
2025-12-01,APA,-0.0204,0.0661,0.198,-0.0657
2026-01-01,APA,0.0797,0.0661,0.198,-0.0657
2026-02-01,APA,0.1499,0.0661,0.198,-0.0657
2026-03-01,APA,0.3974,0.0661,0.198,-0.0657
2026-04-01,APA,-0.0403,0.0661,0.198,-0.0657
2026-05-01,APA,-0.1056,0.0661,0.198,-0.0657
2026-06-01,APA,-0.106,0.0661,0.198,-0.0657
2026-07-01,APA,0.1458,0.0661,0.198,-0.0657
2026-08-01,APA,0.1562,0.0661,0.198,-0.0657
2026-09-01,APA,-0.0095,0.0661,0.198,-0.0657
2025-07-01,APD,0.0206,0.0013,0.0646,-0.062
2025-08-01,APD,0.0216,0.0013,0.0646,-0.062
2025-09-01,APD,-0.0727,0.0013,0.0646,-0.062
2025-10-01,APD,-0.1105,0.0013,0.0646,-0.062
2025-11-01,APD,0.0761,0.0013,0.0646,-0.062
2025-12-01,APD,-0.0537,0.0013,0.0646,-0.062
2026-01-01,APD,0.1032,0.0013,0.0646,-0.062
2026-02-01,APD,0.0116,0.0013,0.0646,-0.062
2026-03-01,APD,0.0538,0.0013,0.0646,-0.062
2026-04-01,APD,0.0329,0.0013,0.0646,-0.062
2026-05-01,APD,-0.0714,0.0013,0.0646,-0.062
2026-06-01,APD,0.0523,0.0013,0.0646,-0.062
2026-07-01,APD,0.0058,0.0013,0.0646,-0.062
2026-08-01,APD,0.0494,0.0013,0.0646,-0.062
2026-09-01,APD,-0.0895,0.0013,0.0646,-0.062
2025-07-01,APH,0.0786,0.0396,0.1289,-0.0498
2025-08-01,APH,0.0221,0.0396,0.1289,-0.0498
2025-09-01,APH,0.1368,0.0396,0.1289,-0.0498
2025-10-01,APH,0.126,0.0396,0.1289,-0.0498
2025-11-01,APH,0.0112,0.0396,0.1289,-0.0498
2025-12-01,APH,-0.0409,0.0396,0.1289,-0.0498
2026-01-01,APH,0.0662,0.0396,0.1289,-0.0498
2026-02-01,APH,0.0137,0.0396,0.1289,-0.0498
2026-03-01,APH,-0.1349,0.0396,0.1289,-0.0498
2026-04-01,APH,0.1656,0.0396,0.1289,-0.0498
2026-05-01,APH,0.0101,0.0396,0.1289,-0.0498
2026-06-01,APH,0.1853,0.0396,0.1289,-0.0498
2026-07-01,APH,-0.0886,0.0396,0.1289,-0.0498
2026-08-01,APH,-0.0134,0.0396,0.1289,-0.0498
2026-09-01,APH,0.0607,0.0396,0.1289,-0.0498
2025-07-01,APO,0.0243,-0.0032,0.0904,-0.0968
2025-08-01,APO,-0.0626,-0.0032,0.0904,-0.0968
2025-09-01,APO,-0.0217,-0.0032,0.0904,-0.0968
2025-10-01,APO,-0.0672,-0.0032,0.0904,-0.0968
2025-11-01,APO,0.0607,-0.0032,0.0904,-0.0968
2025-12-01,APO,0.0979,-0.0032,0.0904,-0.0968
2026-01-01,APO,-0.0706,-0.0032,0.0904,-0.0968
2026-02-01,APO,-0.2225,-0.0032,0.0904,-0.0968
2026-03-01,APO,0.0652,-0.0032,0.0904,-0.0968
2026-04-01,APO,0.1553,-0.0032,0.0904,-0.0968
2026-05-01,APO,-0.0001,-0.0032,0.0904,-0.0968
2026-06-01,APO,-0.0808,-0.0032,0.0904,-0.0968
2026-07-01,APO,0.0615,-0.0032,0.0904,-0.0968
2026-08-01,APO,0.0875,-0.0032,0.0904,-0.0968
2026-09-01,APO,-0.109,-0.0032,0.0904,-0.0968
2025-07-01,APP,0.116,0.0144,0.2343,-0.2055
2025-08-01,APP,0.225,0.0144,0.2343,-0.2055
2025-09-01,APP,0.5014,0.0144,0.2343,-0.2055
2025-10-01,APP,-0.113,0.0144,0.2343,-0.2055
2025-11-01,APP,-0.0594,0.0144,0.2343,-0.2055
2025-12-01,APP,0.124,0.0144,0.2343,-0.2055
2026-01-01,APP,-0.2979,0.0144,0.2343,-0.2055
2026-02-01,APP,-0.081,0.0144,0.2343,-0.2055
2026-03-01,APP,-0.0846,0.0144,0.2343,-0.2055
2026-04-01,APP,0.1215,0.0144,0.2343,-0.2055
2026-05-01,APP,0.3736,0.0144,0.2343,-0.2055
2026-06-01,APP,-0.1596,0.0144,0.2343,-0.2055
2026-07-01,APP,-0.2316,0.0144,0.2343,-0.2055
2026-08-01,APP,-0.2118,0.0144,0.2343,-0.2055
2026-09-01,APP,-0.0042,0.0144,0.2343,-0.2055
2025-07-01,APTV,0.0062,-0.0243,0.0676,-0.1162
2025-08-01,APTV,0.1587,-0.0243,0.0676,-0.1162
2025-09-01,APTV,0.0841,-0.0243,0.0676,-0.1162
2025-10-01,APTV,-0.0594,-0.0243,0.0676,-0.1162
2025-11-01,APTV,-0.0438,-0.0243,0.0676,-0.1162
2025-12-01,APTV,-0.0188,-0.0243,0.0676,-0.1162
2026-01-01,APTV,-0.0045,-0.0243,0.0676,-0.1162
2026-02-01,APTV,-0.0292,-0.0243,0.0676,-0.1162
2026-03-01,APTV,-0.0558,-0.0243,0.0676,-0.1162
2026-04-01,APTV,-0.1322,-0.0243,0.0676,-0.1162
2026-05-01,APTV,0.1274,-0.0243,0.0676,-0.1162
2026-06-01,APTV,-0.0966,-0.0243,0.0676,-0.1162
2026-07-01,APTV,-0.08,-0.0243,0.0676,-0.1162
2026-08-01,APTV,-0.2074,-0.0243,0.0676,-0.1162
2026-09-01,APTV,0.0007,-0.0243,0.0676,-0.1162
2025-07-01,ARE,0.0523,-0.02,0.1019,-0.1419
2025-08-01,ARE,0.0786,-0.02,0.1019,-0.1419
2025-09-01,ARE,0.0109,-0.02,0.1019,-0.1419
2025-10-01,ARE,-0.3014,-0.02,0.1019,-0.1419
2025-11-01,ARE,-0.0782,-0.02,0.1019,-0.1419
2025-12-01,ARE,-0.0881,-0.02,0.1019,-0.1419
2026-01-01,ARE,0.1165,-0.02,0.1019,-0.1419
2026-02-01,ARE,-0.011,-0.02,0.1019,-0.1419
2026-03-01,ARE,-0.141,-0.02,0.1019,-0.1419
2026-04-01,ARE,-0.1273,-0.02,0.1019,-0.1419
2026-05-01,ARE,0.2264,-0.02,0.1019,-0.1419
2026-06-01,ARE,0.0638,-0.02,0.1019,-0.1419
2026-07-01,ARE,-0.0265,-0.02,0.1019,-0.1419
2026-08-01,ARE,-0.0031,-0.02,0.1019,-0.1419
2026-09-01,ARE,-0.0265,-0.02,0.1019,-0.1419
2025-07-01,ARES,0.0712,-0.0143,0.0948,-0.1234
2025-08-01,ARES,-0.0341,-0.0143,0.0948,-0.1234
2025-09-01,ARES,-0.1078,-0.0143,0.0948,-0.1234
2025-10-01,ARES,-0.0699,-0.0143,0.0948,-0.1234
2025-11-01,ARES,0.0547,-0.0143,0.0948,-0.1234
2025-12-01,ARES,0.0305,-0.0143,0.0948,-0.1234
2026-01-01,ARES,-0.074,-0.0143,0.0948,-0.1234
2026-02-01,ARES,-0.2516,-0.0143,0.0948,-0.1234
2026-03-01,ARES,-0.026,-0.0143,0.0948,-0.1234
2026-04-01,ARES,0.0761,-0.0143,0.0948,-0.1234
2026-05-01,ARES,0.0945,-0.0143,0.0948,-0.1234
2026-06-01,ARES,-0.1338,-0.0143,0.0948,-0.1234
2026-07-01,ARES,0.1508,-0.0143,0.0948,-0.1234
2026-08-01,ARES,0.1177,-0.0143,0.0948,-0.1234
2026-09-01,ARES,-0.1478,-0.0143,0.0948,-0.1234
2025-07-01,ASC,0.1333,0.049,0.1761,-0.0781
2025-08-01,ASC,0.068,0.049,0.1761,-0.0781
2025-09-01,ASC,0.0215,0.049,0.1761,-0.0781
2025-10-01,ASC,0.0607,0.049,0.1761,-0.0781
2025-11-01,ASC,-0.0286,0.049,0.1761,-0.0781
2025-12-01,ASC,-0.1341,0.049,0.1761,-0.0781
2026-01-01,ASC,0.22,0.049,0.1761,-0.0781
2026-02-01,ASC,0.2678,0.049,0.1761,-0.0781
2026-03-01,ASC,-0.069,0.049,0.1761,-0.0781
2026-04-01,ASC,0.162,0.049,0.1761,-0.0781
2026-05-01,ASC,-0.0926,0.049,0.1761,-0.0781
2026-06-01,ASC,-0.1287,0.049,0.1761,-0.0781
2026-07-01,ASC,0.2413,0.049,0.1761,-0.0781
2026-09-01,ASC,0.0265,0.049,0.1761,-0.0781
2025-07-01,ATO,0.0117,0.0024,0.0536,-0.0488
2025-08-01,ATO,0.0655,0.0024,0.0536,-0.0488
2025-09-01,ATO,0.0278,0.0024,0.0536,-0.0488
2025-10-01,ATO,0.0057,0.0024,0.0536,-0.0488
2025-11-01,ATO,0.0271,0.0024,0.0536,-0.0488
2025-12-01,ATO,-0.0496,0.0024,0.0536,-0.0488
2026-01-01,ATO,-0.0077,0.0024,0.0536,-0.0488
2026-02-01,ATO,0.1229,0.0024,0.0536,-0.0488
2026-03-01,ATO,-0.0111,0.0024,0.0536,-0.0488
2026-04-01,ATO,0.0285,0.0024,0.0536,-0.0488
2026-05-01,ATO,-0.1097,0.0024,0.0536,-0.0488
2026-06-01,ATO,0.0186,0.0024,0.0536,-0.0488
2026-07-01,ATO,0.003,0.0024,0.0536,-0.0488
2026-08-01,ATO,-0.0385,0.0024,0.0536,-0.0488
2026-09-01,ATO,-0.0537,0.0024,0.0536,-0.0488
2025-07-01,AVGO,0.0655,0.0236,0.143,-0.0958
2025-08-01,AVGO,0.0126,0.0236,0.143,-0.0958
2025-09-01,AVGO,0.1094,0.0236,0.143,-0.0958
2025-10-01,AVGO,0.1204,0.0236,0.143,-0.0958
2025-11-01,AVGO,0.0902,0.0236,0.143,-0.0958
2025-12-01,AVGO,-0.1411,0.0236,0.143,-0.0958
2026-01-01,AVGO,-0.0428,0.0236,0.143,-0.0958
2026-02-01,AVGO,-0.0355,0.0236,0.143,-0.0958
2026-03-01,AVGO,-0.0314,0.0236,0.143,-0.0958
2026-04-01,AVGO,0.3487,0.0236,0.143,-0.0958
2026-05-01,AVGO,0.0703,0.0236,0.143,-0.0958
2026-06-01,AVGO,-0.1545,0.0236,0.143,-0.0958
2026-07-01,AVGO,0.0305,0.0236,0.143,-0.0958
2026-08-01,AVGO,-0.0487,0.0236,0.143,-0.0958
2026-09-01,AVGO,-0.0473,0.0236,0.143,-0.0958
2025-07-01,AVY,-0.0439,-0.0004,0.0524,-0.0533
2025-08-01,AVY,0.0231,-0.0004,0.0524,-0.0533
2025-09-01,AVY,-0.0552,-0.0004,0.0524,-0.0533
2025-10-01,AVY,0.0784,-0.0004,0.0524,-0.0533
2025-11-01,AVY,-0.0144,-0.0004,0.0524,-0.0533
2025-12-01,AVY,0.0552,-0.0004,0.0524,-0.0533
2026-01-01,AVY,0.02,-0.0004,0.0524,-0.0533
2026-02-01,AVY,0.0584,-0.0004,0.0524,-0.0533
2026-03-01,AVY,-0.1206,-0.0004,0.0524,-0.0533
2026-04-01,AVY,-0.0507,-0.0004,0.0524,-0.0533
2026-05-01,AVY,-0.0296,-0.0004,0.0524,-0.0533
2026-06-01,AVY,0.0206,-0.0004,0.0524,-0.0533
2026-07-01,AVY,0.0455,-0.0004,0.0524,-0.0533
2026-08-01,AVY,0.0258,-0.0004,0.0524,-0.0533
2026-09-01,AVY,-0.0217,-0.0004,0.0524,-0.0533
2025-07-01,AWK,0.0081,-0.0036,0.0365,-0.0436
2025-08-01,AWK,0.0233,-0.0036,0.0365,-0.0436
2025-09-01,AWK,-0.0301,-0.0036,0.0365,-0.0436
2025-10-01,AWK,-0.0773,-0.0036,0.0365,-0.0436
2025-11-01,AWK,0.0128,-0.0036,0.0365,-0.0436
2025-12-01,AWK,0.0033,-0.0036,0.0365,-0.0436
2026-01-01,AWK,-0.0105,-0.0036,0.0365,-0.0436
2026-02-01,AWK,0.0534,-0.0036,0.0365,-0.0436
2026-03-01,AWK,0.0004,-0.0036,0.0365,-0.0436
2026-04-01,AWK,-0.0564,-0.0036,0.0365,-0.0436
2026-05-01,AWK,-0.0401,-0.0036,0.0365,-0.0436
2026-06-01,AWK,0.0674,-0.0036,0.0365,-0.0436
2026-07-01,AWK,0.0197,-0.0036,0.0365,-0.0436
2026-08-01,AWK,0.0303,-0.0036,0.0365,-0.0436
2026-09-01,AWK,-0.053,-0.0036,0.0365,-0.0436
2025-07-01,AXON,-0.0875,-0.0309,0.1074,-0.1693
2025-08-01,AXON,-0.0109,-0.0309,0.1074,-0.1693
2025-09-01,AXON,-0.0397,-0.0309,0.1074,-0.1693
2025-10-01,AXON,0.0203,-0.0309,0.1074,-0.1693
2025-11-01,AXON,-0.2623,-0.0309,0.1074,-0.1693
2025-12-01,AXON,0.0515,-0.0309,0.1074,-0.1693
2026-01-01,AXON,-0.1485,-0.0309,0.1074,-0.1693
2026-02-01,AXON,0.1216,-0.0309,0.1074,-0.1693
2026-03-01,AXON,-0.217,-0.0309,0.1074,-0.1693
2026-04-01,AXON,-0.054,-0.0309,0.1074,-0.1693
2026-05-01,AXON,0.1169,-0.0309,0.1074,-0.1693
2026-06-01,AXON,0.2494,-0.0309,0.1074,-0.1693
2026-07-01,AXON,-0.0586,-0.0309,0.1074,-0.1693
2026-08-01,AXON,0.0735,-0.0309,0.1074,-0.1693
2026-09-01,AXON,-0.2408,-0.0309,0.1074,-0.1693
2025-07-01,AXP,-0.0617,0.0013,0.0616,-0.059
2025-08-01,AXP,0.1068,0.0013,0.0616,-0.059
2025-09-01,AXP,0.0027,0.0013,0.0616,-0.059
2025-10-01,AXP,0.086,0.0013,0.0616,-0.059
2025-11-01,AXP,0.0126,0.0013,0.0616,-0.059
2025-12-01,AXP,0.0128,0.0013,0.0616,-0.059
2026-01-01,AXP,-0.0481,0.0013,0.0616,-0.059
2026-02-01,AXP,-0.1229,0.0013,0.0616,-0.059
2026-03-01,AXP,-0.0208,0.0013,0.0616,-0.059
2026-04-01,AXP,0.068,0.0013,0.0616,-0.059
2026-05-01,AXP,-0.0204,0.0013,0.0616,-0.059
2026-06-01,AXP,0.0688,0.0013,0.0616,-0.059
2026-07-01,AXP,-0.0059,0.0013,0.0616,-0.059
2026-08-01,AXP,-0.0181,0.0013,0.0616,-0.059
2026-09-01,AXP,-0.0645,0.0013,0.0616,-0.059
2025-07-01,AZO,0.0151,-0.0138,0.0839,-0.1115
2025-08-01,AZO,0.1141,-0.0138,0.0839,-0.1115
2025-09-01,AZO,0.0218,-0.0138,0.0839,-0.1115
2025-10-01,AZO,-0.1435,-0.0138,0.0839,-0.1115
2025-11-01,AZO,0.0762,-0.0138,0.0839,-0.1115
2025-12-01,AZO,-0.1423,-0.0138,0.0839,-0.1115
2026-01-01,AZO,0.0922,-0.0138,0.0839,-0.1115
2026-02-01,AZO,0.0138,-0.0138,0.0839,-0.1115
2026-03-01,AZO,-0.1006,-0.0138,0.0839,-0.1115
2026-04-01,AZO,0.0966,-0.0138,0.0839,-0.1115
2026-05-01,AZO,-0.2076,-0.0138,0.0839,-0.1115
2026-06-01,AZO,0.0888,-0.0138,0.0839,-0.1115
2026-07-01,AZO,-0.0562,-0.0138,0.0839,-0.1115
2026-08-01,AZO,-0.0083,-0.0138,0.0839,-0.1115
2026-09-01,AZO,-0.0398,-0.0138,0.0839,-0.1115
2025-07-01,BA,0.0588,-0.0002,0.081,-0.0814
2025-08-01,BA,0.0579,-0.0002,0.081,-0.0814
2025-09-01,BA,-0.0803,-0.0002,0.081,-0.0814
2025-10-01,BA,-0.0686,-0.0002,0.081,-0.0814
2025-11-01,BA,-0.0598,-0.0002,0.081,-0.0814
2025-12-01,BA,0.1488,-0.0002,0.081,-0.0814
2026-01-01,BA,0.0765,-0.0002,0.081,-0.0814
2026-02-01,BA,-0.0265,-0.0002,0.081,-0.0814
2026-03-01,BA,-0.1253,-0.0002,0.081,-0.0814
2026-04-01,BA,0.1507,-0.0002,0.081,-0.0814
2026-05-01,BA,0.0093,-0.0002,0.081,-0.0814
2026-06-01,BA,-0.0635,-0.0002,0.081,-0.0814
2026-07-01,BA,-0.0015,-0.0002,0.081,-0.0814
2026-08-01,BA,-0.0387,-0.0002,0.081,-0.0814
2026-09-01,BA,-0.0467,-0.0002,0.081,-0.0814
2025-07-01,BAC,-0.0011,0.0154,0.0705,-0.0397
2025-08-01,BAC,0.0734,0.0154,0.0705,-0.0397
2025-09-01,BAC,0.0168,0.0154,0.0705,-0.0397
2025-10-01,BAC,0.0361,0.0154,0.0705,-0.0397
2025-11-01,BAC,0.0037,0.0154,0.0705,-0.0397
2025-12-01,BAC,0.0252,0.0154,0.0705,-0.0397
2026-01-01,BAC,-0.0327,0.0154,0.0705,-0.0397
2026-02-01,BAC,-0.0633,0.0154,0.0705,-0.0397
2026-03-01,BAC,-0.0217,0.0154,0.0705,-0.0397
2026-04-01,BAC,0.0966,0.0154,0.0705,-0.0397
2026-05-01,BAC,-0.0348,0.0154,0.0705,-0.0397
2026-06-01,BAC,0.1043,0.0154,0.0705,-0.0397
2026-07-01,BAC,0.0872,0.0154,0.0705,-0.0397
2026-08-01,BAC,-0.0002,0.0154,0.0705,-0.0397
2026-09-01,BAC,-0.0846,0.0154,0.0705,-0.0397
2025-07-01,BALL,0.0209,0.0036,0.091,-0.0839
2025-08-01,BALL,-0.0807,0.0036,0.091,-0.0839
2025-09-01,BALL,-0.0422,0.0036,0.091,-0.0839
2025-10-01,BALL,-0.0678,0.0036,0.091,-0.0839
2025-11-01,BALL,0.0538,0.0036,0.091,-0.0839
2025-12-01,BALL,0.0695,0.0036,0.091,-0.0839
2026-01-01,BALL,0.0736,0.0036,0.091,-0.0839
2026-02-01,BALL,0.1804,0.0036,0.091,-0.0839
2026-03-01,BALL,-0.1195,0.0036,0.091,-0.0839
2026-04-01,BALL,0.0333,0.0036,0.091,-0.0839
2026-05-01,BALL,-0.1049,0.0036,0.091,-0.0839
2026-06-01,BALL,0.1414,0.0036,0.091,-0.0839
2026-07-01,BALL,0.0401,0.0036,0.091,-0.0839
2026-08-01,BALL,-0.0297,0.0036,0.091,-0.0839
2026-09-01,BALL,-0.0975,0.0036,0.091,-0.0839
2025-07-01,BAX,-0.2814,-0.0098,0.1246,-0.1442
2025-08-01,BAX,0.1347,-0.0098,0.1246,-0.1442
2025-09-01,BAX,-0.0778,-0.0098,0.1246,-0.1442
2025-10-01,BAX,-0.1888,-0.0098,0.1246,-0.1442
2025-11-01,BAX,0.0146,-0.0098,0.1246,-0.1442
2025-12-01,BAX,0.0197,-0.0098,0.1246,-0.1442
2026-01-01,BAX,0.0502,-0.0098,0.1246,-0.1442
2026-02-01,BAX,0.0149,-0.0098,0.1246,-0.1442
2026-03-01,BAX,-0.1753,-0.0098,0.1246,-0.1442
2026-04-01,BAX,0.0464,-0.0098,0.1246,-0.1442
2026-05-01,BAX,0.0683,-0.0098,0.1246,-0.1442
2026-06-01,BAX,0.1353,-0.0098,0.1246,-0.1442
2026-07-01,BAX,0.227,-0.0098,0.1246,-0.1442
2026-08-01,BAX,-0.0061,-0.0098,0.1246,-0.1442
2026-09-01,BAX,-0.1012,-0.0098,0.1246,-0.1442
2025-07-01,BBY,-0.0308,0.0251,0.1326,-0.0824
2025-08-01,BBY,0.1319,0.0251,0.1326,-0.0824
2025-09-01,BBY,0.0269,0.0251,0.1326,-0.0824
2025-10-01,BBY,0.0862,0.0251,0.1326,-0.0824
2025-11-01,BBY,-0.0348,0.0251,0.1326,-0.0824
2025-12-01,BBY,-0.1558,0.0251,0.1326,-0.0824
2026-01-01,BBY,-0.0273,0.0251,0.1326,-0.0824
2026-02-01,BBY,-0.0481,0.0251,0.1326,-0.0824
2026-03-01,BBY,0.036,0.0251,0.1326,-0.0824
2026-04-01,BBY,-0.0578,0.0251,0.1326,-0.0824
2026-05-01,BBY,0.2886,0.0251,0.1326,-0.0824
2026-06-01,BBY,-0.0266,0.0251,0.1326,-0.0824
2026-07-01,BBY,0.1368,0.0251,0.1326,-0.0824
2026-08-01,BBY,-0.0708,0.0251,0.1326,-0.0824
2026-09-01,BBY,0.1293,0.0251,0.1326,-0.0824
2025-07-01,BDX,0.0348,0.0215,0.0888,-0.0458
2025-08-01,BDX,0.0826,0.0215,0.0888,-0.0458
2025-09-01,BDX,-0.0301,0.0215,0.0888,-0.0458
2025-10-01,BDX,-0.0452,0.0215,0.0888,-0.0458
2025-11-01,BDX,0.0856,0.0215,0.0888,-0.0458
2025-12-01,BDX,0.0003,0.0215,0.0888,-0.0458
2026-01-01,BDX,0.0485,0.0215,0.0888,-0.0458
2026-02-01,BDX,0.1032,0.0215,0.0888,-0.0458
2026-03-01,BDX,-0.1091,0.0215,0.0888,-0.0458
2026-04-01,BDX,-0.0521,0.0215,0.0888,-0.0458
2026-05-01,BDX,-0.0129,0.0215,0.0888,-0.0458
2026-06-01,BDX,0.0286,0.0215,0.0888,-0.0458
2026-07-01,BDX,0.0944,0.0215,0.0888,-0.0458
2026-08-01,BDX,0.1358,0.0215,0.0888,-0.0458
2026-09-01,BDX,-0.0228,0.0215,0.0888,-0.0458
2025-07-01,BEN,0.0063,0.0251,0.1129,-0.0626
2025-08-01,BEN,0.0692,0.0251,0.1129,-0.0626
2025-09-01,BEN,-0.0986,0.0251,0.1129,-0.0626
2025-10-01,BEN,-0.0225,0.0251,0.1129,-0.0626
2025-11-01,BEN,-0.0009,0.0251,0.1129,-0.0626
2025-12-01,BEN,0.0575,0.0251,0.1129,-0.0626
2026-01-01,BEN,0.1143,0.0251,0.1129,-0.0626
2026-02-01,BEN,-0.003,0.0251,0.1129,-0.0626
2026-03-01,BEN,-0.11,0.0251,0.1129,-0.0626
2026-04-01,BEN,0.2688,0.0251,0.1129,-0.0626
2026-05-01,BEN,0.035,0.0251,0.1129,-0.0626
2026-06-01,BEN,0.0725,0.0251,0.1129,-0.0626
2026-07-01,BEN,0.0177,0.0251,0.1129,-0.0626
2026-08-01,BEN,0.0086,0.0251,0.1129,-0.0626
2026-09-01,BEN,-0.0331,0.0251,0.1129,-0.0626
2025-07-01,BF.B,0.0721,-0.0008,0.0611,-0.0628
2025-08-01,BF.B,0.0378,-0.0008,0.0611,-0.0628
2025-09-01,BF.B,-0.0955,-0.0008,0.0611,-0.0628
2025-10-01,BF.B,0.0055,-0.0008,0.0611,-0.0628
2025-11-01,BF.B,0.0643,-0.0008,0.0611,-0.0628
2025-12-01,BF.B,-0.1008,-0.0008,0.0611,-0.0628
2026-01-01,BF.B,0.0503,-0.0008,0.0611,-0.0628
2026-02-01,BF.B,0.0544,-0.0008,0.0611,-0.0628
2026-03-01,BF.B,-0.0839,-0.0008,0.0611,-0.0628
2026-04-01,BF.B,-0.0253,-0.0008,0.0611,-0.0628
2026-05-01,BF.B,-0.0019,-0.0008,0.0611,-0.0628
2026-06-01,BF.B,0.0362,-0.0008,0.0611,-0.0628
2026-07-01,BF.B,0.078,-0.0008,0.0611,-0.0628
2026-08-01,BF.B,-0.0752,-0.0008,0.0611,-0.0628
2026-09-01,BF.B,-0.0154,-0.0008,0.0611,-0.0628
2025-07-01,BG,-0.0065,0.0253,0.1229,-0.0724
2025-08-01,BG,0.0559,0.0253,0.1229,-0.0724
2025-09-01,BG,-0.0353,0.0253,0.1229,-0.0724
2025-10-01,BG,0.1643,0.0253,0.1229,-0.0724
2025-11-01,BG,0.0155,0.0253,0.1229,-0.0724
2025-12-01,BG,-0.0728,0.0253,0.1229,-0.0724
2026-01-01,BG,0.2784,0.0253,0.1229,-0.0724
2026-02-01,BG,0.0594,0.0253,0.1229,-0.0724
2026-03-01,BG,0.0543,0.0253,0.1229,-0.0724
2026-04-01,BG,-0.001,0.0253,0.1229,-0.0724
2026-05-01,BG,-0.0297,0.0253,0.1229,-0.0724
2026-06-01,BG,-0.1344,0.0253,0.1229,-0.0724
2026-07-01,BG,-0.0047,0.0253,0.1229,-0.0724
2026-08-01,BG,0.0939,0.0253,0.1229,-0.0724
2026-09-01,BG,-0.062,0.0253,0.1229,-0.0724
2025-07-01,BIIB,0.0192,0.0406,0.0999,-0.0188
2025-08-01,BIIB,0.033,0.0406,0.0999,-0.0188
2025-09-01,BIIB,0.0594,0.0406,0.0999,-0.0188
2025-10-01,BIIB,0.1013,0.0406,0.0999,-0.0188
2025-11-01,BIIB,0.1803,0.0406,0.0999,-0.0188
2025-12-01,BIIB,-0.0335,0.0406,0.0999,-0.0188
2026-01-01,BIIB,0.0222,0.0406,0.0999,-0.0188
2026-02-01,BIIB,0.0663,0.0406,0.0999,-0.0188
2026-03-01,BIIB,-0.0443,0.0406,0.0999,-0.0188
2026-04-01,BIIB,0.0325,0.0406,0.0999,-0.0188
2026-05-01,BIIB,0.0355,0.0406,0.0999,-0.0188
2026-06-01,BIIB,0.1023,0.0406,0.0999,-0.0188
2026-07-01,BIIB,-0.0607,0.0406,0.0999,-0.0188
2026-08-01,BIIB,0.0675,0.0406,0.0999,-0.0188
2026-09-01,BIIB,0.0505,0.0406,0.0999,-0.0188
2025-07-01,BKNG,-0.0493,-0.0175,0.0552,-0.0902
2025-08-01,BKNG,0.0173,-0.0175,0.0552,-0.0902
2025-09-01,BKNG,-0.0357,-0.0175,0.0552,-0.0902
2025-10-01,BKNG,-0.0595,-0.0175,0.0552,-0.0902
2025-11-01,BKNG,-0.0321,-0.0175,0.0552,-0.0902
2025-12-01,BKNG,0.0896,-0.0175,0.0552,-0.0902
2026-01-01,BKNG,-0.066,-0.0175,0.0552,-0.0902
2026-02-01,BKNG,-0.1524,-0.0175,0.0552,-0.0902
2026-03-01,BKNG,-0.0068,-0.0175,0.0552,-0.0902
2026-04-01,BKNG,-0.0003,-0.0175,0.0552,-0.0902
2026-05-01,BKNG,-0.0055,-0.0175,0.0552,-0.0902
2026-06-01,BKNG,0.0646,-0.0175,0.0552,-0.0902
2026-07-01,BKNG,0.0822,-0.0175,0.0552,-0.0902
2026-08-01,BKNG,0.0321,-0.0175,0.0552,-0.0902
2026-09-01,BKNG,-0.1765,-0.0175,0.0552,-0.0902
2025-07-01,BKR,0.175,0.0328,0.1408,-0.0752
2025-08-01,BKR,0.0078,0.0328,0.1408,-0.0752
2025-09-01,BKR,0.0731,0.0328,0.1408,-0.0752
2025-10-01,BKR,-0.0064,0.0328,0.1408,-0.0752
2025-11-01,BKR,0.037,0.0328,0.1408,-0.0752
2025-12-01,BKR,-0.0928,0.0328,0.1408,-0.0752
2026-01-01,BKR,0.2306,0.0328,0.1408,-0.0752
2026-02-01,BKR,0.1645,0.0328,0.1408,-0.0752
2026-03-01,BKR,-0.0645,0.0328,0.1408,-0.0752
2026-04-01,BKR,0.1412,0.0328,0.1408,-0.0752
2026-05-01,BKR,-0.0831,0.0328,0.1408,-0.0752
2026-06-01,BKR,-0.1312,0.0328,0.1408,-0.0752
2026-07-01,BKR,0.0899,0.0328,0.1408,-0.0752
2026-08-01,BKR,0.0506,0.0328,0.1408,-0.0752
2026-09-01,BKR,-0.09,0.0328,0.1408,-0.0752
2025-07-01,BLDR,0.0895,-0.0381,0.0778,-0.154
2025-08-01,BLDR,0.0909,-0.0381,0.0778,-0.154
2025-09-01,BLDR,-0.1257,-0.0381,0.0778,-0.154
2025-10-01,BLDR,-0.0419,-0.0381,0.0778,-0.154
2025-11-01,BLDR,-0.0339,-0.0381,0.0778,-0.154
2025-12-01,BLDR,-0.0832,-0.0381,0.0778,-0.154
2026-01-01,BLDR,0.1119,-0.0381,0.0778,-0.154
2026-02-01,BLDR,-0.0884,-0.0381,0.0778,-0.154
2026-03-01,BLDR,-0.2106,-0.0381,0.0778,-0.154
2026-04-01,BLDR,-0.0394,-0.0381,0.0778,-0.154
2026-05-01,BLDR,-0.0358,-0.0381,0.0778,-0.154
2026-06-01,BLDR,0.1734,-0.0381,0.0778,-0.154
2026-07-01,BLDR,-0.2575,-0.0381,0.0778,-0.154
2026-08-01,BLDR,-0.0006,-0.0381,0.0778,-0.154
2026-09-01,BLDR,-0.1089,-0.0381,0.0778,-0.154
2025-07-01,BLK,0.0541,0.0053,0.0736,-0.0629
2025-08-01,BLK,0.0191,0.0053,0.0736,-0.0629
2025-09-01,BLK,0.0344,0.0053,0.0736,-0.0629
2025-10-01,BLK,-0.0712,0.0053,0.0736,-0.0629
2025-11-01,BLK,-0.0328,0.0053,0.0736,-0.0629
2025-12-01,BLK,0.022,0.0053,0.0736,-0.0629
2026-01-01,BLK,0.0454,0.0053,0.0736,-0.0629
2026-02-01,BLK,-0.0498,0.0053,0.0736,-0.0629
2026-03-01,BLK,-0.0955,0.0053,0.0736,-0.0629
2026-04-01,BLK,0.108,0.0053,0.0736,-0.0629
2026-05-01,BLK,-0.0176,0.0053,0.0736,-0.0629
2026-06-01,BLK,-0.0815,0.0053,0.0736,-0.0629
2026-07-01,BLK,0.134,0.0053,0.0736,-0.0629
2026-08-01,BLK,0.0598,0.0053,0.0736,-0.0629
2026-09-01,BLK,-0.06,0.0053,0.0736,-0.0629
2025-07-01,BMY,-0.0644,0.0226,0.0881,-0.0429
2025-08-01,BMY,0.0894,0.0226,0.0881,-0.0429
2025-09-01,BMY,-0.0441,0.0226,0.0881,-0.0429
2025-10-01,BMY,0.0215,0.0226,0.0881,-0.0429
2025-11-01,BMY,0.0679,0.0226,0.0881,-0.0429
2025-12-01,BMY,0.0963,0.0226,0.0881,-0.0429
2026-01-01,BMY,0.0206,0.0226,0.0881,-0.0429
2026-02-01,BMY,0.133,0.0226,0.0881,-0.0429
2026-03-01,BMY,-0.0276,0.0226,0.0881,-0.0429
2026-04-01,BMY,-0.001,0.0226,0.0881,-0.0429
2026-05-01,BMY,-0.0563,0.0226,0.0881,-0.0429
2026-06-01,BMY,0.0077,0.0226,0.0881,-0.0429
2026-07-01,BMY,0.1335,0.0226,0.0881,-0.0429
2026-08-01,BMY,0.023,0.0226,0.0881,-0.0429
2026-09-01,BMY,-0.0591,0.0226,0.0881,-0.0429
2025-07-01,BNY,0.1135,0.0359,0.0833,-0.0116
2025-08-01,BNY,0.0409,0.0359,0.0833,-0.0116
2025-09-01,BNY,0.0318,0.0359,0.0833,-0.0116
2025-10-01,BNY,-0.0095,0.0359,0.0833,-0.0116
2025-11-01,BNY,0.0386,0.0359,0.0833,-0.0116
2025-12-01,BNY,0.0356,0.0359,0.0833,-0.0116
2026-01-01,BNY,0.033,0.0359,0.0833,-0.0116
2026-02-01,BNY,-0.0068,0.0359,0.0833,-0.0116
2026-03-01,BNY,-0.0039,0.0359,0.0833,-0.0116
2026-04-01,BNY,0.1327,0.0359,0.0833,-0.0116
2026-05-01,BNY,0.0377,0.0359,0.0833,-0.0116
2026-06-01,BNY,0.0372,0.0359,0.0833,-0.0116
2026-07-01,BNY,0.081,0.0359,0.0833,-0.0116
2026-08-01,BNY,0.0317,0.0359,0.0833,-0.0116
2026-09-01,BNY,-0.069,0.0359,0.0833,-0.0116
2025-07-01,BR,0.0184,-0.0217,0.0657,-0.1092
2025-08-01,BR,0.0328,-0.0217,0.0657,-0.1092
2025-09-01,BR,-0.0683,-0.0217,0.0657,-0.1092
2025-10-01,BR,-0.0746,-0.0217,0.0657,-0.1092
2025-11-01,BR,0.0349,-0.0217,0.0657,-0.1092
2025-12-01,BR,-0.0216,-0.0217,0.0657,-0.1092
2026-01-01,BR,-0.1168,-0.0217,0.0657,-0.1092
2026-02-01,BR,-0.057,-0.0217,0.0657,-0.1092
2026-03-01,BR,-0.1258,-0.0217,0.0657,-0.1092
2026-04-01,BR,-0.0523,-0.0217,0.0657,-0.1092
2026-05-01,BR,-0.0017,-0.0217,0.0657,-0.1092
2026-06-01,BR,-0.1091,-0.0217,0.0657,-0.1092
2026-07-01,BR,0.1241,-0.0217,0.0657,-0.1092
2026-08-01,BR,0.1847,-0.0217,0.0657,-0.1092
2026-09-01,BR,-0.102,-0.0217,0.0657,-0.1092
2025-07-01,BRK.B,-0.0286,0.0022,0.0427,-0.0383
2025-08-01,BRK.B,0.0659,0.0022,0.0427,-0.0383
2025-09-01,BRK.B,-0.0005,0.0022,0.0427,-0.0383
2025-10-01,BRK.B,-0.0501,0.0022,0.0427,-0.0383
2025-11-01,BRK.B,0.076,0.0022,0.0427,-0.0383
2025-12-01,BRK.B,-0.0217,0.0022,0.0427,-0.0383
2026-01-01,BRK.B,-0.044,0.0022,0.0427,-0.0383
2026-02-01,BRK.B,0.0508,0.0022,0.0427,-0.0383
2026-03-01,BRK.B,-0.051,0.0022,0.0427,-0.0383
2026-04-01,BRK.B,-0.0117,0.0022,0.0427,-0.0383
2026-05-01,BRK.B,0.0019,0.0022,0.0427,-0.0383
2026-06-01,BRK.B,0.0546,0.0022,0.0427,-0.0383
2026-07-01,BRK.B,0.0223,0.0022,0.0427,-0.0383
2026-08-01,BRK.B,-0.0147,0.0022,0.0427,-0.0383
2026-09-01,BRK.B,0.0029,0.0022,0.0427,-0.0383
2025-07-01,BRO,-0.1759,-0.0353,0.0559,-0.1265
2025-08-01,BRO,0.0611,-0.0353,0.0559,-0.1265
2025-09-01,BRO,-0.0326,-0.0353,0.0559,-0.1265
2025-10-01,BRO,-0.1498,-0.0353,0.0559,-0.1265
2025-11-01,BRO,0.0087,-0.0353,0.0559,-0.1265
2025-12-01,BRO,-0.0091,-0.0353,0.0559,-0.1265
2026-01-01,BRO,-0.0954,-0.0353,0.0559,-0.1265
2026-02-01,BRO,-0.0039,-0.0353,0.0559,-0.1265
2026-03-01,BRO,-0.092,-0.0353,0.0559,-0.1265
2026-04-01,BRO,-0.0776,-0.0353,0.0559,-0.1265
2026-05-01,BRO,-0.0648,-0.0353,0.0559,-0.1265
2026-06-01,BRO,0.1404,-0.0353,0.0559,-0.1265
2026-07-01,BRO,0.0974,-0.0353,0.0559,-0.1265
2026-08-01,BRO,0.0251,-0.0353,0.0559,-0.1265
2026-09-01,BRO,-0.1573,-0.0353,0.0559,-0.1265
2025-07-01,BSX,-0.0232,-0.0529,0.028,-0.1337
2025-08-01,BSX,0.0055,-0.0529,0.028,-0.1337
2025-09-01,BSX,-0.0746,-0.0529,0.028,-0.1337
2025-10-01,BSX,0.0317,-0.0529,0.028,-0.1337
2025-11-01,BSX,0.0085,-0.0529,0.028,-0.1337
2025-12-01,BSX,-0.0613,-0.0529,0.028,-0.1337
2026-01-01,BSX,-0.0191,-0.0529,0.028,-0.1337
2026-02-01,BSX,-0.1783,-0.0529,0.028,-0.1337
2026-03-01,BSX,-0.1835,-0.0529,0.028,-0.1337
2026-04-01,BSX,-0.0819,-0.0529,0.028,-0.1337
2026-05-01,BSX,-0.1614,-0.0529,0.028,-0.1337
2026-06-01,BSX,-0.1165,-0.0529,0.028,-0.1337
2026-07-01,BSX,0.0949,-0.0529,0.028,-0.1337
2026-08-01,BSX,0.0336,-0.0529,0.028,-0.1337
2026-09-01,BSX,-0.0907,-0.0529,0.028,-0.1337
2025-07-01,BTC=F,0.085,-0.0064,0.1149,-0.1276
2025-08-01,BTC=F,-0.0748,-0.0064,0.1149,-0.1276
2025-09-01,BTC=F,0.0601,-0.0064,0.1149,-0.1276
2025-10-01,BTC=F,-0.0413,-0.0064,0.1149,-0.1276
2025-11-01,BTC=F,-0.1628,-0.0064,0.1149,-0.1276
2025-12-01,BTC=F,-0.0494,-0.0064,0.1149,-0.1276
2026-01-01,BTC=F,-0.0555,-0.0064,0.1149,-0.1276
2026-02-01,BTC=F,-0.2078,-0.0064,0.1149,-0.1276
2026-03-01,BTC=F,0.0422,-0.0064,0.1149,-0.1276
2026-04-01,BTC=F,0.1187,-0.0064,0.1149,-0.1276
2026-05-01,BTC=F,-0.0366,-0.0064,0.1149,-0.1276
2026-06-01,BTC=F,-0.2062,-0.0064,0.1149,-0.1276
2026-07-01,BTC=F,0.0777,-0.0064,0.1149,-0.1276
2026-08-01,BTC=F,0.2469,-0.0064,0.1149,-0.1276
2026-09-01,BTC=F,0.0725,-0.0064,0.1149,-0.1276
2025-07-01,BTI,0.1342,0.0114,0.0787,-0.0559
2025-08-01,BTI,0.0598,0.0114,0.0787,-0.0559
2025-09-01,BTI,-0.067,0.0114,0.0787,-0.0559
2025-10-01,BTI,-0.0356,0.0114,0.0787,-0.0559
2025-11-01,BTI,0.1459,0.0114,0.0787,-0.0559
2025-12-01,BTI,-0.0348,0.0114,0.0787,-0.0559
2026-01-01,BTI,0.0717,0.0114,0.0787,-0.0559
2026-02-01,BTI,0.0325,0.0114,0.0787,-0.0559
2026-03-01,BTI,-0.0667,0.0114,0.0787,-0.0559
2026-04-01,BTI,0.0056,0.0114,0.0787,-0.0559
2026-05-01,BTI,0.0509,0.0114,0.0787,-0.0559
2026-06-01,BTI,-0.0005,0.0114,0.0787,-0.0559
2026-07-01,BTI,-0.018,0.0114,0.0787,-0.0559
2026-08-01,BTI,-0.0838,0.0114,0.0787,-0.0559
2026-09-01,BTI,0.0011,0.0114,0.0787,-0.0559
2025-07-01,BTU,0.2034,0.0623,0.2562,-0.1315
2025-08-01,BTU,0.0774,0.0623,0.2562,-0.1315
2025-09-01,BTU,0.5241,0.0623,0.2562,-0.1315
2025-10-01,BTU,0.0339,0.0623,0.2562,-0.1315
2025-11-01,BTU,-0.0066,0.0623,0.2562,-0.1315
2025-12-01,BTU,0.0903,0.0623,0.2562,-0.1315
2026-01-01,BTU,0.1872,0.0623,0.2562,-0.1315
2026-02-01,BTU,-0.1055,0.0623,0.2562,-0.1315
2026-03-01,BTU,0.0447,0.0623,0.2562,-0.1315
2026-04-01,BTU,-0.1909,0.0623,0.2562,-0.1315
2026-05-01,BTU,0.0146,0.0623,0.2562,-0.1315
2026-06-01,BTU,-0.1453,0.0623,0.2562,-0.1315
2026-07-01,BTU,-0.0779,0.0623,0.2562,-0.1315
2026-08-01,BTU,0.3926,0.0623,0.2562,-0.1315
2026-09-01,BTU,-0.1431,0.0623,0.2562,-0.1315
2025-07-01,BX,0.1563,-0.007,0.0954,-0.1094
2025-08-01,BX,-0.009,-0.007,0.0954,-0.1094
2025-09-01,BX,-0.0032,-0.007,0.0954,-0.1094
2025-10-01,BX,-0.1417,-0.007,0.0954,-0.1094
2025-11-01,BX,-0.0015,-0.007,0.0954,-0.1094
2025-12-01,BX,0.0527,-0.007,0.0954,-0.1094
2026-01-01,BX,-0.076,-0.007,0.0954,-0.1094
2026-02-01,BX,-0.204,-0.007,0.0954,-0.1094
2026-03-01,BX,0.0143,-0.007,0.0954,-0.1094
2026-04-01,BX,0.0921,-0.007,0.0954,-0.1094
2026-05-01,BX,-0.0686,-0.007,0.0954,-0.1094
2026-06-01,BX,0.006,-0.007,0.0954,-0.1094
2026-07-01,BX,0.0857,-0.007,0.0954,-0.1094
2026-08-01,BX,0.1213,-0.007,0.0954,-0.1094
2026-09-01,BX,-0.1733,-0.007,0.0954,-0.1094
2025-07-01,BXP,-0.0302,-0.0011,0.0718,-0.0741
2025-08-01,BXP,0.1082,-0.0011,0.0718,-0.0741
2025-09-01,BXP,0.0252,-0.0011,0.0718,-0.0741
2025-10-01,BXP,-0.0424,-0.0011,0.0718,-0.0741
2025-11-01,BXP,0.0164,-0.0011,0.0718,-0.0741
2025-12-01,BXP,-0.0674,-0.0011,0.0718,-0.0741
2026-01-01,BXP,-0.0416,-0.0011,0.0718,-0.0741
2026-02-01,BXP,-0.1096,-0.0011,0.0718,-0.0741
2026-03-01,BXP,-0.0986,-0.0011,0.0718,-0.0741
2026-04-01,BXP,0.1264,-0.0011,0.0718,-0.0741
2026-05-01,BXP,0.0265,-0.0011,0.0718,-0.0741
2026-06-01,BXP,0.105,-0.0011,0.0718,-0.0741
2026-07-01,BXP,0.0575,-0.0011,0.0718,-0.0741
2026-08-01,BXP,-0.0304,-0.0011,0.0718,-0.0741
2026-09-01,BXP,-0.0675,-0.0011,0.0718,-0.0741
2025-07-01,C,0.1008,0.0334,0.0917,-0.0249
2025-08-01,C,0.0306,0.0334,0.0917,-0.0249
2025-09-01,C,0.0511,0.0334,0.0917,-0.0249
2025-10-01,C,-0.0027,0.0334,0.0917,-0.0249
2025-11-01,C,0.0234,0.0334,0.0917,-0.0249
2025-12-01,C,0.1264,0.0334,0.0917,-0.0249
2026-01-01,C,-0.0084,0.0334,0.0917,-0.0249
2026-02-01,C,-0.0477,0.0334,0.0917,-0.0249
2026-03-01,C,0.0292,0.0334,0.0917,-0.0249
2026-04-01,C,0.1285,0.0334,0.0917,-0.0249
2026-05-01,C,-0.0163,0.0334,0.0917,-0.0249
2026-06-01,C,0.1117,0.0334,0.0917,-0.0249
2026-07-01,C,-0.0537,0.0334,0.0917,-0.0249
2026-08-01,C,-0.0063,0.0334,0.0917,-0.0249
2026-09-01,C,0.0202,0.0334,0.0917,-0.0249
2025-07-01,CAG,-0.108,-0.0213,0.0598,-0.1024
2025-08-01,CAG,0.0476,-0.0213,0.0598,-0.1024
2025-09-01,CAG,-0.0429,-0.0213,0.0598,-0.1024
2025-10-01,CAG,-0.0612,-0.0213,0.0598,-0.1024
2025-11-01,CAG,0.0384,-0.0213,0.0598,-0.1024
2025-12-01,CAG,-0.0303,-0.0213,0.0598,-0.1024
2026-01-01,CAG,0.0693,-0.0213,0.0598,-0.1024
2026-02-01,CAG,0.04,-0.0213,0.0598,-0.1024
2026-03-01,CAG,-0.1834,-0.0213,0.0598,-0.1024
2026-04-01,CAG,-0.0872,-0.0213,0.0598,-0.1024
2026-05-01,CAG,-0.0746,-0.0213,0.0598,-0.1024
2026-06-01,CAG,0.0136,-0.0213,0.0598,-0.1024
2026-07-01,CAG,0.078,-0.0213,0.0598,-0.1024
2026-08-01,CAG,0.1041,-0.0213,0.0598,-0.1024
2026-09-01,CAG,-0.1061,-0.0213,0.0598,-0.1024
2025-07-01,CAH,-0.0761,0.0222,0.1175,-0.0731
2025-08-01,CAH,-0.0415,0.0222,0.1175,-0.0731
2025-09-01,CAH,0.055,0.0222,0.1175,-0.0731
2025-10-01,CAH,0.2154,0.0222,0.1175,-0.0731
2025-11-01,CAH,0.1126,0.0222,0.1175,-0.0731
2025-12-01,CAH,-0.0318,0.0222,0.1175,-0.0731
2026-01-01,CAH,0.0456,0.0222,0.1175,-0.0731
2026-02-01,CAH,0.0668,0.0222,0.1175,-0.0731
2026-03-01,CAH,-0.0782,0.0222,0.1175,-0.0731
2026-04-01,CAH,-0.0872,0.0222,0.1175,-0.0731
2026-05-01,CAH,0.0203,0.0222,0.1175,-0.0731
2026-06-01,CAH,0.2071,0.0222,0.1175,-0.0731
2026-07-01,CAH,-0.0317,0.0222,0.1175,-0.0731
2026-08-01,CAH,0.02,0.0222,0.1175,-0.0731
2026-09-01,CAH,-0.0614,0.0222,0.1175,-0.0731
2025-07-01,CALM,0.1155,-0.0213,0.0653,-0.1078
2025-08-01,CALM,0.0405,-0.0213,0.0653,-0.1078
2025-09-01,CALM,-0.1863,-0.0213,0.0653,-0.1078
2025-10-01,CALM,-0.067,-0.0213,0.0653,-0.1078
2025-11-01,CALM,-0.051,-0.0213,0.0653,-0.1078
2025-12-01,CALM,-0.045,-0.0213,0.0653,-0.1078
2026-01-01,CALM,0.0498,-0.0213,0.0653,-0.1078
2026-02-01,CALM,0.0429,-0.0213,0.0653,-0.1078
2026-03-01,CALM,-0.0914,-0.0213,0.0653,-0.1078
2026-04-01,CALM,-0.0239,-0.0213,0.0653,-0.1078
2026-05-01,CALM,-0.0329,-0.0213,0.0653,-0.1078
2026-06-01,CALM,0.0782,-0.0213,0.0653,-0.1078
2026-07-01,CALM,0.0896,-0.0213,0.0653,-0.1078
2026-08-01,CALM,-0.1009,-0.0213,0.0653,-0.1078
2026-09-01,CALM,-0.1456,-0.0213,0.0653,-0.1078
2025-07-01,CANE,-0.0046,0.0034,0.0742,-0.0675
2025-09-01,CANE,-0.0284,0.0034,0.0742,-0.0675
2025-10-01,CANE,-0.1226,0.0034,0.0742,-0.0675
2025-11-01,CANE,0.0495,0.0034,0.0742,-0.0675
2026-01-01,CANE,-0.0533,0.0034,0.0742,-0.0675
2026-02-01,CANE,0.0054,0.0034,0.0742,-0.0675
2026-03-01,CANE,0.1238,0.0034,0.0742,-0.0675
2026-04-01,CANE,-0.0603,0.0034,0.0742,-0.0675
2026-05-01,CANE,-0.0255,0.0034,0.0742,-0.0675
2026-06-01,CANE,0.0241,0.0034,0.0742,-0.0675
2026-07-01,CANE,-0.0174,0.0034,0.0742,-0.0675
2026-08-01,CANE,0.1767,0.0034,0.0742,-0.0675
2026-09-01,CANE,-0.0097,0.0034,0.0742,-0.0675
2025-07-01,CARR,-0.0624,-0.0139,0.0858,-0.1135
2025-08-01,CARR,-0.0498,-0.0139,0.0858,-0.1135
2025-09-01,CARR,-0.0844,-0.0139,0.0858,-0.1135
2025-10-01,CARR,-0.0035,-0.0139,0.0858,-0.1135
2025-11-01,CARR,-0.0775,-0.0139,0.0858,-0.1135
2025-12-01,CARR,-0.0372,-0.0139,0.0858,-0.1135
2026-01-01,CARR,0.1276,-0.0139,0.0858,-0.1135
2026-02-01,CARR,0.0809,-0.0139,0.0858,-0.1135
2026-03-01,CARR,-0.1256,-0.0139,0.0858,-0.1135
2026-04-01,CARR,0.1929,-0.0139,0.0858,-0.1135
2026-05-01,CARR,-0.0491,-0.0139,0.0858,-0.1135
2026-06-01,CARR,0.1484,-0.0139,0.0858,-0.1135
2026-07-01,CARR,-0.1573,-0.0139,0.0858,-0.1135
2026-08-01,CARR,-0.0581,-0.0139,0.0858,-0.1135
2026-09-01,CARR,-0.0318,-0.0139,0.0858,-0.1135
2025-07-01,CASY,0.0193,0.016,0.119,-0.0871
2025-08-01,CASY,-0.0492,0.016,0.119,-0.0871
2025-09-01,CASY,0.1432,0.016,0.119,-0.0871
2025-10-01,CASY,-0.0922,0.016,0.119,-0.0871
2025-11-01,CASY,0.1116,0.016,0.119,-0.0871
2025-12-01,CASY,-0.0311,0.016,0.119,-0.0871
2026-01-01,CASY,0.0973,0.016,0.119,-0.0871
2026-02-01,CASY,0.1304,0.016,0.119,-0.0871
2026-03-01,CASY,0.0617,0.016,0.119,-0.0871
2026-04-01,CASY,0.1295,0.016,0.119,-0.0871
2026-05-01,CASY,-0.0669,0.016,0.119,-0.0871
2026-06-01,CASY,0.036,0.016,0.119,-0.0871
2026-07-01,CASY,0.0959,0.016,0.119,-0.0871
2026-08-01,CASY,-0.1364,0.016,0.119,-0.0871
2026-09-01,CASY,-0.2044,0.016,0.119,-0.0871
2025-07-01,CAT,0.1283,0.0589,0.1873,-0.0694
2025-08-01,CAT,-0.0433,0.0589,0.1873,-0.0694
2025-09-01,CAT,0.1387,0.0589,0.1873,-0.0694
2025-10-01,CAT,0.2098,0.0589,0.1873,-0.0694
2025-11-01,CAT,-0.0026,0.0589,0.1873,-0.0694
2025-12-01,CAT,-0.005,0.0589,0.1873,-0.0694
2026-01-01,CAT,0.1475,0.0589,0.1873,-0.0694
2026-02-01,CAT,0.13,0.0589,0.1873,-0.0694
2026-03-01,CAT,-0.0463,0.0589,0.1873,-0.0694
2026-04-01,CAT,0.2564,0.0589,0.1873,-0.0694
2026-05-01,CAT,-0.016,0.0589,0.1873,-0.0694
2026-06-01,CAT,0.2158,0.0589,0.1873,-0.0694
2026-07-01,CAT,-0.2348,0.0589,0.1873,-0.0694
2026-08-01,CAT,-0.0213,0.0589,0.1873,-0.0694
2026-09-01,CAT,0.0302,0.0589,0.1873,-0.0694
2025-07-01,CB,-0.0817,0.0097,0.0613,-0.0419
2025-08-01,CB,0.0339,0.0097,0.0613,-0.0419
2025-09-01,CB,0.0261,0.0097,0.0613,-0.0419
2025-10-01,CB,-0.0188,0.0097,0.0613,-0.0419
2025-11-01,CB,0.0695,0.0097,0.0613,-0.0419
2025-12-01,CB,0.0538,0.0097,0.0613,-0.0419
2026-01-01,CB,-0.0082,0.0097,0.0613,-0.0419
2026-02-01,CB,0.1011,0.0097,0.0613,-0.0419
2026-03-01,CB,-0.0438,0.0097,0.0613,-0.0419
2026-04-01,CB,0.0033,0.0097,0.0613,-0.0419
2026-05-01,CB,-0.0467,0.0097,0.0613,-0.0419
2026-06-01,CB,0.0931,0.0097,0.0613,-0.0419
2026-07-01,CB,0.0292,0.0097,0.0613,-0.0419
2026-08-01,CB,-0.0344,0.0097,0.0613,-0.0419
2026-09-01,CB,-0.0154,0.0097,0.0613,-0.0419
2025-07-01,CBOE,0.0336,0.0143,0.135,-0.1065
2025-08-01,CBOE,-0.0211,0.0143,0.135,-0.1065
2025-09-01,CBOE,0.0394,0.0143,0.135,-0.1065
2025-10-01,CBOE,0.0016,0.0143,0.135,-0.1065
2025-11-01,CBOE,0.051,0.0143,0.135,-0.1065
2025-12-01,CBOE,-0.0278,0.0143,0.135,-0.1065
2026-01-01,CBOE,0.056,0.0143,0.135,-0.1065
2026-02-01,CBOE,0.1308,0.0143,0.135,-0.1065
2026-03-01,CBOE,-0.0622,0.0143,0.135,-0.1065
2026-04-01,CBOE,0.0677,0.0143,0.135,-0.1065
2026-05-01,CBOE,0.1115,0.0143,0.135,-0.1065
2026-06-01,CBOE,-0.2725,0.0143,0.135,-0.1065
2026-07-01,CBOE,0.2784,0.0143,0.135,-0.1065
2026-08-01,CBOE,-0.0323,0.0143,0.135,-0.1065
2026-09-01,CBOE,-0.1405,0.0143,0.135,-0.1065
2025-07-01,CBRE,0.1115,0.0016,0.0768,-0.0736
2025-08-01,CBRE,0.041,0.0016,0.0768,-0.0736
2025-09-01,CBRE,-0.0281,0.0016,0.0768,-0.0736
2025-10-01,CBRE,-0.0326,0.0016,0.0768,-0.0736
2025-11-01,CBRE,0.0617,0.0016,0.0768,-0.0736
2025-12-01,CBRE,-0.0064,0.0016,0.0768,-0.0736
2026-01-01,CBRE,0.0593,0.0016,0.0768,-0.0736
2026-02-01,CBRE,-0.1331,0.0016,0.0768,-0.0736
2026-03-01,CBRE,-0.0826,0.0016,0.0768,-0.0736
2026-04-01,CBRE,0.0537,0.0016,0.0768,-0.0736
2026-05-01,CBRE,-0.1239,0.0016,0.0768,-0.0736
2026-06-01,CBRE,0.0772,0.0016,0.0768,-0.0736
2026-07-01,CBRE,0.09,0.0016,0.0768,-0.0736
2026-08-01,CBRE,-0.0068,0.0016,0.0768,-0.0736
2026-09-01,CBRE,-0.0772,0.0016,0.0768,-0.0736
2025-07-01,CCI,0.023,-0.0256,0.0381,-0.0893
2025-08-01,CCI,-0.0566,-0.0256,0.0381,-0.0893
2025-09-01,CCI,-0.0267,-0.0256,0.0381,-0.0893
2025-10-01,CCI,-0.065,-0.0256,0.0381,-0.0893
2025-11-01,CCI,0.0117,-0.0256,0.0381,-0.0893
2025-12-01,CCI,-0.0264,-0.0256,0.0381,-0.0893
2026-01-01,CCI,-0.0232,-0.0256,0.0381,-0.0893
2026-02-01,CCI,0.0314,-0.0256,0.0381,-0.0893
2026-03-01,CCI,-0.0919,-0.0256,0.0381,-0.0893
2026-04-01,CCI,0.0919,-0.0256,0.0381,-0.0893
2026-05-01,CCI,0.0306,-0.0256,0.0381,-0.0893
2026-06-01,CCI,-0.1724,-0.0256,0.0381,-0.0893
2026-07-01,CCI,0.0075,-0.0256,0.0381,-0.0893
2026-08-01,CCI,-0.0021,-0.0256,0.0381,-0.0893
2026-09-01,CCI,-0.109,-0.0256,0.0381,-0.0893
2025-07-01,CCJ,0.0094,0.0223,0.1605,-0.116
2025-08-01,CCJ,0.0328,0.0223,0.1605,-0.116
2025-09-01,CCJ,0.0836,0.0223,0.1605,-0.116
2025-10-01,CCJ,0.2188,0.0223,0.1605,-0.116
2025-11-01,CCJ,-0.134,0.0223,0.1605,-0.116
2025-12-01,CCJ,0.0337,0.0223,0.1605,-0.116
2026-01-01,CCJ,0.3487,0.0223,0.1605,-0.116
2026-02-01,CCJ,-0.0404,0.0223,0.1605,-0.116
2026-03-01,CCJ,-0.0827,0.0223,0.1605,-0.116
2026-04-01,CCJ,0.1329,0.0223,0.1605,-0.116
2026-05-01,CCJ,-0.084,0.0223,0.1605,-0.116
2026-06-01,CCJ,-0.0962,0.0223,0.1605,-0.116
2026-07-01,CCJ,-0.152,0.0223,0.1605,-0.116
2026-08-01,CCJ,0.1433,0.0223,0.1605,-0.116
2026-09-01,CCJ,-0.1082,0.0223,0.1605,-0.116
2025-07-01,CCL,0.0587,-0.0105,0.082,-0.103
2025-08-01,CCL,0.0712,-0.0105,0.082,-0.103
2025-09-01,CCL,-0.0934,-0.0105,0.082,-0.103
2025-10-01,CCL,-0.0028,-0.0105,0.082,-0.103
2025-11-01,CCL,-0.1058,-0.0105,0.082,-0.103
2025-12-01,CCL,0.1846,-0.0105,0.082,-0.103
2026-01-01,CCL,-0.017,-0.0105,0.082,-0.103
2026-02-01,CCL,0.051,-0.0105,0.082,-0.103
2026-03-01,CCL,-0.1797,-0.0105,0.082,-0.103
2026-04-01,CCL,0.0243,-0.0105,0.082,-0.103
2026-05-01,CCL,0.0585,-0.0105,0.082,-0.103
2026-06-01,CCL,0.0182,-0.0105,0.082,-0.103
2026-07-01,CCL,-0.0266,-0.0105,0.082,-0.103
2026-08-01,CCL,-0.141,-0.0105,0.082,-0.103
2026-09-01,CCL,-0.0686,-0.0105,0.082,-0.103
2025-07-01,CDNS,0.1831,0.0076,0.0957,-0.0805
2025-08-01,CDNS,-0.0388,0.0076,0.0957,-0.0805
2025-09-01,CDNS,0.0024,0.0076,0.0957,-0.0805
2025-10-01,CDNS,-0.0358,0.0076,0.0957,-0.0805
2025-11-01,CDNS,-0.0793,0.0076,0.0957,-0.0805
2025-12-01,CDNS,0.0024,0.0076,0.0957,-0.0805
2026-01-01,CDNS,-0.0519,0.0076,0.0957,-0.0805
2026-02-01,CDNS,0.017,0.0076,0.0957,-0.0805
2026-03-01,CDNS,-0.0781,0.0076,0.0957,-0.0805
2026-04-01,CDNS,0.1861,0.0076,0.0957,-0.0805
2026-05-01,CDNS,0.1376,0.0076,0.0957,-0.0805
2026-06-01,CDNS,0.001,0.0076,0.0957,-0.0805
2026-07-01,CDNS,-0.0941,0.0076,0.0957,-0.0805
2026-08-01,CDNS,-0.0036,0.0076,0.0957,-0.0805
2026-09-01,CDNS,-0.0373,0.0076,0.0957,-0.0805
2025-07-01,CDW,-0.0236,-0.0141,0.0551,-0.0834
2025-08-01,CDW,-0.0552,-0.0141,0.0551,-0.0834
2025-09-01,CDW,-0.0333,-0.0141,0.0551,-0.0834
2025-10-01,CDW,0.0006,-0.0141,0.0551,-0.0834
2025-11-01,CDW,-0.0951,-0.0141,0.0551,-0.0834
2025-12-01,CDW,-0.0556,-0.0141,0.0551,-0.0834
2026-01-01,CDW,-0.072,-0.0141,0.0551,-0.0834
2026-02-01,CDW,-0.0297,-0.0141,0.0551,-0.0834
2026-03-01,CDW,-0.0132,-0.0141,0.0551,-0.0834
2026-04-01,CDW,0.1313,-0.0141,0.0551,-0.0834
2026-05-01,CDW,-0.0837,-0.0141,0.0551,-0.0834
2026-06-01,CDW,0.1211,-0.0141,0.0551,-0.0834
2026-07-01,CDW,0.051,-0.0141,0.0551,-0.0834
2026-08-01,CDW,0.0255,-0.0141,0.0551,-0.0834
2026-09-01,CDW,-0.1065,-0.0141,0.0551,-0.0834
2025-07-01,CEG,0.0777,-0.006,0.1066,-0.1186
2025-08-01,CEG,-0.1146,-0.006,0.1066,-0.1186
2025-09-01,CEG,0.0685,-0.006,0.1066,-0.1186
2025-10-01,CEG,0.1457,-0.006,0.1066,-0.1186
2025-11-01,CEG,-0.0335,-0.006,0.1066,-0.1186
2025-12-01,CEG,-0.0304,-0.006,0.1066,-0.1186
2026-01-01,CEG,-0.2055,-0.006,0.1066,-0.1186
2026-02-01,CEG,0.1753,-0.006,0.1066,-0.1186
2026-03-01,CEG,-0.1535,-0.006,0.1066,-0.1186
2026-04-01,CEG,0.1209,-0.006,0.1066,-0.1186
2026-05-01,CEG,-0.0807,-0.006,0.1066,-0.1186
2026-06-01,CEG,-0.1369,-0.006,0.1066,-0.1186
2026-07-01,CEG,0.0579,-0.006,0.1066,-0.1186
2026-08-01,CEG,0.0457,-0.006,0.1066,-0.1186
2026-09-01,CEG,-0.0419,-0.006,0.1066,-0.1186
2025-07-01,CF,0.009,0.0223,0.1384,-0.0937
2025-08-01,CF,-0.0668,0.0223,0.1384,-0.0937
2025-09-01,CF,0.0354,0.0223,0.1384,-0.0937
2025-10-01,CF,-0.0715,0.0223,0.1384,-0.0937
2025-11-01,CF,-0.0551,0.0223,0.1384,-0.0937
2025-12-01,CF,-0.0173,0.0223,0.1384,-0.0937
2026-01-01,CF,0.2055,0.0223,0.1384,-0.0937
2026-02-01,CF,0.0677,0.0223,0.1384,-0.0937
2026-03-01,CF,0.3044,0.0223,0.1384,-0.0937
2026-04-01,CF,-0.0434,0.0223,0.1384,-0.0937
2026-05-01,CF,-0.0954,0.0223,0.1384,-0.0937
2026-06-01,CF,-0.0364,0.0223,0.1384,-0.0937
2026-07-01,CF,0.1564,0.0223,0.1384,-0.0937
2026-08-01,CF,0.0387,0.0223,0.1384,-0.0937
2026-09-01,CF,-0.1181,0.0223,0.1384,-0.0937
2025-07-01,CFG,0.0664,0.0279,0.0866,-0.0308
2025-08-01,CFG,0.0956,0.0279,0.0866,-0.0308
2025-09-01,CFG,0.0168,0.0279,0.0866,-0.0308
2025-10-01,CFG,-0.0431,0.0279,0.0866,-0.0308
2025-11-01,CFG,0.0635,0.0279,0.0866,-0.0308
2025-12-01,CFG,0.0797,0.0279,0.0866,-0.0308
2026-01-01,CFG,0.0782,0.0279,0.0866,-0.0308
2026-02-01,CFG,-0.0443,0.0279,0.0866,-0.0308
2026-03-01,CFG,-0.0037,0.0279,0.0866,-0.0308
2026-04-01,CFG,0.0847,0.0279,0.0866,-0.0308
2026-05-01,CFG,-0.0429,0.0279,0.0866,-0.0308
2026-06-01,CFG,0.1254,0.0279,0.0866,-0.0308
2026-07-01,CFG,0.0225,0.0279,0.0866,-0.0308
2026-08-01,CFG,-0.0388,0.0279,0.0866,-0.0308
2026-09-01,CFG,-0.0485,0.0279,0.0866,-0.0308
2025-07-01,CHD,-0.0243,0.0008,0.0586,-0.0569
2025-08-01,CHD,-0.0065,0.0008,0.0586,-0.0569
2025-09-01,CHD,-0.0594,0.0008,0.0586,-0.0569
2025-10-01,CHD,0.0007,0.0008,0.0586,-0.0569
2025-11-01,CHD,-0.0289,0.0008,0.0586,-0.0569
2025-12-01,CHD,-0.0154,0.0008,0.0586,-0.0569
2026-01-01,CHD,0.1479,0.0008,0.0586,-0.0569
2026-02-01,CHD,0.0895,0.0008,0.0586,-0.0569
2026-03-01,CHD,-0.1101,0.0008,0.0586,-0.0569
2026-04-01,CHD,0.0401,0.0008,0.0586,-0.0569
2026-05-01,CHD,-0.0147,0.0008,0.0586,-0.0569
2026-06-01,CHD,0.0131,0.0008,0.0586,-0.0569
2026-07-01,CHD,0.0199,0.0008,0.0586,-0.0569
2026-08-01,CHD,0.0098,0.0008,0.0586,-0.0569
2026-09-01,CHD,-0.0341,0.0008,0.0586,-0.0569
2025-07-01,CHRW,0.2019,0.0355,0.1475,-0.0765
2025-08-01,CHRW,0.116,0.0355,0.1475,-0.0765
2025-09-01,CHRW,0.0287,0.0355,0.1475,-0.0765
2025-10-01,CHRW,0.1631,0.0355,0.1475,-0.0765
2025-11-01,CHRW,0.0317,0.0355,0.1475,-0.0765
2025-12-01,CHRW,0.0119,0.0355,0.1475,-0.0765
2026-01-01,CHRW,0.2127,0.0355,0.1475,-0.0765
2026-02-01,CHRW,-0.0498,0.0355,0.1475,-0.0765
2026-03-01,CHRW,-0.1035,0.0355,0.1475,-0.0765
2026-04-01,CHRW,0.0948,0.0355,0.1475,-0.0765
2026-05-01,CHRW,-0.0174,0.0355,0.1475,-0.0765
2026-06-01,CHRW,0.0542,0.0355,0.1475,-0.0765
2026-07-01,CHRW,-0.2156,0.0355,0.1475,-0.0765
2026-08-01,CHRW,0.0131,0.0355,0.1475,-0.0765
2026-09-01,CHRW,-0.0171,0.0355,0.1475,-0.0765
2025-07-01,CHTR,-0.3411,-0.073,0.0563,-0.2023
2025-08-01,CHTR,-0.014,-0.073,0.0563,-0.2023
2025-09-01,CHTR,0.0359,-0.073,0.0563,-0.2023
2025-10-01,CHTR,-0.15,-0.073,0.0563,-0.2023
2025-11-01,CHTR,-0.1442,-0.073,0.0563,-0.2023
2025-12-01,CHTR,0.0431,-0.073,0.0563,-0.2023
2026-01-01,CHTR,-0.0126,-0.073,0.0563,-0.2023
2026-02-01,CHTR,0.1383,-0.073,0.0563,-0.2023
2026-03-01,CHTR,-0.0799,-0.073,0.0563,-0.2023
2026-04-01,CHTR,-0.2349,-0.073,0.0563,-0.2023
2026-05-01,CHTR,-0.1279,-0.073,0.0563,-0.2023
2026-06-01,CHTR,-0.0128,-0.073,0.0563,-0.2023
2026-07-01,CHTR,0.0195,-0.073,0.0563,-0.2023
2026-08-01,CHTR,0.0515,-0.073,0.0563,-0.2023
2026-09-01,CHTR,-0.2593,-0.073,0.0563,-0.2023
2025-07-01,CI,-0.1912,-0.0118,0.0763,-0.1
2025-08-01,CI,0.1253,-0.0118,0.0763,-0.1
2025-09-01,CI,-0.0419,-0.0118,0.0763,-0.1
2025-10-01,CI,-0.1521,-0.0118,0.0763,-0.1
2025-11-01,CI,0.1345,-0.0118,0.0763,-0.1
2025-12-01,CI,-0.0074,-0.0118,0.0763,-0.1
2026-01-01,CI,-0.0041,-0.0118,0.0763,-0.1
2026-02-01,CI,0.0573,-0.0118,0.0763,-0.1
2026-03-01,CI,-0.0796,-0.0118,0.0763,-0.1
2026-04-01,CI,0.0893,-0.0118,0.0763,-0.1
2026-05-01,CI,-0.0454,-0.0118,0.0763,-0.1
2026-06-01,CI,-0.0062,-0.0118,0.0763,-0.1
2026-07-01,CI,0.0122,-0.0118,0.0763,-0.1
2026-08-01,CI,-0.0106,-0.0118,0.0763,-0.1
2026-09-01,CI,-0.0147,-0.0118,0.0763,-0.1
2025-07-01,CIEN,0.1415,0.1218,0.3239,-0.0804
2025-08-01,CIEN,0.0122,0.1218,0.3239,-0.0804
2025-09-01,CIEN,0.5502,0.1218,0.3239,-0.0804
2025-10-01,CIEN,0.3038,0.1218,0.3239,-0.0804
2025-11-01,CIEN,0.0752,0.1218,0.3239,-0.0804
2025-12-01,CIEN,0.1452,0.1218,0.3239,-0.0804
2026-01-01,CIEN,0.0767,0.1218,0.3239,-0.0804
2026-02-01,CIEN,0.3848,0.1218,0.3239,-0.0804
2026-03-01,CIEN,0.1134,0.1218,0.3239,-0.0804
2026-04-01,CIEN,0.3589,0.1218,0.3239,-0.0804
2026-05-01,CIEN,0.0998,0.1218,0.3239,-0.0804
2026-06-01,CIEN,-0.1545,0.1218,0.3239,-0.0804
2026-07-01,CIEN,-0.2314,0.1218,0.3239,-0.0804
2026-08-01,CIEN,0.0153,0.1218,0.3239,-0.0804
2026-09-01,CIEN,-0.0676,0.1218,0.3239,-0.0804
2025-07-01,CINF,-0.0095,0.0068,0.0654,-0.0519
2025-08-01,CINF,0.0413,0.0068,0.0654,-0.0519
2025-09-01,CINF,0.0293,0.0068,0.0654,-0.0519
2025-10-01,CINF,-0.0222,0.0068,0.0654,-0.0519
2025-11-01,CINF,0.0841,0.0068,0.0654,-0.0519
2025-12-01,CINF,-0.0255,0.0068,0.0654,-0.0519
2026-01-01,CINF,-0.0149,0.0068,0.0654,-0.0519
2026-02-01,CINF,0.0192,0.0068,0.0654,-0.0519
2026-03-01,CINF,-0.0404,0.0068,0.0654,-0.0519
2026-04-01,CINF,0.0397,0.0068,0.0654,-0.0519
2026-05-01,CINF,-0.0378,0.0068,0.0654,-0.0519
2026-06-01,CINF,0.1761,0.0068,0.0654,-0.0519
2026-07-01,CINF,-0.0403,0.0068,0.0654,-0.0519
2026-08-01,CINF,-0.0438,0.0068,0.0654,-0.0519
2026-09-01,CINF,-0.0433,0.0068,0.0654,-0.0519
2025-07-01,CL,-0.0776,-0.0037,0.0628,-0.0702
2025-08-01,CL,0.0026,-0.0037,0.0628,-0.0702
2025-09-01,CL,-0.0491,-0.0037,0.0628,-0.0702
2025-10-01,CL,-0.0362,-0.0037,0.0628,-0.0702
2025-11-01,CL,0.0433,-0.0037,0.0628,-0.0702
2025-12-01,CL,-0.017,-0.0037,0.0628,-0.0702
2026-01-01,CL,0.1426,-0.0037,0.0628,-0.0702
2026-02-01,CL,0.098,-0.0037,0.0628,-0.0702
2026-03-01,CL,-0.1403,-0.0037,0.0628,-0.0702
2026-04-01,CL,0.0015,-0.0037,0.0628,-0.0702
2026-05-01,CL,0.0559,-0.0037,0.0628,-0.0702
2026-06-01,CL,0.0172,-0.0037,0.0628,-0.0702
2026-07-01,CL,-0.0041,-0.0037,0.0628,-0.0702
2026-08-01,CL,-0.0162,-0.0037,0.0628,-0.0702
2026-09-01,CL,-0.0419,-0.0037,0.0628,-0.0702
2025-07-01,CLX,0.0457,-0.021,0.0654,-0.1073
2025-08-01,CLX,-0.0586,-0.021,0.0654,-0.1073
2025-09-01,CLX,0.0431,-0.021,0.0654,-0.1073
2025-10-01,CLX,-0.0879,-0.021,0.0654,-0.1073
2025-11-01,CLX,-0.0402,-0.021,0.0654,-0.1073
2025-12-01,CLX,-0.0659,-0.021,0.0654,-0.1073
2026-01-01,CLX,0.1186,-0.021,0.0654,-0.1073
2026-02-01,CLX,0.1274,-0.021,0.0654,-0.1073
2026-03-01,CLX,-0.185,-0.021,0.0654,-0.1073
2026-04-01,CLX,-0.0694,-0.021,0.0654,-0.1073
2026-05-01,CLX,-0.0666,-0.021,0.0654,-0.1073
2026-06-01,CLX,0.0602,-0.021,0.0654,-0.1073
2026-07-01,CLX,0.0009,-0.021,0.0654,-0.1073
2026-08-01,CLX,0.0225,-0.021,0.0654,-0.1073
2026-09-01,CLX,-0.1421,-0.021,0.0654,-0.1073
2025-07-01,CMBT,-0.0233,0.0548,0.1784,-0.0688
2025-08-01,CMBT,-0.0227,0.0548,0.1784,-0.0688
2025-09-01,CMBT,0.0906,0.0548,0.1784,-0.0688
2025-10-01,CMBT,0.033,0.0548,0.1784,-0.0688
2025-11-01,CMBT,0.1278,0.0548,0.1784,-0.0688
2025-12-01,CMBT,-0.1179,0.0548,0.1784,-0.0688
2026-01-01,CMBT,0.3513,0.0548,0.1784,-0.0688
2026-02-01,CMBT,0.1357,0.0548,0.1784,-0.0688
2026-03-01,CMBT,-0.1458,0.0548,0.1784,-0.0688
2026-04-01,CMBT,0.0885,0.0548,0.1784,-0.0688
2026-05-01,CMBT,0.1235,0.0548,0.1784,-0.0688
2026-06-01,CMBT,-0.0957,0.0548,0.1784,-0.0688
2026-07-01,CMBT,0.1551,0.0548,0.1784,-0.0688
2026-08-01,CMBT,0.1312,0.0548,0.1784,-0.0688
2026-09-01,CMBT,0.0399,0.0548,0.1784,-0.0688
2025-07-01,CMCSA,-0.0691,-0.0244,0.0555,-0.1043
2025-08-01,CMCSA,0.0225,-0.0244,0.0555,-0.1043
2025-09-01,CMCSA,-0.0751,-0.0244,0.0555,-0.1043
2025-10-01,CMCSA,-0.1141,-0.0244,0.0555,-0.1043
2025-11-01,CMCSA,-0.0414,-0.0244,0.0555,-0.1043
2025-12-01,CMCSA,0.12,-0.0244,0.0555,-0.1043
2026-01-01,CMCSA,0.0621,-0.0244,0.0555,-0.1043
2026-02-01,CMCSA,0.0407,-0.0244,0.0555,-0.1043
2026-03-01,CMCSA,-0.0727,-0.0244,0.0555,-0.1043
2026-04-01,CMCSA,-0.0582,-0.0244,0.0555,-0.1043
2026-05-01,CMCSA,-0.0803,-0.0244,0.0555,-0.1043
2026-06-01,CMCSA,-0.0129,-0.0244,0.0555,-0.1043
2026-07-01,CMCSA,-0.024,-0.0244,0.0555,-0.1043
2026-08-01,CMCSA,0.111,-0.0244,0.0555,-0.1043
2026-09-01,CMCSA,-0.1769,-0.0244,0.0555,-0.1043
2025-07-01,CME,0.0097,0.001,0.0918,-0.0899
2025-08-01,CME,-0.0423,0.001,0.0918,-0.0899
2025-09-01,CME,0.0138,0.001,0.0918,-0.0899
2025-10-01,CME,-0.0174,0.001,0.0918,-0.0899
2025-11-01,CME,0.0602,0.001,0.0918,-0.0899
2025-12-01,CME,-0.0298,0.001,0.0918,-0.0899
2026-01-01,CME,0.0585,0.001,0.0918,-0.0899
2026-02-01,CME,0.1053,0.001,0.0918,-0.0899
2026-03-01,CME,-0.0756,0.001,0.0918,-0.0899
2026-04-01,CME,-0.0255,0.001,0.0918,-0.0899
2026-05-01,CME,-0.0496,0.001,0.0918,-0.0899
2026-06-01,CME,-0.1927,0.001,0.0918,-0.0899
2026-07-01,CME,0.2127,0.001,0.0918,-0.0899
2026-08-01,CME,0.0661,0.001,0.0918,-0.0899
2026-09-01,CME,-0.0736,0.001,0.0918,-0.0899
2025-07-01,CMG,-0.2363,-0.0332,0.0753,-0.1416
2025-08-01,CMG,-0.0173,-0.0332,0.0753,-0.1416
2025-09-01,CMG,-0.07,-0.0332,0.0753,-0.1416
2025-10-01,CMG,-0.1914,-0.0332,0.0753,-0.1416
2025-11-01,CMG,0.0893,-0.0332,0.0753,-0.1416
2025-12-01,CMG,0.0718,-0.0332,0.0753,-0.1416
2026-01-01,CMG,0.0505,-0.0332,0.0753,-0.1416
2026-02-01,CMG,-0.0424,-0.0332,0.0753,-0.1416
2026-03-01,CMG,-0.14,-0.0332,0.0753,-0.1416
2026-04-01,CMG,0.0619,-0.0332,0.0753,-0.1416
2026-05-01,CMG,-0.0627,-0.0332,0.0753,-0.1416
2026-06-01,CMG,0.0672,-0.0332,0.0753,-0.1416
2026-07-01,CMG,0.0947,-0.0332,0.0753,-0.1416
2026-08-01,CMG,0.0218,-0.0332,0.0753,-0.1416
2026-09-01,CMG,-0.1762,-0.0332,0.0753,-0.1416
2025-07-01,CMI,0.1225,0.0364,0.1375,-0.0647
2025-08-01,CMI,0.0838,0.0364,0.1375,-0.0647
2025-09-01,CMI,0.0601,0.0364,0.1375,-0.0647
2025-10-01,CMI,0.0362,0.0364,0.1375,-0.0647
2025-11-01,CMI,0.1378,0.0364,0.1375,-0.0647
2025-12-01,CMI,0.025,0.0364,0.1375,-0.0647
2026-01-01,CMI,0.1339,0.0364,0.1375,-0.0647
2026-02-01,CMI,0.0087,0.0364,0.1375,-0.0647
2026-03-01,CMI,-0.0785,0.0364,0.1375,-0.0647
2026-04-01,CMI,0.2472,0.0364,0.1375,-0.0647
2026-05-01,CMI,-0.0363,0.0364,0.1375,-0.0647
2026-06-01,CMI,0.103,0.0364,0.1375,-0.0647
2026-07-01,CMI,-0.1108,0.0364,0.1375,-0.0647
2026-08-01,CMI,-0.1101,0.0364,0.1375,-0.0647
2026-09-01,CMI,-0.0697,0.0364,0.1375,-0.0647
2025-07-01,CMRE,0.1076,0.0347,0.1201,-0.0507
2025-08-01,CMRE,0.1338,0.0347,0.1201,-0.0507
2025-09-01,CMRE,0.0411,0.0347,0.1201,-0.0507
2025-10-01,CMRE,0.026,0.0347,0.1201,-0.0507
2025-11-01,CMRE,0.2496,0.0347,0.1201,-0.0507
2025-12-01,CMRE,0.0341,0.0347,0.1201,-0.0507
2026-01-01,CMRE,0.0627,0.0347,0.1201,-0.0507
2026-02-01,CMRE,0.0471,0.0347,0.1201,-0.0507
2026-03-01,CMRE,-0.0381,0.0347,0.1201,-0.0507
2026-04-01,CMRE,-0.0166,0.0347,0.1201,-0.0507
2026-05-01,CMRE,-0.0746,0.0347,0.1201,-0.0507
2026-06-01,CMRE,-0.0884,0.0347,0.1201,-0.0507
2026-07-01,CMRE,0.1113,0.0347,0.1201,-0.0507
2026-08-01,CMRE,-0.0193,0.0347,0.1201,-0.0507
2026-09-01,CMRE,-0.0491,0.0347,0.1201,-0.0507
2025-07-01,CMS,0.0652,-0.0055,0.0447,-0.0557
2025-08-01,CMS,-0.0302,-0.0055,0.0447,-0.0557
2025-09-01,CMS,0.0236,-0.0055,0.0447,-0.0557
2025-10-01,CMS,0.004,-0.0055,0.0447,-0.0557
2025-11-01,CMS,0.0257,-0.0055,0.0447,-0.0557
2025-12-01,CMS,-0.073,-0.0055,0.0447,-0.0557
2026-01-01,CMS,0.0223,-0.0055,0.0447,-0.0557
2026-02-01,CMS,0.092,-0.0055,0.0447,-0.0557
2026-03-01,CMS,-0.0063,-0.0055,0.0447,-0.0557
2026-04-01,CMS,-0.0108,-0.0055,0.0447,-0.0557
2026-05-01,CMS,-0.0543,-0.0055,0.0447,-0.0557
2026-06-01,CMS,0.0542,-0.0055,0.0447,-0.0557
2026-07-01,CMS,-0.059,-0.0055,0.0447,-0.0557
2026-08-01,CMS,-0.0546,-0.0055,0.0447,-0.0557
2026-09-01,CMS,-0.0751,-0.0055,0.0447,-0.0557
2025-07-01,CNC,-0.5197,0.0353,0.2751,-0.2045
2025-08-01,CNC,0.1139,0.0353,0.2751,-0.2045
2025-09-01,CNC,0.2287,0.0353,0.2751,-0.2045
2025-10-01,CNC,-0.0087,0.0353,0.2751,-0.2045
2025-11-01,CNC,0.1122,0.0353,0.2751,-0.2045
2025-12-01,CNC,0.046,0.0353,0.2751,-0.2045
2026-01-01,CNC,0.0527,0.0353,0.2751,-0.2045
2026-02-01,CNC,0.036,0.0353,0.2751,-0.2045
2026-03-01,CNC,-0.2705,0.0353,0.2751,-0.2045
2026-04-01,CNC,0.6399,0.0353,0.2751,-0.2045
2026-05-01,CNC,0.1101,0.0353,0.2751,-0.2045
2026-06-01,CNC,0.077,0.0353,0.2751,-0.2045
2026-07-01,CNC,-0.0307,0.0353,0.2751,-0.2045
2026-08-01,CNC,0.0341,0.0353,0.2751,-0.2045
2026-09-01,CNC,-0.0392,0.0353,0.2751,-0.2045
2025-07-01,CNP,0.0566,0.0006,0.0464,-0.0453
2025-08-01,CNP,-0.0286,0.0006,0.0464,-0.0453
2025-09-01,CNP,0.0289,0.0006,0.0464,-0.0453
2025-10-01,CNP,-0.0144,0.0006,0.0464,-0.0453
2025-11-01,CNP,0.0455,0.0006,0.0464,-0.0453
2025-12-01,CNP,-0.041,0.0006,0.0464,-0.0453
2026-01-01,CNP,0.0352,0.0006,0.0464,-0.0453
2026-02-01,CNP,0.096,0.0006,0.0464,-0.0453
2026-03-01,CNP,-0.0078,0.0006,0.0464,-0.0453
2026-04-01,CNP,0.0114,0.0006,0.0464,-0.0453
2026-05-01,CNP,-0.0318,0.0006,0.0464,-0.0453
2026-06-01,CNP,0.0421,0.0006,0.0464,-0.0453
2026-07-01,CNP,-0.0454,0.0006,0.0464,-0.0453
2026-08-01,CNP,-0.058,0.0006,0.0464,-0.0453
2026-09-01,CNP,-0.0697,0.0006,0.0464,-0.0453
2025-07-01,CNR,0.0584,0.027,0.1568,-0.1029
2025-08-01,CNR,0.0061,0.027,0.1568,-0.1029
2025-09-01,CNR,0.1242,0.027,0.1568,-0.1029
2025-10-01,CNR,-0.0537,0.027,0.1568,-0.1029
2025-11-01,CNR,0.0127,0.027,0.1568,-0.1029
2025-12-01,CNR,0.1064,0.027,0.1568,-0.1029
2026-01-01,CNR,0.0776,0.027,0.1568,-0.1029
2026-02-01,CNR,-0.1394,0.027,0.1568,-0.1029
2026-03-01,CNR,0.2759,0.027,0.1568,-0.1029
2026-04-01,CNR,-0.1431,0.027,0.1568,-0.1029
2026-05-01,CNR,-0.0145,0.027,0.1568,-0.1029
2026-06-01,CNR,-0.0952,0.027,0.1568,-0.1029
2026-07-01,CNR,-0.0022,0.027,0.1568,-0.1029
2026-08-01,CNR,0.2813,0.027,0.1568,-0.1029
2026-09-01,CNR,-0.1298,0.027,0.1568,-0.1029
2025-07-01,COF,0.0105,-0.0001,0.0626,-0.0627
2025-08-01,COF,0.0568,-0.0001,0.0626,-0.0627
2025-09-01,COF,-0.0644,-0.0001,0.0626,-0.0627
2025-10-01,COF,0.0349,-0.0001,0.0626,-0.0627
2025-11-01,COF,-0.0042,-0.0001,0.0626,-0.0627
2025-12-01,COF,0.1063,-0.0001,0.0626,-0.0627
2026-01-01,COF,-0.0967,-0.0001,0.0626,-0.0627
2026-02-01,COF,-0.1064,-0.0001,0.0626,-0.0627
2026-03-01,COF,-0.0675,-0.0001,0.0626,-0.0627
2026-04-01,COF,0.0486,-0.0001,0.0626,-0.0627
2026-05-01,COF,-0.0176,-0.0001,0.0626,-0.0627
2026-06-01,COF,0.0675,-0.0001,0.0626,-0.0627
2026-07-01,COF,0.0418,-0.0001,0.0626,-0.0627
2026-08-01,COF,0.0263,-0.0001,0.0626,-0.0627
2026-09-01,COF,-0.0667,-0.0001,0.0626,-0.0627
2025-07-01,COHR,0.2061,0.0957,0.2663,-0.0749
2025-08-01,COHR,-0.1592,0.0957,0.2663,-0.0749
2025-09-01,COHR,0.1907,0.0957,0.2663,-0.0749
2025-10-01,COHR,0.225,0.0957,0.2663,-0.0749
2025-11-01,COHR,0.2448,0.0957,0.2663,-0.0749
2025-12-01,COHR,0.1236,0.0957,0.2663,-0.0749
2026-01-01,COHR,0.1496,0.0957,0.2663,-0.0749
2026-02-01,COHR,0.2203,0.0957,0.2663,-0.0749
2026-03-01,COHR,-0.08,0.0957,0.2663,-0.0749
2026-04-01,COHR,0.3421,0.0957,0.2663,-0.0749
2026-05-01,COHR,0.1306,0.0957,0.2663,-0.0749
2026-06-01,COHR,0.0913,0.0957,0.2663,-0.0749
2026-07-01,COHR,-0.3336,0.0957,0.2663,-0.0749
2026-08-01,COHR,0.0568,0.0957,0.2663,-0.0749
2026-09-01,COHR,0.0648,0.0957,0.2663,-0.0749
2025-07-01,COIN,0.0778,-0.0269,0.1107,-0.1646
2025-08-01,COIN,-0.1938,-0.0269,0.1107,-0.1646
2025-09-01,COIN,0.1082,-0.0269,0.1107,-0.1646
2025-10-01,COIN,0.0186,-0.0269,0.1107,-0.1646
2025-11-01,COIN,-0.2064,-0.0269,0.1107,-0.1646
2025-12-01,COIN,-0.1711,-0.0269,0.1107,-0.1646
2026-01-01,COIN,-0.1389,-0.0269,0.1107,-0.1646
2026-02-01,COIN,-0.097,-0.0269,0.1107,-0.1646
2026-03-01,COIN,-0.0071,-0.0269,0.1107,-0.1646
2026-04-01,COIN,0.0754,-0.0269,0.1107,-0.1646
2026-05-01,COIN,0.0067,-0.0269,0.1107,-0.1646
2026-06-01,COIN,-0.2266,-0.0269,0.1107,-0.1646
2026-07-01,COIN,0.0005,-0.0269,0.1107,-0.1646
2026-08-01,COIN,0.2862,-0.0269,0.1107,-0.1646
2026-09-01,COIN,0.0372,-0.0269,0.1107,-0.1646
2025-07-01,COMT,0.0329,0.0271,0.1021,-0.0479
2025-08-01,COMT,-0.0034,0.0271,0.1021,-0.0479
2025-09-01,COMT,0.009,0.0271,0.1021,-0.0479
2025-10-01,COMT,0.0037,0.0271,0.1021,-0.0479
2025-11-01,COMT,0.0011,0.0271,0.1021,-0.0479
2025-12-01,COMT,-0.0771,0.0271,0.1021,-0.0479
2026-01-01,COMT,0.1012,0.0271,0.1021,-0.0479
2026-02-01,COMT,0.0237,0.0271,0.1021,-0.0479
2026-03-01,COMT,0.2045,0.0271,0.1021,-0.0479
2026-04-01,COMT,0.0692,0.0271,0.1021,-0.0479
2026-05-01,COMT,-0.0689,0.0271,0.1021,-0.0479
2026-06-01,COMT,-0.0977,0.0271,0.1021,-0.0479
2026-07-01,COMT,0.0747,0.0271,0.1021,-0.0479
2026-08-01,COMT,0.0738,0.0271,0.1021,-0.0479
2026-09-01,COMT,0.0548,0.0271,0.1021,-0.0479
2025-07-01,COO,-0.0066,-0.0119,0.0795,-0.1032
2025-08-01,COO,-0.0465,-0.0119,0.0795,-0.1032
2025-09-01,COO,0.0172,-0.0119,0.0795,-0.1032
2025-10-01,COO,0.0197,-0.0119,0.0795,-0.1032
2025-11-01,COO,0.1147,-0.0119,0.0795,-0.1032
2025-12-01,COO,0.0517,-0.0119,0.0795,-0.1032
2026-01-01,COO,-0.0071,-0.0119,0.0795,-0.1032
2026-02-01,COO,0.0281,-0.0119,0.0795,-0.1032
2026-03-01,COO,-0.1455,-0.0119,0.0795,-0.1032
2026-04-01,COO,-0.1203,-0.0119,0.0795,-0.1032
2026-05-01,COO,-0.0269,-0.0119,0.0795,-0.1032
2026-06-01,COO,0.1715,-0.0119,0.0795,-0.1032
2026-07-01,COO,0.0085,-0.0119,0.0795,-0.1032
2026-08-01,COO,-0.0308,-0.0119,0.0795,-0.1032
2026-09-01,COO,-0.2099,-0.0119,0.0795,-0.1032
2025-07-01,COP,0.0624,0.0278,0.1126,-0.0569
2025-08-01,COP,0.0381,0.0278,0.1126,-0.0569
2025-09-01,COP,-0.0443,0.0278,0.1126,-0.0569
2025-10-01,COP,-0.0606,0.0278,0.1126,-0.0569
2025-11-01,COP,-0.0019,0.0278,0.1126,-0.0569
2025-12-01,COP,0.0555,0.0278,0.1126,-0.0569
2026-01-01,COP,0.1134,0.0278,0.1126,-0.0569
2026-02-01,COP,0.0886,0.0278,0.1126,-0.0569
2026-03-01,COP,0.1634,0.0278,0.1126,-0.0569
2026-04-01,COP,-0.0471,0.0278,0.1126,-0.0569
2026-05-01,COP,-0.0938,0.0278,0.1126,-0.0569
2026-06-01,COP,-0.0879,0.0278,0.1126,-0.0569
2026-07-01,COP,0.1589,0.0278,0.1126,-0.0569
2026-08-01,COP,0.0997,0.0278,0.1126,-0.0569
2026-09-01,COP,-0.0392,0.0278,0.1126,-0.0569
2025-07-01,COR,-0.0459,0.0044,0.0834,-0.0746
2025-08-01,COR,0.0193,0.0044,0.0834,-0.0746
2025-09-01,COR,0.0717,0.0044,0.0834,-0.0746
2025-10-01,COR,0.0809,0.0044,0.0834,-0.0746
2025-11-01,COR,0.0921,0.0044,0.0834,-0.0746
2025-12-01,COR,-0.0845,0.0044,0.0834,-0.0746
2026-01-01,COR,0.0636,0.0044,0.0834,-0.0746
2026-02-01,COR,0.036,0.0044,0.0834,-0.0746
2026-03-01,COR,-0.1559,0.0044,0.0834,-0.0746
2026-04-01,COR,-0.0195,0.0044,0.0834,-0.0746
2026-05-01,COR,-0.1255,0.0044,0.0834,-0.0746
2026-06-01,COR,0.0506,0.0044,0.0834,-0.0746
2026-07-01,COR,0.1002,0.0044,0.0834,-0.0746
2026-08-01,COR,0.0394,0.0044,0.0834,-0.0746
2026-09-01,COR,-0.0515,0.0044,0.0834,-0.0746
2025-07-01,CORN,-0.0249,0.0086,0.0537,-0.0365
2025-08-01,CORN,0.018,0.0086,0.0537,-0.0365
2025-09-01,CORN,-0.0068,0.0086,0.0537,-0.0365
2025-10-01,CORN,0.0195,0.0086,0.0537,-0.0365
2025-11-01,CORN,0.0101,0.0086,0.0537,-0.0365
2025-12-01,CORN,-0.0134,0.0086,0.0537,-0.0365
2026-01-01,CORN,-0.0141,0.0086,0.0537,-0.0365
2026-02-01,CORN,0.0235,0.0086,0.0537,-0.0365
2026-03-01,CORN,0.0285,0.0086,0.0537,-0.0365
2026-04-01,CORN,0.0158,0.0086,0.0537,-0.0365
2026-05-01,CORN,-0.0407,0.0086,0.0537,-0.0365
2026-06-01,CORN,-0.0658,0.0086,0.0537,-0.0365
2026-07-01,CORN,0.0537,0.0086,0.0537,-0.0365
2026-08-01,CORN,0.1365,0.0086,0.0537,-0.0365
2026-09-01,CORN,-0.0165,0.0086,0.0537,-0.0365
2025-07-01,COST,-0.0508,-0.0048,0.0355,-0.0451
2025-08-01,COST,0.0039,-0.0048,0.0355,-0.0451
2025-09-01,COST,-0.0188,-0.0048,0.0355,-0.0451
2025-10-01,COST,-0.0153,-0.0048,0.0355,-0.0451
2025-11-01,COST,0.0023,-0.0048,0.0355,-0.0451
2025-12-01,COST,-0.0561,-0.0048,0.0355,-0.0451
2026-01-01,COST,0.0903,-0.0048,0.0355,-0.0451
2026-02-01,COST,0.075,-0.0048,0.0355,-0.0451
2026-03-01,COST,-0.0142,-0.0048,0.0355,-0.0451
2026-04-01,COST,0.0182,-0.0048,0.0355,-0.0451
2026-05-01,COST,-0.0574,-0.0048,0.0355,-0.0451
2026-06-01,COST,-0.0218,-0.0048,0.0355,-0.0451
2026-07-01,COST,0.0176,-0.0048,0.0355,-0.0451
2026-08-01,COST,-0.0084,-0.0048,0.0355,-0.0451
2026-09-01,COST,-0.0224,-0.0048,0.0355,-0.0451
2025-07-01,CPAY,-0.0264,0.014,0.1035,-0.0756
2025-08-01,CPAY,0.0081,0.014,0.1035,-0.0756
2025-09-01,CPAY,-0.1155,0.014,0.1035,-0.0756
2025-10-01,CPAY,-0.0962,0.014,0.1035,-0.0756
2025-11-01,CPAY,0.1362,0.014,0.1035,-0.0756
2025-12-01,CPAY,0.0173,0.014,0.1035,-0.0756
2026-01-01,CPAY,0.0455,0.014,0.1035,-0.0756
2026-02-01,CPAY,0.0333,0.014,0.1035,-0.0756
2026-03-01,CPAY,-0.1049,0.014,0.1035,-0.0756
2026-04-01,CPAY,0.0532,0.014,0.1035,-0.0756
2026-05-01,CPAY,0.1805,0.014,0.1035,-0.0756
2026-06-01,CPAY,-0.0789,0.014,0.1035,-0.0756
2026-07-01,CPAY,0.1465,0.014,0.1035,-0.0756
2026-08-01,CPAY,0.0581,0.014,0.1035,-0.0756
2026-09-01,CPAY,-0.0153,0.014,0.1035,-0.0756
2025-07-01,CPER,-0.1324,0.0179,0.0741,-0.0383
2025-08-01,CPER,0.0248,0.0179,0.0741,-0.0383
2025-09-01,CPER,0.0665,0.0179,0.0741,-0.0383
2025-10-01,CPER,0.051,0.0179,0.0741,-0.0383
2025-11-01,CPER,0.0238,0.0179,0.0741,-0.0383
2025-12-01,CPER,0.083,0.0179,0.0741,-0.0383
2026-01-01,CPER,0.042,0.0179,0.0741,-0.0383
2026-02-01,CPER,0.0124,0.0179,0.0741,-0.0383
2026-03-01,CPER,-0.0664,0.0179,0.0741,-0.0383
2026-04-01,CPER,0.061,0.0179,0.0741,-0.0383
2026-05-01,CPER,0.0638,0.0179,0.0741,-0.0383
2026-06-01,CPER,-0.0291,0.0179,0.0741,-0.0383
2026-07-01,CPER,0.0485,0.0179,0.0741,-0.0383
2026-08-01,CPER,0.0111,0.0179,0.0741,-0.0383
2026-09-01,CPER,0.0153,0.0179,0.0741,-0.0383
2025-07-01,CPRT,-0.0762,-0.0334,0.0471,-0.1139
2025-08-01,CPRT,0.0768,-0.0334,0.0471,-0.1139
2025-09-01,CPRT,-0.0787,-0.0334,0.0471,-0.1139
2025-10-01,CPRT,-0.0436,-0.0334,0.0471,-0.1139
2025-11-01,CPRT,-0.0937,-0.0334,0.0471,-0.1139
2025-12-01,CPRT,0.0044,-0.0334,0.0471,-0.1139
2026-01-01,CPRT,0.0365,-0.0334,0.0471,-0.1139
2026-02-01,CPRT,-0.0614,-0.0334,0.0471,-0.1139
2026-03-01,CPRT,-0.1284,-0.0334,0.0471,-0.1139
2026-04-01,CPRT,-0.0027,-0.0334,0.0471,-0.1139
2026-05-01,CPRT,-0.0103,-0.0334,0.0471,-0.1139
2026-06-01,CPRT,-0.1398,-0.0334,0.0471,-0.1139
2026-07-01,CPRT,0.033,-0.0334,0.0471,-0.1139
2026-08-01,CPRT,0.1329,-0.0334,0.0471,-0.1139
2026-09-01,CPRT,-0.1637,-0.0334,0.0471,-0.1139
2025-07-01,CPT,-0.031,-0.0086,0.0453,-0.0624
2025-08-01,CPT,0.0255,-0.0086,0.0453,-0.0624
2025-09-01,CPT,-0.0464,-0.0086,0.0453,-0.0624
2025-10-01,CPT,-0.0684,-0.0086,0.0453,-0.0624
2025-11-01,CPT,0.069,-0.0086,0.0453,-0.0624
2025-12-01,CPT,0.0352,-0.0086,0.0453,-0.0624
2026-01-01,CPT,-0.0094,-0.0086,0.0453,-0.0624
2026-02-01,CPT,-0.0065,-0.0086,0.0453,-0.0624
2026-03-01,CPT,-0.0986,-0.0086,0.0453,-0.0624
2026-04-01,CPT,0.0754,-0.0086,0.0453,-0.0624
2026-05-01,CPT,0.0147,-0.0086,0.0453,-0.0624
2026-06-01,CPT,0.0744,-0.0086,0.0453,-0.0624
2026-07-01,CPT,-0.0321,-0.0086,0.0453,-0.0624
2026-08-01,CPT,-0.0452,-0.0086,0.0453,-0.0624
2026-09-01,CPT,-0.0726,-0.0086,0.0453,-0.0624
2025-07-01,CRESY,0.0352,0.0223,0.143,-0.0984
2025-08-01,CRESY,-0.092,0.0223,0.143,-0.0984
2025-09-01,CRESY,-0.0902,0.0223,0.143,-0.0984
2025-10-01,CRESY,0.3441,0.0223,0.143,-0.0984
2025-11-01,CRESY,-0.0116,0.0223,0.143,-0.0984
2025-12-01,CRESY,0.0587,0.0223,0.143,-0.0984
2026-01-01,CRESY,0.0697,0.0223,0.143,-0.0984
2026-02-01,CRESY,-0.1577,0.0223,0.143,-0.0984
2026-03-01,CRESY,0.1178,0.0223,0.143,-0.0984
2026-04-01,CRESY,-0.1156,0.0223,0.143,-0.0984
2026-05-01,CRESY,0.0587,0.0223,0.143,-0.0984
2026-06-01,CRESY,-0.0588,0.0223,0.143,-0.0984
2026-08-01,CRESY,0.0259,0.0223,0.143,-0.0984
2026-09-01,CRESY,0.1052,0.0223,0.143,-0.0984
2025-07-01,CRH,0.0398,-0.0013,0.0816,-0.0842
2025-08-01,CRH,0.1833,-0.0013,0.0816,-0.0842
2025-09-01,CRH,0.0615,-0.0013,0.0816,-0.0842
2025-10-01,CRH,-0.0067,-0.0013,0.0816,-0.0842
2025-11-01,CRH,0.0072,-0.0013,0.0816,-0.0842
2025-12-01,CRH,0.0403,-0.0013,0.0816,-0.0842
2026-01-01,CRH,-0.0192,-0.0013,0.0816,-0.0842
2026-02-01,CRH,-0.0199,-0.0013,0.0816,-0.0842
2026-03-01,CRH,-0.1239,-0.0013,0.0816,-0.0842
2026-04-01,CRH,0.1265,-0.0013,0.0816,-0.0842
2026-05-01,CRH,-0.0813,-0.0013,0.0816,-0.0842
2026-06-01,CRH,-0.0165,-0.0013,0.0816,-0.0842
2026-07-01,CRH,-0.1121,-0.0013,0.0816,-0.0842
2026-08-01,CRH,-0.0076,-0.0013,0.0816,-0.0842
2026-09-01,CRH,-0.0981,-0.0013,0.0816,-0.0842
2025-07-01,CRL,0.118,0.0528,0.1604,-0.0548
2025-08-01,CRL,-0.0373,0.0528,0.1604,-0.0548
2025-09-01,CRL,-0.0419,0.0528,0.1604,-0.0548
2025-10-01,CRL,0.1509,0.0528,0.1604,-0.0548
2025-11-01,CRL,-0.0107,0.0528,0.1604,-0.0548
2025-12-01,CRL,0.1198,0.0528,0.1604,-0.0548
2026-01-01,CRL,0.0551,0.0528,0.1604,-0.0548
2026-02-01,CRL,-0.152,0.0528,0.1604,-0.0548
2026-03-01,CRL,-0.0336,0.0528,0.1604,-0.0548
2026-04-01,CRL,-0.0321,0.0528,0.1604,-0.0548
2026-05-01,CRL,0.0823,0.0528,0.1604,-0.0548
2026-06-01,CRL,0.255,0.0528,0.1604,-0.0548
2026-07-01,CRL,0.0252,0.0528,0.1604,-0.0548
2026-08-01,CRL,0.2397,0.0528,0.1604,-0.0548
2026-09-01,CRL,0.016,0.0528,0.1604,-0.0548
2025-07-01,CRM,-0.0527,0.0039,0.1554,-0.1475
2025-08-01,CRM,-0.0081,0.0039,0.1554,-0.1475
2025-09-01,CRM,-0.0751,0.0039,0.1554,-0.1475
2025-10-01,CRM,0.0988,0.0039,0.1554,-0.1475
2025-11-01,CRM,-0.1147,0.0039,0.1554,-0.1475
2025-12-01,CRM,0.1491,0.0039,0.1554,-0.1475
2026-01-01,CRM,-0.1986,0.0039,0.1554,-0.1475
2026-02-01,CRM,-0.0824,0.0039,0.1554,-0.1475
2026-03-01,CRM,-0.0417,0.0039,0.1554,-0.1475
2026-04-01,CRM,-0.0543,0.0039,0.1554,-0.1475
2026-05-01,CRM,0.0825,0.0039,0.1554,-0.1475
2026-06-01,CRM,-0.1802,0.0039,0.1554,-0.1475
2026-07-01,CRM,0.1746,0.0039,0.1554,-0.1475
2026-08-01,CRM,0.3995,0.0039,0.1554,-0.1475
2026-09-01,CRM,-0.0913,0.0039,0.1554,-0.1475
2025-07-01,CRWD,-0.1075,0.0602,0.2441,-0.1236
2025-08-01,CRWD,-0.0679,0.0602,0.2441,-0.1236
2025-09-01,CRWD,0.1574,0.0602,0.2441,-0.1236
2025-10-01,CRWD,0.1073,0.0602,0.2441,-0.1236
2025-11-01,CRWD,-0.0623,0.0602,0.2441,-0.1236
2025-12-01,CRWD,-0.0793,0.0602,0.2441,-0.1236
2026-01-01,CRWD,-0.0584,0.0602,0.2441,-0.1236
2026-02-01,CRWD,-0.1573,0.0602,0.2441,-0.1236
2026-03-01,CRWD,0.0495,0.0602,0.2441,-0.1236
2026-04-01,CRWD,0.1417,0.0602,0.2441,-0.1236
2026-05-01,CRWD,0.6399,0.0602,0.2441,-0.1236
2026-06-01,CRWD,0.044,0.0602,0.2441,-0.1236
2026-07-01,CRWD,0.0004,0.0602,0.2441,-0.1236
2026-08-01,CRWD,0.2103,0.0602,0.2441,-0.1236
2026-09-01,CRWD,0.0915,0.0602,0.2441,-0.1236
2025-07-01,CSCO,-0.0187,0.0321,0.1239,-0.0598
2025-08-01,CSCO,0.0148,0.0321,0.1239,-0.0598
2025-09-01,CSCO,-0.0097,0.0321,0.1239,-0.0598
2025-10-01,CSCO,0.0685,0.0321,0.1239,-0.0598
2025-11-01,CSCO,0.0524,0.0321,0.1239,-0.0598
2025-12-01,CSCO,0.0012,0.0321,0.1239,-0.0598
2026-01-01,CSCO,0.0167,0.0321,0.1239,-0.0598
2026-02-01,CSCO,0.0146,0.0321,0.1239,-0.0598
2026-03-01,CSCO,-0.0235,0.0321,0.1239,-0.0598
2026-04-01,CSCO,0.1793,0.0321,0.1239,-0.0598
2026-05-01,CSCO,0.3161,0.0321,0.1239,-0.0598
2026-06-01,CSCO,-0.0246,0.0321,0.1239,-0.0598
2026-07-01,CSCO,-0.0125,0.0321,0.1239,-0.0598
2026-08-01,CSCO,-0.0474,0.0321,0.1239,-0.0598
2026-09-01,CSCO,-0.0343,0.0321,0.1239,-0.0598
2025-07-01,CSGP,0.184,-0.0597,0.0499,-0.1693
2025-08-01,CSGP,-0.0599,-0.0597,0.0499,-0.1693
2025-09-01,CSGP,-0.0572,-0.0597,0.0499,-0.1693
2025-10-01,CSGP,-0.1844,-0.0597,0.0499,-0.1693
2025-11-01,CSGP,-0.0001,-0.0597,0.0499,-0.1693
2025-12-01,CSGP,-0.0227,-0.0597,0.0499,-0.1693
2026-01-01,CSGP,-0.0854,-0.0597,0.0499,-0.1693
2026-02-01,CSGP,-0.2743,-0.0597,0.0499,-0.1693
2026-03-01,CSGP,-0.0961,-0.0597,0.0499,-0.1693
2026-04-01,CSGP,-0.142,-0.0597,0.0499,-0.1693
2026-05-01,CSGP,-0.0696,-0.0597,0.0499,-0.1693
2026-06-01,CSGP,-0.1205,-0.0597,0.0499,-0.1693
2026-07-01,CSGP,0.0155,-0.0597,0.0499,-0.1693
2026-08-01,CSGP,0.1151,-0.0597,0.0499,-0.1693
2026-09-01,CSGP,-0.1241,-0.0597,0.0499,-0.1693
2025-07-01,CSX,0.0892,0.0266,0.088,-0.0349
2025-08-01,CSX,-0.0853,0.0266,0.088,-0.0349
2025-09-01,CSX,0.0923,0.0266,0.088,-0.0349
2025-10-01,CSX,0.0144,0.0266,0.088,-0.0349
2025-11-01,CSX,-0.0183,0.0266,0.088,-0.0349
2025-12-01,CSX,0.0252,0.0266,0.088,-0.0349
2026-01-01,CSX,0.0417,0.0266,0.088,-0.0349
2026-02-01,CSX,0.1306,0.0266,0.088,-0.0349
2026-03-01,CSX,-0.0384,0.0266,0.088,-0.0349
2026-04-01,CSX,0.1067,0.0266,0.088,-0.0349
2026-05-01,CSX,-0.0037,0.0266,0.088,-0.0349
2026-06-01,CSX,0.0502,0.0266,0.088,-0.0349
2026-07-01,CSX,0.0604,0.0266,0.088,-0.0349
2026-08-01,CSX,0.0022,0.0266,0.088,-0.0349
2026-09-01,CSX,-0.0738,0.0266,0.088,-0.0349
2025-07-01,CTAS,-0.0014,-0.0053,0.0727,-0.0832
2025-08-01,CTAS,-0.0563,-0.0053,0.0727,-0.0832
2025-09-01,CTAS,-0.0227,-0.0053,0.0727,-0.0832
2025-10-01,CTAS,-0.1071,-0.0053,0.0727,-0.0832
2025-11-01,CTAS,0.015,-0.0053,0.0727,-0.0832
2025-12-01,CTAS,0.011,-0.0053,0.0727,-0.0832
2026-01-01,CTAS,0.0177,-0.0053,0.0727,-0.0832
2026-02-01,CTAS,0.0509,-0.0053,0.0727,-0.0832
2026-03-01,CTAS,-0.1591,-0.0053,0.0727,-0.0832
2026-04-01,CTAS,0.0329,-0.0053,0.0727,-0.0832
2026-05-01,CTAS,-0.0197,-0.0053,0.0727,-0.0832
2026-06-01,CTAS,-0.0069,-0.0053,0.0727,-0.0832
2026-07-01,CTAS,0.2031,-0.0053,0.0727,-0.0832
2026-08-01,CTAS,-0.0139,-0.0053,0.0727,-0.0832
2026-09-01,CTAS,-0.0093,-0.0053,0.0727,-0.0832
2025-07-01,CTSH,-0.0804,-0.0037,0.1645,-0.1719
2025-08-01,CTSH,0.0068,-0.0037,0.1645,-0.1719
2025-09-01,CTSH,-0.0717,-0.0037,0.1645,-0.1719
2025-10-01,CTSH,0.0866,-0.0037,0.1645,-0.1719
2025-11-01,CTSH,0.0663,-0.0037,0.1645,-0.1719
2025-12-01,CTSH,0.0681,-0.0037,0.1645,-0.1719
2026-01-01,CTSH,-0.0113,-0.0037,0.1645,-0.1719
2026-02-01,CTSH,-0.2148,-0.0037,0.1645,-0.1719
2026-03-01,CTSH,-0.0478,-0.0037,0.1645,-0.1719
2026-04-01,CTSH,-0.1377,-0.0037,0.1645,-0.1719
2026-05-01,CTSH,0.0541,-0.0037,0.1645,-0.1719
2026-06-01,CTSH,-0.3054,-0.0037,0.1645,-0.1719
2026-07-01,CTSH,0.4291,-0.0037,0.1645,-0.1719
2026-08-01,CTSH,0.1668,-0.0037,0.1645,-0.1719
2026-09-01,CTSH,-0.1123,-0.0037,0.1645,-0.1719
2025-07-01,CTVA,-0.0322,0.0041,0.0728,-0.0646
2025-08-01,CTVA,0.0286,0.0041,0.0728,-0.0646
2025-09-01,CTVA,-0.0884,0.0041,0.0728,-0.0646
2025-10-01,CTVA,-0.0915,0.0041,0.0728,-0.0646
2025-11-01,CTVA,0.0981,0.0041,0.0728,-0.0646
2025-12-01,CTVA,-0.0065,0.0041,0.0728,-0.0646
2026-01-01,CTVA,0.0861,0.0041,0.0728,-0.0646
2026-02-01,CTVA,0.1005,0.0041,0.0728,-0.0646
2026-03-01,CTVA,0.0448,0.0041,0.0728,-0.0646
2026-04-01,CTVA,-0.0323,0.0041,0.0728,-0.0646
2026-05-01,CTVA,-0.0337,0.0041,0.0728,-0.0646
2026-06-01,CTVA,0.0819,0.0041,0.0728,-0.0646
2026-07-01,CTVA,-0.0706,0.0041,0.0728,-0.0646
2026-08-01,CTVA,0.0752,0.0041,0.0728,-0.0646
2026-09-01,CTVA,-0.0722,0.0041,0.0728,-0.0646
2025-07-01,CVNA,0.1579,0.0072,0.1463,-0.132
2025-08-01,CVNA,-0.0468,0.0072,0.1463,-0.132
2025-09-01,CVNA,0.0144,0.0072,0.1463,-0.132
2025-10-01,CVNA,-0.1874,0.0072,0.1463,-0.132
2025-11-01,CVNA,0.2217,0.0072,0.1463,-0.132
2025-12-01,CVNA,0.1268,0.0072,0.1463,-0.132
2026-01-01,CVNA,-0.0495,0.0072,0.1463,-0.132
2026-02-01,CVNA,-0.1669,0.0072,0.1463,-0.132
2026-03-01,CVNA,-0.0591,0.0072,0.1463,-0.132
2026-04-01,CVNA,0.2589,0.0072,0.1463,-0.132
2026-05-01,CVNA,-0.0778,0.0072,0.1463,-0.132
2026-06-01,CVNA,-0.0984,0.0072,0.1463,-0.132
2026-07-01,CVNA,-0.0526,0.0072,0.1463,-0.132
2026-08-01,CVNA,0.178,0.0072,0.1463,-0.132
2026-09-01,CVNA,-0.1143,0.0072,0.1463,-0.132
2025-07-01,CVS,-0.0997,0.0205,0.1115,-0.0705
2025-08-01,CVS,0.1779,0.0205,0.1115,-0.0705
2025-09-01,CVS,0.0306,0.0205,0.1115,-0.0705
2025-10-01,CVS,0.0366,0.0205,0.1115,-0.0705
2025-11-01,CVS,0.0283,0.0205,0.1115,-0.0705
2025-12-01,CVS,-0.0124,0.0205,0.1115,-0.0705
2026-01-01,CVS,-0.061,0.0205,0.1115,-0.0705
2026-02-01,CVS,0.0722,0.0205,0.1115,-0.0705
2026-03-01,CVS,-0.1011,0.0205,0.1115,-0.0705
2026-04-01,CVS,0.1597,0.0205,0.1115,-0.0705
2026-05-01,CVS,0.0923,0.0205,0.1115,-0.0705
2026-06-01,CVS,0.1371,0.0205,0.1115,-0.0705
2026-07-01,CVS,0.0095,0.0205,0.1115,-0.0705
2026-08-01,CVS,-0.1007,0.0205,0.1115,-0.0705
2026-09-01,CVS,-0.0509,0.0205,0.1115,-0.0705
2025-07-01,CVX,0.059,0.028,0.1071,-0.051
2025-08-01,CVX,0.0591,0.028,0.1071,-0.051
2025-09-01,CVX,-0.0331,0.028,0.1071,-0.051
2025-10-01,CVX,0.0156,0.028,0.1071,-0.051
2025-11-01,CVX,-0.0418,0.028,0.1071,-0.051
2025-12-01,CVX,0.0085,0.028,0.1071,-0.051
2026-01-01,CVX,0.1607,0.028,0.1071,-0.051
2026-02-01,CVX,0.0557,0.028,0.1071,-0.051
2026-03-01,CVX,0.1078,0.028,0.1071,-0.051
2026-04-01,CVX,-0.0657,0.028,0.1071,-0.051
2026-05-01,CVX,-0.0561,0.028,0.1071,-0.051
2026-06-01,CVX,-0.0915,0.028,0.1071,-0.051
2026-07-01,CVX,0.1874,0.028,0.1071,-0.051
2026-08-01,CVX,0.0473,0.028,0.1071,-0.051
2026-09-01,CVX,-0.0082,0.028,0.1071,-0.051
2025-07-01,D,0.0341,0.0049,0.0483,-0.0384
2025-08-01,D,0.0248,0.0049,0.0483,-0.0384
2025-09-01,D,0.0212,0.0049,0.0483,-0.0384
2025-10-01,D,-0.0405,0.0049,0.0483,-0.0384
2025-11-01,D,0.0695,0.0049,0.0483,-0.0384
2025-12-01,D,-0.0666,0.0049,0.0483,-0.0384
2026-01-01,D,0.027,0.0049,0.0483,-0.0384
2026-02-01,D,0.0494,0.0049,0.0483,-0.0384
2026-03-01,D,-0.0209,0.0049,0.0483,-0.0384
2026-04-01,D,0.0434,0.0049,0.0483,-0.0384
2026-05-01,D,0.0378,0.0049,0.0483,-0.0384
2026-06-01,D,0.0202,0.0049,0.0483,-0.0384
2026-07-01,D,0.0129,0.0049,0.0483,-0.0384
2026-08-01,D,-0.0457,0.0049,0.0483,-0.0384
2026-09-01,D,-0.0807,0.0049,0.0483,-0.0384
2025-07-01,DAL,0.0819,0.04,0.1312,-0.0512
2025-08-01,DAL,0.1611,0.04,0.1312,-0.0512
2025-09-01,DAL,-0.0814,0.04,0.1312,-0.0512
2025-10-01,DAL,0.0111,0.04,0.1312,-0.0512
2025-11-01,DAL,0.1171,0.04,0.1312,-0.0512
2025-12-01,DAL,0.0827,0.04,0.1312,-0.0512
2026-01-01,DAL,-0.0506,0.04,0.1312,-0.0512
2026-02-01,DAL,-0.0029,0.04,0.1312,-0.0512
2026-03-01,DAL,0.0119,0.04,0.1312,-0.0512
2026-04-01,DAL,0.0227,0.04,0.1312,-0.0512
2026-05-01,DAL,0.2131,0.04,0.1312,-0.0512
2026-06-01,DAL,0.1355,0.04,0.1312,-0.0512
2026-07-01,DAL,-0.0664,0.04,0.1312,-0.0512
2026-08-01,DAL,-0.108,0.04,0.1312,-0.0512
2026-09-01,DAL,0.089,0.04,0.1312,-0.0512
2025-07-01,DASH,0.0152,-0.0042,0.1218,-0.1303
2025-08-01,DASH,-0.02,-0.0042,0.1218,-0.1303
2025-09-01,DASH,0.109,-0.0042,0.1218,-0.1303
2025-10-01,DASH,-0.0648,-0.0042,0.1218,-0.1303
2025-11-01,DASH,-0.2202,-0.0042,0.1218,-0.1303
2025-12-01,DASH,0.1417,-0.0042,0.1218,-0.1303
2026-01-01,DASH,-0.0965,-0.0042,0.1218,-0.1303
2026-02-01,DASH,-0.1376,-0.0042,0.1218,-0.1303
2026-03-01,DASH,-0.1491,-0.0042,0.1218,-0.1303
2026-04-01,DASH,0.1232,-0.0042,0.1218,-0.1303
2026-05-01,DASH,-0.0555,-0.0042,0.1218,-0.1303
2026-06-01,DASH,0.1585,-0.0042,0.1218,-0.1303
2026-07-01,DASH,0.063,-0.0042,0.1218,-0.1303
2026-08-01,DASH,0.1814,-0.0042,0.1218,-0.1303
2026-09-01,DASH,-0.1656,-0.0042,0.1218,-0.1303
2025-07-01,DBA,-0.0096,0.0066,0.0416,-0.0283
2025-08-01,DBA,0.0722,0.0066,0.0416,-0.0283
2025-09-01,DBA,-0.0364,0.0066,0.0416,-0.0283
2025-10-01,DBA,-0.0146,0.0066,0.0416,-0.0283
2025-11-01,DBA,0.0019,0.0066,0.0416,-0.0283
2025-12-01,DBA,-0.0341,0.0066,0.0416,-0.0283
2026-01-01,DBA,0.0055,0.0066,0.0416,-0.0283
2026-02-01,DBA,0.014,0.0066,0.0416,-0.0283
2026-03-01,DBA,0.05,0.0066,0.0416,-0.0283
2026-04-01,DBA,0.026,0.0066,0.0416,-0.0283
2026-05-01,DBA,-0.0278,0.0066,0.0416,-0.0283
2026-06-01,DBA,-0.0213,0.0066,0.0416,-0.0283
2026-07-01,DBA,0.0315,0.0066,0.0416,-0.0283
2026-08-01,DBA,0.0658,0.0066,0.0416,-0.0283
2026-09-01,DBA,-0.0266,0.0066,0.0416,-0.0283
2025-07-01,DBB,-0.0057,0.0206,0.0564,-0.0152
2025-08-01,DBB,0.0234,0.0206,0.0564,-0.0152
2025-09-01,DBB,0.0421,0.0206,0.0564,-0.0152
2025-10-01,DBB,0.0686,0.0206,0.0564,-0.0152
2025-11-01,DBB,0.0014,0.0206,0.0564,-0.0152
2025-12-01,DBB,0.0437,0.0206,0.0564,-0.0152
2026-01-01,DBB,0.0462,0.0206,0.0564,-0.0152
2026-02-01,DBB,0.0075,0.0206,0.0564,-0.0152
2026-03-01,DBB,-0.0281,0.0206,0.0564,-0.0152
2026-04-01,DBB,0.0579,0.0206,0.0564,-0.0152
2026-05-01,DBB,0.0447,0.0206,0.0564,-0.0152
2026-06-01,DBB,-0.072,0.0206,0.0564,-0.0152
2026-07-01,DBB,0.044,0.0206,0.0564,-0.0152
2026-08-01,DBB,0.0179,0.0206,0.0564,-0.0152
2026-09-01,DBB,0.0125,0.0206,0.0564,-0.0152
2025-07-01,DBC,0.0293,0.0295,0.0916,-0.0326
2025-08-01,DBC,-0.0107,0.0295,0.0916,-0.0326
2025-09-01,DBC,0.0144,0.0295,0.0916,-0.0326
2025-10-01,DBC,0.0155,0.0295,0.0916,-0.0326
2025-11-01,DBC,0.0079,0.0295,0.0916,-0.0326
2025-12-01,DBC,-0.0304,0.0295,0.0916,-0.0326
2026-01-01,DBC,0.0926,0.0295,0.0916,-0.0326
2026-02-01,DBC,0.0274,0.0295,0.0916,-0.0326
2026-03-01,DBC,0.1534,0.0295,0.0916,-0.0326
2026-04-01,DBC,0.0743,0.0295,0.0916,-0.0326
2026-05-01,DBC,-0.0521,0.0295,0.0916,-0.0326
2026-06-01,DBC,-0.0957,0.0295,0.0916,-0.0326
2026-07-01,DBC,0.1047,0.0295,0.0916,-0.0326
2026-08-01,DBC,0.0628,0.0295,0.0916,-0.0326
2026-09-01,DBC,0.0422,0.0295,0.0916,-0.0326
2025-07-01,DD,0.0483,0.0291,0.0947,-0.0366
2025-08-01,DD,0.0698,0.0291,0.0947,-0.0366
2025-09-01,DD,0.0127,0.0291,0.0947,-0.0366
2025-10-01,DD,0.0481,0.0291,0.0947,-0.0366
2025-11-01,DD,0.1646,0.0291,0.0947,-0.0366
2025-12-01,DD,0.0108,0.0291,0.0947,-0.0366
2026-01-01,DD,0.0925,0.0291,0.0947,-0.0366
2026-02-01,DD,0.1393,0.0291,0.0947,-0.0366
2026-03-01,DD,-0.0847,0.0291,0.0947,-0.0366
2026-04-01,DD,-0.0031,0.0291,0.0947,-0.0366
2026-05-01,DD,0.0604,0.0291,0.0947,-0.0366
2026-06-01,DD,-0.0662,0.0291,0.0947,-0.0366
2026-07-01,DD,0.01,0.0291,0.0947,-0.0366
2026-08-01,DD,-0.0176,0.0291,0.0947,-0.0366
2026-09-01,DD,-0.0214,0.0291,0.0947,-0.0366
2025-07-01,DDOG,0.0421,0.0652,0.2941,-0.1638
2025-08-01,DDOG,-0.0236,0.0652,0.2941,-0.1638
2025-09-01,DDOG,0.0419,0.0652,0.2941,-0.1638
2025-10-01,DDOG,0.1433,0.0652,0.2941,-0.1638
2025-11-01,DDOG,-0.0172,0.0652,0.2941,-0.1638
2025-12-01,DDOG,-0.1501,0.0652,0.2941,-0.1638
2026-01-01,DDOG,-0.049,0.0652,0.2941,-0.1638
2026-02-01,DDOG,-0.1342,0.0652,0.2941,-0.1638
2026-03-01,DDOG,0.0544,0.0652,0.2941,-0.1638
2026-04-01,DDOG,0.1198,0.0652,0.2941,-0.1638
2026-05-01,DDOG,0.8712,0.0652,0.2941,-0.1638
2026-06-01,DDOG,0.0526,0.0652,0.2941,-0.1638
2026-07-01,DDOG,0.0292,0.0652,0.2941,-0.1638
2026-08-01,DDOG,-0.1154,0.0652,0.2941,-0.1638
2026-09-01,DDOG,0.1312,0.0652,0.2941,-0.1638
2025-07-01,DE,0.0312,0.0226,0.1128,-0.0677
2025-08-01,DE,-0.0872,0.0226,0.1128,-0.0677
2025-09-01,DE,-0.0447,0.0226,0.1128,-0.0677
2025-10-01,DE,0.0096,0.0226,0.1128,-0.0677
2025-11-01,DE,0.0062,0.0226,0.1128,-0.0677
2025-12-01,DE,0.0023,0.0226,0.1128,-0.0677
2026-01-01,DE,0.1341,0.0226,0.1128,-0.0677
2026-02-01,DE,0.1926,0.0226,0.1128,-0.0677
2026-03-01,DE,-0.1055,0.0226,0.1128,-0.0677
2026-04-01,DE,0.0472,0.0226,0.1128,-0.0677
2026-05-01,DE,-0.0808,0.0226,0.1128,-0.0677
2026-06-01,DE,0.17,0.0226,0.1128,-0.0677
2026-07-01,DE,-0.0657,0.0226,0.1128,-0.0677
2026-08-01,DE,0.105,0.0226,0.1128,-0.0677
2026-09-01,DE,0.0543,0.0226,0.1128,-0.0677
2025-07-01,DECK,0.0301,-0.0126,0.1068,-0.132
2025-08-01,DECK,0.1268,-0.0126,0.1068,-0.132
2025-09-01,DECK,-0.1526,-0.0126,0.1068,-0.132
2025-10-01,DECK,-0.196,-0.0126,0.1068,-0.132
2025-11-01,DECK,0.0801,-0.0126,0.1068,-0.132
2025-12-01,DECK,0.1777,-0.0126,0.1068,-0.132
2026-01-01,DECK,0.1512,-0.0126,0.1068,-0.132
2026-02-01,DECK,-0.0173,-0.0126,0.1068,-0.132
2026-03-01,DECK,-0.1465,-0.0126,0.1068,-0.132
2026-04-01,DECK,0.0211,-0.0126,0.1068,-0.132
2026-05-01,DECK,0.114,-0.0126,0.1068,-0.132
2026-06-01,DECK,-0.1279,-0.0126,0.1068,-0.132
2026-07-01,DECK,-0.0243,-0.0126,0.1068,-0.132
2026-08-01,DECK,-0.1012,-0.0126,0.1068,-0.132
2026-09-01,DECK,-0.0966,-0.0126,0.1068,-0.132
2025-07-01,DELL,0.0823,0.1299,0.3976,-0.1378
2025-08-01,DELL,-0.0794,0.1299,0.3976,-0.1378
2025-09-01,DELL,0.1606,0.1299,0.3976,-0.1378
2025-10-01,DELL,0.1428,0.1299,0.3976,-0.1378
2025-11-01,DELL,-0.1769,0.1299,0.3976,-0.1378
2025-12-01,DELL,-0.056,0.1299,0.3976,-0.1378
2026-01-01,DELL,-0.0909,0.1299,0.3976,-0.1378
2026-02-01,DELL,0.294,0.1299,0.3976,-0.1378
2026-03-01,DELL,0.1084,0.1299,0.3976,-0.1378
2026-04-01,DELL,0.2731,0.1299,0.3976,-0.1378
2026-05-01,DELL,1.0144,0.1299,0.3976,-0.1378
2026-06-01,DELL,0.0251,0.1299,0.3976,-0.1378
2026-07-01,DELL,-0.0605,0.1299,0.3976,-0.1378
2026-08-01,DELL,0.1249,0.1299,0.3976,-0.1378
2026-09-01,DELL,0.2344,0.1299,0.3976,-0.1378
2025-07-01,DG,-0.0829,0.0097,0.1133,-0.094
2025-08-01,DG,0.0368,0.0097,0.1133,-0.094
2025-09-01,DG,-0.0497,0.0097,0.1133,-0.094
2025-10-01,DG,-0.0454,0.0097,0.1133,-0.094
2025-11-01,DG,0.1098,0.0097,0.1133,-0.094
2025-12-01,DG,0.2126,0.0097,0.1133,-0.094
2026-01-01,DG,0.0803,0.0097,0.1133,-0.094
2026-02-01,DG,0.0893,0.0097,0.1133,-0.094
2026-03-01,DG,-0.2401,0.0097,0.1133,-0.094
2026-04-01,DG,-0.024,0.0097,0.1133,-0.094
2026-05-01,DG,-0.0455,0.0097,0.1133,-0.094
2026-06-01,DG,0.0407,0.0097,0.1133,-0.094
2026-07-01,DG,0.1037,0.0097,0.1133,-0.094
2026-08-01,DG,-0.0024,0.0097,0.1133,-0.094
2026-09-01,DG,-0.0151,0.0097,0.1133,-0.094
2025-07-01,DGX,-0.068,0.0187,0.0897,-0.0524
2025-08-01,DGX,0.085,0.0187,0.0897,-0.0524
2025-09-01,DGX,0.0492,0.0187,0.0897,-0.0524
2025-10-01,DGX,-0.0768,0.0187,0.0897,-0.0524
2025-11-01,DGX,0.0752,0.0187,0.0897,-0.0524
2025-12-01,DGX,-0.0827,0.0187,0.0897,-0.0524
2026-01-01,DGX,0.0778,0.0187,0.0897,-0.0524
2026-02-01,DGX,0.133,0.0187,0.0897,-0.0524
2026-03-01,DGX,-0.0752,0.0187,0.0897,-0.0524
2026-04-01,DGX,-0.0091,0.0187,0.0897,-0.0524
2026-05-01,DGX,0.0036,0.0187,0.0897,-0.0524
2026-06-01,DGX,0.0875,0.0187,0.0897,-0.0524
2026-07-01,DGX,0.0994,0.0187,0.0897,-0.0524
2026-08-01,DGX,0.0313,0.0187,0.0897,-0.0524
2026-09-01,DGX,-0.0166,0.0187,0.0897,-0.0524
2025-07-01,DHI,0.108,0.0088,0.1084,-0.0909
2025-08-01,DHI,0.1865,0.0088,0.1084,-0.0909
2025-09-01,DHI,-0.0001,0.0088,0.1084,-0.0909
2025-10-01,DHI,-0.1203,0.0088,0.1084,-0.0909
2025-11-01,DHI,0.0666,0.0088,0.1084,-0.0909
2025-12-01,DHI,-0.0942,0.0088,0.1084,-0.0909
2026-01-01,DHI,0.0334,0.0088,0.1084,-0.0909
2026-02-01,DHI,0.0776,0.0088,0.1084,-0.0909
2026-03-01,DHI,-0.1445,0.0088,0.1084,-0.0909
2026-04-01,DHI,0.1213,0.0088,0.1084,-0.0909
2026-05-01,DHI,-0.044,0.0088,0.1084,-0.0909
2026-06-01,DHI,0.1073,0.0088,0.1084,-0.0909
2026-07-01,DHI,-0.1217,0.0088,0.1084,-0.0909
2026-08-01,DHI,0.0105,0.0088,0.1084,-0.0909
2026-09-01,DHI,-0.0211,0.0088,0.1084,-0.0909
2025-07-01,DHR,-0.0019,0.0101,0.0642,-0.0441
2025-08-01,DHR,0.0439,0.0101,0.0642,-0.0441
2025-09-01,DHR,-0.0367,0.0101,0.0642,-0.0441
2025-10-01,DHR,0.0864,0.0101,0.0642,-0.0441
2025-11-01,DHR,0.0529,0.0101,0.0642,-0.0441
2025-12-01,DHR,0.0094,0.0101,0.0642,-0.0441
2026-01-01,DHR,-0.0438,0.0101,0.0642,-0.0441
2026-02-01,DHR,-0.0377,0.0101,0.0642,-0.0441
2026-03-01,DHR,-0.0999,0.0101,0.0642,-0.0441
2026-04-01,DHR,-0.0562,0.0101,0.0642,-0.0441
2026-05-01,DHR,0.0208,0.0101,0.0642,-0.0441
2026-06-01,DHR,0.0428,0.0101,0.0642,-0.0441
2026-07-01,DHR,0.0236,0.0101,0.0642,-0.0441
2026-08-01,DHR,0.0953,0.0101,0.0642,-0.0441
2026-09-01,DHR,0.0512,0.0101,0.0642,-0.0441
2025-07-01,DHT,0.0259,0.0514,0.1605,-0.0576
2025-08-01,DHT,0.0568,0.0514,0.1605,-0.0576
2025-09-01,DHT,0.0196,0.0514,0.1605,-0.0576
2025-10-01,DHT,0.1113,0.0514,0.1605,-0.0576
2025-11-01,DHT,-0.0188,0.0514,0.1605,-0.0576
2025-12-01,DHT,-0.0629,0.0514,0.1605,-0.0576
2026-01-01,DHT,0.1736,0.0514,0.1605,-0.0576
2026-02-01,DHT,0.3601,0.0514,0.1605,-0.0576
2026-03-01,DHT,-0.0626,0.0514,0.1605,-0.0576
2026-04-01,DHT,0.0115,0.0514,0.1605,-0.0576
2026-05-01,DHT,-0.1169,0.0514,0.1605,-0.0576
2026-06-01,DHT,0.0129,0.0514,0.1605,-0.0576
2026-07-01,DHT,0.1234,0.0514,0.1605,-0.0576
2026-08-01,DHT,0.0555,0.0514,0.1605,-0.0576
2026-09-01,DHT,0.1112,0.0514,0.1605,-0.0576
2025-07-01,DIA,0.0015,0.0112,0.0384,-0.016
2025-08-01,DIA,0.0334,0.0112,0.0384,-0.016
2025-09-01,DIA,0.0168,0.0112,0.0384,-0.016
2025-10-01,DIA,0.0257,0.0112,0.0384,-0.016
2025-11-01,DIA,0.0032,0.0112,0.0384,-0.016
2025-12-01,DIA,0.0071,0.0112,0.0384,-0.016
2026-01-01,DIA,0.0176,0.0112,0.0384,-0.016
2026-02-01,DIA,0.0013,0.0112,0.0384,-0.016
2026-03-01,DIA,-0.0541,0.0112,0.0384,-0.016
2026-04-01,DIA,0.0722,0.0112,0.0384,-0.016
2026-05-01,DIA,0.0285,0.0112,0.0384,-0.016
2026-06-01,DIA,0.0227,0.0112,0.0384,-0.016
2026-07-01,DIA,0.0037,0.0112,0.0384,-0.016
2026-08-01,DIA,0.0138,0.0112,0.0384,-0.016
2026-09-01,DIA,-0.0265,0.0112,0.0384,-0.016
2025-07-01,DIS,-0.0395,-0.0079,0.0503,-0.0662
2025-08-01,DIS,-0.0061,-0.0079,0.0503,-0.0662
2025-09-01,DIS,-0.0328,-0.0079,0.0503,-0.0662
2025-10-01,DIS,-0.0164,-0.0079,0.0503,-0.0662
2025-11-01,DIS,-0.0724,-0.0079,0.0503,-0.0662
2025-12-01,DIS,0.089,-0.0079,0.0503,-0.0662
2026-01-01,DIS,-0.0085,-0.0079,0.0503,-0.0662
2026-02-01,DIS,-0.0599,-0.0079,0.0503,-0.0662
2026-03-01,DIS,-0.0911,-0.0079,0.0503,-0.0662
2026-04-01,DIS,0.0765,-0.0079,0.0503,-0.0662
2026-05-01,DIS,-0.0185,-0.0079,0.0503,-0.0662
2026-06-01,DIS,-0.0548,-0.0079,0.0503,-0.0662
2026-07-01,DIS,-0.0006,-0.0079,0.0503,-0.0662
2026-08-01,DIS,0.1181,-0.0079,0.0503,-0.0662
2026-09-01,DIS,-0.013,-0.0079,0.0503,-0.0662
2025-07-01,DJI,0.0008,0.0113,0.0382,-0.0157
2025-08-01,DJI,0.032,0.0113,0.0382,-0.0157
2025-09-01,DJI,0.0187,0.0113,0.0382,-0.0157
2025-10-01,DJI,0.0251,0.0113,0.0382,-0.0157
2025-11-01,DJI,0.0032,0.0113,0.0382,-0.0157
2025-12-01,DJI,0.0073,0.0113,0.0382,-0.0157
2026-01-01,DJI,0.0173,0.0113,0.0382,-0.0157
2026-02-01,DJI,0.0017,0.0113,0.0382,-0.0157
2026-03-01,DJI,-0.0538,0.0113,0.0382,-0.0157
2026-04-01,DJI,0.0714,0.0113,0.0382,-0.0157
2026-05-01,DJI,0.0278,0.0113,0.0382,-0.0157
2026-06-01,DJI,0.0252,0.0113,0.0382,-0.0157
2026-07-01,DJI,0.0032,0.0113,0.0382,-0.0157
2026-08-01,DJI,0.0134,0.0113,0.0382,-0.0157
2026-09-01,DJI,-0.0255,0.0113,0.0382,-0.0157
2025-07-01,DLR,0.0121,0.0032,0.0556,-0.0492
2025-08-01,DLR,-0.0499,0.0032,0.0556,-0.0492
2025-09-01,DLR,0.0313,0.0032,0.0556,-0.0492
2025-10-01,DLR,-0.0143,0.0032,0.0556,-0.0492
2025-11-01,DLR,-0.0604,0.0032,0.0556,-0.0492
2025-12-01,DLR,-0.0338,0.0032,0.0556,-0.0492
2026-01-01,DLR,0.0727,0.0032,0.0556,-0.0492
2026-02-01,DLR,0.0678,0.0032,0.0556,-0.0492
2026-03-01,DLR,0.017,0.0032,0.0556,-0.0492
2026-04-01,DLR,0.115,0.0032,0.0556,-0.0492
2026-05-01,DLR,-0.0544,0.0032,0.0556,-0.0492
2026-06-01,DLR,-0.0548,0.0032,0.0556,-0.0492
2026-07-01,DLR,0.0498,0.0032,0.0556,-0.0492
2026-08-01,DLR,-0.0155,0.0032,0.0556,-0.0492
2026-09-01,DLR,-0.0376,0.0032,0.0556,-0.0492
2025-07-01,DLTR,0.1465,0.0146,0.1173,-0.0882
2025-08-01,DLTR,-0.0386,0.0146,0.1173,-0.0882
2025-09-01,DLTR,-0.1356,0.0146,0.1173,-0.0882
2025-10-01,DLTR,0.0503,0.0146,0.1173,-0.0882
2025-11-01,DLTR,0.1179,0.0146,0.1173,-0.0882
2025-12-01,DLTR,0.1101,0.0146,0.1173,-0.0882
2026-01-01,DLTR,-0.0441,0.0146,0.1173,-0.0882
2026-02-01,DLTR,0.0756,0.0146,0.1173,-0.0882
2026-03-01,DLTR,-0.1342,0.0146,0.1173,-0.0882
2026-04-01,DLTR,-0.1132,0.0146,0.1173,-0.0882
2026-05-01,DLTR,0.1991,0.0146,0.1173,-0.0882
2026-06-01,DLTR,0.0387,0.0146,0.1173,-0.0882
2026-07-01,DLTR,0.0518,0.0146,0.1173,-0.0882
2026-08-01,DLTR,-0.0049,0.0146,0.1173,-0.0882
2026-09-01,DLTR,-0.0989,0.0146,0.1173,-0.0882
2025-07-01,DOC,-0.0326,0.0108,0.0874,-0.0658
2025-08-01,DOC,0.059,0.0108,0.0874,-0.0658
2025-09-01,DOC,0.0674,0.0108,0.0874,-0.0658
2025-10-01,DOC,-0.0627,0.0108,0.0874,-0.0658
2025-11-01,DOC,0.0173,0.0108,0.0874,-0.0658
2025-12-01,DOC,-0.1194,0.0108,0.0874,-0.0658
2026-01-01,DOC,0.0721,0.0108,0.0874,-0.0658
2026-02-01,DOC,0.0255,0.0108,0.0874,-0.0658
2026-03-01,DOC,-0.0707,0.0108,0.0874,-0.0658
2026-04-01,DOC,-0.0158,0.0108,0.0874,-0.0658
2026-05-01,DOC,0.1843,0.0108,0.0874,-0.0658
2026-06-01,DOC,0.1175,0.0108,0.0874,-0.0658
2026-07-01,DOC,0.0201,0.0108,0.0874,-0.0658
2026-08-01,DOC,-0.0463,0.0108,0.0874,-0.0658
2026-09-01,DOC,-0.0245,0.0108,0.0874,-0.0658
2025-07-01,DOV,-0.0114,0.0046,0.0694,-0.0601
2025-08-01,DOV,-0.0126,0.0046,0.0694,-0.0601
2025-09-01,DOV,-0.0673,0.0046,0.0694,-0.0601
2025-10-01,DOV,0.0877,0.0046,0.0694,-0.0601
2025-11-01,DOV,0.0211,0.0046,0.0694,-0.0601
2025-12-01,DOV,0.0538,0.0046,0.0694,-0.0601
2026-01-01,DOV,0.032,0.0046,0.0694,-0.0601
2026-02-01,DOV,0.1192,0.0046,0.0694,-0.0601
2026-03-01,DOV,-0.0756,0.0046,0.0694,-0.0601
2026-04-01,DOV,0.0862,0.0046,0.0694,-0.0601
2026-05-01,DOV,-0.0665,0.0046,0.0694,-0.0601
2026-06-01,DOV,0.0611,0.0046,0.0694,-0.0601
2026-07-01,DOV,-0.0877,0.0046,0.0694,-0.0601
2026-08-01,DOV,-0.0508,0.0046,0.0694,-0.0601
2026-09-01,DOV,-0.0121,0.0046,0.0694,-0.0601
2025-07-01,DOW,-0.1205,0.0136,0.1505,-0.1234
2025-08-01,DOW,0.0575,0.0136,0.1505,-0.1234
2025-09-01,DOW,-0.069,0.0136,0.1505,-0.1234
2025-10-01,DOW,0.0401,0.0136,0.1505,-0.1234
2025-12-01,DOW,-0.0197,0.0136,0.1505,-0.1234
2026-01-01,DOW,0.1784,0.0136,0.1505,-0.1234
2026-02-01,DOW,0.1154,0.0136,0.1505,-0.1234
2026-03-01,DOW,0.3554,0.0136,0.1505,-0.1234
2026-04-01,DOW,-0.0279,0.0136,0.1505,-0.1234
2026-05-01,DOW,-0.1665,0.0136,0.1505,-0.1234
2026-06-01,DOW,-0.1893,0.0136,0.1505,-0.1234
2026-07-01,DOW,0.1071,0.0136,0.1505,-0.1234
2026-08-01,DOW,0.0076,0.0136,0.1505,-0.1234
2026-09-01,DOW,-0.0819,0.0136,0.1505,-0.1234
2025-07-01,DPZ,0.028,-0.0252,0.0481,-0.0985
2025-08-01,DPZ,-0.0106,-0.0252,0.0481,-0.0985
2025-09-01,DPZ,-0.058,-0.0252,0.0481,-0.0985
2025-10-01,DPZ,-0.077,-0.0252,0.0481,-0.0985
2025-11-01,DPZ,0.0531,-0.0252,0.0481,-0.0985
2025-12-01,DPZ,-0.0067,-0.0252,0.0481,-0.0985
2026-01-01,DPZ,-0.0156,-0.0252,0.0481,-0.0985
2026-02-01,DPZ,-0.0191,-0.0252,0.0481,-0.0985
2026-03-01,DPZ,-0.1086,-0.0252,0.0481,-0.0985
2026-04-01,DPZ,-0.054,-0.0252,0.0481,-0.0985
2026-05-01,DPZ,-0.085,-0.0252,0.0481,-0.0985
2026-06-01,DPZ,-0.0468,-0.0252,0.0481,-0.0985
2026-07-01,DPZ,0.1736,-0.0252,0.0481,-0.0985
2026-08-01,DPZ,-0.0155,-0.0252,0.0481,-0.0985
2026-09-01,DPZ,-0.1459,-0.0252,0.0481,-0.0985
2025-07-01,DRI,-0.0748,-0.0055,0.0482,-0.0593
2025-08-01,DRI,0.0261,-0.0055,0.0482,-0.0593
2025-09-01,DRI,-0.0801,-0.0055,0.0482,-0.0593
2025-10-01,DRI,-0.0536,-0.0055,0.0482,-0.0593
2025-11-01,DRI,-0.0032,-0.0055,0.0482,-0.0593
2025-12-01,DRI,0.0247,-0.0055,0.0482,-0.0593
2026-01-01,DRI,0.0833,-0.0055,0.0482,-0.0593
2026-02-01,DRI,0.0727,-0.0055,0.0482,-0.0593
2026-03-01,DRI,-0.0833,-0.0055,0.0482,-0.0593
2026-04-01,DRI,0.0231,-0.0055,0.0482,-0.0593
2026-05-01,DRI,0.0167,-0.0055,0.0482,-0.0593
2026-06-01,DRI,0.0103,-0.0055,0.0482,-0.0593
2026-07-01,DRI,-0.0118,-0.0055,0.0482,-0.0593
2026-08-01,DRI,0.0525,-0.0055,0.0482,-0.0593
2026-09-01,DRI,-0.0677,-0.0055,0.0482,-0.0593
2025-07-01,DTE,0.0449,-0.0048,0.0509,-0.0605
2025-08-01,DTE,-0.0127,-0.0048,0.0509,-0.0605
2025-09-01,DTE,0.035,-0.0048,0.0509,-0.0605
2025-10-01,DTE,-0.0416,-0.0048,0.0509,-0.0605
2025-11-01,DTE,0.011,-0.0048,0.0509,-0.0605
2025-12-01,DTE,-0.0587,-0.0048,0.0509,-0.0605
2026-01-01,DTE,0.0419,-0.0048,0.0509,-0.0605
2026-02-01,DTE,0.1031,-0.0048,0.0509,-0.0605
2026-03-01,DTE,-0.0136,-0.0048,0.0509,-0.0605
2026-04-01,DTE,0.0374,-0.0048,0.0509,-0.0605
2026-05-01,DTE,-0.0581,-0.0048,0.0509,-0.0605
2026-06-01,DTE,0.0665,-0.0048,0.0509,-0.0605
2026-07-01,DTE,-0.0689,-0.0048,0.0509,-0.0605
2026-08-01,DTE,-0.044,-0.0048,0.0509,-0.0605
2026-09-01,DTE,-0.1046,-0.0048,0.0509,-0.0605
2025-07-01,DUK,0.0308,-0.0022,0.034,-0.0383
2025-08-01,DUK,0.007,-0.0022,0.034,-0.0383
2025-09-01,DUK,0.0103,-0.0022,0.034,-0.0383
2025-10-01,DUK,0.0044,-0.0022,0.034,-0.0383
2025-11-01,DUK,-0.0029,-0.0022,0.034,-0.0383
2025-12-01,DUK,-0.0543,-0.0022,0.034,-0.0383
2026-01-01,DUK,0.0353,-0.0022,0.034,-0.0383
2026-02-01,DUK,0.0783,-0.0022,0.034,-0.0383
2026-03-01,DUK,0.0007,-0.0022,0.034,-0.0383
2026-04-01,DUK,-0.0106,-0.0022,0.034,-0.0383
2026-05-01,DUK,-0.0526,-0.0022,0.034,-0.0383
2026-06-01,DUK,0.0314,-0.0022,0.034,-0.0383
2026-07-01,DUK,-0.0091,-0.0022,0.034,-0.0383
2026-08-01,DUK,-0.044,-0.0022,0.034,-0.0383
2026-09-01,DUK,-0.0547,-0.0022,0.034,-0.0383
2025-07-01,DVA,-0.0146,0.022,0.1727,-0.1288
2025-08-01,DVA,-0.0186,0.022,0.1727,-0.1288
2025-09-01,DVA,-0.0355,0.022,0.1727,-0.1288
2025-10-01,DVA,-0.1042,0.022,0.1727,-0.1288
2025-11-01,DVA,0.0055,0.022,0.1727,-0.1288
2025-12-01,DVA,-0.0507,0.022,0.1727,-0.1288
2026-01-01,DVA,-0.0376,0.022,0.1727,-0.1288
2026-02-01,DVA,0.4295,0.022,0.1727,-0.1288
2026-03-01,DVA,-0.0167,0.022,0.1727,-0.1288
2026-04-01,DVA,0.0094,0.022,0.1727,-0.1288
2026-05-01,DVA,0.2528,0.022,0.1727,-0.1288
2026-06-01,DVA,0.1447,0.022,0.1727,-0.1288
2026-07-01,DVA,0.0792,0.022,0.1727,-0.1288
2026-08-01,DVA,-0.2669,0.022,0.1727,-0.1288
2026-09-01,DVA,0.014,0.022,0.1727,-0.1288
2025-07-01,DVN,0.0443,0.0293,0.1114,-0.0528
2025-08-01,DVN,0.0867,0.0293,0.1114,-0.0528
2025-09-01,DVN,-0.0288,0.0293,0.1114,-0.0528
2025-10-01,DVN,-0.0733,0.0293,0.1114,-0.0528
2025-11-01,DVN,0.1407,0.0293,0.1114,-0.0528
2025-12-01,DVN,-0.0116,0.0293,0.1114,-0.0528
2026-01-01,DVN,0.0977,0.0293,0.1114,-0.0528
2026-02-01,DVN,0.0826,0.0293,0.1114,-0.0528
2026-03-01,DVN,0.156,0.0293,0.1114,-0.0528
2026-04-01,DVN,0.0209,0.0293,0.1114,-0.0528
2026-05-01,DVN,-0.1339,0.0293,0.1114,-0.0528
2026-06-01,DVN,-0.0713,0.0293,0.1114,-0.0528
2026-07-01,DVN,0.0922,0.0293,0.1114,-0.0528
2026-08-01,DVN,0.0749,0.0293,0.1114,-0.0528
2026-09-01,DVN,-0.0301,0.0293,0.1114,-0.0528
2025-07-01,DXCM,-0.0747,0.0043,0.1252,-0.1166
2025-08-01,DXCM,-0.0672,0.0043,0.1252,-0.1166
2025-09-01,DXCM,-0.1068,0.0043,0.1252,-0.1166
2025-10-01,DXCM,-0.1348,0.0043,0.1252,-0.1166
2025-11-01,DXCM,0.0902,0.0043,0.1252,-0.1166
2025-12-01,DXCM,0.0457,0.0043,0.1252,-0.1166
2026-01-01,DXCM,0.1005,0.0043,0.1252,-0.1166
2026-02-01,DXCM,0.0053,0.0043,0.1252,-0.1166
2026-03-01,DXCM,-0.1448,0.0043,0.1252,-0.1166
2026-04-01,DXCM,-0.0518,0.0043,0.1252,-0.1166
2026-05-01,DXCM,0.2383,0.0043,0.1252,-0.1166
2026-06-01,DXCM,-0.0867,0.0043,0.1252,-0.1166
2026-07-01,DXCM,0.2391,0.0043,0.1252,-0.1166
2026-08-01,DXCM,0.0912,0.0043,0.1252,-0.1166
2026-09-01,DXCM,-0.0488,0.0043,0.1252,-0.1166
2025-07-01,DXY,0.0325,0.0031,0.0199,-0.0137
2025-08-01,DXY,-0.0226,0.0031,0.0199,-0.0137
2025-10-01,DXY,0.0208,0.0031,0.0199,-0.0137
2025-11-01,DXY,-0.0034,0.0031,0.0199,-0.0137
2025-12-01,DXY,-0.0119,0.0031,0.0199,-0.0137
2026-01-01,DXY,-0.0131,0.0031,0.0199,-0.0137
2026-02-01,DXY,0.0064,0.0031,0.0199,-0.0137
2026-03-01,DXY,0.0228,0.0031,0.0199,-0.0137
2026-04-01,DXY,-0.0174,0.0031,0.0199,-0.0137
2026-05-01,DXY,0.0086,0.0031,0.0199,-0.0137
2026-06-01,DXY,0.0227,0.0031,0.0199,-0.0137
2026-07-01,DXY,-0.0137,0.0031,0.0199,-0.0137
2026-08-01,DXY,-0.0035,0.0031,0.0199,-0.0137
2026-09-01,DXY,0.016,0.0031,0.0199,-0.0137
2025-07-01,EBAY,0.2322,0.0277,0.1079,-0.0524
2025-08-01,EBAY,-0.0124,0.0277,0.1079,-0.0524
2025-09-01,EBAY,0.0038,0.0277,0.1079,-0.0524
2025-10-01,EBAY,-0.106,0.0277,0.1079,-0.0524
2025-11-01,EBAY,0.0182,0.0277,0.1079,-0.0524
2025-12-01,EBAY,0.0521,0.0277,0.1079,-0.0524
2026-01-01,EBAY,0.0473,0.0277,0.1079,-0.0524
2026-02-01,EBAY,-0.0039,0.0277,0.1079,-0.0524
2026-03-01,EBAY,0.0018,0.0277,0.1079,-0.0524
2026-04-01,EBAY,0.1369,0.0277,0.1079,-0.0524
2026-05-01,EBAY,0.056,0.0277,0.1079,-0.0524
2026-06-01,EBAY,0.0227,0.0277,0.1079,-0.0524
2026-07-01,EBAY,0.0202,0.0277,0.1079,-0.0524
2026-08-01,EBAY,-0.0917,0.0277,0.1079,-0.0524
2026-09-01,EBAY,0.0419,0.0277,0.1079,-0.0524
2025-07-01,EC,-0.0508,0.0483,0.1518,-0.0552
2025-08-01,EC,0.119,0.0483,0.1518,-0.0552
2025-09-01,EC,-0.0202,0.0483,0.1518,-0.0552
2025-10-01,EC,0.0119,0.0483,0.1518,-0.0552
2025-11-01,EC,0.0536,0.0483,0.1518,-0.0552
2025-12-01,EC,0.0204,0.0483,0.1518,-0.0552
2026-01-01,EC,0.2545,0.0483,0.1518,-0.0552
2026-02-01,EC,-0.0541,0.0483,0.1518,-0.0552
2026-03-01,EC,0.2607,0.0483,0.1518,-0.0552
2026-04-01,EC,-0.0554,0.0483,0.1518,-0.0552
2026-05-01,EC,0.0318,0.0483,0.1518,-0.0552
2026-06-01,EC,-0.0253,0.0483,0.1518,-0.0552
2026-07-01,EC,0.1777,0.0483,0.1518,-0.0552
2026-08-01,EC,-0.006,0.0483,0.1518,-0.0552
2026-09-01,EC,-0.0054,0.0483,0.1518,-0.0552
2025-07-01,ECH,-0.0515,0.0162,0.0767,-0.0442
2025-08-01,ECH,0.0999,0.0162,0.0767,-0.0442
2025-09-01,ECH,0.0046,0.0162,0.0767,-0.0442
2025-10-01,ECH,0.0716,0.0162,0.0767,-0.0442
2025-11-01,ECH,0.0719,0.0162,0.0767,-0.0442
2025-12-01,ECH,0.0671,0.0162,0.0767,-0.0442
2026-01-01,ECH,0.1198,0.0162,0.0767,-0.0442
2026-02-01,ECH,-0.0385,0.0162,0.0767,-0.0442
2026-03-01,ECH,-0.086,0.0162,0.0767,-0.0442
2026-04-01,ECH,0.0503,0.0162,0.0767,-0.0442
2026-05-01,ECH,0.0053,0.0162,0.0767,-0.0442
2026-06-01,ECH,-0.0543,0.0162,0.0767,-0.0442
2026-07-01,ECH,-0.0093,0.0162,0.0767,-0.0442
2026-08-01,ECH,0.0297,0.0162,0.0767,-0.0442
2026-09-01,ECH,-0.036,0.0162,0.0767,-0.0442
2025-07-01,ECHO,0.1765,0.109,0.3743,-0.1562
2025-08-01,ECHO,0.896,0.109,0.3743,-0.1562
2025-09-01,ECHO,0.2358,0.109,0.3743,-0.1562
2025-10-01,ECHO,-0.0195,0.109,0.3743,-0.1562
2025-11-01,ECHO,-0.0211,0.109,0.3743,-0.1562
2025-12-01,ECHO,0.4831,0.109,0.3743,-0.1562
2026-01-01,ECHO,0.0416,0.109,0.3743,-0.1562
2026-02-01,ECHO,0.0204,0.109,0.3743,-0.1562
2026-03-01,ECHO,0.0133,0.109,0.3743,-0.1562
2026-04-01,ECHO,0.0518,0.109,0.3743,-0.1562
2026-05-01,ECHO,0.0491,0.109,0.3743,-0.1562
2026-06-01,ECHO,-0.2143,0.109,0.3743,-0.1562
2026-07-01,ECHO,-0.1715,0.109,0.3743,-0.1562
2026-08-01,ECHO,0.0279,0.109,0.3743,-0.1562
2026-09-01,ECHO,0.0425,0.109,0.3743,-0.1562
2025-07-01,ECL,-0.0285,0.0022,0.0646,-0.0602
2025-08-01,ECL,0.0584,0.0022,0.0646,-0.0602
2025-09-01,ECL,-0.0115,0.0022,0.0646,-0.0602
2025-10-01,ECL,-0.0638,0.0022,0.0646,-0.0602
2025-11-01,ECL,0.0732,0.0022,0.0646,-0.0602
2025-12-01,ECL,-0.0459,0.0022,0.0646,-0.0602
2026-01-01,ECL,0.0742,0.0022,0.0646,-0.0602
2026-02-01,ECL,0.0935,0.0022,0.0646,-0.0602
2026-03-01,ECL,-0.1373,0.0022,0.0646,-0.0602
2026-04-01,ECL,-0.0204,0.0022,0.0646,-0.0602
2026-05-01,ECL,-0.0177,0.0022,0.0646,-0.0602
2026-06-01,ECL,0.0883,0.0022,0.0646,-0.0602
2026-07-01,ECL,-0.0035,0.0022,0.0646,-0.0602
2026-08-01,ECL,0.0201,0.0022,0.0646,-0.0602
2026-09-01,ECL,-0.0131,0.0022,0.0646,-0.0602
2025-07-01,ED,0.0314,0.002,0.0395,-0.0355
2025-08-01,ED,-0.0509,0.002,0.0395,-0.0355
2025-09-01,ED,0.0233,0.002,0.0395,-0.0355
2025-10-01,ED,-0.0309,0.002,0.0395,-0.0355
2025-11-01,ED,0.0303,0.002,0.0395,-0.0355
2025-12-01,ED,-0.0104,0.002,0.0395,-0.0355
2026-01-01,ED,0.0736,0.002,0.0395,-0.0355
2026-02-01,ED,0.0552,0.002,0.0395,-0.0355
2026-03-01,ED,0.0059,0.002,0.0395,-0.0355
2026-04-01,ED,-0.0149,0.002,0.0395,-0.0355
2026-05-01,ED,-0.0526,0.002,0.0395,-0.0355
2026-06-01,ED,0.0473,0.002,0.0395,-0.0355
2026-07-01,ED,-0.0161,0.002,0.0395,-0.0355
2026-08-01,ED,-0.0168,0.002,0.0395,-0.0355
2026-09-01,ED,-0.0366,0.002,0.0395,-0.0355
2025-07-01,EDEN,-0.0855,0.0,0.0498,-0.0497
2025-08-01,EDEN,0.0547,0.0,0.0498,-0.0497
2025-09-01,EDEN,-0.0061,0.0,0.0498,-0.0497
2025-10-01,EDEN,-0.0035,0.0,0.0498,-0.0497
2025-11-01,EDEN,0.0234,0.0,0.0498,-0.0497
2025-12-01,EDEN,0.0295,0.0,0.0498,-0.0497
2026-01-01,EDEN,0.0653,0.0,0.0498,-0.0497
2026-02-01,EDEN,-0.1126,0.0,0.0498,-0.0497
2026-03-01,EDEN,-0.0325,0.0,0.0498,-0.0497
2026-04-01,EDEN,0.0497,0.0,0.0498,-0.0497
2026-05-01,EDEN,0.0224,0.0,0.0498,-0.0497
2026-06-01,EDEN,-0.0178,0.0,0.0498,-0.0497
2026-07-01,EDEN,0.0269,0.0,0.0498,-0.0497
2026-08-01,EDEN,0.0354,0.0,0.0498,-0.0497
2026-09-01,EDEN,-0.0551,0.0,0.0498,-0.0497
2025-07-01,EDV,-0.0291,-0.0106,0.0308,-0.052
2025-08-01,EDV,-0.0121,-0.0106,0.0308,-0.052
2025-09-01,EDV,0.0604,-0.0106,0.0308,-0.052
2025-10-01,EDV,0.0098,-0.0106,0.0308,-0.052
2025-11-01,EDV,-0.0042,-0.0106,0.0308,-0.052
2025-12-01,EDV,-0.0555,-0.0106,0.0308,-0.052
2026-01-01,EDV,-0.0025,-0.0106,0.0308,-0.052
2026-02-01,EDV,0.0662,-0.0106,0.0308,-0.052
2026-03-01,EDV,-0.0606,-0.0106,0.0308,-0.052
2026-04-01,EDV,-0.028,-0.0106,0.0308,-0.052
2026-05-01,EDV,0.0093,-0.0106,0.0308,-0.052
2026-06-01,EDV,0.0213,-0.0106,0.0308,-0.052
2026-07-01,EDV,-0.0864,-0.0106,0.0308,-0.052
2026-08-01,EDV,0.0119,-0.0106,0.0308,-0.052
2026-09-01,EDV,-0.0465,-0.0106,0.0308,-0.052
2025-07-01,EFNL,-0.0166,0.0207,0.0656,-0.0242
2025-08-01,EFNL,0.036,0.0207,0.0656,-0.0242
2025-09-01,EFNL,0.0269,0.0207,0.0656,-0.0242
2025-10-01,EFNL,0.0659,0.0207,0.0656,-0.0242
2025-11-01,EFNL,-0.0024,0.0207,0.0656,-0.0242
2025-12-01,EFNL,0.0505,0.0207,0.0656,-0.0242
2026-01-01,EFNL,0.0286,0.0207,0.0656,-0.0242
2026-02-01,EFNL,0.0394,0.0207,0.0656,-0.0242
2026-03-01,EFNL,-0.042,0.0207,0.0656,-0.0242
2026-04-01,EFNL,0.1188,0.0207,0.0656,-0.0242
2026-05-01,EFNL,0.0367,0.0207,0.0656,-0.0242
2026-06-01,EFNL,-0.0584,0.0207,0.0656,-0.0242
2026-07-01,EFNL,-0.0284,0.0207,0.0656,-0.0242
2026-08-01,EFNL,0.0541,0.0207,0.0656,-0.0242
2026-09-01,EFNL,0.0018,0.0207,0.0656,-0.0242
2025-07-01,EFX,-0.0738,-0.0326,0.0566,-0.1218
2025-08-01,EFX,0.0253,-0.0326,0.0566,-0.1218
2025-09-01,EFX,0.0415,-0.0326,0.0566,-0.1218
2025-10-01,EFX,-0.1771,-0.0326,0.0566,-0.1218
2025-11-01,EFX,0.006,-0.0326,0.0566,-0.1218
2025-12-01,EFX,0.0217,-0.0326,0.0566,-0.1218
2026-01-01,EFX,-0.0718,-0.0326,0.0566,-0.1218
2026-02-01,EFX,0.0375,-0.0326,0.0566,-0.1218
2026-03-01,EFX,-0.1383,-0.0326,0.0566,-0.1218
2026-04-01,EFX,-0.034,-0.0326,0.0566,-0.1218
2026-05-01,EFX,-0.0469,-0.0326,0.0566,-0.1218
2026-06-01,EFX,-0.0426,-0.0326,0.0566,-0.1218
2026-07-01,EFX,0.0876,-0.0326,0.0566,-0.1218
2026-08-01,EFX,0.0958,-0.0326,0.0566,-0.1218
2026-09-01,EFX,-0.217,-0.0326,0.0566,-0.1218
2025-07-01,EG,-0.0119,0.0074,0.0649,-0.05
2025-08-01,EG,0.0181,0.0074,0.0649,-0.05
2025-09-01,EG,0.0244,0.0074,0.0649,-0.05
2025-10-01,EG,-0.102,0.0074,0.0649,-0.05
2025-11-01,EG,-0.0007,0.0074,0.0649,-0.05
2025-12-01,EG,0.0797,0.0074,0.0649,-0.05
2026-01-01,EG,-0.0238,0.0074,0.0649,-0.05
2026-02-01,EG,0.0127,0.0074,0.0649,-0.05
2026-03-01,EG,-0.0258,0.0074,0.0649,-0.05
2026-04-01,EG,0.0915,0.0074,0.0649,-0.05
2026-05-01,EG,-0.0917,0.0074,0.0649,-0.05
2026-06-01,EG,0.1025,0.0074,0.0649,-0.05
2026-07-01,EG,0.0474,0.0074,0.0649,-0.05
2026-08-01,EG,0.0013,0.0074,0.0649,-0.05
2026-09-01,EG,-0.0113,0.0074,0.0649,-0.05
2025-07-01,EIDO,-0.0204,-0.0224,0.0421,-0.0868
2025-08-01,EIDO,0.0232,-0.0224,0.0421,-0.0868
2025-09-01,EIDO,-0.0068,-0.0224,0.0421,-0.0868
2025-10-01,EIDO,0.0416,-0.0224,0.0421,-0.0868
2025-11-01,EIDO,0.0213,-0.0224,0.0421,-0.0868
2025-12-01,EIDO,0.0016,-0.0224,0.0421,-0.0868
2026-01-01,EIDO,-0.0562,-0.0224,0.0421,-0.0868
2026-02-01,EIDO,0.0096,-0.0224,0.0421,-0.0868
2026-03-01,EIDO,-0.1139,-0.0224,0.0421,-0.0868
2026-04-01,EIDO,-0.0545,-0.0224,0.0421,-0.0868
2026-05-01,EIDO,-0.148,-0.0224,0.0421,-0.0868
2026-06-01,EIDO,-0.1108,-0.0224,0.0421,-0.0868
2026-07-01,EIDO,0.0937,-0.0224,0.0421,-0.0868
2026-08-01,EIDO,0.0291,-0.0224,0.0421,-0.0868
2026-09-01,EIDO,-0.0573,-0.0224,0.0421,-0.0868
2025-07-01,EIRL,-0.0219,0.0138,0.0504,-0.0229
2025-08-01,EIRL,0.0264,0.0138,0.0504,-0.0229
2025-09-01,EIRL,0.0019,0.0138,0.0504,-0.0229
2025-10-01,EIRL,0.0117,0.0138,0.0504,-0.0229
2025-11-01,EIRL,0.0671,0.0138,0.0504,-0.0229
2025-12-01,EIRL,0.0092,0.0138,0.0504,-0.0229
2026-01-01,EIRL,0.0254,0.0138,0.0504,-0.0229
2026-02-01,EIRL,-0.0024,0.0138,0.0504,-0.0229
2026-03-01,EIRL,-0.0843,0.0138,0.0504,-0.0229
2026-04-01,EIRL,0.073,0.0138,0.0504,-0.0229
2026-05-01,EIRL,0.029,0.0138,0.0504,-0.0229
2026-06-01,EIRL,0.0305,0.0138,0.0504,-0.0229
2026-07-01,EIRL,0.0161,0.0138,0.0504,-0.0229
2026-08-01,EIRL,0.0425,0.0138,0.0504,-0.0229
2026-09-01,EIRL,-0.0081,0.0138,0.0504,-0.0229
2025-07-01,EIS,-0.0323,0.0187,0.0747,-0.0373
2025-08-01,EIS,0.0322,0.0187,0.0747,-0.0373
2025-09-01,EIS,0.0582,0.0187,0.0747,-0.0373
2025-10-01,EIS,0.0214,0.0187,0.0747,-0.0373
2025-11-01,EIS,0.0128,0.0187,0.0747,-0.0373
2025-12-01,EIS,0.0604,0.0187,0.0747,-0.0373
2026-01-01,EIS,0.0814,0.0187,0.0747,-0.0373
2026-02-01,EIS,-0.0018,0.0187,0.0747,-0.0373
2026-03-01,EIS,-0.0231,0.0187,0.0747,-0.0373
2026-04-01,EIS,0.1269,0.0187,0.0747,-0.0373
2026-05-01,EIS,0.053,0.0187,0.0747,-0.0373
2026-06-01,EIS,-0.1233,0.0187,0.0747,-0.0373
2026-07-01,EIS,-0.0113,0.0187,0.0747,-0.0373
2026-08-01,EIS,0.0289,0.0187,0.0747,-0.0373
2026-09-01,EIS,0.0015,0.0187,0.0747,-0.0373
2025-07-01,EIX,0.0101,0.0044,0.0963,-0.0875
2025-08-01,EIX,0.0769,0.0044,0.0963,-0.0875
2025-09-01,EIX,-0.0151,0.0044,0.0963,-0.0875
2025-10-01,EIX,0.0018,0.0044,0.0963,-0.0875
2025-11-01,EIX,0.0634,0.0044,0.0963,-0.0875
2025-12-01,EIX,0.0192,0.0044,0.0963,-0.0875
2026-01-01,EIX,0.0377,0.0044,0.0963,-0.0875
2026-02-01,EIX,0.2001,0.0044,0.0963,-0.0875
2026-03-01,EIX,-0.0209,0.0044,0.0963,-0.0875
2026-04-01,EIX,-0.0504,0.0044,0.0963,-0.0875
2026-05-01,EIX,0.0065,0.0044,0.0963,-0.0875
2026-06-01,EIX,0.0645,0.0044,0.0963,-0.0875
2026-07-01,EIX,-0.0145,0.0044,0.0963,-0.0875
2026-08-01,EIX,-0.2643,0.0044,0.0963,-0.0875
2026-09-01,EIX,-0.0246,0.0044,0.0963,-0.0875
2025-07-01,EL,0.1552,0.0215,0.1588,-0.1158
2025-08-01,EL,-0.0172,0.0215,0.1588,-0.1158
2025-09-01,EL,-0.0394,0.0215,0.1588,-0.1158
2025-10-01,EL,0.0973,0.0215,0.1588,-0.1158
2025-11-01,EL,-0.0271,0.0215,0.1588,-0.1158
2025-12-01,EL,0.1132,0.0215,0.1588,-0.1158
2026-01-01,EL,0.1008,0.0215,0.1588,-0.1158
2026-02-01,EL,-0.0504,0.0215,0.1588,-0.1158
2026-03-01,EL,-0.3444,0.0215,0.1588,-0.1158
2026-04-01,EL,0.0688,0.0215,0.1588,-0.1158
2026-05-01,EL,0.1596,0.0215,0.1588,-0.1158
2026-06-01,EL,-0.1124,0.0215,0.1588,-0.1158
2026-07-01,EL,0.0627,0.0215,0.1588,-0.1158
2026-08-01,EL,0.2193,0.0215,0.1588,-0.1158
2026-09-01,EL,-0.0765,0.0215,0.1588,-0.1158
2025-07-01,ELV,-0.2722,0.0066,0.1221,-0.1089
2025-08-01,ELV,0.1257,0.0066,0.1221,-0.1089
2025-09-01,ELV,0.014,0.0066,0.1221,-0.1089
2025-10-01,ELV,-0.0183,0.0066,0.1221,-0.1089
2025-11-01,ELV,0.0664,0.0066,0.1221,-0.1089
2025-12-01,ELV,0.0363,0.0066,0.1221,-0.1089
2026-01-01,ELV,-0.0137,0.0066,0.1221,-0.1089
2026-02-01,ELV,-0.0744,0.0066,0.1221,-0.1089
2026-03-01,ELV,-0.0852,0.0066,0.1221,-0.1089
2026-04-01,ELV,0.2858,0.0066,0.1221,-0.1089
2026-05-01,ELV,0.0446,0.0066,0.1221,-0.1089
2026-06-01,ELV,-0.0164,0.0066,0.1221,-0.1089
2026-07-01,ELV,-0.0282,0.0066,0.1221,-0.1089
2026-08-01,ELV,0.0444,0.0066,0.1221,-0.1089
2026-09-01,ELV,0.009,0.0066,0.1221,-0.1089
2025-07-01,EME,0.1731,0.0285,0.1179,-0.0609
2025-08-01,EME,-0.0119,0.0285,0.1179,-0.0609
2025-09-01,EME,0.0476,0.0285,0.1179,-0.0609
2025-10-01,EME,0.0404,0.0285,0.1179,-0.0609
2025-11-01,EME,-0.0898,0.0285,0.1179,-0.0609
2025-12-01,EME,-0.0053,0.0285,0.1179,-0.0609
2026-01-01,EME,0.1781,0.0285,0.1179,-0.0609
2026-02-01,EME,0.0054,0.0285,0.1179,-0.0609
2026-03-01,EME,0.0189,0.0285,0.1179,-0.0609
2026-04-01,EME,0.2077,0.0285,0.1179,-0.0609
2026-05-01,EME,-0.0727,0.0285,0.1179,-0.0609
2026-06-01,EME,0.0037,0.0285,0.1179,-0.0609
2026-07-01,EME,-0.0391,0.0285,0.1179,-0.0609
2026-08-01,EME,-0.0789,0.0285,0.1179,-0.0609
2026-09-01,EME,0.0377,0.0285,0.1179,-0.0609
2025-07-01,EMR,0.0914,0.0135,0.0771,-0.0502
2025-08-01,EMR,-0.0928,0.0135,0.0771,-0.0502
2025-09-01,EMR,-0.0062,0.0135,0.0771,-0.0502
2025-10-01,EMR,0.064,0.0135,0.0771,-0.0502
2025-11-01,EMR,-0.0444,0.0135,0.0771,-0.0502
2025-12-01,EMR,-0.0049,0.0135,0.0771,-0.0502
2026-01-01,EMR,0.1073,0.0135,0.0771,-0.0502
2026-02-01,EMR,0.0258,0.0135,0.0771,-0.0502
2026-03-01,EMR,-0.1309,0.0135,0.0771,-0.0502
2026-04-01,EMR,0.0719,0.0135,0.0771,-0.0502
2026-05-01,EMR,0.0241,0.0135,0.0771,-0.0502
2026-06-01,EMR,-0.0047,0.0135,0.0771,-0.0502
2026-07-01,EMR,0.0466,0.0135,0.0771,-0.0502
2026-08-01,EMR,0.0175,0.0135,0.0771,-0.0502
2026-09-01,EMR,0.038,0.0135,0.0771,-0.0502
2025-07-01,ENZL,-0.0123,0.0004,0.0413,-0.0405
2025-08-01,ENZL,-0.0042,0.0004,0.0413,-0.0405
2025-09-01,ENZL,0.0239,0.0004,0.0413,-0.0405
2025-10-01,ENZL,-0.0009,0.0004,0.0413,-0.0405
2025-11-01,ENZL,-0.0057,0.0004,0.0413,-0.0405
2025-12-01,ENZL,-0.0079,0.0004,0.0413,-0.0405
2026-01-01,ENZL,0.0369,0.0004,0.0413,-0.0405
2026-02-01,ENZL,0.0115,0.0004,0.0413,-0.0405
2026-03-01,ENZL,-0.1017,0.0004,0.0413,-0.0405
2026-04-01,ENZL,0.0462,0.0004,0.0413,-0.0405
2026-05-01,ENZL,0.0473,0.0004,0.0413,-0.0405
2026-06-01,ENZL,-0.0415,0.0004,0.0413,-0.0405
2026-07-01,ENZL,0.0453,0.0004,0.0413,-0.0405
2026-08-01,ENZL,0.0278,0.0004,0.0413,-0.0405
2026-09-01,ENZL,-0.0557,0.0004,0.0413,-0.0405
2025-07-01,EOG,0.0034,0.0134,0.089,-0.0622
2025-08-01,EOG,0.04,0.0134,0.089,-0.0622
2025-09-01,EOG,-0.1017,0.0134,0.089,-0.0622
2025-10-01,EOG,-0.056,0.0134,0.089,-0.0622
2025-11-01,EOG,0.019,0.0134,0.089,-0.0622
2025-12-01,EOG,-0.0263,0.0134,0.089,-0.0622
2026-01-01,EOG,0.0678,0.0134,0.089,-0.0622
2026-02-01,EOG,0.1066,0.0134,0.089,-0.0622
2026-03-01,EOG,0.1651,0.0134,0.089,-0.0622
2026-04-01,EOG,-0.0277,0.0134,0.089,-0.0622
2026-05-01,EOG,-0.0511,0.0134,0.089,-0.0622
2026-06-01,EOG,-0.0274,0.0134,0.089,-0.0622
2026-07-01,EOG,0.1462,0.0134,0.089,-0.0622
2026-08-01,EOG,-0.0251,0.0134,0.089,-0.0622
2026-09-01,EOG,-0.0318,0.0134,0.089,-0.0622
2025-07-01,EPAM,-0.1081,-0.0152,0.1482,-0.1786
2025-08-01,EPAM,0.1183,-0.0152,0.1482,-0.1786
2025-09-01,EPAM,-0.145,-0.0152,0.1482,-0.1786
2025-10-01,EPAM,0.0846,-0.0152,0.1482,-0.1786
2025-11-01,EPAM,0.1435,-0.0152,0.1482,-0.1786
2025-12-01,EPAM,0.0956,-0.0152,0.1482,-0.1786
2026-01-01,EPAM,0.0182,-0.0152,0.1482,-0.1786
2026-02-01,EPAM,-0.3241,-0.0152,0.1482,-0.1786
2026-03-01,EPAM,-0.0397,-0.0152,0.1482,-0.1786
2026-04-01,EPAM,-0.1597,-0.0152,0.1482,-0.1786
2026-05-01,EPAM,-0.0995,-0.0152,0.1482,-0.1786
2026-06-01,EPAM,-0.2256,-0.0152,0.1482,-0.1786
2026-07-01,EPAM,0.3303,-0.0152,0.1482,-0.1786
2026-08-01,EPAM,0.1162,-0.0152,0.1482,-0.1786
2026-09-01,EPAM,-0.0815,-0.0152,0.1482,-0.1786
2025-07-01,EPHE,-0.0627,-0.0099,0.0395,-0.0592
2025-08-01,EPHE,0.0287,-0.0099,0.0395,-0.0592
2025-09-01,EPHE,-0.0501,-0.0099,0.0395,-0.0592
2025-10-01,EPHE,-0.0117,-0.0099,0.0395,-0.0592
2025-11-01,EPHE,0.0269,-0.0099,0.0395,-0.0592
2025-12-01,EPHE,-0.0115,-0.0099,0.0395,-0.0592
2026-01-01,EPHE,0.0421,-0.0099,0.0395,-0.0592
2026-02-01,EPHE,0.0747,-0.0099,0.0395,-0.0592
2026-03-01,EPHE,-0.1104,-0.0099,0.0395,-0.0592
2026-04-01,EPHE,-0.0254,-0.0099,0.0395,-0.0592
2026-05-01,EPHE,-0.0141,-0.0099,0.0395,-0.0592
2026-06-01,EPHE,0.0126,-0.0099,0.0395,-0.0592
2026-07-01,EPHE,0.0579,-0.0099,0.0395,-0.0592
2026-08-01,EPHE,-0.0708,-0.0099,0.0395,-0.0592
2026-09-01,EPHE,-0.0168,-0.0099,0.0395,-0.0592
2025-07-01,EPOL,-0.0158,0.023,0.0638,-0.0177
2025-08-01,EPOL,-0.0016,0.023,0.0638,-0.0177
2025-09-01,EPOL,0.0158,0.023,0.0638,-0.0177
2025-10-01,EPOL,0.0469,0.023,0.0638,-0.0177
2025-11-01,EPOL,0.0107,0.023,0.0638,-0.0177
2025-12-01,EPOL,0.0329,0.023,0.0638,-0.0177
2026-01-01,EPOL,0.0682,0.023,0.0638,-0.0177
2026-02-01,EPOL,0.0144,0.023,0.0638,-0.0177
2026-03-01,EPOL,-0.0451,0.023,0.0638,-0.0177
2026-04-01,EPOL,0.0541,0.023,0.0638,-0.0177
2026-05-01,EPOL,0.0555,0.023,0.0638,-0.0177
2026-06-01,EPOL,-0.0469,0.023,0.0638,-0.0177
2026-07-01,EPOL,0.1093,0.023,0.0638,-0.0177
2026-08-01,EPOL,0.0297,0.023,0.0638,-0.0177
2026-09-01,EPOL,0.017,0.023,0.0638,-0.0177
2025-07-01,EPU,0.0012,0.0447,0.1246,-0.0353
2025-08-01,EPU,0.1059,0.0447,0.1246,-0.0353
2025-09-01,EPU,0.1431,0.0447,0.1246,-0.0353
2025-10-01,EPU,0.0208,0.0447,0.1246,-0.0353
2025-11-01,EPU,0.0269,0.0447,0.1246,-0.0353
2025-12-01,EPU,0.1222,0.0447,0.1246,-0.0353
2026-01-01,EPU,0.197,0.0447,0.1246,-0.0353
2026-02-01,EPU,0.0836,0.0447,0.1246,-0.0353
2026-03-01,EPU,-0.1399,0.0447,0.1246,-0.0353
2026-04-01,EPU,-0.0166,0.0447,0.1246,-0.0353
2026-05-01,EPU,0.0806,0.0447,0.1246,-0.0353
2026-06-01,EPU,-0.0265,0.0447,0.1246,-0.0353
2026-07-01,EPU,0.0297,0.0447,0.1246,-0.0353
2026-08-01,EPU,0.0649,0.0447,0.1246,-0.0353
2026-09-01,EPU,-0.0068,0.0447,0.1246,-0.0353
2025-07-01,EQIX,-0.0129,0.0182,0.0839,-0.0474
2025-08-01,EQIX,0.0013,0.0182,0.0839,-0.0474
2025-09-01,EQIX,-0.0038,0.0182,0.0839,-0.0474
2025-10-01,EQIX,0.0801,0.0182,0.0839,-0.0474
2025-11-01,EQIX,-0.1096,0.0182,0.0839,-0.0474
2025-12-01,EQIX,0.0171,0.0182,0.0839,-0.0474
2026-01-01,EQIX,0.0715,0.0182,0.0839,-0.0474
2026-02-01,EQIX,0.1868,0.0182,0.0839,-0.0474
2026-03-01,EQIX,0.0061,0.0182,0.0839,-0.0474
2026-04-01,EQIX,0.1047,0.0182,0.0839,-0.0474
2026-05-01,EQIX,-0.0137,0.0182,0.0839,-0.0474
2026-06-01,EQIX,-0.024,0.0182,0.0839,-0.0474
2026-07-01,EQIX,-0.0222,0.0182,0.0839,-0.0474
2026-08-01,EQIX,0.0269,0.0182,0.0839,-0.0474
2026-09-01,EQIX,-0.0369,0.0182,0.0839,-0.0474
2025-07-01,EQR,-0.0636,-0.0059,0.0435,-0.0553
2025-08-01,EQR,0.0462,-0.0059,0.0435,-0.0553
2025-09-01,EQR,-0.021,-0.0059,0.0435,-0.0553
2025-10-01,EQR,-0.0817,-0.0059,0.0435,-0.0553
2025-11-01,EQR,0.0389,-0.0059,0.0435,-0.0553
2025-12-01,EQR,0.0209,-0.0059,0.0435,-0.0553
2026-01-01,EQR,-0.0114,-0.0059,0.0435,-0.0553
2026-02-01,EQR,0.0143,-0.0059,0.0435,-0.0553
2026-03-01,EQR,-0.0642,-0.0059,0.0435,-0.0553
2026-04-01,EQR,0.1053,-0.0059,0.0435,-0.0553
2026-05-01,EQR,0.0011,-0.0059,0.0435,-0.0553
2026-06-01,EQR,0.0379,-0.0059,0.0435,-0.0553
2026-07-01,EQR,-0.0218,-0.0059,0.0435,-0.0553
2026-08-01,EQR,-0.0197,-0.0059,0.0435,-0.0553
2026-09-01,EQR,-0.0557,-0.0059,0.0435,-0.0553
2025-07-01,EQT,-0.0784,-0.0083,0.0587,-0.0753
2025-08-01,EQT,-0.0355,-0.0083,0.0587,-0.0753
2025-09-01,EQT,0.05,-0.0083,0.0587,-0.0753
2025-10-01,EQT,-0.0156,-0.0083,0.0587,-0.0753
2025-11-01,EQT,0.1359,-0.0083,0.0587,-0.0753
2025-12-01,EQT,-0.1193,-0.0083,0.0587,-0.0753
2026-01-01,EQT,0.0771,-0.0083,0.0587,-0.0753
2026-02-01,EQT,0.0639,-0.0083,0.0587,-0.0753
2026-03-01,EQT,0.0361,-0.0083,0.0587,-0.0753
2026-04-01,EQT,-0.0559,-0.0083,0.0587,-0.0753
2026-05-01,EQT,-0.0857,-0.0083,0.0587,-0.0753
2026-06-01,EQT,-0.032,-0.0083,0.0587,-0.0753
2026-07-01,EQT,0.0023,-0.0083,0.0587,-0.0753
2026-08-01,EQT,0.0167,-0.0083,0.0587,-0.0753
2026-09-01,EQT,-0.0622,-0.0083,0.0587,-0.0753
2025-07-01,ERIE,0.0273,-0.0264,0.0406,-0.0935
2025-08-01,ERIE,-0.0052,-0.0264,0.0406,-0.0935
2025-09-01,ERIE,-0.1022,-0.0264,0.0406,-0.0935
2025-10-01,ERIE,-0.0802,-0.0264,0.0406,-0.0935
2025-11-01,ERIE,0.0097,-0.0264,0.0406,-0.0935
2025-12-01,ERIE,-0.0299,-0.0264,0.0406,-0.0935
2026-01-01,ERIE,-0.0127,-0.0264,0.0406,-0.0935
2026-02-01,ERIE,-0.0479,-0.0264,0.0406,-0.0935
2026-03-01,ERIE,-0.0673,-0.0264,0.0406,-0.0935
2026-04-01,ERIE,-0.1288,-0.0264,0.0406,-0.0935
2026-05-01,ERIE,-0.0268,-0.0264,0.0406,-0.0935
2026-06-01,ERIE,0.1252,-0.0264,0.0406,-0.0935
2026-07-01,ERIE,0.0096,-0.0264,0.0406,-0.0935
2026-08-01,ERIE,0.0559,-0.0264,0.0406,-0.0935
2026-09-01,ERIE,-0.128,-0.0264,0.0406,-0.0935
2025-07-01,ES,0.039,0.0026,0.0637,-0.0585
2025-08-01,ES,-0.0307,0.0026,0.0637,-0.0585
2025-09-01,ES,0.1103,0.0026,0.0637,-0.0585
2025-10-01,ES,0.0375,0.0026,0.0637,-0.0585
2025-11-01,ES,-0.0898,0.0026,0.0637,-0.0585
2025-12-01,ES,0.0022,0.0026,0.0637,-0.0585
2026-01-01,ES,0.0267,0.0026,0.0637,-0.0585
2026-02-01,ES,0.1024,0.0026,0.0637,-0.0585
2026-03-01,ES,-0.0909,0.0026,0.0637,-0.0585
2026-04-01,ES,0.0205,0.0026,0.0637,-0.0585
2026-05-01,ES,-0.0344,0.0026,0.0637,-0.0585
2026-06-01,ES,0.0586,0.0026,0.0637,-0.0585
2026-07-01,ES,-0.0094,0.0026,0.0637,-0.0585
2026-08-01,ES,-0.0203,0.0026,0.0637,-0.0585
2026-09-01,ES,-0.0922,0.0026,0.0637,-0.0585
2025-07-01,ES=F,0.0193,0.0154,0.0474,-0.0167
2025-08-01,ES=F,0.0155,0.0154,0.0474,-0.0167
2025-09-01,ES=F,0.0411,0.0154,0.0474,-0.0167
2025-10-01,ES=F,0.0201,0.0154,0.0474,-0.0167
2025-11-01,ES=F,-0.0021,0.0154,0.0474,-0.0167
2025-12-01,ES=F,0.0048,0.0154,0.0474,-0.0167
2026-01-01,ES=F,0.0106,0.0154,0.0474,-0.0167
2026-02-01,ES=F,-0.013,0.0154,0.0474,-0.0167
2026-03-01,ES=F,-0.044,0.0154,0.0474,-0.0167
2026-04-01,ES=F,0.1031,0.0154,0.0474,-0.0167
2026-05-01,ES=F,0.0469,0.0154,0.0474,-0.0167
2026-06-01,ES=F,-0.006,0.0154,0.0474,-0.0167
2026-07-01,ES=F,-0.0055,0.0154,0.0474,-0.0167
2026-08-01,ES=F,0.0264,0.0154,0.0474,-0.0167
2026-09-01,ES=F,0.0135,0.0154,0.0474,-0.0167
2025-07-01,ESS,-0.0819,-0.0027,0.0455,-0.051
2025-08-01,ESS,0.0386,-0.0027,0.0455,-0.051
2025-09-01,ESS,-0.0094,-0.0027,0.0455,-0.051
2025-10-01,ESS,-0.0594,-0.0027,0.0455,-0.051
2025-11-01,ESS,0.0471,-0.0027,0.0455,-0.051
2025-12-01,ESS,-0.0074,-0.0027,0.0455,-0.051
2026-01-01,ESS,-0.0375,-0.0027,0.0455,-0.051
2026-02-01,ESS,0.0129,-0.0027,0.0455,-0.051
2026-03-01,ESS,-0.0514,-0.0027,0.0455,-0.051
2026-04-01,ESS,0.0876,-0.0027,0.0455,-0.051
2026-05-01,ESS,0.0358,-0.0027,0.0455,-0.051
2026-06-01,ESS,0.0695,-0.0027,0.0455,-0.051
2026-07-01,ESS,-0.0256,-0.0027,0.0455,-0.051
2026-08-01,ESS,-0.0042,-0.0027,0.0455,-0.051
2026-09-01,ESS,-0.0401,-0.0027,0.0455,-0.051
2025-07-01,ETN,0.0777,0.0171,0.1036,-0.0694
2025-08-01,ETN,-0.0925,0.0171,0.1036,-0.0694
2025-09-01,ETN,0.0719,0.0171,0.1036,-0.0694
2025-10-01,ETN,0.0195,0.0171,0.1036,-0.0694
2025-11-01,ETN,-0.0935,0.0171,0.1036,-0.0694
2025-12-01,ETN,-0.0792,0.0171,0.1036,-0.0694
2026-01-01,ETN,0.1033,0.0171,0.1036,-0.0694
2026-02-01,ETN,0.0697,0.0171,0.1036,-0.0694
2026-03-01,ETN,-0.0485,0.0171,0.1036,-0.0694
2026-04-01,ETN,0.2106,0.0171,0.1036,-0.0694
2026-05-01,ETN,-0.0748,0.0171,0.1036,-0.0694
2026-06-01,ETN,0.0637,0.0171,0.1036,-0.0694
2026-07-01,ETN,-0.0256,0.0171,0.1036,-0.0694
2026-08-01,ETN,-0.0321,0.0171,0.1036,-0.0694
2026-09-01,ETN,0.0948,0.0171,0.1036,-0.0694
2025-07-01,ETR,0.0879,0.0132,0.071,-0.0446
2025-08-01,ETR,-0.0259,0.0132,0.071,-0.0446
2025-09-01,ETR,0.0579,0.0132,0.071,-0.0446
2025-10-01,ETR,0.0311,0.0132,0.071,-0.0446
2025-11-01,ETR,0.0149,0.0132,0.071,-0.0446
2025-12-01,ETR,-0.0522,0.0132,0.071,-0.0446
2026-01-01,ETR,0.0374,0.0132,0.071,-0.0446
2026-02-01,ETR,0.117,0.0132,0.071,-0.0446
2026-03-01,ETR,0.049,0.0132,0.071,-0.0446
2026-04-01,ETR,0.0494,0.0132,0.071,-0.0446
2026-05-01,ETR,-0.0751,0.0132,0.071,-0.0446
2026-06-01,ETR,0.0533,0.0132,0.071,-0.0446
2026-07-01,ETR,-0.063,0.0132,0.071,-0.0446
2026-08-01,ETR,-0.0122,0.0132,0.071,-0.0446
2026-09-01,ETR,-0.0728,0.0132,0.071,-0.0446
2025-07-01,EVRG,0.0271,0.0084,0.0508,-0.034
2025-08-01,EVRG,0.0065,0.0084,0.0508,-0.034
2025-09-01,EVRG,0.0668,0.0084,0.0508,-0.034
2025-10-01,EVRG,0.0104,0.0084,0.0508,-0.034
2025-11-01,EVRG,0.0109,0.0084,0.0508,-0.034
2025-12-01,EVRG,-0.0665,0.0084,0.0508,-0.034
2026-01-01,EVRG,0.0585,0.0084,0.0508,-0.034
2026-02-01,EVRG,0.0903,0.0084,0.0508,-0.034
2026-03-01,EVRG,-0.0208,0.0084,0.0508,-0.034
2026-04-01,EVRG,0.0112,0.0084,0.0508,-0.034
2026-05-01,EVRG,-0.0097,0.0084,0.0508,-0.034
2026-06-01,EVRG,0.0535,0.0084,0.0508,-0.034
2026-07-01,EVRG,-0.0396,0.0084,0.0508,-0.034
2026-08-01,EVRG,-0.024,0.0084,0.0508,-0.034
2026-09-01,EVRG,-0.0368,0.0084,0.0508,-0.034
2025-07-01,EW,0.0141,0.0073,0.0542,-0.0395
2025-08-01,EW,0.0256,0.0073,0.0542,-0.0395
2025-09-01,EW,-0.0439,0.0073,0.0542,-0.0395
2025-10-01,EW,0.0602,0.0073,0.0542,-0.0395
2025-11-01,EW,0.0512,0.0073,0.0542,-0.0395
2025-12-01,EW,-0.0164,0.0073,0.0542,-0.0395
2026-01-01,EW,-0.0456,0.0073,0.0542,-0.0395
2026-02-01,EW,0.0628,0.0073,0.0542,-0.0395
2026-03-01,EW,-0.0739,0.0073,0.0542,-0.0395
2026-04-01,EW,0.0427,0.0073,0.0542,-0.0395
2026-05-01,EW,0.0356,0.0073,0.0542,-0.0395
2026-06-01,EW,0.0461,0.0073,0.0542,-0.0395
2026-07-01,EW,-0.0485,0.0073,0.0542,-0.0395
2026-08-01,EW,0.0544,0.0073,0.0542,-0.0395
2026-09-01,EW,-0.0491,0.0073,0.0542,-0.0395
2025-07-01,EWA,-0.0114,0.0059,0.05,-0.0383
2025-08-01,EWA,0.0407,0.0059,0.05,-0.0383
2025-09-01,EWA,-0.003,0.0059,0.05,-0.0383
2025-10-01,EWA,-0.0085,0.0059,0.05,-0.0383
2025-11-01,EWA,-0.0344,0.0059,0.05,-0.0383
2025-12-01,EWA,0.0132,0.0059,0.05,-0.0383
2026-01-01,EWA,0.0596,0.0059,0.05,-0.0383
2026-02-01,EWA,0.0843,0.0059,0.05,-0.0383
2026-03-01,EWA,-0.0774,0.0059,0.05,-0.0383
2026-04-01,EWA,0.0623,0.0059,0.05,-0.0383
2026-05-01,EWA,-0.0081,0.0059,0.05,-0.0383
2026-06-01,EWA,-0.0373,0.0059,0.05,-0.0383
2026-07-01,EWA,0.0419,0.0059,0.05,-0.0383
2026-08-01,EWA,0.0232,0.0059,0.05,-0.0383
2026-09-01,EWA,-0.053,0.0059,0.05,-0.0383
2025-07-01,EWC,-0.0004,0.0173,0.0517,-0.0171
2025-08-01,EWC,0.0565,0.0173,0.0517,-0.0171
2025-09-01,EWC,0.0361,0.0173,0.0517,-0.0171
2025-10-01,EWC,0.0038,0.0173,0.0517,-0.0171
2025-11-01,EWC,0.0386,0.0173,0.0517,-0.0171
2025-12-01,EWC,0.0233,0.0173,0.0517,-0.0171
2026-01-01,EWC,0.0061,0.0173,0.0517,-0.0171
2026-02-01,EWC,0.0686,0.0173,0.0517,-0.0171
2026-03-01,EWC,-0.055,0.0173,0.0517,-0.0171
2026-04-01,EWC,0.0695,0.0173,0.0517,-0.0171
2026-05-01,EWC,0.0036,0.0173,0.0517,-0.0171
2026-06-01,EWC,-0.0199,0.0173,0.0517,-0.0171
2026-07-01,EWC,0.0304,0.0173,0.0517,-0.0171
2026-08-01,EWC,0.0343,0.0173,0.0517,-0.0171
2026-09-01,EWC,-0.03,0.0173,0.0517,-0.0171
2025-07-01,EWD,-0.0411,0.0087,0.0568,-0.0393
2025-08-01,EWD,0.0577,0.0087,0.0568,-0.0393
2025-09-01,EWD,0.0175,0.0087,0.0568,-0.0393
2025-10-01,EWD,0.0167,0.0087,0.0568,-0.0393
2025-11-01,EWD,-0.0017,0.0087,0.0568,-0.0393
2025-12-01,EWD,0.0276,0.0087,0.0568,-0.0393
2026-01-01,EWD,0.0618,0.0087,0.0568,-0.0393
2026-02-01,EWD,0.0469,0.0087,0.0568,-0.0393
2026-03-01,EWD,-0.1096,0.0087,0.0568,-0.0393
2026-04-01,EWD,0.0612,0.0087,0.0568,-0.0393
2026-05-01,EWD,0.0201,0.0087,0.0568,-0.0393
2026-06-01,EWD,-0.0523,0.0087,0.0568,-0.0393
2026-07-01,EWD,0.0474,0.0087,0.0568,-0.0393
2026-08-01,EWD,0.0202,0.0087,0.0568,-0.0393
2026-09-01,EWD,-0.0354,0.0087,0.0568,-0.0393
2025-07-01,EWG,-0.0274,0.0005,0.0432,-0.0423
2025-08-01,EWG,0.0177,0.0005,0.0432,-0.0423
2025-09-01,EWG,-0.0064,0.0005,0.0432,-0.0423
2025-10-01,EWG,-0.0211,0.0005,0.0432,-0.0423
2025-11-01,EWG,0.0047,0.0005,0.0432,-0.0423
2025-12-01,EWG,0.0386,0.0005,0.0432,-0.0423
2026-01-01,EWG,0.0144,0.0005,0.0432,-0.0423
2026-02-01,EWG,0.0285,0.0005,0.0432,-0.0423
2026-03-01,EWG,-0.1053,0.0005,0.0432,-0.0423
2026-04-01,EWG,0.0653,0.0005,0.0432,-0.0423
2026-05-01,EWG,0.0277,0.0005,0.0432,-0.0423
2026-06-01,EWG,-0.0474,0.0005,0.0432,-0.0423
2026-07-01,EWG,0.0358,0.0005,0.0432,-0.0423
2026-08-01,EWG,0.0322,0.0005,0.0432,-0.0423
2026-09-01,EWG,-0.0445,0.0005,0.0432,-0.0423
2025-07-01,EWH,0.0423,0.0087,0.0605,-0.0431
2025-08-01,EWH,0.0222,0.0087,0.0605,-0.0431
2025-09-01,EWH,0.0184,0.0087,0.0605,-0.0431
2025-10-01,EWH,-0.0005,0.0087,0.0605,-0.0431
2025-11-01,EWH,0.0325,0.0087,0.0605,-0.0431
2025-12-01,EWH,-0.0445,0.0087,0.0605,-0.0431
2026-01-01,EWH,0.1002,0.0087,0.0605,-0.0431
2026-02-01,EWH,0.0355,0.0087,0.0605,-0.0431
2026-03-01,EWH,-0.0463,0.0087,0.0605,-0.0431
2026-04-01,EWH,0.0273,0.0087,0.0605,-0.0431
2026-05-01,EWH,-0.0257,0.0087,0.0605,-0.0431
2026-06-01,EWH,-0.0948,0.0087,0.0605,-0.0431
2026-07-01,EWH,0.1033,0.0087,0.0605,-0.0431
2026-08-01,EWH,-0.0074,0.0087,0.0605,-0.0431
2026-09-01,EWH,-0.0284,0.0087,0.0605,-0.0431
2025-07-01,EWI,0.0023,0.0156,0.0498,-0.0186
2025-08-01,EWI,0.058,0.0156,0.0498,-0.0186
2025-09-01,EWI,0.0176,0.0156,0.0498,-0.0186
2025-10-01,EWI,-0.0027,0.0156,0.0498,-0.0186
2025-11-01,EWI,0.0216,0.0156,0.0498,-0.0186
2025-12-01,EWI,0.0265,0.0156,0.0498,-0.0186
2026-01-01,EWI,0.0285,0.0156,0.0498,-0.0186
2026-02-01,EWI,0.0259,0.0156,0.0498,-0.0186
2026-03-01,EWI,-0.0682,0.0156,0.0498,-0.0186
2026-04-01,EWI,0.0812,0.0156,0.0498,-0.0186
2026-05-01,EWI,0.0279,0.0156,0.0498,-0.0186
2026-06-01,EWI,-0.0022,0.0156,0.0498,-0.0186
2026-07-01,EWI,0.0398,0.0156,0.0498,-0.0186
2026-08-01,EWI,0.011,0.0156,0.0498,-0.0186
2026-09-01,EWI,-0.0302,0.0156,0.0498,-0.0186
2025-07-01,EWJ,-0.018,0.0178,0.06,-0.0243
2025-08-01,EWJ,0.0633,0.0178,0.06,-0.0243
2025-09-01,EWJ,0.0247,0.0178,0.06,-0.0243
2025-10-01,EWJ,0.0404,0.0178,0.06,-0.0243
2025-11-01,EWJ,-0.0053,0.0178,0.06,-0.0243
2025-12-01,EWJ,-0.0273,0.0178,0.06,-0.0243
2026-01-01,EWJ,0.0617,0.0178,0.06,-0.0243
2026-02-01,EWJ,0.0776,0.0178,0.06,-0.0243
2026-03-01,EWJ,-0.0859,0.0178,0.06,-0.0243
2026-04-01,EWJ,0.0552,0.0178,0.06,-0.0243
2026-05-01,EWJ,0.0433,0.0178,0.06,-0.0243
2026-06-01,EWJ,0.0033,0.0178,0.06,-0.0243
2026-07-01,EWJ,-0.0094,0.0178,0.06,-0.0243
2026-08-01,EWJ,0.0378,0.0178,0.06,-0.0243
2026-09-01,EWJ,0.0214,0.0178,0.06,-0.0243
2025-07-01,EWK,-0.0104,0.0128,0.0517,-0.026
2025-08-01,EWK,0.0591,0.0128,0.0517,-0.026
2025-09-01,EWK,0.0052,0.0128,0.0517,-0.026
2025-10-01,EWK,0.006,0.0128,0.0517,-0.026
2025-11-01,EWK,0.0389,0.0128,0.0517,-0.026
2025-12-01,EWK,0.0008,0.0128,0.0517,-0.026
2026-01-01,EWK,0.0733,0.0128,0.0517,-0.026
2026-02-01,EWK,0.0184,0.0128,0.0517,-0.026
2026-03-01,EWK,-0.0847,0.0128,0.0517,-0.026
2026-04-01,EWK,0.0539,0.0128,0.0517,-0.026
2026-05-01,EWK,0.0523,0.0128,0.0517,-0.026
2026-06-01,EWK,0.0041,0.0128,0.0517,-0.026
2026-07-01,EWK,-0.0048,0.0128,0.0517,-0.026
2026-08-01,EWK,0.0223,0.0128,0.0517,-0.026
2026-09-01,EWK,-0.0305,0.0128,0.0517,-0.026
2025-07-01,EWL,-0.0381,0.0068,0.0467,-0.0332
2025-08-01,EWL,0.0495,0.0068,0.0467,-0.0332
2025-09-01,EWL,-0.0016,0.0068,0.0467,-0.0332
2025-10-01,EWL,0.0022,0.0068,0.0467,-0.0332
2025-11-01,EWL,0.0444,0.0068,0.0467,-0.0332
2025-12-01,EWL,0.037,0.0068,0.0467,-0.0332
2026-01-01,EWL,0.0264,0.0068,0.0467,-0.0332
2026-02-01,EWL,0.0575,0.0068,0.0467,-0.0332
2026-03-01,EWL,-0.0963,0.0068,0.0467,-0.0332
2026-04-01,EWL,0.0435,0.0068,0.0467,-0.0332
2026-05-01,EWL,0.0287,0.0068,0.0467,-0.0332
2026-06-01,EWL,-0.0044,0.0068,0.0467,-0.0332
2026-07-01,EWL,0.0049,0.0068,0.0467,-0.0332
2026-08-01,EWL,-0.0057,0.0068,0.0467,-0.0332
2026-09-01,EWL,-0.0341,0.0068,0.0467,-0.0332
2025-07-01,EWM,-0.0349,0.0096,0.0456,-0.0265
2025-08-01,EWM,0.0587,0.0096,0.0456,-0.0265
2025-09-01,EWM,0.0422,0.0096,0.0456,-0.0265
2025-10-01,EWM,-0.0027,0.0096,0.0456,-0.0265
2025-11-01,EWM,0.0224,0.0096,0.0456,-0.0265
2025-12-01,EWM,0.0352,0.0096,0.0456,-0.0265
2026-01-01,EWM,0.0665,0.0096,0.0456,-0.0265
2026-02-01,EWM,0.0014,0.0096,0.0456,-0.0265
2026-03-01,EWM,-0.0277,0.0096,0.0456,-0.0265
2026-04-01,EWM,0.0338,0.0096,0.0456,-0.0265
2026-05-01,EWM,-0.0272,0.0096,0.0456,-0.0265
2026-06-01,EWM,-0.0567,0.0096,0.0456,-0.0265
2026-07-01,EWM,0.0419,0.0096,0.0456,-0.0265
2026-08-01,EWM,0.011,0.0096,0.0456,-0.0265
2026-09-01,EWM,-0.0197,0.0096,0.0456,-0.0265
2025-07-01,EWN,-0.0595,0.0154,0.0703,-0.0395
2025-08-01,EWN,0.0339,0.0154,0.0703,-0.0395
2025-09-01,EWN,0.0945,0.0154,0.0703,-0.0395
2025-10-01,EWN,0.0136,0.0154,0.0703,-0.0395
2025-11-01,EWN,-0.0107,0.0154,0.0703,-0.0395
2025-12-01,EWN,-0.0196,0.0154,0.0703,-0.0395
2026-01-01,EWN,0.0919,0.0154,0.0703,-0.0395
2026-02-01,EWN,0.0085,0.0154,0.0703,-0.0395
2026-03-01,EWN,-0.0842,0.0154,0.0703,-0.0395
2026-04-01,EWN,0.0904,0.0154,0.0703,-0.0395
2026-05-01,EWN,0.069,0.0154,0.0703,-0.0395
2026-06-01,EWN,0.0492,0.0154,0.0703,-0.0395
2026-07-01,EWN,-0.05,0.0154,0.0703,-0.0395
2026-08-01,EWN,0.0224,0.0154,0.0703,-0.0395
2026-09-01,EWN,-0.0045,0.0154,0.0703,-0.0395
2025-08-01,EWO,0.048,0.0276,0.0663,-0.0111
2025-09-01,EWO,0.0058,0.0276,0.0663,-0.0111
2025-10-01,EWO,0.0148,0.0276,0.0663,-0.0111
2025-11-01,EWO,0.0493,0.0276,0.0663,-0.0111
2025-12-01,EWO,0.0748,0.0276,0.0663,-0.0111
2026-01-01,EWO,0.0592,0.0276,0.0663,-0.0111
2026-02-01,EWO,0.0085,0.0276,0.0663,-0.0111
2026-03-01,EWO,-0.0644,0.0276,0.0663,-0.0111
2026-04-01,EWO,0.101,0.0276,0.0663,-0.0111
2026-05-01,EWO,0.0553,0.0276,0.0663,-0.0111
2026-06-01,EWO,0.0277,0.0276,0.0663,-0.0111
2026-07-01,EWO,0.0035,0.0276,0.0663,-0.0111
2026-08-01,EWO,0.0367,0.0276,0.0663,-0.0111
2025-07-01,EWP,0.0157,0.0226,0.0501,-0.005
2025-08-01,EWP,0.0669,0.0226,0.0501,-0.005
2025-09-01,EWP,0.0375,0.0226,0.0501,-0.005
2025-10-01,EWP,0.0135,0.0226,0.0501,-0.005
2025-11-01,EWP,0.0297,0.0226,0.0501,-0.005
2025-12-01,EWP,0.0436,0.0226,0.0501,-0.005
2026-01-01,EWP,0.0441,0.0226,0.0501,-0.005
2026-02-01,EWP,0.0169,0.0226,0.0501,-0.005
2026-03-01,EWP,-0.0512,0.0226,0.0501,-0.005
2026-04-01,EWP,0.0435,0.0226,0.0501,-0.005
2026-05-01,EWP,0.0219,0.0226,0.0501,-0.005
2026-06-01,EWP,0.0256,0.0226,0.0501,-0.005
2026-07-01,EWP,0.0352,0.0226,0.0501,-0.005
2026-08-01,EWP,0.015,0.0226,0.0501,-0.005
2026-09-01,EWP,-0.0192,0.0226,0.0501,-0.005
2025-07-01,EWQ,-0.0201,0.0019,0.0375,-0.0337
2025-08-01,EWQ,0.0155,0.0019,0.0375,-0.0337
2025-09-01,EWQ,0.0315,0.0019,0.0375,-0.0337
2025-10-01,EWQ,0.008,0.0019,0.0375,-0.0337
2025-11-01,EWQ,0.0065,0.0019,0.0375,-0.0337
2025-12-01,EWQ,0.0094,0.0019,0.0375,-0.0337
2026-01-01,EWQ,0.008,0.0019,0.0375,-0.0337
2026-02-01,EWQ,0.0556,0.0019,0.0375,-0.0337
2026-03-01,EWQ,-0.0938,0.0019,0.0375,-0.0337
2026-04-01,EWQ,0.045,0.0019,0.0375,-0.0337
2026-05-01,EWQ,0.0141,0.0019,0.0375,-0.0337
2026-06-01,EWQ,-0.0117,0.0019,0.0375,-0.0337
2026-07-01,EWQ,0.0247,0.0019,0.0375,-0.0337
2026-08-01,EWQ,-0.0148,0.0019,0.0375,-0.0337
2026-09-01,EWQ,-0.0438,0.0019,0.0375,-0.0337
2025-07-01,EWS,0.0189,0.0178,0.0498,-0.0141
2025-08-01,EWS,0.0616,0.0178,0.0498,-0.0141
2025-09-01,EWS,0.0085,0.0178,0.0498,-0.0141
2025-10-01,EWS,0.0039,0.0178,0.0498,-0.0141
2025-11-01,EWS,-0.0021,0.0178,0.0498,-0.0141
2025-12-01,EWS,-0.031,0.0178,0.0498,-0.0141
2026-01-01,EWS,0.0254,0.0178,0.0498,-0.0141
2026-02-01,EWS,0.0199,0.0178,0.0498,-0.0141
2026-03-01,EWS,-0.0191,0.0178,0.0498,-0.0141
2026-04-01,EWS,0.0269,0.0178,0.0498,-0.0141
2026-05-01,EWS,0.0176,0.0178,0.0498,-0.0141
2026-06-01,EWS,0.0041,0.0178,0.0498,-0.0141
2026-07-01,EWS,0.0902,0.0178,0.0498,-0.0141
2026-08-01,EWS,0.0586,0.0178,0.0498,-0.0141
2026-09-01,EWS,-0.0187,0.0178,0.0498,-0.0141
2025-07-01,EWT,0.0167,0.0495,0.1391,-0.0402
2025-08-01,EWT,0.0079,0.0495,0.1391,-0.0402
2025-09-01,EWT,0.0816,0.0495,0.1391,-0.0402
2025-10-01,EWT,0.0476,0.0495,0.1391,-0.0402
2025-11-01,EWT,-0.0321,0.0495,0.1391,-0.0402
2025-12-01,EWT,-0.0152,0.0495,0.1391,-0.0402
2026-01-01,EWT,0.0713,0.0495,0.1391,-0.0402
2026-02-01,EWT,0.1118,0.0495,0.1391,-0.0402
2026-03-01,EWT,-0.0628,0.0495,0.1391,-0.0402
2026-04-01,EWT,0.2673,0.0495,0.1391,-0.0402
2026-05-01,EWT,0.1435,0.0495,0.1391,-0.0402
2026-06-01,EWT,0.0567,0.0495,0.1391,-0.0402
2026-07-01,EWT,-0.111,0.0495,0.1391,-0.0402
2026-08-01,EWT,0.1189,0.0495,0.1391,-0.0402
2026-09-01,EWT,0.0625,0.0495,0.1391,-0.0402
2025-07-01,EWU,0.0023,0.012,0.0431,-0.0191
2025-08-01,EWU,0.0414,0.012,0.0431,-0.0191
2025-09-01,EWU,0.0123,0.012,0.0431,-0.0191
2025-10-01,EWU,0.0167,0.012,0.0431,-0.0191
2025-11-01,EWU,0.0112,0.012,0.0431,-0.0191
2025-12-01,EWU,0.0192,0.012,0.0431,-0.0191
2026-01-01,EWU,0.0496,0.012,0.0431,-0.0191
2026-02-01,EWU,0.0546,0.012,0.0431,-0.0191
2026-03-01,EWU,-0.0641,0.012,0.0431,-0.0191
2026-04-01,EWU,0.0349,0.012,0.0431,-0.0191
2026-05-01,EWU,-0.0047,0.012,0.0431,-0.0191
2026-06-01,EWU,-0.0168,0.012,0.0431,-0.0191
2026-07-01,EWU,0.0492,0.012,0.0431,-0.0191
2026-08-01,EWU,-0.0008,0.012,0.0431,-0.0191
2026-09-01,EWU,-0.0217,0.012,0.0431,-0.0191
2025-07-01,EWW,-0.0069,0.013,0.0596,-0.0336
2025-08-01,EWW,0.0299,0.013,0.0596,-0.0336
2025-09-01,EWW,0.1012,0.013,0.0596,-0.0336
2025-10-01,EWW,-0.0246,0.013,0.0596,-0.0336
2025-11-01,EWW,0.0284,0.013,0.0596,-0.0336
2025-12-01,EWW,0.0133,0.013,0.0596,-0.0336
2026-01-01,EWW,0.0835,0.013,0.0596,-0.0336
2026-02-01,EWW,0.0775,0.013,0.0596,-0.0336
2026-03-01,EWW,-0.0705,0.013,0.0596,-0.0336
2026-04-01,EWW,0.0161,0.013,0.0596,-0.0336
2026-05-01,EWW,0.026,0.013,0.0596,-0.0336
2026-06-01,EWW,-0.0403,0.013,0.0596,-0.0336
2026-07-01,EWW,0.0205,0.013,0.0596,-0.0336
2026-08-01,EWW,-0.0012,0.013,0.0596,-0.0336
2026-09-01,EWW,-0.0441,0.013,0.0596,-0.0336
2025-07-01,EWY,0.0143,0.076,0.2359,-0.0839
2025-08-01,EWY,-0.0078,0.076,0.2359,-0.0839
2025-09-01,EWY,0.1088,0.076,0.2359,-0.0839
2025-10-01,EWY,0.211,0.076,0.2359,-0.0839
2025-11-01,EWY,-0.0632,0.076,0.2359,-0.0839
2025-12-01,EWY,0.0699,0.076,0.2359,-0.0839
2026-01-01,EWY,0.2591,0.076,0.2359,-0.0839
2026-02-01,EWY,0.2366,0.076,0.2359,-0.0839
2026-03-01,EWY,-0.1874,0.076,0.2359,-0.0839
2026-04-01,EWY,0.3069,0.076,0.2359,-0.0839
2026-05-01,EWY,0.2804,0.076,0.2359,-0.0839
2026-06-01,EWY,-0.0191,0.076,0.2359,-0.0839
2026-07-01,EWY,-0.2219,0.076,0.2359,-0.0839
2026-08-01,EWY,0.1512,0.076,0.2359,-0.0839
2026-09-01,EWY,0.0349,0.076,0.2359,-0.0839
2025-07-01,EWZ,-0.0797,0.0174,0.0861,-0.0512
2025-08-01,EWZ,0.1111,0.0174,0.0861,-0.0512
2025-09-01,EWZ,0.0508,0.0174,0.0861,-0.0512
2025-10-01,EWZ,0.0055,0.0174,0.0861,-0.0512
2025-11-01,EWZ,0.0783,0.0174,0.0861,-0.0512
2025-12-01,EWZ,-0.0547,0.0174,0.0861,-0.0512
2026-01-01,EWZ,0.1659,0.0174,0.0861,-0.0512
2026-02-01,EWZ,0.0456,0.0174,0.0861,-0.0512
2026-03-01,EWZ,-0.0088,0.0174,0.0861,-0.0512
2026-04-01,EWZ,0.0341,0.0174,0.0861,-0.0512
2026-05-01,EWZ,-0.0955,0.0174,0.0861,-0.0512
2026-06-01,EWZ,-0.0393,0.0174,0.0861,-0.0512
2026-07-01,EWZ,0.0623,0.0174,0.0861,-0.0512
2026-08-01,EWZ,-0.0169,0.0174,0.0861,-0.0512
2026-09-01,EWZ,0.0219,0.0174,0.0861,-0.0512
2025-07-01,EXC,0.035,-0.0042,0.0426,-0.051
2025-08-01,EXC,-0.028,-0.0042,0.0426,-0.051
2025-09-01,EXC,0.0304,-0.0042,0.0426,-0.051
2025-10-01,EXC,0.0247,-0.0042,0.0426,-0.051
2025-11-01,EXC,0.0217,-0.0042,0.0426,-0.051
2025-12-01,EXC,-0.0749,-0.0042,0.0426,-0.051
2026-01-01,EXC,0.0273,-0.0042,0.0426,-0.051
2026-02-01,EXC,0.1047,-0.0042,0.0426,-0.051
2026-03-01,EXC,-0.0091,-0.0042,0.0426,-0.051
2026-04-01,EXC,-0.0618,-0.0042,0.0426,-0.051
2026-05-01,EXC,-0.0076,-0.0042,0.0426,-0.051
2026-06-01,EXC,0.0215,-0.0042,0.0426,-0.051
2026-07-01,EXC,-0.0172,-0.0042,0.0426,-0.051
2026-08-01,EXC,-0.0458,-0.0042,0.0426,-0.051
2026-09-01,EXC,-0.0773,-0.0042,0.0426,-0.051
2025-07-01,EXE,-0.104,-0.0172,0.0614,-0.0959
2025-08-01,EXE,-0.0764,-0.0172,0.0614,-0.0959
2025-09-01,EXE,0.0977,-0.0172,0.0614,-0.0959
2025-10-01,EXE,-0.0276,-0.0172,0.0614,-0.0959
2025-11-01,EXE,0.1802,-0.0172,0.0614,-0.0959
2025-12-01,EXE,-0.0949,-0.0172,0.0614,-0.0959
2026-01-01,EXE,0.0186,-0.0172,0.0614,-0.0959
2026-02-01,EXE,-0.0399,-0.0172,0.0614,-0.0959
2026-03-01,EXE,0.0172,-0.0172,0.0614,-0.0959
2026-04-01,EXE,-0.0695,-0.0172,0.0614,-0.0959
2026-05-01,EXE,-0.0898,-0.0172,0.0614,-0.0959
2026-06-01,EXE,-0.0193,-0.0172,0.0614,-0.0959
2026-07-01,EXE,0.0311,-0.0172,0.0614,-0.0959
2026-08-01,EXE,0.0439,-0.0172,0.0614,-0.0959
2026-09-01,EXE,-0.1153,-0.0172,0.0614,-0.0959
2025-07-01,EXPD,0.0174,0.0349,0.0989,-0.0291
2025-08-01,EXPD,0.037,0.0349,0.0989,-0.0291
2025-09-01,EXPD,0.017,0.0349,0.0989,-0.0291
2025-10-01,EXPD,-0.0056,0.0349,0.0989,-0.0291
2025-11-01,EXPD,0.2051,0.0349,0.0989,-0.0291
2025-12-01,EXPD,0.0144,0.0349,0.0989,-0.0291
2026-01-01,EXPD,0.0774,0.0349,0.0989,-0.0291
2026-02-01,EXPD,-0.0966,0.0349,0.0989,-0.0291
2026-03-01,EXPD,-0.0124,0.0349,0.0989,-0.0291
2026-04-01,EXPD,0.0325,0.0349,0.0989,-0.0291
2026-05-01,EXPD,0.0683,0.0349,0.0989,-0.0291
2026-06-01,EXPD,0.0316,0.0349,0.0989,-0.0291
2026-07-01,EXPD,0.0301,0.0349,0.0989,-0.0291
2026-08-01,EXPD,0.1296,0.0349,0.0989,-0.0291
2026-09-01,EXPD,-0.0115,0.0349,0.0989,-0.0291
2025-07-01,EXPE,0.0684,0.0403,0.1508,-0.0702
2025-08-01,EXPE,0.1919,0.0403,0.1508,-0.0702
2025-09-01,EXPE,-0.0049,0.0403,0.1508,-0.0702
2025-10-01,EXPE,0.0292,0.0403,0.1508,-0.0702
2025-11-01,EXPE,0.1622,0.0403,0.1508,-0.0702
2025-12-01,EXPE,0.108,0.0403,0.1508,-0.0702
2026-01-01,EXPE,-0.0652,0.0403,0.1508,-0.0702
2026-02-01,EXPE,-0.1856,0.0403,0.1508,-0.0702
2026-03-01,EXPE,0.0705,0.0403,0.1508,-0.0702
2026-04-01,EXPE,0.0757,0.0403,0.1508,-0.0702
2026-05-01,EXPE,-0.0909,0.0403,0.1508,-0.0702
2026-06-01,EXPE,0.1333,0.0403,0.1508,-0.0702
2026-07-01,EXPE,0.1519,0.0403,0.1508,-0.0702
2026-08-01,EXPE,0.0759,0.0403,0.1508,-0.0702
2026-09-01,EXPE,-0.167,0.0403,0.1508,-0.0702
2025-07-01,EXR,-0.0887,-0.0062,0.0574,-0.0697
2025-08-01,EXR,0.0686,-0.0062,0.0574,-0.0697
2025-09-01,EXR,-0.0184,-0.0062,0.0574,-0.0697
2025-10-01,EXR,-0.0525,-0.0062,0.0574,-0.0697
2025-11-01,EXR,-0.0028,-0.0062,0.0574,-0.0697
2025-12-01,EXR,-0.0222,-0.0062,0.0574,-0.0697
2026-01-01,EXR,0.0595,-0.0062,0.0574,-0.0697
2026-02-01,EXR,0.0947,-0.0062,0.0574,-0.0697
2026-03-01,EXR,-0.1318,-0.0062,0.0574,-0.0697
2026-04-01,EXR,0.093,-0.0062,0.0574,-0.0697
2026-05-01,EXR,0.0068,-0.0062,0.0574,-0.0697
2026-06-01,EXR,0.0069,-0.0062,0.0574,-0.0697
2026-07-01,EXR,0.0189,-0.0062,0.0574,-0.0697
2026-08-01,EXR,-0.0469,-0.0062,0.0574,-0.0697
2026-09-01,EXR,-0.0549,-0.0062,0.0574,-0.0697
2025-07-01,F,0.0203,0.0188,0.1589,-0.1214
2025-08-01,F,0.0632,0.0188,0.1589,-0.1214
2025-09-01,F,0.0161,0.0188,0.1589,-0.1214
2025-10-01,F,0.0978,0.0188,0.1589,-0.1214
2025-11-01,F,0.0114,0.0188,0.1589,-0.1214
2025-12-01,F,-0.012,0.0188,0.1589,-0.1214
2026-01-01,F,0.0579,0.0188,0.1589,-0.1214
2026-02-01,F,0.0151,0.0188,0.1589,-0.1214
2026-03-01,F,-0.181,0.0188,0.1589,-0.1214
2026-04-01,F,0.0468,0.0188,0.1589,-0.1214
2026-05-01,F,0.4437,0.0188,0.1589,-0.1214
2026-06-01,F,-0.203,0.0188,0.1589,-0.1214
2026-07-01,F,0.0561,0.0188,0.1589,-0.1214
2026-08-01,F,-0.0504,0.0188,0.1589,-0.1214
2026-09-01,F,-0.0882,0.0188,0.1589,-0.1214
2025-07-01,FANG,0.082,0.024,0.096,-0.048
2025-08-01,FANG,0.0007,0.024,0.096,-0.048
2025-09-01,FANG,-0.038,0.024,0.096,-0.048
2025-10-01,FANG,0.0006,0.024,0.096,-0.048
2025-11-01,FANG,0.0656,0.024,0.096,-0.048
2025-12-01,FANG,-0.0148,0.024,0.096,-0.048
2026-01-01,FANG,0.0906,0.024,0.096,-0.048
2026-02-01,FANG,0.0618,0.024,0.096,-0.048
2026-03-01,FANG,0.1362,0.024,0.096,-0.048
2026-04-01,FANG,0.0396,0.024,0.096,-0.048
2026-05-01,FANG,-0.0688,0.024,0.096,-0.048
2026-06-01,FANG,-0.082,0.024,0.096,-0.048
2026-07-01,FANG,0.1546,0.024,0.096,-0.048
2026-08-01,FANG,-0.0122,0.024,0.096,-0.048
2026-09-01,FANG,-0.0689,0.024,0.096,-0.048
2025-07-01,FAST,0.0983,0.0131,0.0779,-0.0517
2025-08-01,FAST,0.0765,0.0131,0.0779,-0.0517
2025-09-01,FAST,-0.0125,0.0131,0.0779,-0.0517
2025-10-01,FAST,-0.1609,0.0131,0.0779,-0.0517
2025-11-01,FAST,-0.0182,0.0131,0.0779,-0.0517
2025-12-01,FAST,-0.0067,0.0131,0.0779,-0.0517
2026-01-01,FAST,0.0805,0.0131,0.0779,-0.0517
2026-02-01,FAST,0.0618,0.0131,0.0779,-0.0517
2026-03-01,FAST,0.0078,0.0131,0.0779,-0.0517
2026-04-01,FAST,-0.0317,0.0131,0.0779,-0.0517
2026-05-01,FAST,-0.0162,0.0131,0.0779,-0.0517
2026-06-01,FAST,0.0867,0.0131,0.0779,-0.0517
2026-07-01,FAST,-0.0067,0.0131,0.0779,-0.0517
2026-08-01,FAST,0.0335,0.0131,0.0779,-0.0517
2026-09-01,FAST,0.0227,0.0131,0.0779,-0.0517
2025-07-01,FCX,-0.0717,0.0393,0.1494,-0.0708
2025-08-01,FCX,0.1034,0.0393,0.1494,-0.0708
2025-09-01,FCX,-0.1167,0.0393,0.1494,-0.0708
2025-10-01,FCX,0.0632,0.0393,0.1494,-0.0708
2025-11-01,FCX,0.0307,0.0393,0.1494,-0.0708
2025-12-01,FCX,0.1817,0.0393,0.1494,-0.0708
2026-01-01,FCX,0.1859,0.0393,0.1494,-0.0708
2026-02-01,FCX,0.1303,0.0393,0.1494,-0.0708
2026-03-01,FCX,-0.1366,0.0393,0.1494,-0.0708
2026-04-01,FCX,-0.017,0.0393,0.1494,-0.0708
2026-05-01,FCX,0.1372,0.0393,0.1494,-0.0708
2026-06-01,FCX,-0.0429,0.0393,0.1494,-0.0708
2026-07-01,FCX,-0.0041,0.0393,0.1494,-0.0708
2026-08-01,FCX,0.2093,0.0393,0.1494,-0.0708
2026-09-01,FCX,-0.0453,0.0393,0.1494,-0.0708
2025-07-01,FDS,-0.0992,-0.0245,0.0885,-0.1374
2025-08-01,FDS,-0.0734,-0.0245,0.0885,-0.1374
2025-09-01,FDS,-0.2326,-0.0245,0.0885,-0.1374
2025-10-01,FDS,-0.0687,-0.0245,0.0885,-0.1374
2025-11-01,FDS,0.0392,-0.0245,0.0885,-0.1374
2025-12-01,FDS,0.0466,-0.0245,0.0885,-0.1374
2026-01-01,FDS,-0.1235,-0.0245,0.0885,-0.1374
2026-02-01,FDS,-0.1476,-0.0245,0.0885,-0.1374
2026-03-01,FDS,0.0008,-0.0245,0.0885,-0.1374
2026-04-01,FDS,0.0488,-0.0245,0.0885,-0.1374
2026-05-01,FDS,0.0786,-0.0245,0.0885,-0.1374
2026-06-01,FDS,-0.0627,-0.0245,0.0885,-0.1374
2026-07-01,FDS,0.144,-0.0245,0.0885,-0.1374
2026-08-01,FDS,0.1913,-0.0245,0.0885,-0.1374
2026-09-01,FDS,-0.1291,-0.0245,0.0885,-0.1374
2025-07-01,FDX,-0.0168,0.0325,0.1136,-0.0487
2025-08-01,FDX,0.0339,0.0325,0.1136,-0.0487
2025-09-01,FDX,0.0205,0.0325,0.1136,-0.0487
2025-10-01,FDX,0.0764,0.0325,0.1136,-0.0487
2025-11-01,FDX,0.0861,0.0325,0.1136,-0.0487
2025-12-01,FDX,0.0478,0.0325,0.1136,-0.0487
2026-01-01,FDX,0.1156,0.0325,0.1136,-0.0487
2026-02-01,FDX,0.2009,0.0325,0.1136,-0.0487
2026-03-01,FDX,-0.0797,0.0325,0.1136,-0.0487
2026-04-01,FDX,0.1323,0.0325,0.1136,-0.0487
2026-05-01,FDX,0.0209,0.0325,0.1136,-0.0487
2026-06-01,FDX,-0.0562,0.0325,0.1136,-0.0487
2026-07-01,FDX,-0.0183,0.0325,0.1136,-0.0487
2026-08-01,FDX,0.0651,0.0325,0.1136,-0.0487
2026-09-01,FDX,-0.1269,0.0325,0.1136,-0.0487
2025-07-01,FE,0.0609,0.0055,0.0517,-0.0408
2025-08-01,FE,0.0213,0.0055,0.0517,-0.0408
2025-09-01,FE,0.0504,0.0055,0.0517,-0.0408
2025-10-01,FE,0.0002,0.0055,0.0517,-0.0408
2025-11-01,FE,0.0412,0.0055,0.0517,-0.0408
2025-12-01,FE,-0.0618,0.0055,0.0517,-0.0408
2026-01-01,FE,0.0574,0.0055,0.0517,-0.0408
2026-02-01,FE,0.0807,0.0055,0.0517,-0.0408
2026-03-01,FE,-0.0098,0.0055,0.0517,-0.0408
2026-04-01,FE,-0.062,0.0055,0.0517,-0.0408
2026-05-01,FE,-0.0238,0.0055,0.0517,-0.0408
2026-06-01,FE,0.0248,0.0055,0.0517,-0.0408
2026-07-01,FE,0.0162,0.0055,0.0517,-0.0408
2026-08-01,FE,-0.0507,0.0055,0.0517,-0.0408
2026-09-01,FE,-0.0558,0.0055,0.0517,-0.0408
2025-07-01,FERG,0.0256,0.005,0.0903,-0.0803
2025-08-01,FERG,0.035,0.005,0.0903,-0.0803
2025-09-01,FERG,-0.0284,0.005,0.0903,-0.0803
2025-10-01,FERG,0.1065,0.005,0.0903,-0.0803
2025-11-01,FERG,0.0128,0.005,0.0903,-0.0803
2025-12-01,FERG,-0.1154,0.005,0.0903,-0.0803
2026-01-01,FERG,0.134,0.005,0.0903,-0.0803
2026-02-01,FERG,0.0329,0.005,0.0903,-0.0803
2026-03-01,FERG,-0.1055,0.005,0.0903,-0.0803
2026-04-01,FERG,0.1477,0.005,0.0903,-0.0803
2026-05-01,FERG,-0.1559,0.005,0.0903,-0.0803
2026-06-01,FERG,0.0503,0.005,0.0903,-0.0803
2026-07-01,FERG,-0.0126,0.005,0.0903,-0.0803
2026-08-01,FERG,-0.0419,0.005,0.0903,-0.0803
2026-09-01,FERG,-0.0079,0.005,0.0903,-0.0803
2025-07-01,FFIV,0.0649,0.0302,0.1215,-0.061
2025-08-01,FFIV,-0.0009,0.0302,0.1215,-0.061
2025-09-01,FFIV,0.0321,0.0302,0.1215,-0.061
2025-10-01,FFIV,-0.217,0.0302,0.1215,-0.061
2025-11-01,FFIV,-0.0549,0.0302,0.1215,-0.061
2025-12-01,FFIV,0.0673,0.0302,0.1215,-0.061
2026-01-01,FFIV,0.0797,0.0302,0.1215,-0.061
2026-02-01,FFIV,-0.0154,0.0302,0.1215,-0.061
2026-03-01,FFIV,0.0662,0.0302,0.1215,-0.061
2026-04-01,FFIV,0.1195,0.0302,0.1215,-0.061
2026-05-01,FFIV,0.1839,0.0302,0.1215,-0.061
2026-06-01,FFIV,0.0848,0.0302,0.1215,-0.061
2026-07-01,FFIV,-0.0322,0.0302,0.1215,-0.061
2026-08-01,FFIV,0.0113,0.0302,0.1215,-0.061
2026-09-01,FFIV,0.0883,0.0302,0.1215,-0.061
2025-07-01,FICO,-0.214,-0.0406,0.0868,-0.168
2025-08-01,FICO,0.0591,-0.0406,0.0868,-0.168
2025-09-01,FICO,-0.0165,-0.0406,0.0868,-0.168
2025-10-01,FICO,0.1089,-0.0406,0.0868,-0.168
2025-11-01,FICO,0.0882,-0.0406,0.0868,-0.168
2025-12-01,FICO,-0.0638,-0.0406,0.0868,-0.168
2026-01-01,FICO,-0.1345,-0.0406,0.0868,-0.168
2026-02-01,FICO,-0.0368,-0.0406,0.0868,-0.168
2026-03-01,FICO,-0.2425,-0.0406,0.0868,-0.168
2026-04-01,FICO,-0.0398,-0.0406,0.0868,-0.168
2026-05-01,FICO,0.2201,-0.0406,0.0868,-0.168
2026-06-01,FICO,-0.0446,-0.0406,0.0868,-0.168
2026-07-01,FICO,-0.0601,-0.0406,0.0868,-0.168
2026-08-01,FICO,0.0216,-0.0406,0.0868,-0.168
2026-09-01,FICO,-0.2477,-0.0406,0.0868,-0.168
2025-07-01,FIS,-0.0246,-0.0497,0.0275,-0.1269
2025-08-01,FIS,-0.1209,-0.0497,0.0275,-0.1269
2025-09-01,FIS,-0.0554,-0.0497,0.0275,-0.1269
2025-10-01,FIS,-0.0519,-0.0497,0.0275,-0.1269
2025-11-01,FIS,0.052,-0.0497,0.0275,-0.1269
2025-12-01,FIS,0.0105,-0.0497,0.0275,-0.1269
2026-01-01,FIS,-0.1687,-0.0497,0.0275,-0.1269
2026-02-01,FIS,-0.0776,-0.0497,0.0275,-0.1269
2026-03-01,FIS,-0.0795,-0.0497,0.0275,-0.1269
2026-04-01,FIS,-0.0081,-0.0497,0.0275,-0.1269
2026-05-01,FIS,-0.0761,-0.0497,0.0275,-0.1269
2026-06-01,FIS,-0.0956,-0.0497,0.0275,-0.1269
2026-07-01,FIS,0.1515,-0.0497,0.0275,-0.1269
2026-08-01,FIS,-0.0893,-0.0497,0.0275,-0.1269
2026-09-01,FIS,-0.1315,-0.0497,0.0275,-0.1269
2025-07-01,FISV,-0.1941,-0.0726,0.0734,-0.2186
2025-08-01,FISV,-0.0055,-0.0726,0.0734,-0.2186
2025-09-01,FISV,-0.0669,-0.0726,0.0734,-0.2186
2025-10-01,FISV,-0.4827,-0.0726,0.0734,-0.2186
2025-11-01,FISV,-0.0783,-0.0726,0.0734,-0.2186
2025-12-01,FISV,0.0927,-0.0726,0.0734,-0.2186
2026-01-01,FISV,-0.0512,-0.0726,0.0734,-0.2186
2026-02-01,FISV,-0.0226,-0.0726,0.0734,-0.2186
2026-03-01,FISV,-0.1042,-0.0726,0.0734,-0.2186
2026-04-01,FISV,0.1228,-0.0726,0.0734,-0.2186
2026-05-01,FISV,-0.0972,-0.0726,0.0734,-0.2186
2026-06-01,FISV,-0.1328,-0.0726,0.0734,-0.2186
2026-07-01,FISV,0.0997,-0.0726,0.0734,-0.2186
2026-08-01,FISV,-0.0117,-0.0726,0.0734,-0.2186
2026-09-01,FISV,-0.1281,-0.0726,0.0734,-0.2186
2025-07-01,FITB,0.0107,0.0173,0.0793,-0.0447
2025-08-01,FITB,0.101,0.0173,0.0793,-0.0447
2025-09-01,FITB,-0.0267,0.0173,0.0793,-0.0447
2025-10-01,FITB,-0.0658,0.0173,0.0793,-0.0447
2025-11-01,FITB,0.0442,0.0173,0.0793,-0.0447
2025-12-01,FITB,0.0771,0.0173,0.0793,-0.0447
2026-01-01,FITB,0.0728,0.0173,0.0793,-0.0447
2026-02-01,FITB,-0.0149,0.0173,0.0793,-0.0447
2026-03-01,FITB,-0.0608,0.0173,0.0793,-0.0447
2026-04-01,FITB,0.0926,0.0173,0.0793,-0.0447
2026-05-01,FITB,-0.0164,0.0173,0.0793,-0.0447
2026-06-01,FITB,0.129,0.0173,0.0793,-0.0447
2026-07-01,FITB,0.0023,0.0173,0.0793,-0.0447
2026-08-01,FITB,-0.0483,0.0173,0.0793,-0.0447
2026-09-01,FITB,-0.0311,0.0173,0.0793,-0.0447
2025-07-01,FIX,0.3116,0.0867,0.2316,-0.0582
2025-08-01,FIX,0.0001,0.0867,0.2316,-0.0582
2025-09-01,FIX,0.1732,0.0867,0.2316,-0.0582
2025-10-01,FIX,0.1701,0.0867,0.2316,-0.0582
2025-11-01,FIX,0.0118,0.0867,0.2316,-0.0582
2025-12-01,FIX,-0.0447,0.0867,0.2316,-0.0582
2026-01-01,FIX,0.2237,0.0867,0.2316,-0.0582
2026-02-01,FIX,0.2515,0.0867,0.2316,-0.0582
2026-03-01,FIX,-0.0352,0.0867,0.2316,-0.0582
2026-04-01,FIX,0.3345,0.0867,0.2316,-0.0582
2026-05-01,FIX,-0.0065,0.0867,0.2316,-0.0582
2026-06-01,FIX,0.0841,0.0867,0.2316,-0.0582
2026-07-01,FIX,-0.1273,0.0867,0.2316,-0.0582
2026-08-01,FIX,-0.1064,0.0867,0.2316,-0.0582
2026-09-01,FIX,0.0733,0.0867,0.2316,-0.0582
2025-07-01,FLEX,-0.001,0.0724,0.2746,-0.1298
2025-08-01,FLEX,0.0752,0.0724,0.2746,-0.1298
2025-09-01,FLEX,0.0811,0.0724,0.2746,-0.1298
2025-10-01,FLEX,0.0785,0.0724,0.2746,-0.1298
2025-11-01,FLEX,-0.0545,0.0724,0.2746,-0.1298
2025-12-01,FLEX,0.0222,0.0724,0.2746,-0.1298
2026-01-01,FLEX,0.0434,0.0724,0.2746,-0.1298
2026-02-01,FLEX,-0.0003,0.0724,0.2746,-0.1298
2026-03-01,FLEX,0.0387,0.0724,0.2746,-0.1298
2026-04-01,FLEX,0.3986,0.0724,0.2746,-0.1298
2026-05-01,FLEX,0.647,0.0724,0.2746,-0.1298
2026-06-01,FLEX,0.0749,0.0724,0.2746,-0.1298
2026-07-01,FLEX,-0.2981,0.0724,0.2746,-0.1298
2026-08-01,FLEX,-0.0396,0.0724,0.2746,-0.1298
2026-09-01,FLEX,0.0497,0.0724,0.2746,-0.1298
2025-07-01,FOXA,-0.005,0.0163,0.117,-0.0843
2025-08-01,FOXA,0.0707,0.0163,0.117,-0.0843
2025-09-01,FOXA,0.0563,0.0163,0.117,-0.0843
2025-10-01,FOXA,0.0252,0.0163,0.117,-0.0843
2025-11-01,FOXA,0.0131,0.0163,0.117,-0.0843
2025-12-01,FOXA,0.1156,0.0163,0.117,-0.0843
2026-01-01,FOXA,-0.004,0.0163,0.117,-0.0843
2026-02-01,FOXA,-0.2259,0.0163,0.117,-0.0843
2026-03-01,FOXA,0.0366,0.0163,0.117,-0.0843
2026-04-01,FOXA,0.0872,0.0163,0.117,-0.0843
2026-05-01,FOXA,0.0068,0.0163,0.117,-0.0843
2026-06-01,FOXA,-0.184,0.0163,0.117,-0.0843
2026-07-01,FOXA,0.1164,0.0163,0.117,-0.0843
2026-08-01,FOXA,0.1566,0.0163,0.117,-0.0843
2026-09-01,FOXA,-0.0635,0.0163,0.117,-0.0843
2025-07-01,FRO,0.1225,0.0786,0.1968,-0.0396
2025-08-01,FRO,0.1346,0.0786,0.1968,-0.0396
2025-09-01,FRO,0.0904,0.0786,0.1968,-0.0396
2025-10-01,FRO,0.0987,0.0786,0.1968,-0.0396
2025-11-01,FRO,-0.0607,0.0786,0.1968,-0.0396
2025-12-01,FRO,-0.0723,0.0786,0.1968,-0.0396
2026-01-01,FRO,0.3098,0.0786,0.1968,-0.0396
2026-02-01,FRO,0.3279,0.0786,0.1968,-0.0396
2026-03-01,FRO,-0.0814,0.0786,0.1968,-0.0396
2026-04-01,FRO,0.0468,0.0786,0.1968,-0.0396
2026-05-01,FRO,-0.0499,0.0786,0.1968,-0.0396
2026-06-01,FRO,0.0035,0.0786,0.1968,-0.0396
2026-07-01,FRO,0.1316,0.0786,0.1968,-0.0396
2026-08-01,FRO,0.112,0.0786,0.1968,-0.0396
2026-09-01,FRO,0.0902,0.0786,0.1968,-0.0396
2025-07-01,FRT,-0.0298,0.0103,0.057,-0.0364
2025-08-01,FRT,0.091,0.0103,0.057,-0.0364
2025-09-01,FRT,0.0076,0.0103,0.057,-0.0364
2025-10-01,FRT,-0.0505,0.0103,0.057,-0.0364
2025-11-01,FRT,0.0264,0.0103,0.057,-0.0364
2025-12-01,FRT,0.021,0.0103,0.057,-0.0364
2026-01-01,FRT,0.0036,0.0103,0.057,-0.0364
2026-02-01,FRT,0.0752,0.0103,0.057,-0.0364
2026-03-01,FRT,-0.0235,0.0103,0.057,-0.0364
2026-04-01,FRT,0.0442,0.0103,0.057,-0.0364
2026-05-01,FRT,0.0787,0.0103,0.057,-0.0364
2026-06-01,FRT,0.0318,0.0103,0.057,-0.0364
2026-07-01,FRT,0.0053,0.0103,0.057,-0.0364
2026-08-01,FRT,-0.065,0.0103,0.057,-0.0364
2026-09-01,FRT,-0.0475,0.0103,0.057,-0.0364
2025-07-01,FSLR,0.0555,0.0196,0.1934,-0.1541
2025-08-01,FSLR,0.1171,0.0196,0.1934,-0.1541
2025-09-01,FSLR,0.1298,0.0196,0.1934,-0.1541
2025-10-01,FSLR,0.2104,0.0196,0.1934,-0.1541
2025-11-01,FSLR,0.0224,0.0196,0.1934,-0.1541
2025-12-01,FSLR,-0.0428,0.0196,0.1934,-0.1541
2026-01-01,FSLR,-0.1367,0.0196,0.1934,-0.1541
2026-02-01,FSLR,-0.1256,0.0196,0.1934,-0.1541
2026-03-01,FSLR,0.0003,0.0196,0.1934,-0.1541
2026-04-01,FSLR,0.0235,0.0196,0.1934,-0.1541
2026-05-01,FSLR,0.5196,0.0196,0.1934,-0.1541
2026-06-01,FSLR,-0.2309,0.0196,0.1934,-0.1541
2026-07-01,FSLR,-0.1057,0.0196,0.1934,-0.1541
2026-08-01,FSLR,-0.0433,0.0196,0.1934,-0.1541
2026-09-01,FSLR,-0.1198,0.0196,0.1934,-0.1541
2025-07-01,FTI,0.056,0.0526,0.14,-0.0348
2025-08-01,FTI,0.0107,0.0526,0.14,-0.0348
2025-09-01,FTI,0.0732,0.0526,0.14,-0.0348
2025-10-01,FTI,0.0482,0.0526,0.14,-0.0348
2025-11-01,FTI,0.0946,0.0526,0.14,-0.0348
2025-12-01,FTI,-0.0155,0.0526,0.14,-0.0348
2026-01-01,FTI,0.2504,0.0526,0.14,-0.0348
2026-02-01,FTI,0.1901,0.0526,0.14,-0.0348
2026-03-01,FTI,0.0425,0.0526,0.14,-0.0348
2026-04-01,FTI,0.0932,0.0526,0.14,-0.0348
2026-05-01,FTI,-0.0946,0.0526,0.14,-0.0348
2026-06-01,FTI,-0.031,0.0526,0.14,-0.0348
2026-07-01,FTI,0.0808,0.0526,0.14,-0.0348
2026-08-01,FTI,0.0906,0.0526,0.14,-0.0348
2026-09-01,FTI,-0.0916,0.0526,0.14,-0.0348
2025-07-01,FTNT,-0.0551,0.0444,0.2157,-0.127
2025-08-01,FTNT,-0.2115,0.0444,0.2157,-0.127
2025-09-01,FTNT,0.0674,0.0444,0.2157,-0.127
2025-10-01,FTNT,0.028,0.0444,0.2157,-0.127
2025-11-01,FTNT,-0.0613,0.0444,0.2157,-0.127
2025-12-01,FTNT,-0.0212,0.0444,0.2157,-0.127
2026-01-01,FTNT,0.0233,0.0444,0.2157,-0.127
2026-02-01,FTNT,-0.0274,0.0444,0.2157,-0.127
2026-03-01,FTNT,0.034,0.0444,0.2157,-0.127
2026-04-01,FTNT,0.0317,0.0444,0.2157,-0.127
2026-05-01,FTNT,0.6365,0.0444,0.2157,-0.127
2026-06-01,FTNT,0.1134,0.0444,0.2157,-0.127
2026-07-01,FTNT,0.0542,0.0444,0.2157,-0.127
2026-08-01,FTNT,0.0554,0.0444,0.2157,-0.127
2026-09-01,FTNT,0.0148,0.0444,0.2157,-0.127
2025-07-01,FTV,-0.0806,0.0055,0.0602,-0.0492
2025-08-01,FTV,-0.0015,0.0055,0.0602,-0.0492
2025-09-01,FTV,0.0236,0.0055,0.0602,-0.0492
2025-10-01,FTV,0.0276,0.0055,0.0602,-0.0492
2025-11-01,FTV,0.0624,0.0055,0.0602,-0.0492
2025-12-01,FTV,0.0323,0.0055,0.0602,-0.0492
2026-01-01,FTV,-0.0435,0.0055,0.0602,-0.0492
2026-02-01,FTV,0.121,0.0055,0.0602,-0.0492
2026-03-01,FTV,-0.0662,0.0055,0.0602,-0.0492
2026-04-01,FTV,0.0816,0.0055,0.0602,-0.0492
2026-05-01,FTV,-0.0246,0.0055,0.0602,-0.0492
2026-06-01,FTV,0.0475,0.0055,0.0602,-0.0492
2026-07-01,FTV,-0.0308,0.0055,0.0602,-0.0492
2026-08-01,FTV,-0.0062,0.0055,0.0602,-0.0492
2026-09-01,FTV,-0.0467,0.0055,0.0602,-0.0492
2025-07-01,FVX,0.0421,0.0208,0.0737,-0.0321
2025-08-01,FVX,-0.0657,0.0208,0.0737,-0.0321
2025-09-01,FVX,0.0081,0.0208,0.0737,-0.0321
2025-10-01,FVX,-0.0027,0.0208,0.0737,-0.0321
2025-11-01,FVX,-0.0323,0.0208,0.0737,-0.0321
2025-12-01,FVX,0.0333,0.0208,0.0737,-0.0321
2026-01-01,FVX,0.0242,0.0208,0.0737,-0.0321
2026-02-01,FVX,-0.0787,0.0208,0.0737,-0.0321
2026-03-01,FVX,0.1254,0.0208,0.0737,-0.0321
2026-04-01,FVX,0.0177,0.0208,0.0737,-0.0321
2026-05-01,FVX,0.0323,0.0208,0.0737,-0.0321
2026-06-01,FVX,0.0096,0.0208,0.0737,-0.0321
2026-07-01,FVX,0.0644,0.0208,0.0737,-0.0321
2026-08-01,FVX,0.0112,0.0208,0.0737,-0.0321
2026-09-01,FVX,0.1109,0.0208,0.0737,-0.0321
2025-07-01,FXA,-0.0241,0.0044,0.0287,-0.0199
2025-08-01,FXA,0.0187,0.0044,0.0287,-0.0199
2025-09-01,FXA,0.0106,0.0044,0.0287,-0.0199
2025-10-01,FXA,-0.0108,0.0044,0.0287,-0.0199
2025-11-01,FXA,0.0011,0.0044,0.0287,-0.0199
2025-12-01,FXA,0.0188,0.0044,0.0287,-0.0199
2026-01-01,FXA,0.0439,0.0044,0.0287,-0.0199
2026-02-01,FXA,0.0222,0.0044,0.0287,-0.0199
2026-03-01,FXA,-0.0306,0.0044,0.0287,-0.0199
2026-04-01,FXA,0.0436,0.0044,0.0287,-0.0199
2026-05-01,FXA,-0.002,0.0044,0.0287,-0.0199
2026-06-01,FXA,-0.0369,0.0044,0.0287,-0.0199
2026-07-01,FXA,0.0168,0.0044,0.0287,-0.0199
2026-08-01,FXA,0.0181,0.0044,0.0287,-0.0199
2026-09-01,FXA,-0.0192,0.0044,0.0287,-0.0199
2025-07-01,FXB,-0.0383,-0.0022,0.0171,-0.0216
2025-08-01,FXB,0.0232,-0.0022,0.0171,-0.0216
2025-09-01,FXB,-0.0048,-0.0022,0.0171,-0.0216
2025-10-01,FXB,-0.0231,-0.0022,0.0171,-0.0216
2025-11-01,FXB,0.0073,-0.0022,0.0171,-0.0216
2025-12-01,FXB,0.0188,-0.0022,0.0171,-0.0216
2026-01-01,FXB,0.0146,-0.0022,0.0171,-0.0216
2026-02-01,FXB,-0.0147,-0.0022,0.0171,-0.0216
2026-03-01,FXB,-0.0182,-0.0022,0.0171,-0.0216
2026-04-01,FXB,0.0277,-0.0022,0.0171,-0.0216
2026-05-01,FXB,-0.0102,-0.0022,0.0171,-0.0216
2026-06-01,FXB,-0.0147,-0.0022,0.0171,-0.0216
2026-07-01,FXB,0.016,-0.0022,0.0171,-0.0216
2026-08-01,FXB,0.0053,-0.0022,0.0171,-0.0216
2026-09-01,FXB,-0.0216,-0.0022,0.0171,-0.0216
2025-07-01,FXC,-0.0167,-0.0024,0.0132,-0.018
2025-08-01,FXC,0.0081,-0.0024,0.0132,-0.018
2025-09-01,FXC,-0.0128,-0.0024,0.0132,-0.018
2025-10-01,FXC,-0.0084,-0.0024,0.0132,-0.018
2025-11-01,FXC,0.0033,-0.0024,0.0132,-0.018
2025-12-01,FXC,0.0182,-0.0024,0.0132,-0.018
2026-01-01,FXC,0.0086,-0.0024,0.0132,-0.018
2026-02-01,FXC,-0.0024,-0.0024,0.0132,-0.018
2026-03-01,FXC,-0.0193,-0.0024,0.0132,-0.018
2026-04-01,FXC,0.0242,-0.0024,0.0132,-0.018
2026-05-01,FXC,-0.0149,-0.0024,0.0132,-0.018
2026-06-01,FXC,-0.0274,-0.0024,0.0132,-0.018
2026-07-01,FXC,0.0118,-0.0024,0.0132,-0.018
2026-08-01,FXC,0.0126,-0.0024,0.0132,-0.018
2026-09-01,FXC,-0.0218,-0.0024,0.0132,-0.018
2025-07-01,FXE,-0.032,-0.0023,0.0142,-0.0188
2025-08-01,FXE,0.0255,-0.0023,0.0142,-0.0188
2025-09-01,FXE,0.0034,-0.0023,0.0142,-0.0188
2025-10-01,FXE,-0.0185,-0.0023,0.0142,-0.0188
2025-11-01,FXE,0.0068,-0.0023,0.0142,-0.0188
2025-12-01,FXE,0.0128,-0.0023,0.0142,-0.0188
2026-01-01,FXE,0.0093,-0.0023,0.0142,-0.0188
2026-02-01,FXE,-0.0036,-0.0023,0.0142,-0.0188
2026-03-01,FXE,-0.0219,-0.0023,0.0142,-0.0188
2026-04-01,FXE,0.0149,-0.0023,0.0142,-0.0188
2026-05-01,FXE,-0.0054,-0.0023,0.0142,-0.0188
2026-06-01,FXE,-0.021,-0.0023,0.0142,-0.0188
2026-07-01,FXE,0.01,-0.0023,0.0142,-0.0188
2026-08-01,FXE,0.0071,-0.0023,0.0142,-0.0188
2026-09-01,FXE,-0.0196,-0.0023,0.0142,-0.0188
2025-07-01,FXY,-0.0447,-0.0063,0.0143,-0.0269
2025-08-01,FXY,0.0254,-0.0063,0.0143,-0.0269
2025-09-01,FXY,-0.0067,-0.0063,0.0143,-0.0269
2025-10-01,FXY,-0.041,-0.0063,0.0143,-0.0269
2025-11-01,FXY,-0.0124,-0.0063,0.0143,-0.0269
2025-12-01,FXY,-0.0042,-0.0063,0.0143,-0.0269
2026-01-01,FXY,0.0128,-0.0063,0.0143,-0.0269
2026-02-01,FXY,-0.0099,-0.0063,0.0143,-0.0269
2026-03-01,FXY,-0.0161,-0.0063,0.0143,-0.0269
2026-04-01,FXY,0.013,-0.0063,0.0143,-0.0269
2026-05-01,FXY,-0.0172,-0.0063,0.0143,-0.0269
2026-06-01,FXY,-0.0205,-0.0063,0.0143,-0.0269
2026-07-01,FXY,0.0216,-0.0063,0.0143,-0.0269
2026-08-01,FXY,-0.0047,-0.0063,0.0143,-0.0269
2026-09-01,FXY,0.0159,-0.0063,0.0143,-0.0269
2025-07-01,GD,0.0684,0.0114,0.0547,-0.0318
2025-08-01,GD,0.0416,0.0114,0.0547,-0.0318
2025-09-01,GD,0.0506,0.0114,0.0547,-0.0318
2025-10-01,GD,0.0114,0.0114,0.0547,-0.0318
2025-11-01,GD,-0.0095,0.0114,0.0547,-0.0318
2025-12-01,GD,-0.0145,0.0114,0.0547,-0.0318
2026-01-01,GD,0.0429,0.0114,0.0547,-0.0318
2026-02-01,GD,0.017,0.0114,0.0547,-0.0318
2026-03-01,GD,-0.0387,0.0114,0.0547,-0.0318
2026-04-01,GD,0.0031,0.0114,0.0547,-0.0318
2026-05-01,GD,0.0073,0.0114,0.0547,-0.0318
2026-06-01,GD,0.0214,0.0114,0.0547,-0.0318
2026-07-01,GD,0.0824,0.0114,0.0547,-0.0318
2026-08-01,GD,-0.0315,0.0114,0.0547,-0.0318
2026-09-01,GD,-0.0933,0.0114,0.0547,-0.0318
2025-07-01,GDDY,-0.1026,-0.0363,0.0447,-0.1172
2025-08-01,GDDY,-0.0821,-0.0363,0.0447,-0.1172
2025-09-01,GDDY,-0.0774,-0.0363,0.0447,-0.1172
2025-10-01,GDDY,-0.027,-0.0363,0.0447,-0.1172
2025-11-01,GDDY,-0.0396,-0.0363,0.0447,-0.1172
2025-12-01,GDDY,-0.0296,-0.0363,0.0447,-0.1172
2026-01-01,GDDY,-0.1899,-0.0363,0.0447,-0.1172
2026-02-01,GDDY,-0.1329,-0.0363,0.0447,-0.1172
2026-03-01,GDDY,-0.0515,-0.0363,0.0447,-0.1172
2026-04-01,GDDY,0.0498,-0.0363,0.0447,-0.1172
2026-05-01,GDDY,-0.0111,-0.0363,0.0447,-0.1172
2026-06-01,GDDY,-0.0111,-0.0363,0.0447,-0.1172
2026-07-01,GDDY,-0.0252,-0.0363,0.0447,-0.1172
2026-08-01,GDDY,0.183,-0.0363,0.0447,-0.1172
2026-09-01,GDDY,-0.0076,-0.0363,0.0447,-0.1172
2025-07-01,GDX,-0.0081,0.0466,0.1952,-0.1019
2025-08-01,GDX,0.2233,0.0466,0.1952,-0.1019
2025-09-01,GDX,0.2094,0.0466,0.1952,-0.1019
2025-10-01,GDX,-0.0568,0.0466,0.1952,-0.1019
2025-11-01,GDX,0.155,0.0466,0.1952,-0.1019
2025-12-01,GDX,0.0305,0.0466,0.1952,-0.1019
2026-01-01,GDX,0.0983,0.0466,0.1952,-0.1019
2026-02-01,GDX,0.2297,0.0466,0.1952,-0.1019
2026-03-01,GDX,-0.2078,0.0466,0.1952,-0.1019
2026-04-01,GDX,-0.0379,0.0466,0.1952,-0.1019
2026-05-01,GDX,0.0136,0.0466,0.1952,-0.1019
2026-06-01,GDX,-0.1569,0.0466,0.1952,-0.1019
2026-07-01,GDX,-0.0179,0.0466,0.1952,-0.1019
2026-08-01,GDX,0.3294,0.0466,0.1952,-0.1019
2026-09-01,GDX,-0.0573,0.0466,0.1952,-0.1019
2025-07-01,GDXJ,-0.0499,0.0485,0.2109,-0.1138
2025-08-01,GDXJ,0.2465,0.0485,0.2109,-0.1138
2025-09-01,GDXJ,0.2371,0.0485,0.2109,-0.1138
2025-10-01,GDXJ,-0.0541,0.0485,0.2109,-0.1138
2025-11-01,GDXJ,0.1666,0.0485,0.2109,-0.1138
2025-12-01,GDXJ,0.0412,0.0485,0.2109,-0.1138
2026-01-01,GDXJ,0.0906,0.0485,0.2109,-0.1138
2026-02-01,GDXJ,0.2587,0.0485,0.2109,-0.1138
2026-03-01,GDXJ,-0.2314,0.0485,0.2109,-0.1138
2026-04-01,GDXJ,-0.0308,0.0485,0.2109,-0.1138
2026-05-01,GDXJ,0.0254,0.0485,0.2109,-0.1138
2026-06-01,GDXJ,-0.1764,0.0485,0.2109,-0.1138
2026-07-01,GDXJ,-0.0291,0.0485,0.2109,-0.1138
2026-08-01,GDXJ,0.3411,0.0485,0.2109,-0.1138
2026-09-01,GDXJ,-0.0533,0.0485,0.2109,-0.1138
2025-07-01,GE,0.0532,0.0185,0.099,-0.062
2025-08-01,GE,0.0152,0.0185,0.099,-0.062
2025-09-01,GE,0.0931,0.0185,0.099,-0.062
2025-10-01,GE,0.027,0.0185,0.099,-0.062
2025-11-01,GE,-0.034,0.0185,0.099,-0.062
2025-12-01,GE,0.0321,0.0185,0.099,-0.062
2026-01-01,GE,-0.004,0.0185,0.099,-0.062
2026-02-01,GE,0.1156,0.0185,0.099,-0.062
2026-03-01,GE,-0.1709,0.0185,0.099,-0.062
2026-04-01,GE,0.0217,0.0185,0.099,-0.062
2026-05-01,GE,0.1167,0.0185,0.099,-0.062
2026-06-01,GE,0.1543,0.0185,0.099,-0.062
2026-07-01,GE,-0.0366,0.0185,0.099,-0.062
2026-08-01,GE,-0.0677,0.0185,0.099,-0.062
2026-09-01,GE,-0.0257,0.0185,0.099,-0.062
2025-07-01,GEHC,-0.0371,-0.0053,0.0635,-0.0742
2025-08-01,GEHC,0.0338,-0.0053,0.0635,-0.0742
2025-09-01,GEHC,0.0186,-0.0053,0.0635,-0.0742
2025-10-01,GEHC,-0.002,-0.0053,0.0635,-0.0742
2025-11-01,GEHC,0.0672,-0.0053,0.0635,-0.0742
2025-12-01,GEHC,0.0254,-0.0053,0.0635,-0.0742
2026-01-01,GEHC,-0.0372,-0.0053,0.0635,-0.0742
2026-02-01,GEHC,0.0671,-0.0053,0.0635,-0.0742
2026-03-01,GEHC,-0.1553,-0.0053,0.0635,-0.0742
2026-04-01,GEHC,-0.1453,-0.0053,0.0635,-0.0742
2026-05-01,GEHC,0.0247,-0.0053,0.0635,-0.0742
2026-06-01,GEHC,0.0268,-0.0053,0.0635,-0.0742
2026-07-01,GEHC,0.0626,-0.0053,0.0635,-0.0742
2026-08-01,GEHC,0.0472,-0.0053,0.0635,-0.0742
2026-09-01,GEHC,-0.0646,-0.0053,0.0635,-0.0742
2025-07-01,GEN,0.0031,-0.0096,0.1265,-0.1457
2025-08-01,GEN,0.0241,-0.0096,0.1265,-0.1457
2025-09-01,GEN,-0.0599,-0.0096,0.1265,-0.1457
2025-10-01,GEN,-0.0715,-0.0096,0.1265,-0.1457
2025-11-01,GEN,0.0004,-0.0096,0.1265,-0.1457
2025-12-01,GEN,0.0311,-0.0096,0.1265,-0.1457
2026-01-01,GEN,-0.1177,-0.0096,0.1265,-0.1457
2026-02-01,GEN,-0.0592,-0.0096,0.1265,-0.1457
2026-03-01,GEN,-0.1657,-0.0096,0.1265,-0.1457
2026-04-01,GEN,0.0244,-0.0096,0.1265,-0.1457
2026-05-01,GEN,0.337,-0.0096,0.1265,-0.1457
2026-06-01,GEN,-0.0349,-0.0096,0.1265,-0.1457
2026-07-01,GEN,0.1029,-0.0096,0.1265,-0.1457
2026-08-01,GEN,0.1293,-0.0096,0.1265,-0.1457
2026-09-01,GEN,-0.3026,-0.0096,0.1265,-0.1457
2025-07-01,GEOS,0.1367,-0.0212,0.2309,-0.2733
2025-08-01,GEOS,0.2227,-0.0212,0.2309,-0.2733
2025-09-01,GEOS,-0.0434,-0.0212,0.2309,-0.2733
2025-10-01,GEOS,0.3365,-0.0212,0.2309,-0.2733
2025-11-01,GEOS,-0.4803,-0.0212,0.2309,-0.2733
2025-12-01,GEOS,0.284,-0.0212,0.2309,-0.2733
2026-01-01,GEOS,-0.0857,-0.0212,0.2309,-0.2733
2026-02-01,GEOS,-0.4069,-0.0212,0.2309,-0.2733
2026-03-01,GEOS,0.3304,-0.0212,0.2309,-0.2733
2026-04-01,GEOS,-0.25,-0.0212,0.2309,-0.2733
2026-05-01,GEOS,-0.0929,-0.0212,0.2309,-0.2733
2026-06-01,GEOS,-0.1843,-0.0212,0.2309,-0.2733
2026-07-01,GEOS,0.0798,-0.0212,0.2309,-0.2733
2026-08-01,GEOS,-0.2791,-0.0212,0.2309,-0.2733
2026-09-01,GEOS,-0.0531,-0.0212,0.2309,-0.2733
2025-07-01,GEV,0.2478,0.0469,0.1766,-0.0829
2025-08-01,GEV,-0.0717,0.0469,0.1766,-0.0829
2025-09-01,GEV,0.0031,0.0469,0.1766,-0.0829
2025-10-01,GEV,-0.0484,0.0469,0.1766,-0.0829
2025-11-01,GEV,0.025,0.0469,0.1766,-0.0829
2025-12-01,GEV,0.0897,0.0469,0.1766,-0.0829
2026-01-01,GEV,0.1114,0.0469,0.1766,-0.0829
2026-02-01,GEV,0.2027,0.0469,0.1766,-0.0829
2026-03-01,GEV,-0.0008,0.0469,0.1766,-0.0829
2026-04-01,GEV,0.2412,0.0469,0.1766,-0.0829
2026-05-01,GEV,-0.1063,0.0469,0.1766,-0.0829
2026-06-01,GEV,0.2133,0.0469,0.1766,-0.0829
2026-07-01,GEV,-0.1571,0.0469,0.1766,-0.0829
2026-08-01,GEV,-0.0927,0.0469,0.1766,-0.0829
2026-09-01,GEV,0.0658,0.0469,0.1766,-0.0829
2025-07-01,GGB,0.0137,0.0408,0.15,-0.0684
2025-08-01,GGB,0.0405,0.0408,0.15,-0.0684
2025-09-01,GGB,0.0065,0.0408,0.15,-0.0684
2025-10-01,GGB,0.1258,0.0408,0.15,-0.0684
2025-11-01,GGB,0.0315,0.0408,0.15,-0.0684
2025-12-01,GGB,0.025,0.0408,0.15,-0.0684
2026-01-01,GGB,0.1572,0.0408,0.15,-0.0684
2026-02-01,GGB,-0.0539,0.0408,0.15,-0.0684
2026-03-01,GGB,-0.1064,0.0408,0.15,-0.0684
2026-04-01,GGB,0.2659,0.0408,0.15,-0.0684
2026-05-01,GGB,-0.0153,0.0408,0.15,-0.0684
2026-06-01,GGB,-0.1022,0.0408,0.15,-0.0684
2026-07-01,GGB,0.2277,0.0408,0.15,-0.0684
2026-08-01,GGB,-0.0706,0.0408,0.15,-0.0684
2026-09-01,GGB,0.0521,0.0408,0.15,-0.0684
2025-07-01,GILD,0.0128,0.0217,0.0845,-0.041
2025-08-01,GILD,0.0061,0.0217,0.0845,-0.041
2025-09-01,GILD,-0.0174,0.0217,0.0845,-0.041
2025-10-01,GILD,0.0792,0.0217,0.0845,-0.041
2025-11-01,GILD,0.0505,0.0217,0.0845,-0.041
2025-12-01,GILD,-0.0246,0.0217,0.0845,-0.041
2026-01-01,GILD,0.1565,0.0217,0.0845,-0.041
2026-02-01,GILD,0.0493,0.0217,0.0845,-0.041
2026-03-01,GILD,-0.0643,0.0217,0.0845,-0.041
2026-04-01,GILD,-0.0612,0.0217,0.0845,-0.041
2026-05-01,GILD,0.0274,0.0217,0.0845,-0.041
2026-06-01,GILD,-0.0602,0.0217,0.0845,-0.041
2026-07-01,GILD,0.0306,0.0217,0.0845,-0.041
2026-08-01,GILD,0.1239,0.0217,0.0845,-0.041
2026-09-01,GILD,0.0314,0.0217,0.0845,-0.041
2025-07-01,GIS,-0.0546,-0.0251,0.0546,-0.1047
2025-08-01,GIS,0.0071,-0.0251,0.0546,-0.1047
2025-09-01,GIS,0.0221,-0.0251,0.0546,-0.1047
2025-10-01,GIS,-0.0756,-0.0251,0.0546,-0.1047
2025-11-01,GIS,0.0159,-0.0251,0.0546,-0.1047
2025-12-01,GIS,-0.018,-0.0251,0.0546,-0.1047
2026-01-01,GIS,-0.0052,-0.0251,0.0546,-0.1047
2026-02-01,GIS,-0.0223,-0.0251,0.0546,-0.1047
2026-03-01,GIS,-0.1771,-0.0251,0.0546,-0.1047
2026-04-01,GIS,-0.0513,-0.0251,0.0546,-0.1047
2026-05-01,GIS,-0.0425,-0.0251,0.0546,-0.1047
2026-06-01,GIS,0.0293,-0.0251,0.0546,-0.1047
2026-07-01,GIS,0.0273,-0.0251,0.0546,-0.1047
2026-08-01,GIS,0.1524,-0.0251,0.0546,-0.1047
2026-09-01,GIS,-0.1835,-0.0251,0.0546,-0.1047
2025-07-01,GL,0.1302,0.0219,0.0889,-0.0451
2025-08-01,GL,-0.0037,0.0219,0.0889,-0.0451
2025-09-01,GL,0.0216,0.0219,0.0889,-0.0451
2025-10-01,GL,-0.0802,0.0219,0.0889,-0.0451
2025-11-01,GL,0.0245,0.0219,0.0889,-0.0451
2025-12-01,GL,0.0381,0.0219,0.0889,-0.0451
2026-01-01,GL,0.0026,0.0219,0.0889,-0.0451
2026-02-01,GL,0.0359,0.0219,0.0889,-0.0451
2026-03-01,GL,-0.0419,0.0219,0.0889,-0.0451
2026-04-01,GL,0.1087,0.0219,0.0889,-0.0451
2026-05-01,GL,-0.0069,0.0219,0.0889,-0.0451
2026-06-01,GL,0.166,0.0219,0.0889,-0.0451
2026-07-01,GL,0.02,0.0219,0.0889,-0.0451
2026-08-01,GL,-0.0526,0.0219,0.0889,-0.0451
2026-09-01,GL,-0.0326,0.0219,0.0889,-0.0451
2025-07-01,GLATF,-0.0217,-0.0113,0.1917,-0.2143
2025-08-01,GLATF,-0.0889,-0.0113,0.1917,-0.2143
2025-09-01,GLATF,0.3171,-0.0113,0.1917,-0.2143
2025-10-01,GLATF,-0.3333,-0.0113,0.1917,-0.2143
2025-11-01,GLATF,0.0278,-0.0113,0.1917,-0.2143
2025-12-01,GLATF,0.4595,-0.0113,0.1917,-0.2143
2026-01-01,GLATF,0.0741,-0.0113,0.1917,-0.2143
2026-02-01,GLATF,0.0862,-0.0113,0.1917,-0.2143
2026-03-01,GLATF,-0.0952,-0.0113,0.1917,-0.2143
2026-05-01,GLATF,-0.0526,-0.0113,0.1917,-0.2143
2026-06-01,GLATF,-0.1852,-0.0113,0.1917,-0.2143
2026-07-01,GLATF,-0.1364,-0.0113,0.1917,-0.2143
2026-08-01,GLATF,0.0789,-0.0113,0.1917,-0.2143
2026-09-01,GLATF,-0.2927,-0.0113,0.1917,-0.2143
2025-07-01,GLD,-0.0061,0.0188,0.0898,-0.0522
2025-08-01,GLD,0.0499,0.0188,0.0898,-0.0522
2025-09-01,GLD,0.1176,0.0188,0.0898,-0.0522
2025-10-01,GLD,0.0356,0.0188,0.0898,-0.0522
2025-11-01,GLD,0.0537,0.0188,0.0898,-0.0522
2025-12-01,GLD,0.0217,0.0188,0.0898,-0.0522
2026-01-01,GLD,0.1227,0.0188,0.0898,-0.0522
2026-02-01,GLD,0.0872,0.0188,0.0898,-0.0522
2026-03-01,GLD,-0.1105,0.0188,0.0898,-0.0522
2026-04-01,GLD,-0.0154,0.0188,0.0898,-0.0522
2026-05-01,GLD,-0.0154,0.0188,0.0898,-0.0522
2026-06-01,GLD,-0.1168,0.0188,0.0898,-0.0522
2026-07-01,GLD,0.0086,0.0188,0.0898,-0.0522
2026-08-01,GLD,0.0993,0.0188,0.0898,-0.0522
2026-09-01,GLD,-0.0368,0.0188,0.0898,-0.0522
2025-07-01,GLW,0.2025,0.0956,0.3051,-0.1138
2025-08-01,GLW,0.0599,0.0956,0.3051,-0.1138
2025-09-01,GLW,0.2238,0.0956,0.3051,-0.1138
2025-10-01,GLW,0.0859,0.0956,0.3051,-0.1138
2025-11-01,GLW,-0.0548,0.0956,0.3051,-0.1138
2025-12-01,GLW,0.0399,0.0956,0.3051,-0.1138
2026-01-01,GLW,0.1792,0.0956,0.3051,-0.1138
2026-02-01,GLW,0.4565,0.0956,0.3051,-0.1138
2026-03-01,GLW,-0.0958,0.0956,0.3051,-0.1138
2026-04-01,GLW,0.2079,0.0956,0.3051,-0.1138
2026-05-01,GLW,0.103,0.0956,0.3051,-0.1138
2026-06-01,GLW,0.41,0.0956,0.3051,-0.1138
2026-07-01,GLW,-0.4588,0.0956,0.3051,-0.1138
2026-08-01,GLW,0.0758,0.0956,0.3051,-0.1138
2026-09-01,GLW,0.0539,0.0956,0.3051,-0.1138
2025-07-01,GM,0.0839,0.0396,0.112,-0.0328
2025-08-01,GM,0.0984,0.0396,0.112,-0.0328
2025-09-01,GM,0.0406,0.0396,0.112,-0.0328
2025-10-01,GM,0.1332,0.0396,0.112,-0.0328
2025-11-01,GM,0.0641,0.0396,0.112,-0.0328
2025-12-01,GM,0.1061,0.0396,0.112,-0.0328
2026-01-01,GM,0.033,0.0396,0.112,-0.0328
2026-02-01,GM,-0.063,0.0396,0.112,-0.0328
2026-03-01,GM,-0.0535,0.0396,0.112,-0.0328
2026-04-01,GM,0.0321,0.0396,0.112,-0.0328
2026-05-01,GM,0.0826,0.0396,0.112,-0.0328
2026-06-01,GM,-0.074,0.0396,0.112,-0.0328
2026-07-01,GM,0.1528,0.0396,0.112,-0.0328
2026-08-01,GM,-0.0286,0.0396,0.112,-0.0328
2026-09-01,GM,-0.0427,0.0396,0.112,-0.0328
2025-07-01,GNK,0.2188,0.0483,0.1242,-0.0276
2025-08-01,GNK,0.0571,0.0483,0.1242,-0.0276
2025-09-01,GNK,0.057,0.0483,0.1242,-0.0276
2025-10-01,GNK,-0.0427,0.0483,0.1242,-0.0276
2025-11-01,GNK,0.1103,0.0483,0.1242,-0.0276
2025-12-01,GNK,-0.0259,0.0483,0.1242,-0.0276
2026-01-01,GNK,0.134,0.0483,0.1242,-0.0276
2026-02-01,GNK,0.1507,0.0483,0.1242,-0.0276
2026-03-01,GNK,-0.0624,0.0483,0.1242,-0.0276
2026-04-01,GNK,0.0749,0.0483,0.1242,-0.0276
2026-05-01,GNK,-0.0074,0.0483,0.1242,-0.0276
2026-06-01,GNK,0.0299,0.0483,0.1242,-0.0276
2026-07-01,GNK,0.0307,0.0483,0.1242,-0.0276
2026-08-01,GNK,0.027,0.0483,0.1242,-0.0276
2026-09-01,GNK,-0.0053,0.0483,0.1242,-0.0276
2025-07-01,GNRC,0.3595,0.0397,0.2341,-0.1548
2025-08-01,GNRC,-0.0485,0.0397,0.2341,-0.1548
2025-09-01,GNRC,-0.0964,0.0397,0.2341,-0.1548
2025-10-01,GNRC,0.0037,0.0397,0.2341,-0.1548
2025-11-01,GNRC,-0.0975,0.0397,0.2341,-0.1548
2025-12-01,GNRC,-0.1006,0.0397,0.2341,-0.1548
2026-01-01,GNRC,0.2322,0.0397,0.2341,-0.1548
2026-02-01,GNRC,0.3412,0.0397,0.2341,-0.1548
2026-03-01,GNRC,-0.1333,0.0397,0.2341,-0.1548
2026-04-01,GNRC,0.3271,0.0397,0.2341,-0.1548
2026-05-01,GNRC,0.0721,0.0397,0.2341,-0.1548
2026-06-01,GNRC,0.0536,0.0397,0.2341,-0.1548
2026-07-01,GNRC,-0.3268,0.0397,0.2341,-0.1548
2026-08-01,GNRC,-0.0595,0.0397,0.2341,-0.1548
2026-09-01,GNRC,0.1228,0.0397,0.2341,-0.1548
2025-07-01,GOOGL,0.0889,0.0517,0.1629,-0.0595
2025-08-01,GOOGL,0.1095,0.0517,0.1629,-0.0595
2025-09-01,GOOGL,0.1418,0.0517,0.1629,-0.0595
2025-10-01,GOOGL,0.1567,0.0517,0.1629,-0.0595
2025-11-01,GOOGL,0.1387,0.0517,0.1629,-0.0595
2025-12-01,GOOGL,-0.0224,0.0517,0.1629,-0.0595
2026-01-01,GOOGL,0.0799,0.0517,0.1629,-0.0595
2026-02-01,GOOGL,-0.0776,0.0517,0.1629,-0.0595
2026-03-01,GOOGL,-0.0776,0.0517,0.1629,-0.0595
2026-04-01,GOOGL,0.3382,0.0517,0.1629,-0.0595
2026-05-01,GOOGL,-0.0116,0.0517,0.1629,-0.0595
2026-06-01,GOOGL,-0.0604,0.0517,0.1629,-0.0595
2026-07-01,GOOGL,-0.0035,0.0517,0.1629,-0.0595
2026-08-01,GOOGL,-0.0471,0.0517,0.1629,-0.0595
2026-09-01,GOOGL,0.0135,0.0517,0.1629,-0.0595
2025-07-01,GPC,0.0624,0.0089,0.101,-0.0833
2025-08-01,GPC,0.0811,0.0089,0.101,-0.0833
2025-09-01,GPC,-0.0052,0.0089,0.101,-0.0833
2025-10-01,GPC,-0.0815,0.0089,0.101,-0.0833
2025-11-01,GPC,0.0243,0.0089,0.101,-0.0833
2025-12-01,GPC,-0.0571,0.0089,0.101,-0.0833
2026-01-01,GPC,0.1304,0.0089,0.101,-0.0833
2026-02-01,GPC,-0.142,0.0089,0.101,-0.0833
2026-03-01,GPC,-0.1133,0.0089,0.101,-0.0833
2026-04-01,GPC,0.014,0.0089,0.101,-0.0833
2026-05-01,GPC,-0.0795,0.0089,0.101,-0.0833
2026-06-01,GPC,0.1953,0.0089,0.101,-0.0833
2026-07-01,GPC,0.0542,0.0089,0.101,-0.0833
2026-08-01,GPC,0.0909,0.0089,0.101,-0.0833
2026-09-01,GPC,-0.0447,0.0089,0.101,-0.0833
2025-07-01,GPN,-0.0011,0.008,0.0856,-0.0695
2025-08-01,GPN,0.1109,0.008,0.0856,-0.0695
2025-09-01,GPN,-0.0646,0.008,0.0856,-0.0695
2025-10-01,GPN,-0.064,0.008,0.0856,-0.0695
2025-11-01,GPN,-0.0257,0.008,0.0856,-0.0695
2025-12-01,GPN,0.0216,0.008,0.0856,-0.0695
2026-01-01,GPN,-0.0731,0.008,0.0856,-0.0695
2026-02-01,GPN,0.0658,0.008,0.0856,-0.0695
2026-03-01,GPN,-0.1198,0.008,0.0856,-0.0695
2026-04-01,GPN,0.0692,0.008,0.0856,-0.0695
2026-05-01,GPN,0.0493,0.008,0.0856,-0.0695
2026-06-01,GPN,-0.0391,0.008,0.0856,-0.0695
2026-07-01,GPN,0.1588,0.008,0.0856,-0.0695
2026-08-01,GPN,0.0829,0.008,0.0856,-0.0695
2026-09-01,GPN,-0.0501,0.008,0.0856,-0.0695
2025-07-01,GREK,0.0426,0.0264,0.0803,-0.0275
2025-08-01,GREK,0.0426,0.0264,0.0803,-0.0275
2025-09-01,GREK,0.0208,0.0264,0.0803,-0.0275
2025-10-01,GREK,-0.0339,0.0264,0.0803,-0.0275
2025-11-01,GREK,0.0498,0.0264,0.0803,-0.0275
2025-12-01,GREK,0.009,0.0264,0.0803,-0.0275
2026-01-01,GREK,0.119,0.0264,0.0803,-0.0275
2026-02-01,GREK,-0.0416,0.0264,0.0803,-0.0275
2026-03-01,GREK,-0.0964,0.0264,0.0803,-0.0275
2026-04-01,GREK,0.0952,0.0264,0.0803,-0.0275
2026-05-01,GREK,0.063,0.0264,0.0803,-0.0275
2026-06-01,GREK,0.0153,0.0264,0.0803,-0.0275
2026-07-01,GREK,0.0624,0.0264,0.0803,-0.0275
2026-08-01,GREK,0.0621,0.0264,0.0803,-0.0275
2026-09-01,GREK,-0.0046,0.0264,0.0803,-0.0275
2025-07-01,GRMN,0.0481,0.0275,0.1338,-0.0788
2025-08-01,GRMN,0.1054,0.0275,0.1338,-0.0788
2025-09-01,GRMN,0.0182,0.0275,0.1338,-0.0788
2025-10-01,GRMN,-0.1311,0.0275,0.1338,-0.0788
2025-11-01,GRMN,-0.087,0.0275,0.1338,-0.0788
2025-12-01,GRMN,0.0386,0.0275,0.1338,-0.0788
2026-01-01,GRMN,-0.006,0.0275,0.1338,-0.0788
2026-02-01,GRMN,0.2539,0.0275,0.1338,-0.0788
2026-03-01,GRMN,-0.0823,0.0275,0.1338,-0.0788
2026-04-01,GRMN,0.0825,0.0275,0.1338,-0.0788
2026-05-01,GRMN,-0.0686,0.0275,0.1338,-0.0788
2026-06-01,GRMN,0.0155,0.0275,0.1338,-0.0788
2026-07-01,GRMN,0.2368,0.0275,0.1338,-0.0788
2026-08-01,GRMN,-0.0329,0.0275,0.1338,-0.0788
2026-09-01,GRMN,0.0353,0.0275,0.1338,-0.0788
2025-07-01,GS,0.0224,0.0208,0.0749,-0.0333
2025-08-01,GS,0.0299,0.0208,0.0749,-0.0333
2025-09-01,GS,0.0686,0.0208,0.0749,-0.0333
2025-10-01,GS,-0.0088,0.0208,0.0749,-0.0333
2025-11-01,GS,0.0465,0.0208,0.0749,-0.0333
2025-12-01,GS,0.0641,0.0208,0.0749,-0.0333
2026-01-01,GS,0.0642,0.0208,0.0749,-0.0333
2026-02-01,GS,-0.0811,0.0208,0.0749,-0.0333
2026-03-01,GS,-0.0158,0.0208,0.0749,-0.0333
2026-04-01,GS,0.0919,0.0208,0.0749,-0.0333
2026-05-01,GS,0.1102,0.0208,0.0749,-0.0333
2026-06-01,GS,-0.0138,0.0208,0.0749,-0.0333
2026-07-01,GS,0.0069,0.0208,0.0749,-0.0333
2026-08-01,GS,0.0074,0.0208,0.0749,-0.0333
2026-09-01,GS,-0.0882,0.0208,0.0749,-0.0333
2025-07-01,GWW,-0.0007,0.0134,0.0663,-0.0394
2025-08-01,GWW,-0.0251,0.0134,0.0663,-0.0394
2025-09-01,GWW,-0.0597,0.0134,0.0663,-0.0394
2025-10-01,GWW,0.0273,0.0134,0.0663,-0.0394
2025-11-01,GWW,-0.031,0.0134,0.0663,-0.0394
2025-12-01,GWW,0.0637,0.0134,0.0663,-0.0394
2026-01-01,GWW,0.0703,0.0134,0.0663,-0.0394
2026-02-01,GWW,0.06,0.0134,0.0663,-0.0394
2026-03-01,GWW,-0.0471,0.0134,0.0663,-0.0394
2026-04-01,GWW,0.0647,0.0134,0.0663,-0.0394
2026-05-01,GWW,0.0628,0.0134,0.0663,-0.0394
2026-06-01,GWW,0.1022,0.0134,0.0663,-0.0394
2026-07-01,GWW,0.016,0.0134,0.0663,-0.0394
2026-08-01,GWW,-0.0526,0.0134,0.0663,-0.0394
2026-09-01,GWW,-0.0507,0.0134,0.0663,-0.0394
2025-07-01,HAL,0.0991,0.0378,0.1279,-0.0523
2025-08-01,HAL,0.0147,0.0378,0.1279,-0.0523
2025-09-01,HAL,0.0823,0.0378,0.1279,-0.0523
2025-10-01,HAL,0.0911,0.0378,0.1279,-0.0523
2025-11-01,HAL,-0.0231,0.0378,0.1279,-0.0523
2025-12-01,HAL,0.0778,0.0378,0.1279,-0.0523
2026-01-01,HAL,0.1861,0.0378,0.1279,-0.0523
2026-02-01,HAL,0.074,0.0378,0.1279,-0.0523
2026-03-01,HAL,0.0831,0.0378,0.1279,-0.0523
2026-04-01,HAL,0.0849,0.0378,0.1279,-0.0523
2026-05-01,HAL,-0.0816,0.0378,0.1279,-0.0523
2026-06-01,HAL,-0.1261,0.0378,0.1279,-0.0523
2026-07-01,HAL,-0.0501,0.0378,0.1279,-0.0523
2026-08-01,HAL,0.1426,0.0378,0.1279,-0.0523
2026-09-01,HAL,-0.111,0.0378,0.1279,-0.0523
2025-07-01,HAS,0.0182,0.0139,0.0841,-0.0563
2025-08-01,HAS,0.08,0.0139,0.0841,-0.0563
2025-09-01,HAS,-0.0655,0.0139,0.0841,-0.0563
2025-10-01,HAS,0.0061,0.0139,0.0841,-0.0563
2025-11-01,HAS,0.0824,0.0139,0.0841,-0.0563
2025-12-01,HAS,-0.0073,0.0139,0.0841,-0.0563
2026-01-01,HAS,0.0891,0.0139,0.0841,-0.0563
2026-02-01,HAS,0.1151,0.0139,0.0841,-0.0563
2026-03-01,HAS,-0.0601,0.0139,0.0841,-0.0563
2026-04-01,HAS,0.0239,0.0139,0.0841,-0.0563
2026-05-01,HAS,-0.1009,0.0139,0.0841,-0.0563
2026-06-01,HAS,-0.0415,0.0139,0.0841,-0.0563
2026-07-01,HAS,0.1374,0.0139,0.0841,-0.0563
2026-08-01,HAS,0.0017,0.0139,0.0841,-0.0563
2026-09-01,HAS,-0.0639,0.0139,0.0841,-0.0563
2025-07-01,HBAN,-0.0197,-0.0034,0.0558,-0.0627
2025-08-01,HBAN,0.084,-0.0034,0.0558,-0.0627
2025-09-01,HBAN,-0.0303,-0.0034,0.0558,-0.0627
2025-10-01,HBAN,-0.106,-0.0034,0.0558,-0.0627
2025-11-01,HBAN,0.0557,-0.0034,0.0558,-0.0627
2025-12-01,HBAN,0.0644,-0.0034,0.0558,-0.0627
2026-01-01,HBAN,0.0075,-0.0034,0.0558,-0.0627
2026-02-01,HBAN,-0.0389,-0.0034,0.0558,-0.0627
2026-03-01,HBAN,-0.0685,-0.0034,0.0558,-0.0627
2026-04-01,HBAN,0.0709,-0.0034,0.0558,-0.0627
2026-05-01,HBAN,-0.0239,-0.0034,0.0558,-0.0627
2026-06-01,HBAN,0.0837,-0.0034,0.0558,-0.0627
2026-07-01,HBAN,-0.0389,-0.0034,0.0558,-0.0627
2026-08-01,HBAN,-0.0205,-0.0034,0.0558,-0.0627
2026-09-01,HBAN,-0.0629,-0.0034,0.0558,-0.0627
2025-07-01,HCA,-0.076,0.0105,0.0923,-0.0712
2025-08-01,HCA,0.1412,0.0105,0.0923,-0.0712
2025-09-01,HCA,0.0551,0.0105,0.0923,-0.0712
2025-10-01,HCA,0.0786,0.0105,0.0923,-0.0712
2025-11-01,HCA,0.1057,0.0105,0.0923,-0.0712
2025-12-01,HCA,-0.0815,0.0105,0.0923,-0.0712
2026-01-01,HCA,0.0459,0.0105,0.0923,-0.0712
2026-02-01,HCA,0.0849,0.0105,0.0923,-0.0712
2026-03-01,HCA,-0.1066,0.0105,0.0923,-0.0712
2026-04-01,HCA,-0.082,0.0105,0.0923,-0.0712
2026-05-01,HCA,-0.1287,0.0105,0.0923,-0.0712
2026-06-01,HCA,0.03,0.0105,0.0923,-0.0712
2026-07-01,HCA,0.0326,0.0105,0.0923,-0.0712
2026-08-01,HCA,0.0295,0.0105,0.0923,-0.0712
2026-09-01,HCA,0.0511,0.0105,0.0923,-0.0712
2025-07-01,HD,0.0024,-0.0128,0.0572,-0.0827
2025-08-01,HD,0.1068,-0.0128,0.0572,-0.0827
2025-09-01,HD,-0.0039,-0.0128,0.0572,-0.0827
2025-10-01,HD,-0.0632,-0.0128,0.0572,-0.0827
2025-11-01,HD,-0.0597,-0.0128,0.0572,-0.0827
2025-12-01,HD,-0.0359,-0.0128,0.0572,-0.0827
2026-01-01,HD,0.0886,-0.0128,0.0572,-0.0827
2026-02-01,HD,0.0164,-0.0128,0.0572,-0.0827
2026-03-01,HD,-0.1361,-0.0128,0.0572,-0.0827
2026-04-01,HD,-0.0003,-0.0128,0.0572,-0.0827
2026-05-01,HD,-0.0355,-0.0128,0.0572,-0.0827
2026-06-01,HD,0.1121,-0.0128,0.0572,-0.0827
2026-07-01,HD,-0.0588,-0.0128,0.0572,-0.0827
2026-08-01,HD,-0.0124,-0.0128,0.0572,-0.0827
2026-09-01,HD,-0.1056,-0.0128,0.0572,-0.0827
2025-07-01,HIG,-0.0195,-0.0003,0.0544,-0.055
2025-08-01,HIG,0.0637,-0.0003,0.0544,-0.055
2025-09-01,HIG,0.0082,-0.0003,0.0544,-0.055
2025-10-01,HIG,-0.069,-0.0003,0.0544,-0.055
2025-11-01,HIG,0.1035,-0.0003,0.0544,-0.055
2025-12-01,HIG,0.0056,-0.0003,0.0544,-0.055
2026-01-01,HIG,-0.0199,-0.0003,0.0544,-0.055
2026-02-01,HIG,0.0427,-0.0003,0.0544,-0.055
2026-03-01,HIG,-0.0398,-0.0003,0.0544,-0.055
2026-04-01,HIG,0.0117,-0.0003,0.0544,-0.055
2026-05-01,HIG,-0.0708,-0.0003,0.0544,-0.055
2026-06-01,HIG,0.0424,-0.0003,0.0544,-0.055
2026-07-01,HIG,0.0709,-0.0003,0.0544,-0.055
2026-08-01,HIG,-0.0319,-0.0003,0.0544,-0.055
2026-09-01,HIG,-0.0957,-0.0003,0.0544,-0.055
2025-07-01,HII,0.1549,0.0146,0.1335,-0.1042
2025-08-01,HII,-0.0289,0.0146,0.1335,-0.1042
2025-09-01,HII,0.0632,0.0146,0.1335,-0.1042
2025-10-01,HII,0.1185,0.0146,0.1335,-0.1042
2025-11-01,HII,-0.0261,0.0146,0.1335,-0.1042
2025-12-01,HII,0.0843,0.0146,0.1335,-0.1042
2026-01-01,HII,0.2365,0.0146,0.1335,-0.1042
2026-02-01,HII,0.0571,0.0146,0.1335,-0.1042
2026-03-01,HII,-0.1454,0.0146,0.1335,-0.1042
2026-04-01,HII,-0.0411,0.0146,0.1335,-0.1042
2026-05-01,HII,-0.1541,0.0146,0.1335,-0.1042
2026-06-01,HII,-0.0918,0.0146,0.1335,-0.1042
2026-07-01,HII,0.1664,0.0146,0.1335,-0.1042
2026-08-01,HII,-0.108,0.0146,0.1335,-0.1042
2026-09-01,HII,-0.0933,0.0146,0.1335,-0.1042
2025-07-01,HLT,0.0065,0.0106,0.0503,-0.0291
2025-08-01,HLT,0.0298,0.0106,0.0503,-0.0291
2025-09-01,HLT,-0.0602,0.0106,0.0503,-0.0291
2025-10-01,HLT,-0.0096,0.0106,0.0503,-0.0291
2025-11-01,HLT,0.1092,0.0106,0.0503,-0.0291
2025-12-01,HLT,0.0078,0.0106,0.0503,-0.0291
2026-01-01,HLT,0.0392,0.0106,0.0503,-0.0291
2026-02-01,HLT,0.0445,0.0106,0.0503,-0.0291
2026-03-01,HLT,-0.0247,0.0106,0.0503,-0.0291
2026-04-01,HLT,0.0657,0.0106,0.0503,-0.0291
2026-05-01,HLT,0.0111,0.0106,0.0503,-0.0291
2026-06-01,HLT,0.0085,0.0106,0.0503,-0.0291
2026-07-01,HLT,-0.0302,0.0106,0.0503,-0.0291
2026-08-01,HLT,-0.0131,0.0106,0.0503,-0.0291
2026-09-01,HLT,-0.0073,0.0106,0.0503,-0.0291
2025-07-01,HLX,-0.0497,0.0246,0.133,-0.0838
2025-08-01,HLX,0.1113,0.0246,0.133,-0.0838
2025-09-01,HLX,-0.0046,0.0246,0.133,-0.0838
2025-10-01,HLX,0.0244,0.0246,0.133,-0.0838
2025-11-01,HLX,-0.0089,0.0246,0.133,-0.0838
2025-12-01,HLX,-0.0586,0.0246,0.133,-0.0838
2026-01-01,HLX,0.2663,0.0246,0.133,-0.0838
2026-02-01,HLX,0.1574,0.0246,0.133,-0.0838
2026-03-01,HLX,0.0762,0.0246,0.133,-0.0838
2026-04-01,HLX,0.0465,0.0246,0.133,-0.0838
2026-05-01,HLX,-0.0966,0.0246,0.133,-0.0838
2026-06-01,HLX,-0.0652,0.0246,0.133,-0.0838
2026-07-01,HLX,0.0881,0.0246,0.133,-0.0838
2026-08-01,HLX,0.0831,0.0246,0.133,-0.0838
2026-09-01,HLX,-0.2049,0.0246,0.133,-0.0838
2025-07-01,HON,-0.0452,-0.0004,0.0742,-0.075
2025-08-01,HON,-0.0128,-0.0004,0.0742,-0.075
2025-09-01,HON,-0.041,-0.0004,0.0742,-0.075
2025-10-01,HON,0.0148,-0.0004,0.0742,-0.075
2025-11-01,HON,-0.0454,-0.0004,0.0742,-0.075
2025-12-01,HON,0.0151,-0.0004,0.0742,-0.075
2026-01-01,HON,0.1662,-0.0004,0.0742,-0.075
2026-02-01,HON,0.0706,-0.0004,0.0742,-0.075
2026-03-01,HON,-0.0721,-0.0004,0.0742,-0.075
2026-04-01,HON,-0.0518,-0.0004,0.0742,-0.075
2026-05-01,HON,0.1098,-0.0004,0.0742,-0.075
2026-06-01,HON,-0.0587,-0.0004,0.0742,-0.075
2026-07-01,HON,0.0855,-0.0004,0.0742,-0.075
2026-08-01,HON,-0.1215,-0.0004,0.0742,-0.075
2026-09-01,HON,-0.0046,-0.0004,0.0742,-0.075
2025-07-01,HOOD,0.1006,0.0301,0.1966,-0.1363
2025-08-01,HOOD,0.0095,0.0301,0.1966,-0.1363
2025-09-01,HOOD,0.3763,0.0301,0.1966,-0.1363
2025-10-01,HOOD,0.0251,0.0301,0.1966,-0.1363
2025-11-01,HOOD,-0.1246,0.0301,0.1966,-0.1363
2025-12-01,HOOD,-0.1198,0.0301,0.1966,-0.1363
2026-01-01,HOOD,-0.1204,0.0301,0.1966,-0.1363
2026-02-01,HOOD,-0.2375,0.0301,0.1966,-0.1363
2026-03-01,HOOD,-0.0864,0.0301,0.1966,-0.1363
2026-04-01,HOOD,0.0518,0.0301,0.1966,-0.1363
2026-05-01,HOOD,0.2937,0.0301,0.1966,-0.1363
2026-06-01,HOOD,0.0634,0.0301,0.1966,-0.1363
2026-07-01,HOOD,-0.1368,0.0301,0.1966,-0.1363
2026-08-01,HOOD,0.2108,0.0301,0.1966,-0.1363
2026-09-01,HOOD,0.1392,0.0301,0.1966,-0.1363
2025-07-01,HPE,0.0117,0.0856,0.2229,-0.0516
2025-08-01,HPE,0.0909,0.0856,0.2229,-0.0516
2025-09-01,HPE,0.0882,0.0856,0.2229,-0.0516
2025-10-01,HPE,-0.0057,0.0856,0.2229,-0.0516
2025-11-01,HPE,-0.1044,0.0856,0.2229,-0.0516
2025-12-01,HPE,0.0983,0.0856,0.2229,-0.0516
2026-01-01,HPE,-0.1041,0.0856,0.2229,-0.0516
2026-02-01,HPE,-0.0023,0.0856,0.2229,-0.0516
2026-03-01,HPE,0.109,0.0856,0.2229,-0.0516
2026-04-01,HPE,0.2083,0.0856,0.2229,-0.0516
2026-05-01,HPE,0.496,0.0856,0.2229,-0.0516
2026-06-01,HPE,0.0481,0.0856,0.2229,-0.0516
2026-07-01,HPE,0.0618,0.0856,0.2229,-0.0516
2026-08-01,HPE,0.0906,0.0856,0.2229,-0.0516
2026-09-01,HPE,0.2048,0.0856,0.2229,-0.0516
2025-07-01,HPQ,0.0139,0.0256,0.156,-0.1047
2025-08-01,HPQ,0.1508,0.0256,0.156,-0.1047
2025-09-01,HPQ,-0.0459,0.0256,0.156,-0.1047
2025-10-01,HPQ,0.0162,0.0256,0.156,-0.1047
2025-11-01,HPQ,-0.1175,0.0256,0.156,-0.1047
2025-12-01,HPQ,-0.0876,0.0256,0.156,-0.1047
2026-01-01,HPQ,-0.1275,0.0256,0.156,-0.1047
2026-02-01,HPQ,-0.0231,0.0256,0.156,-0.1047
2026-03-01,HPQ,0.0116,0.0256,0.156,-0.1047
2026-04-01,HPQ,0.0859,0.0256,0.156,-0.1047
2026-05-01,HPQ,0.2963,0.0256,0.156,-0.1047
2026-06-01,HPQ,-0.1886,0.0256,0.156,-0.1047
2026-07-01,HPQ,0.2429,0.0256,0.156,-0.1047
2026-08-01,HPQ,0.1008,0.0256,0.156,-0.1047
2026-09-01,HPQ,0.0426,0.0256,0.156,-0.1047
2025-07-01,HRL,-0.0714,-0.0273,0.0473,-0.1018
2025-08-01,HRL,-0.0943,-0.0273,0.0473,-0.1018
2025-09-01,HRL,-0.0275,-0.0273,0.0473,-0.1018
2025-10-01,HRL,-0.1273,-0.0273,0.0473,-0.1018
2025-11-01,HRL,0.075,-0.0273,0.0473,-0.1018
2025-12-01,HRL,0.0211,-0.0273,0.0473,-0.1018
2026-01-01,HRL,0.0384,-0.0273,0.0473,-0.1018
2026-02-01,HRL,0.0402,-0.0273,0.0473,-0.1018
2026-03-01,HRL,-0.1152,-0.0273,0.0473,-0.1018
2026-04-01,HRL,-0.0521,-0.0273,0.0473,-0.1018
2026-05-01,HRL,0.082,-0.0273,0.0473,-0.1018
2026-06-01,HRL,0.0684,-0.0273,0.0473,-0.1018
2026-07-01,HRL,0.0077,-0.0273,0.0473,-0.1018
2026-08-01,HRL,-0.1263,-0.0273,0.0473,-0.1018
2026-09-01,HRL,-0.0979,-0.0273,0.0473,-0.1018
2025-07-01,HSIC,-0.0739,0.0114,0.0806,-0.0579
2025-08-01,HSIC,0.0285,0.0114,0.0806,-0.0579
2025-09-01,HSIC,-0.0461,0.0114,0.0806,-0.0579
2025-10-01,HSIC,-0.0478,0.0114,0.0806,-0.0579
2025-11-01,HSIC,0.1799,0.0114,0.0806,-0.0579
2025-12-01,HSIC,0.0135,0.0114,0.0806,-0.0579
2026-01-01,HSIC,-0.0013,0.0114,0.0806,-0.0579
2026-02-01,HSIC,0.0915,0.0114,0.0806,-0.0579
2026-03-01,HSIC,-0.1055,0.0114,0.0806,-0.0579
2026-04-01,HSIC,0.0121,0.0114,0.0806,-0.0579
2026-05-01,HSIC,0.0267,0.0114,0.0806,-0.0579
2026-06-01,HSIC,0.0906,0.0114,0.0806,-0.0579
2026-07-01,HSIC,0.0267,0.0114,0.0806,-0.0579
2026-08-01,HSIC,0.0472,0.0114,0.0806,-0.0579
2026-09-01,HSIC,-0.0382,0.0114,0.0806,-0.0579
2025-07-01,HST,0.0234,0.0259,0.088,-0.0362
2025-08-01,HST,0.0948,0.0259,0.088,-0.0362
2025-09-01,HST,-0.011,0.0259,0.088,-0.0362
2025-10-01,HST,-0.0588,0.0259,0.088,-0.0362
2025-11-01,HST,0.1005,0.0259,0.088,-0.0362
2025-12-01,HST,0.0057,0.0259,0.088,-0.0362
2026-01-01,HST,0.0451,0.0259,0.088,-0.0362
2026-02-01,HST,0.0572,0.0259,0.088,-0.0362
2026-03-01,HST,-0.022,0.0259,0.088,-0.0362
2026-04-01,HST,0.1028,0.0259,0.088,-0.0362
2026-05-01,HST,0.0876,0.0259,0.088,-0.0362
2026-06-01,HST,0.0318,0.0259,0.088,-0.0362
2026-07-01,HST,0.0599,0.0259,0.088,-0.0362
2026-08-01,HST,-0.1273,0.0259,0.088,-0.0362
2026-09-01,HST,0.0223,0.0259,0.088,-0.0362
2025-07-01,HSY,0.1216,0.0015,0.0927,-0.0896
2025-08-01,HSY,-0.0128,0.0015,0.0927,-0.0896
2025-09-01,HSY,0.018,0.0015,0.0927,-0.0896
2025-10-01,HSY,-0.0931,0.0015,0.0927,-0.0896
2025-11-01,HSY,0.1088,0.0015,0.0927,-0.0896
2025-12-01,HSY,-0.0324,0.0015,0.0927,-0.0896
2026-01-01,HSY,0.0702,0.0015,0.0927,-0.0896
2026-02-01,HSY,0.2132,0.0015,0.0927,-0.0896
2026-03-01,HSY,-0.1202,0.0015,0.0927,-0.0896
2026-04-01,HSY,-0.1065,0.0015,0.0927,-0.0896
2026-05-01,HSY,0.0446,0.0015,0.0927,-0.0896
2026-06-01,HSY,-0.0958,0.0015,0.0927,-0.0896
2026-07-01,HSY,-0.0023,0.0015,0.0927,-0.0896
2026-08-01,HSY,0.0066,0.0015,0.0927,-0.0896
2026-09-01,HSY,-0.0558,0.0015,0.0927,-0.0896
2025-07-01,HUBB,0.0712,0.0115,0.0761,-0.0532
2025-08-01,HUBB,-0.0148,0.0115,0.0761,-0.0532
2025-09-01,HUBB,-0.0016,0.0115,0.0761,-0.0532
2025-10-01,HUBB,0.0922,0.0115,0.0761,-0.0532
2025-11-01,HUBB,-0.0821,0.0115,0.0761,-0.0532
2025-12-01,HUBB,0.0294,0.0115,0.0761,-0.0532
2026-01-01,HUBB,0.0987,0.0115,0.0761,-0.0532
2026-02-01,HUBB,0.0486,0.0115,0.0761,-0.0532
2026-03-01,HUBB,-0.0408,0.0115,0.0761,-0.0532
2026-04-01,HUBB,0.0355,0.0115,0.0761,-0.0532
2026-05-01,HUBB,-0.068,0.0115,0.0761,-0.0532
2026-06-01,HUBB,0.1047,0.0115,0.0761,-0.0532
2026-07-01,HUBB,-0.0968,0.0115,0.0761,-0.0532
2026-08-01,HUBB,-0.0414,0.0115,0.0761,-0.0532
2026-09-01,HUBB,0.0301,0.0115,0.0761,-0.0532
2025-07-01,HUM,0.022,0.0476,0.2179,-0.1227
2025-08-01,HUM,0.2153,0.0476,0.2179,-0.1227
2025-09-01,HUM,-0.1432,0.0476,0.2179,-0.1227
2025-10-01,HUM,0.0693,0.0476,0.2179,-0.1227
2025-11-01,HUM,-0.1165,0.0476,0.2179,-0.1227
2025-12-01,HUM,0.0422,0.0476,0.2179,-0.1227
2026-01-01,HUM,-0.2379,0.0476,0.2179,-0.1227
2026-02-01,HUM,-0.0239,0.0476,0.2179,-0.1227
2026-03-01,HUM,-0.09,0.0476,0.2179,-0.1227
2026-04-01,HUM,0.3636,0.0476,0.2179,-0.1227
2026-05-01,HUM,0.2917,0.0476,0.2179,-0.1227
2026-06-01,HUM,0.3006,0.0476,0.2179,-0.1227
2026-07-01,HUM,-0.084,0.0476,0.2179,-0.1227
2026-08-01,HUM,0.0532,0.0476,0.2179,-0.1227
2026-09-01,HUM,0.0384,0.0476,0.2179,-0.1227
2025-07-01,HWM,-0.0342,0.0176,0.1094,-0.0742
2025-08-01,HWM,-0.0315,0.0176,0.1094,-0.0742
2025-09-01,HWM,0.1271,0.0176,0.1094,-0.0742
2025-10-01,HWM,0.0495,0.0176,0.1094,-0.0742
2025-11-01,HWM,-0.0066,0.0176,0.1094,-0.0742
2025-12-01,HWM,0.0021,0.0176,0.1094,-0.0742
2026-01-01,HWM,0.0149,0.0176,0.1094,-0.0742
2026-02-01,HWM,0.2617,0.0176,0.1094,-0.0742
2026-03-01,HWM,-0.1222,0.0176,0.1094,-0.0742
2026-04-01,HWM,0.0546,0.0176,0.1094,-0.0742
2026-05-01,HWM,0.0626,0.0176,0.1094,-0.0742
2026-06-01,HWM,0.0411,0.0176,0.1094,-0.0742
2026-07-01,HWM,0.0498,0.0176,0.1094,-0.0742
2026-08-01,HWM,-0.1322,0.0176,0.1094,-0.0742
2026-09-01,HWM,-0.0509,0.0176,0.1094,-0.0742
2025-07-01,HYD,-0.0213,-0.0028,0.0147,-0.0203
2025-08-01,HYD,0.0071,-0.0028,0.0147,-0.0203
2025-09-01,HYD,0.0285,-0.0028,0.0147,-0.0203
2025-10-01,HYD,0.0047,-0.0028,0.0147,-0.0203
2025-11-01,HYD,-0.0008,-0.0028,0.0147,-0.0203
2025-12-01,HYD,0.0004,-0.0028,0.0147,-0.0203
2026-01-01,HYD,-0.0002,-0.0028,0.0147,-0.0203
2026-02-01,HYD,0.0096,-0.0028,0.0147,-0.0203
2026-03-01,HYD,-0.0283,-0.0028,0.0147,-0.0203
2026-04-01,HYD,0.0191,-0.0028,0.0147,-0.0203
2026-05-01,HYD,0.0055,-0.0028,0.0147,-0.0203
2026-06-01,HYD,0.0025,-0.0028,0.0147,-0.0203
2026-07-01,HYD,-0.025,-0.0028,0.0147,-0.0203
2026-08-01,HYD,-0.0048,-0.0028,0.0147,-0.0203
2026-09-01,HYD,-0.0382,-0.0028,0.0147,-0.0203
2025-07-01,HYG,-0.0033,-0.0023,0.0061,-0.0106
2025-08-01,HYG,0.006,-0.0023,0.0061,-0.0106
2025-09-01,HYG,0.0041,-0.0023,0.0061,-0.0106
2025-10-01,HYG,-0.0048,-0.0023,0.0061,-0.0106
2025-11-01,HYG,0.0024,-0.0023,0.0061,-0.0106
2025-12-01,HYG,-0.0044,-0.0023,0.0061,-0.0106
2026-01-01,HYG,0.0061,-0.0023,0.0061,-0.0106
2026-02-01,HYG,-0.0049,-0.0023,0.0061,-0.0106
2026-03-01,HYG,-0.0144,-0.0023,0.0061,-0.0106
2026-04-01,HYG,0.0103,-0.0023,0.0061,-0.0106
2026-05-01,HYG,-0.0009,-0.0023,0.0061,-0.0106
2026-06-01,HYG,-0.0042,-0.0023,0.0061,-0.0106
2026-07-01,HYG,-0.0061,-0.0023,0.0061,-0.0106
2026-08-01,HYG,0.0042,-0.0023,0.0061,-0.0106
2026-09-01,HYG,-0.0244,-0.0023,0.0061,-0.0106
2025-07-01,IBKR,0.1832,0.0376,0.1295,-0.0542
2025-08-01,IBKR,-0.0506,0.0376,0.1295,-0.0542
2025-09-01,IBKR,0.1056,0.0376,0.1295,-0.0542
2025-10-01,IBKR,0.0225,0.0376,0.1295,-0.0542
2025-11-01,IBKR,-0.0759,0.0376,0.1295,-0.0542
2025-12-01,IBKR,-0.0109,0.0376,0.1295,-0.0542
2026-01-01,IBKR,0.1644,0.0376,0.1295,-0.0542
2026-02-01,IBKR,-0.0493,0.0376,0.1295,-0.0542
2026-03-01,IBKR,-0.0579,0.0376,0.1295,-0.0542
2026-04-01,IBKR,0.1853,0.0376,0.1295,-0.0542
2026-05-01,IBKR,0.094,0.0376,0.1295,-0.0542
2026-06-01,IBKR,0.0008,0.0376,0.1295,-0.0542
2026-07-01,IBKR,0.0109,0.0376,0.1295,-0.0542
2026-08-01,IBKR,0.1057,0.0376,0.1295,-0.0542
2026-09-01,IBKR,-0.0827,0.0376,0.1295,-0.0542
2025-07-01,IBM,-0.1412,-0.01,0.1151,-0.1351
2025-08-01,IBM,-0.0382,-0.01,0.1151,-0.1351
2025-09-01,IBM,0.1588,-0.01,0.1151,-0.1351
2025-10-01,IBM,0.0895,-0.01,0.1151,-0.1351
2025-11-01,IBM,0.0038,-0.01,0.1151,-0.1351
2025-12-01,IBM,-0.0401,-0.01,0.1151,-0.1351
2026-01-01,IBM,0.0354,-0.01,0.1151,-0.1351
2026-02-01,IBM,-0.2168,-0.01,0.1151,-0.1351
2026-03-01,IBM,0.0091,-0.01,0.1151,-0.1351
2026-04-01,IBM,-0.0471,-0.01,0.1151,-0.1351
2026-05-01,IBM,0.2893,-0.01,0.1151,-0.1351
2026-06-01,IBM,-0.0557,-0.01,0.1151,-0.1351
2026-07-01,IBM,-0.2047,-0.01,0.1151,-0.1351
2026-08-01,IBM,0.0457,-0.01,0.1151,-0.1351
2026-09-01,IBM,-0.0357,-0.01,0.1151,-0.1351
2025-07-01,ICE,0.0074,-0.0073,0.0877,-0.1023
2025-08-01,ICE,-0.0445,-0.0073,0.0877,-0.1023
2025-09-01,ICE,-0.046,-0.0073,0.0877,-0.1023
2025-10-01,ICE,-0.1317,-0.0073,0.0877,-0.1023
2025-11-01,ICE,0.0753,-0.0073,0.0877,-0.1023
2025-12-01,ICE,0.0296,-0.0073,0.0877,-0.1023
2026-01-01,ICE,0.073,-0.0073,0.0877,-0.1023
2026-02-01,ICE,-0.0555,-0.0073,0.0877,-0.1023
2026-03-01,ICE,-0.0417,-0.0073,0.0877,-0.1023
2026-04-01,ICE,0.0052,-0.0073,0.0877,-0.1023
2026-05-01,ICE,-0.0648,-0.0073,0.0877,-0.1023
2026-06-01,ICE,-0.1673,-0.0073,0.0877,-0.1023
2026-07-01,ICE,0.2386,-0.0073,0.0877,-0.1023
2026-08-01,ICE,0.0539,-0.0073,0.0877,-0.1023
2026-09-01,ICE,-0.0398,-0.0073,0.0877,-0.1023
2025-07-01,ICL,-0.0887,-0.0107,0.1007,-0.122
2025-08-01,ICL,0.0271,-0.0107,0.1007,-0.122
2025-09-01,ICL,-0.0342,-0.0107,0.1007,-0.122
2025-10-01,ICL,0.0482,-0.0107,0.1007,-0.122
2025-11-01,ICL,-0.1426,-0.0107,0.1007,-0.122
2025-12-01,ICL,0.0215,-0.0107,0.1007,-0.122
2026-01-01,ICL,-0.063,-0.0107,0.1007,-0.122
2026-02-01,ICL,-0.1028,-0.0107,0.1007,-0.122
2026-03-01,ICL,0.0792,-0.0107,0.1007,-0.122
2026-04-01,ICL,0.0598,-0.0107,0.1007,-0.122
2026-05-01,ICL,0.2095,-0.0107,0.1007,-0.122
2026-06-01,ICL,-0.25,-0.0107,0.1007,-0.122
2026-07-01,ICL,0.0161,-0.0107,0.1007,-0.122
2026-08-01,ICL,0.1304,-0.0107,0.1007,-0.122
2026-09-01,ICL,-0.1014,-0.0107,0.1007,-0.122
2025-07-01,IDXX,-0.0038,0.0005,0.0924,-0.0913
2025-08-01,IDXX,0.2111,0.0005,0.0924,-0.0913
2025-09-01,IDXX,-0.0127,0.0005,0.0924,-0.0913
2025-10-01,IDXX,-0.0147,0.0005,0.0924,-0.0913
2025-11-01,IDXX,0.196,0.0005,0.0924,-0.0913
2025-12-01,IDXX,-0.1014,0.0005,0.0924,-0.0913
2026-01-01,IDXX,-0.009,0.0005,0.0924,-0.0913
2026-02-01,IDXX,-0.0205,0.0005,0.0924,-0.0913
2026-03-01,IDXX,-0.1444,0.0005,0.0924,-0.0913
2026-04-01,IDXX,-0.0019,0.0005,0.0924,-0.0913
2026-05-01,IDXX,0.0049,0.0005,0.0924,-0.0913
2026-06-01,IDXX,-0.0658,0.0005,0.0924,-0.0913
2026-07-01,IDXX,0.062,0.0005,0.0924,-0.0913
2026-08-01,IDXX,-0.0043,0.0005,0.0924,-0.0913
2026-09-01,IDXX,-0.0672,0.0005,0.0924,-0.0913
2025-07-01,IEF,-0.0091,-0.0042,0.0088,-0.0173
2025-08-01,IEF,0.0132,-0.0042,0.0088,-0.0173
2025-09-01,IEF,0.0032,-0.0042,0.0088,-0.0173
2025-10-01,IEF,0.004,-0.0042,0.0088,-0.0173
2025-11-01,IEF,0.0067,-0.0042,0.0088,-0.0173
2025-12-01,IEF,-0.0137,-0.0042,0.0088,-0.0173
2026-01-01,IEF,-0.0023,-0.0042,0.0088,-0.0173
2026-02-01,IEF,0.0214,-0.0042,0.0088,-0.0173
2026-03-01,IEF,-0.026,-0.0042,0.0088,-0.0173
2026-04-01,IEF,-0.0048,-0.0042,0.0088,-0.0173
2026-05-01,IEF,-0.0035,-0.0042,0.0088,-0.0173
2026-06-01,IEF,-0.0008,-0.0042,0.0088,-0.0173
2026-07-01,IEF,-0.0171,-0.0042,0.0088,-0.0173
2026-08-01,IEF,-0.0023,-0.0042,0.0088,-0.0173
2026-09-01,IEF,-0.0295,-0.0042,0.0088,-0.0173
2025-07-01,IEX,-0.0687,0.0194,0.0818,-0.043
2025-08-01,IEX,0.0061,0.0194,0.0818,-0.043
2025-09-01,IEX,-0.0106,0.0194,0.0818,-0.043
2025-10-01,IEX,0.0535,0.0194,0.0818,-0.043
2025-11-01,IEX,0.0144,0.0194,0.0818,-0.043
2025-12-01,IEX,0.0231,0.0194,0.0818,-0.043
2026-01-01,IEX,0.1158,0.0194,0.0818,-0.043
2026-02-01,IEX,0.055,0.0194,0.0818,-0.043
2026-03-01,IEX,-0.0951,0.0194,0.0818,-0.043
2026-04-01,IEX,0.1493,0.0194,0.0818,-0.043
2026-05-01,IEX,-0.0322,0.0194,0.0818,-0.043
2026-06-01,IEX,0.0765,0.0194,0.0818,-0.043
2026-07-01,IEX,0.0154,0.0194,0.0818,-0.043
2026-08-01,IEX,-0.0079,0.0194,0.0818,-0.043
2026-09-01,IEX,0.0063,0.0194,0.0818,-0.043
2025-07-01,IFF,-0.0343,0.0105,0.0853,-0.0642
2025-08-01,IFF,-0.0496,0.0105,0.0853,-0.0642
2025-09-01,IFF,-0.0884,0.0105,0.0853,-0.0642
2025-10-01,IFF,0.0232,0.0105,0.0853,-0.0642
2025-11-01,IFF,0.1034,0.0105,0.0853,-0.0642
2025-12-01,IFF,-0.0301,0.0105,0.0853,-0.0642
2026-01-01,IFF,0.0359,0.0105,0.0853,-0.0642
2026-02-01,IFF,0.1779,0.0105,0.0853,-0.0642
2026-03-01,IFF,-0.1177,0.0105,0.0853,-0.0642
2026-04-01,IFF,-0.0324,0.0105,0.0853,-0.0642
2026-05-01,IFF,0.0833,0.0105,0.0853,-0.0642
2026-06-01,IFF,0.0417,0.0105,0.0853,-0.0642
2026-08-01,IFF,0.0898,0.0105,0.0853,-0.0642
2026-09-01,IFF,-0.0074,0.0105,0.0853,-0.0642
2025-07-01,INCY,0.0997,0.0429,0.1097,-0.024
2025-08-01,INCY,0.1298,0.0429,0.1097,-0.024
2025-09-01,INCY,0.0024,0.0429,0.1097,-0.024
2025-10-01,INCY,0.1022,0.0429,0.1097,-0.024
2025-11-01,INCY,0.1175,0.0429,0.1097,-0.024
2025-12-01,INCY,-0.0545,0.0429,0.1097,-0.024
2026-01-01,INCY,0.0132,0.0429,0.1097,-0.024
2026-02-01,INCY,0.012,0.0429,0.1097,-0.024
2026-03-01,INCY,-0.0706,0.0429,0.1097,-0.024
2026-04-01,INCY,0.0122,0.0429,0.1097,-0.024
2026-05-01,INCY,0.0154,0.0429,0.1097,-0.024
2026-06-01,INCY,0.1718,0.0429,0.1097,-0.024
2026-07-01,INCY,0.0543,0.0429,0.1097,-0.024
2026-08-01,INCY,0.031,0.0429,0.1097,-0.024
2026-09-01,INCY,0.0054,0.0429,0.1097,-0.024
2025-07-01,INDA,-0.0546,-0.0094,0.029,-0.0477
2025-08-01,INDA,-0.0125,-0.0094,0.029,-0.0477
2025-09-01,INDA,0.0015,-0.0094,0.029,-0.0477
2025-10-01,INDA,0.0367,-0.0094,0.029,-0.0477
2025-11-01,INDA,0.0137,-0.0094,0.029,-0.0477
2025-12-01,INDA,-0.0121,-0.0094,0.029,-0.0477
2026-01-01,INDA,-0.0427,-0.0094,0.029,-0.0477
2026-02-01,INDA,0.0102,-0.0094,0.029,-0.0477
2026-03-01,INDA,-0.1039,-0.0094,0.029,-0.0477
2026-04-01,INDA,0.0551,-0.0094,0.029,-0.0477
2026-05-01,INDA,-0.0174,-0.0094,0.029,-0.0477
2026-06-01,INDA,0.0171,-0.0094,0.029,-0.0477
2026-07-01,INDA,0.0083,-0.0094,0.029,-0.0477
2026-08-01,INDA,-0.002,-0.0094,0.029,-0.0477
2026-09-01,INDA,-0.037,-0.0094,0.029,-0.0477
2025-07-01,INTC,-0.1161,0.1565,0.4857,-0.1726
2025-08-01,INTC,0.2298,0.1565,0.4857,-0.1726
2025-09-01,INTC,0.3778,0.1565,0.4857,-0.1726
2025-10-01,INTC,0.192,0.1565,0.4857,-0.1726
2025-11-01,INTC,0.0143,0.1565,0.4857,-0.1726
2025-12-01,INTC,-0.0902,0.1565,0.4857,-0.1726
2026-01-01,INTC,0.2594,0.1565,0.4857,-0.1726
2026-02-01,INTC,-0.0185,0.1565,0.4857,-0.1726
2026-03-01,INTC,-0.0324,0.1565,0.4857,-0.1726
2026-04-01,INTC,1.1409,0.1565,0.4857,-0.1726
2026-05-01,INTC,0.2138,0.1565,0.4857,-0.1726
2026-06-01,INTC,0.2176,0.1565,0.4857,-0.1726
2026-07-01,INTC,-0.354,0.1565,0.4857,-0.1726
2026-08-01,INTC,-0.0077,0.1565,0.4857,-0.1726
2026-09-01,INTC,0.3741,0.1565,0.4857,-0.1726
2025-07-01,INTU,-0.0032,-0.0535,0.0804,-0.1874
2025-08-01,INTU,-0.1505,-0.0535,0.0804,-0.1874
2025-09-01,INTU,0.0239,-0.0535,0.0804,-0.1874
2025-10-01,INTU,-0.0225,-0.0535,0.0804,-0.1874
2025-11-01,INTU,-0.0501,-0.0535,0.0804,-0.1874
2025-12-01,INTU,0.0447,-0.0535,0.0804,-0.1874
2026-01-01,INTU,-0.2468,-0.0535,0.0804,-0.1874
2026-02-01,INTU,-0.1802,-0.0535,0.0804,-0.1874
2026-03-01,INTU,0.0571,-0.0535,0.0804,-0.1874
2026-04-01,INTU,-0.1015,-0.0535,0.0804,-0.1874
2026-05-01,INTU,-0.1466,-0.0535,0.0804,-0.1874
2026-06-01,INTU,-0.2127,-0.0535,0.0804,-0.1874
2026-07-01,INTU,0.211,-0.0535,0.0804,-0.1874
2026-08-01,INTU,0.1368,-0.0535,0.0804,-0.1874
2026-09-01,INTU,-0.2324,-0.0535,0.0804,-0.1874
2025-07-01,INVH,-0.0655,-0.0124,0.0439,-0.0687
2025-08-01,INVH,0.0209,-0.0124,0.0439,-0.0687
2025-09-01,INVH,-0.0626,-0.0124,0.0439,-0.0687
2025-10-01,INVH,-0.0402,-0.0124,0.0439,-0.0687
2025-11-01,INVH,0.0018,-0.0124,0.0439,-0.0687
2025-12-01,INVH,-0.0145,-0.0124,0.0439,-0.0687
2026-01-01,INVH,-0.0381,-0.0124,0.0439,-0.0687
2026-02-01,INVH,-0.0146,-0.0124,0.0439,-0.0687
2026-03-01,INVH,-0.0566,-0.0124,0.0439,-0.0687
2026-04-01,INVH,0.1577,-0.0124,0.0439,-0.0687
2026-05-01,INVH,0.0167,-0.0124,0.0439,-0.0687
2026-06-01,INVH,0.0328,-0.0124,0.0439,-0.0687
2026-07-01,INVH,-0.0162,-0.0124,0.0439,-0.0687
2026-08-01,INVH,-0.0195,-0.0124,0.0439,-0.0687
2026-09-01,INVH,-0.0865,-0.0124,0.0439,-0.0687
2025-07-01,IP,-0.0019,-0.0164,0.0814,-0.1142
2025-08-01,IP,0.0629,-0.0164,0.0814,-0.1142
2025-09-01,IP,-0.066,-0.0164,0.0814,-0.1142
2025-10-01,IP,-0.1672,-0.0164,0.0814,-0.1142
2025-11-01,IP,0.0217,-0.0164,0.0814,-0.1142
2025-12-01,IP,-0.0023,-0.0164,0.0814,-0.1142
2026-01-01,IP,0.0236,-0.0164,0.0814,-0.1142
2026-02-01,IP,0.0801,-0.0164,0.0814,-0.1142
2026-03-01,IP,-0.1803,-0.0164,0.0814,-0.1142
2026-04-01,IP,-0.1479,-0.0164,0.0814,-0.1142
2026-05-01,IP,0.1003,-0.0164,0.0814,-0.1142
2026-06-01,IP,0.1383,-0.0164,0.0814,-0.1142
2026-07-01,IP,0.0717,-0.0164,0.0814,-0.1142
2026-08-01,IP,-0.071,-0.0164,0.0814,-0.1142
2026-09-01,IP,-0.0767,-0.0164,0.0814,-0.1142
2025-07-01,IQV,0.1794,0.045,0.152,-0.0621
2025-08-01,IQV,0.0266,0.045,0.152,-0.0621
2025-09-01,IQV,-0.0046,0.045,0.152,-0.0621
2025-10-01,IQV,0.1396,0.045,0.152,-0.0621
2025-11-01,IQV,0.0626,0.045,0.152,-0.0621
2025-12-01,IQV,-0.02,0.045,0.152,-0.0621
2026-01-01,IQV,0.021,0.045,0.152,-0.0621
2026-02-01,IQV,-0.2231,0.045,0.152,-0.0621
2026-03-01,IQV,-0.0463,0.045,0.152,-0.0621
2026-04-01,IQV,-0.0714,0.045,0.152,-0.0621
2026-05-01,IQV,0.1505,0.045,0.152,-0.0621
2026-06-01,IQV,0.0604,0.045,0.152,-0.0621
2026-07-01,IQV,0.2163,0.045,0.152,-0.0621
2026-08-01,IQV,0.1114,0.045,0.152,-0.0621
2026-09-01,IQV,0.0351,0.045,0.152,-0.0621
2025-07-01,IR,0.0174,-0.0046,0.0732,-0.0824
2025-08-01,IR,-0.0614,-0.0046,0.0732,-0.0824
2025-09-01,IR,0.0402,-0.0046,0.0732,-0.0824
2025-10-01,IR,-0.0761,-0.0046,0.0732,-0.0824
2025-11-01,IR,0.0525,-0.0046,0.0732,-0.0824
2025-12-01,IR,-0.0139,-0.0046,0.0732,-0.0824
2026-01-01,IR,0.0867,-0.0046,0.0732,-0.0824
2026-02-01,IR,0.0935,-0.0046,0.0732,-0.0824
2026-03-01,IR,-0.1489,-0.0046,0.0732,-0.0824
2026-04-01,IR,-0.0032,-0.0046,0.0732,-0.0824
2026-05-01,IR,-0.1029,-0.0046,0.0732,-0.0824
2026-06-01,IR,0.1445,-0.0046,0.0732,-0.0824
2026-07-01,IR,0.017,-0.0046,0.0732,-0.0824
2026-08-01,IR,-0.0759,-0.0046,0.0732,-0.0824
2026-09-01,IR,-0.0126,-0.0046,0.0732,-0.0824
2025-07-01,IRM,-0.0508,0.0095,0.1078,-0.0888
2025-08-01,IRM,-0.0517,0.0095,0.1078,-0.0888
2025-09-01,IRM,0.1041,0.0095,0.1078,-0.0888
2025-10-01,IRM,0.0099,0.0095,0.1078,-0.0888
2025-11-01,IRM,-0.1612,0.0095,0.1078,-0.0888
2025-12-01,IRM,-0.0394,0.0095,0.1078,-0.0888
2026-01-01,IRM,0.1107,0.0095,0.1078,-0.0888
2026-02-01,IRM,0.1758,0.0095,0.1078,-0.0888
2026-03-01,IRM,-0.0571,0.0095,0.1078,-0.0888
2026-04-01,IRM,0.2335,0.0095,0.1078,-0.0888
2026-05-01,IRM,0.0179,0.0095,0.1078,-0.0888
2026-06-01,IRM,-0.0151,0.0095,0.1078,-0.0888
2026-07-01,IRM,-0.0316,0.0095,0.1078,-0.0888
2026-08-01,IRM,-0.057,0.0095,0.1078,-0.0888
2026-09-01,IRM,-0.0344,0.0095,0.1078,-0.0888
2025-07-01,ISRG,-0.1147,-0.0161,0.07,-0.1023
2025-08-01,ISRG,-0.0162,-0.0161,0.07,-0.1023
2025-09-01,ISRG,-0.0551,-0.0161,0.07,-0.1023
2025-10-01,ISRG,0.1946,-0.0161,0.07,-0.1023
2025-11-01,ISRG,0.0734,-0.0161,0.07,-0.1023
2025-12-01,ISRG,-0.0124,-0.0161,0.07,-0.1023
2026-01-01,ISRG,-0.1097,-0.0161,0.07,-0.1023
2026-02-01,ISRG,-0.0014,-0.0161,0.07,-0.1023
2026-03-01,ISRG,-0.0844,-0.0161,0.07,-0.1023
2026-04-01,ISRG,-0.0073,-0.0161,0.07,-0.1023
2026-05-01,ISRG,-0.072,-0.0161,0.07,-0.1023
2026-06-01,ISRG,-0.0635,-0.0161,0.07,-0.1023
2026-07-01,ISRG,-0.1115,-0.0161,0.07,-0.1023
2026-08-01,ISRG,0.0666,-0.0161,0.07,-0.1023
2026-09-01,ISRG,0.0751,-0.0161,0.07,-0.1023
2025-07-01,IT,-0.1622,-0.0354,0.1195,-0.1903
2025-08-01,IT,-0.2583,-0.0354,0.1195,-0.1903
2025-09-01,IT,0.0465,-0.0354,0.1195,-0.1903
2025-10-01,IT,-0.0553,-0.0354,0.1195,-0.1903
2025-11-01,IT,-0.0628,-0.0354,0.1195,-0.1903
2025-12-01,IT,0.084,-0.0354,0.1195,-0.1903
2026-01-01,IT,-0.1691,-0.0354,0.1195,-0.1903
2026-02-01,IT,-0.25,-0.0354,0.1195,-0.1903
2026-03-01,IT,0.0073,-0.0354,0.1195,-0.1903
2026-04-01,IT,-0.0622,-0.0354,0.1195,-0.1903
2026-05-01,IT,0.0923,-0.0354,0.1195,-0.1903
2026-06-01,IT,-0.2009,-0.0354,0.1195,-0.1903
2026-07-01,IT,0.1651,-0.0354,0.1195,-0.1903
2026-08-01,IT,0.3118,-0.0354,0.1195,-0.1903
2026-09-01,IT,-0.0515,-0.0354,0.1195,-0.1903
2025-07-01,ITW,0.0353,0.0073,0.065,-0.0504
2025-08-01,ITW,0.0339,0.0073,0.065,-0.0504
2025-09-01,ITW,-0.0147,0.0073,0.065,-0.0504
2025-10-01,ITW,-0.0646,0.0073,0.065,-0.0504
2025-11-01,ITW,0.022,0.0073,0.065,-0.0504
2025-12-01,ITW,-0.012,0.0073,0.065,-0.0504
2026-01-01,ITW,0.0607,0.0073,0.065,-0.0504
2026-02-01,ITW,0.1124,0.0073,0.065,-0.0504
2026-03-01,ITW,-0.1044,0.0073,0.065,-0.0504
2026-04-01,ITW,-0.0088,0.0073,0.065,-0.0504
2026-05-01,ITW,-0.0416,0.0073,0.065,-0.0504
2026-06-01,ITW,0.0938,0.0073,0.065,-0.0504
2026-07-01,ITW,0.0609,0.0073,0.065,-0.0504
2026-08-01,ITW,-0.0404,0.0073,0.065,-0.0504
2026-09-01,ITW,-0.0038,0.0073,0.065,-0.0504
2025-07-01,IVZ,0.3323,0.0521,0.1506,-0.0464
2025-08-01,IVZ,0.0419,0.0521,0.1506,-0.0464
2025-09-01,IVZ,0.048,0.0521,0.1506,-0.0464
2025-10-01,IVZ,0.0331,0.0521,0.1506,-0.0464
2025-11-01,IVZ,0.0316,0.0521,0.1506,-0.0464
2025-12-01,IVZ,0.0744,0.0521,0.1506,-0.0464
2026-01-01,IVZ,0.0388,0.0521,0.1506,-0.0464
2026-02-01,IVZ,-0.0377,0.0521,0.1506,-0.0464
2026-03-01,IVZ,-0.075,0.0521,0.1506,-0.0464
2026-04-01,IVZ,0.079,0.0521,0.1506,-0.0464
2026-05-01,IVZ,0.0858,0.0521,0.1506,-0.0464
2026-06-01,IVZ,-0.0727,0.0521,0.1506,-0.0464
2026-07-01,IVZ,0.1216,0.0521,0.1506,-0.0464
2026-08-01,IVZ,0.1074,0.0521,0.1506,-0.0464
2026-09-01,IVZ,-0.0567,0.0521,0.1506,-0.0464
2025-07-01,IWD,0.0061,0.0176,0.047,-0.0119
2025-08-01,IWD,0.0318,0.0176,0.047,-0.0119
2025-09-01,IWD,0.0097,0.0176,0.047,-0.0119
2025-10-01,IWD,0.0048,0.0176,0.047,-0.0119
2025-11-01,IWD,0.0264,0.0176,0.047,-0.0119
2025-12-01,IWD,0.0017,0.0176,0.047,-0.0119
2026-01-01,IWD,0.0453,0.0176,0.047,-0.0119
2026-02-01,IWD,0.0257,0.0176,0.047,-0.0119
2026-03-01,IWD,-0.0525,0.0176,0.047,-0.0119
2026-04-01,IWD,0.0823,0.0176,0.047,-0.0119
2026-05-01,IWD,0.029,0.0176,0.047,-0.0119
2026-06-01,IWD,0.0188,0.0176,0.047,-0.0119
2026-07-01,IWD,0.0387,0.0176,0.047,-0.0119
2026-08-01,IWD,0.0202,0.0176,0.047,-0.0119
2026-09-01,IWD,-0.0194,0.0176,0.047,-0.0119
2025-07-01,IWF,0.0373,0.0127,0.0593,-0.0338
2025-08-01,IWF,0.0118,0.0127,0.0593,-0.0338
2025-09-01,IWF,0.0512,0.0127,0.0593,-0.0338
2025-10-01,IWF,0.0366,0.0127,0.0593,-0.0338
2025-11-01,IWF,-0.0188,0.0127,0.0593,-0.0338
2025-12-01,IWF,-0.0066,0.0127,0.0593,-0.0338
2026-01-01,IWF,-0.0155,0.0127,0.0593,-0.0338
2026-02-01,IWF,-0.0338,0.0127,0.0593,-0.0338
2026-03-01,IWF,-0.0529,0.0127,0.0593,-0.0338
2026-04-01,IWF,0.1189,0.0127,0.0593,-0.0338
2026-05-01,IWF,0.0719,0.0127,0.0593,-0.0338
2026-06-01,IWF,-0.0288,0.0127,0.0593,-0.0338
2026-07-01,IWF,-0.0471,0.0127,0.0593,-0.0338
2026-08-01,IWF,0.0371,0.0127,0.0593,-0.0338
2026-09-01,IWF,0.0288,0.0127,0.0593,-0.0338
2025-07-01,IWM,0.0167,0.0187,0.0618,-0.0244
2025-08-01,IWM,0.0719,0.0187,0.0618,-0.0244
2025-09-01,IWM,0.0289,0.0187,0.0618,-0.0244
2025-10-01,IWM,0.0176,0.0187,0.0618,-0.0244
2025-11-01,IWM,0.0102,0.0187,0.0618,-0.0244
2025-12-01,IWM,-0.0104,0.0187,0.0618,-0.0244
2026-01-01,IWM,0.0548,0.0187,0.0618,-0.0244
2026-02-01,IWM,0.0068,0.0187,0.0618,-0.0244
2026-03-01,IWM,-0.0513,0.0187,0.0618,-0.0244
2026-04-01,IWM,0.1208,0.0187,0.0618,-0.0244
2026-05-01,IWM,0.0448,0.0187,0.0618,-0.0244
2026-06-01,IWM,0.0345,0.0187,0.0618,-0.0244
2026-07-01,IWM,-0.0308,0.0187,0.0618,-0.0244
2026-08-01,IWM,0.0094,0.0187,0.0618,-0.0244
2026-09-01,IWM,-0.0407,0.0187,0.0618,-0.0244
2025-07-01,J,0.0793,0.0074,0.0719,-0.057
2025-08-01,J,0.0307,0.0074,0.0719,-0.057
2025-09-01,J,0.0248,0.0074,0.0719,-0.057
2025-10-01,J,0.0397,0.0074,0.0719,-0.057
2025-11-01,J,-0.1348,0.0074,0.0719,-0.057
2025-12-01,J,-0.0174,0.0074,0.0719,-0.057
2026-01-01,J,0.0211,0.0074,0.0719,-0.057
2026-02-01,J,0.0192,0.0074,0.0719,-0.057
2026-03-01,J,-0.0767,0.0074,0.0719,-0.057
2026-04-01,J,0.0167,0.0074,0.0719,-0.057
2026-05-01,J,-0.0738,0.0074,0.0719,-0.057
2026-06-01,J,0.0512,0.0074,0.0719,-0.057
2026-07-01,J,0.0709,0.0074,0.0719,-0.057
2026-08-01,J,0.1046,0.0074,0.0719,-0.057
2026-09-01,J,-0.0717,0.0074,0.0719,-0.057
2025-07-01,JBHT,0.0031,0.0372,0.1462,-0.0717
2025-08-01,JBHT,0.0065,0.0372,0.1462,-0.0717
2025-09-01,JBHT,-0.0746,0.0372,0.1462,-0.0717
2025-10-01,JBHT,0.2586,0.0372,0.1462,-0.0717
2025-11-01,JBHT,0.0302,0.0372,0.1462,-0.0717
2025-12-01,JBHT,0.1172,0.0372,0.1462,-0.0717
2026-01-01,JBHT,0.0431,0.0372,0.1462,-0.0717
2026-02-01,JBHT,0.1514,0.0372,0.1462,-0.0717
2026-03-01,JBHT,-0.0922,0.0372,0.1462,-0.0717
2026-04-01,JBHT,0.187,0.0372,0.1462,-0.0717
2026-05-01,JBHT,0.099,0.0372,0.1462,-0.0717
2026-06-01,JBHT,0.047,0.0372,0.1462,-0.0717
2026-07-01,JBHT,-0.0611,0.0372,0.1462,-0.0717
2026-08-01,JBHT,-0.0231,0.0372,0.1462,-0.0717
2026-09-01,JBHT,-0.1507,0.0372,0.1462,-0.0717
2025-07-01,JBL,0.0232,0.0287,0.1264,-0.069
2025-08-01,JBL,-0.0822,0.0287,0.1264,-0.069
2025-09-01,JBL,0.0602,0.0287,0.1264,-0.069
2025-10-01,JBL,0.0171,0.0287,0.1264,-0.069
2025-11-01,JBL,-0.0461,0.0287,0.1264,-0.069
2025-12-01,JBL,0.0822,0.0287,0.1264,-0.069
2026-01-01,JBL,0.0402,0.0287,0.1264,-0.069
2026-02-01,JBL,0.1172,0.0287,0.1264,-0.069
2026-03-01,JBL,0.0024,0.0287,0.1264,-0.069
2026-04-01,JBL,0.2705,0.0287,0.1264,-0.069
2026-05-01,JBL,0.0802,0.0287,0.1264,-0.069
2026-06-01,JBL,0.0574,0.0287,0.1264,-0.069
2026-07-01,JBL,-0.1827,0.0287,0.1264,-0.069
2026-08-01,JBL,-0.0311,0.0287,0.1264,-0.069
2026-09-01,JBL,0.0376,0.0287,0.1264,-0.069
2025-07-01,JCI,-0.0059,0.025,0.0991,-0.0491
2025-08-01,JCI,0.018,0.025,0.0991,-0.0491
2025-09-01,JCI,0.0286,0.025,0.0991,-0.0491
2025-10-01,JCI,0.0404,0.025,0.0991,-0.0491
2025-11-01,JCI,0.0168,0.025,0.0991,-0.0491
2025-12-01,JCI,0.0296,0.025,0.0991,-0.0491
2026-01-01,JCI,-0.0041,0.025,0.0991,-0.0491
2026-02-01,JCI,0.21,0.025,0.0991,-0.0491
2026-03-01,JCI,-0.0925,0.025,0.0991,-0.0491
2026-04-01,JCI,0.1152,0.025,0.0991,-0.0491
2026-05-01,JCI,-0.082,0.025,0.0991,-0.0491
2026-06-01,JCI,0.0899,0.025,0.0991,-0.0491
2026-07-01,JCI,0.0038,0.025,0.0991,-0.0491
2026-08-01,JCI,-0.0574,0.025,0.0991,-0.0491
2026-09-01,JCI,0.0865,0.025,0.0991,-0.0491
2025-07-01,JKHY,-0.0574,-0.0089,0.0724,-0.0902
2025-08-01,JKHY,-0.0386,-0.0089,0.0724,-0.0902
2025-09-01,JKHY,-0.0878,-0.0089,0.0724,-0.0902
2025-10-01,JKHY,0.0001,-0.0089,0.0724,-0.0902
2025-11-01,JKHY,0.1715,-0.0089,0.0724,-0.0902
2025-12-01,JKHY,0.0459,-0.0089,0.0724,-0.0902
2026-01-01,JKHY,-0.0179,-0.0089,0.0724,-0.0902
2026-02-01,JKHY,-0.0935,-0.0089,0.0724,-0.0902
2026-03-01,JKHY,-0.0272,-0.0089,0.0724,-0.0902
2026-04-01,JKHY,-0.0271,-0.0089,0.0724,-0.0902
2026-05-01,JKHY,-0.1134,-0.0089,0.0724,-0.0902
2026-06-01,JKHY,0.0104,-0.0089,0.0724,-0.0902
2026-07-01,JKHY,0.1183,-0.0089,0.0724,-0.0902
2026-08-01,JKHY,0.09,-0.0089,0.0724,-0.0902
2026-09-01,JKHY,-0.1198,-0.0089,0.0724,-0.0902
2025-07-01,JNJ,0.0785,0.0393,0.0907,-0.012
2025-08-01,JNJ,0.0755,0.0393,0.0907,-0.012
2025-09-01,JNJ,0.0466,0.0393,0.0907,-0.012
2025-10-01,JNJ,0.0186,0.0393,0.0907,-0.012
2025-11-01,JNJ,0.0956,0.0393,0.0907,-0.012
2025-12-01,JNJ,0.0001,0.0393,0.0907,-0.012
2026-01-01,JNJ,0.0981,0.0393,0.0907,-0.012
2026-02-01,JNJ,0.0932,0.0393,0.0907,-0.012
2026-03-01,JNJ,-0.0161,0.0393,0.0907,-0.012
2026-04-01,JNJ,-0.0597,0.0393,0.0907,-0.012
2026-05-01,JNJ,-0.0197,0.0393,0.0907,-0.012
2026-06-01,JNJ,0.1271,0.0393,0.0907,-0.012
2026-07-01,JNJ,0.0094,0.0393,0.0907,-0.012
2026-08-01,JNJ,0.0371,0.0393,0.0907,-0.012
2026-09-01,JNJ,0.0202,0.0393,0.0907,-0.012
2025-07-01,JNK,-0.0039,-0.0025,0.0065,-0.0115
2025-08-01,JNK,0.0064,-0.0025,0.0065,-0.0115
2025-09-01,JNK,0.0049,-0.0025,0.0065,-0.0115
2025-10-01,JNK,-0.0061,-0.0025,0.0065,-0.0115
2025-11-01,JNK,0.0027,-0.0025,0.0065,-0.0115
2025-12-01,JNK,-0.0045,-0.0025,0.0065,-0.0115
2026-01-01,JNK,0.0063,-0.0025,0.0065,-0.0115
2026-02-01,JNK,-0.0058,-0.0025,0.0065,-0.0115
2026-03-01,JNK,-0.0157,-0.0025,0.0065,-0.0115
2026-04-01,JNK,0.0116,-0.0025,0.0065,-0.0115
2026-05-01,JNK,-0.0006,-0.0025,0.0065,-0.0115
2026-06-01,JNK,-0.0041,-0.0025,0.0065,-0.0115
2026-07-01,JNK,-0.0072,-0.0025,0.0065,-0.0115
2026-08-01,JNK,0.004,-0.0025,0.0065,-0.0115
2026-09-01,JNK,-0.0255,-0.0025,0.0065,-0.0115
2025-07-01,JPM,0.0218,0.0131,0.0555,-0.0293
2025-08-01,JPM,0.0175,0.0131,0.0555,-0.0293
2025-09-01,JPM,0.0465,0.0131,0.0555,-0.0293
2025-10-01,JPM,-0.0137,0.0131,0.0555,-0.0293
2025-11-01,JPM,0.0063,0.0131,0.0555,-0.0293
2025-12-01,JPM,0.0292,0.0131,0.0555,-0.0293
2026-01-01,JPM,-0.0507,0.0131,0.0555,-0.0293
2026-02-01,JPM,-0.0183,0.0131,0.0555,-0.0293
2026-03-01,JPM,-0.0204,0.0131,0.0555,-0.0293
2026-04-01,JPM,0.0648,0.0131,0.0555,-0.0293
2026-05-01,JPM,-0.0444,0.0131,0.0555,-0.0293
2026-06-01,JPM,0.0936,0.0131,0.0555,-0.0293
2026-07-01,JPM,0.0747,0.0131,0.0555,-0.0293
2026-08-01,JPM,0.012,0.0131,0.0555,-0.0293
2026-09-01,JPM,-0.0364,0.0131,0.0555,-0.0293
2025-07-01,KDP,-0.0124,-0.0004,0.0755,-0.0763
2025-08-01,KDP,-0.109,-0.0004,0.0755,-0.0763
2025-09-01,KDP,-0.1231,-0.0004,0.0755,-0.0763
2025-10-01,KDP,0.0647,-0.0004,0.0755,-0.0763
2025-11-01,KDP,0.0272,-0.0004,0.0755,-0.0763
2025-12-01,KDP,0.0039,-0.0004,0.0755,-0.0763
2026-01-01,KDP,-0.0204,-0.0004,0.0755,-0.0763
2026-02-01,KDP,0.1035,-0.0004,0.0755,-0.0763
2026-03-01,KDP,-0.1304,-0.0004,0.0755,-0.0763
2026-04-01,KDP,0.1166,-0.0004,0.0755,-0.0763
2026-05-01,KDP,0.0214,-0.0004,0.0755,-0.0763
2026-06-01,KDP,0.0899,-0.0004,0.0755,-0.0763
2026-07-01,KDP,-0.0492,-0.0004,0.0755,-0.0763
2026-08-01,KDP,0.0238,-0.0004,0.0755,-0.0763
2026-09-01,KDP,0.0028,-0.0004,0.0755,-0.0763
2025-07-01,KEY,0.0287,0.0132,0.0735,-0.047
2025-08-01,KEY,0.0804,0.0132,0.0735,-0.047
2025-09-01,KEY,-0.0346,0.0132,0.0735,-0.047
2025-10-01,KEY,-0.0589,0.0132,0.0735,-0.047
2025-11-01,KEY,0.0449,0.0132,0.0735,-0.047
2025-12-01,KEY,0.123,0.0132,0.0735,-0.047
2026-01-01,KEY,0.0426,0.0132,0.0735,-0.047
2026-02-01,KEY,-0.0362,0.0132,0.0735,-0.047
2026-03-01,KEY,-0.0333,0.0132,0.0735,-0.047
2026-04-01,KEY,0.1027,0.0132,0.0735,-0.047
2026-05-01,KEY,-0.0353,0.0132,0.0735,-0.047
2026-06-01,KEY,0.0806,0.0132,0.0735,-0.047
2026-07-01,KEY,-0.02,0.0132,0.0735,-0.047
2026-08-01,KEY,-0.0434,0.0132,0.0735,-0.047
2026-09-01,KEY,-0.0463,0.0132,0.0735,-0.047
2025-07-01,KEYS,0.0003,0.0569,0.1781,-0.0642
2025-08-01,KEYS,-0.0029,0.0569,0.1781,-0.0642
2025-09-01,KEYS,0.0703,0.0569,0.1781,-0.0642
2025-10-01,KEYS,0.046,0.0569,0.1781,-0.0642
2025-11-01,KEYS,0.0819,0.0569,0.1781,-0.0642
2025-12-01,KEYS,0.0265,0.0569,0.1781,-0.0642
2026-01-01,KEYS,0.0647,0.0569,0.1781,-0.0642
2026-02-01,KEYS,0.4207,0.0569,0.1781,-0.0642
2026-03-01,KEYS,-0.0812,0.0569,0.1781,-0.0642
2026-04-01,KEYS,0.2392,0.0569,0.1781,-0.0642
2026-05-01,KEYS,-0.0331,0.0569,0.1781,-0.0642
2026-06-01,KEYS,0.0347,0.0569,0.1781,-0.0642
2026-07-01,KEYS,-0.0885,0.0569,0.1781,-0.0642
2026-08-01,KEYS,0.0113,0.0569,0.1781,-0.0642
2026-09-01,KEYS,0.1223,0.0569,0.1781,-0.0642
2025-07-01,KHC,0.0635,-0.0048,0.0493,-0.0588
2025-08-01,KHC,0.0186,-0.0048,0.0493,-0.0588
2025-09-01,KHC,-0.069,-0.0048,0.0493,-0.0588
2025-10-01,KHC,-0.0503,-0.0048,0.0493,-0.0588
2025-11-01,KHC,0.0315,-0.0048,0.0493,-0.0588
2025-12-01,KHC,-0.0494,-0.0048,0.0493,-0.0588
2026-01-01,KHC,-0.021,-0.0048,0.0493,-0.0588
2026-02-01,KHC,0.0366,-0.0048,0.0493,-0.0588
2026-03-01,KHC,-0.0861,-0.0048,0.0493,-0.0588
2026-04-01,KHC,0.0076,-0.0048,0.0493,-0.0588
2026-05-01,KHC,0.0596,-0.0048,0.0493,-0.0588
2026-06-01,KHC,-0.0162,-0.0048,0.0493,-0.0588
2026-07-01,KHC,0.0944,-0.0048,0.0493,-0.0588
2026-08-01,KHC,-0.007,-0.0048,0.0493,-0.0588
2026-09-01,KHC,-0.0795,-0.0048,0.0493,-0.0588
2025-07-01,KIM,0.01,0.0045,0.0546,-0.0455
2025-08-01,KIM,0.0594,0.0045,0.0546,-0.0455
2025-09-01,KIM,-0.0285,0.0045,0.0546,-0.0455
2025-10-01,KIM,-0.0545,0.0045,0.0546,-0.0455
2025-12-01,KIM,-0.0189,0.0045,0.0546,-0.0455
2026-01-01,KIM,0.04,0.0045,0.0546,-0.0455
2026-02-01,KIM,0.1172,0.0045,0.0546,-0.0455
2026-03-01,KIM,-0.0459,0.0045,0.0546,-0.0455
2026-04-01,KIM,0.0521,0.0045,0.0546,-0.0455
2026-05-01,KIM,0.0186,0.0045,0.0546,-0.0455
2026-06-01,KIM,0.0527,0.0045,0.0546,-0.0455
2026-07-01,KIM,0.0051,0.0045,0.0546,-0.0455
2026-08-01,KIM,-0.0695,0.0045,0.0546,-0.0455
2026-09-01,KIM,-0.0536,0.0045,0.0546,-0.0455
2025-07-01,KKR,0.1019,-0.0129,0.0858,-0.1117
2025-08-01,KKR,-0.0484,-0.0129,0.0858,-0.1117
2025-09-01,KKR,-0.0684,-0.0129,0.0858,-0.1117
2025-10-01,KKR,-0.0894,-0.0129,0.0858,-0.1117
2025-11-01,KKR,0.0336,-0.0129,0.0858,-0.1117
2025-12-01,KKR,0.0423,-0.0129,0.0858,-0.1117
2026-01-01,KKR,-0.1037,-0.0129,0.0858,-0.1117
2026-02-01,KKR,-0.2326,-0.0129,0.0858,-0.1117
2026-03-01,KKR,0.055,-0.0129,0.0858,-0.1117
2026-04-01,KKR,0.128,-0.0129,0.0858,-0.1117
2026-05-01,KKR,-0.0805,-0.0129,0.0858,-0.1117
2026-06-01,KKR,-0.0434,-0.0129,0.0858,-0.1117
2026-07-01,KKR,0.1051,-0.0129,0.0858,-0.1117
2026-08-01,KKR,0.0817,-0.0129,0.0858,-0.1117
2026-09-01,KKR,-0.1189,-0.0129,0.0858,-0.1117
2025-07-01,KLAC,-0.0186,0.0676,0.2651,-0.1299
2025-08-01,KLAC,-0.008,0.0676,0.2651,-0.1299
2025-09-01,KLAC,0.2369,0.0676,0.2651,-0.1299
2025-10-01,KLAC,0.1206,0.0676,0.2651,-0.1299
2025-11-01,KLAC,-0.0275,0.0676,0.2651,-0.1299
2025-12-01,KLAC,0.0337,0.0676,0.2651,-0.1299
2026-01-01,KLAC,0.1751,0.0676,0.2651,-0.1299
2026-02-01,KLAC,0.0677,0.0676,0.2651,-0.1299
2026-03-01,KLAC,-0.0342,0.0676,0.2651,-0.1299
2026-04-01,KLAC,0.1888,0.0676,0.2651,-0.1299
2026-05-01,KLAC,0.0979,0.0676,0.2651,-0.1299
2026-06-01,KLAC,0.57,0.0676,0.2651,-0.1299
2026-07-01,KLAC,-0.3941,0.0676,0.2651,-0.1299
2026-08-01,KLAC,-0.0403,0.0676,0.2651,-0.1299
2026-09-01,KLAC,0.0711,0.0676,0.2651,-0.1299
2025-07-01,KMB,-0.0334,-0.0162,0.0518,-0.0841
2025-08-01,KMB,0.0363,-0.0162,0.0518,-0.0841
2025-09-01,KMB,-0.0372,-0.0162,0.0518,-0.0841
2025-10-01,KMB,-0.0372,-0.0162,0.0518,-0.0841
2025-11-01,KMB,-0.0885,-0.0162,0.0518,-0.0841
2025-12-01,KMB,-0.0754,-0.0162,0.0518,-0.0841
2026-01-01,KMB,-0.0089,-0.0162,0.0518,-0.0841
2026-02-01,KMB,0.1145,-0.0162,0.0518,-0.0841
2026-03-01,KMB,-0.1343,-0.0162,0.0518,-0.0841
2026-04-01,KMB,0.0203,-0.0162,0.0518,-0.0841
2026-05-01,KMB,-0.0084,-0.0162,0.0518,-0.0841
2026-06-01,KMB,0.1247,-0.0162,0.0518,-0.0841
2026-07-01,KMB,-0.0042,-0.0162,0.0518,-0.0841
2026-08-01,KMB,-0.0124,-0.0162,0.0518,-0.0841
2026-09-01,KMB,-0.0882,-0.0162,0.0518,-0.0841
2025-07-01,KMI,-0.0456,0.003,0.0541,-0.0481
2025-08-01,KMI,-0.0385,0.003,0.0541,-0.0481
2025-09-01,KMI,0.0493,0.003,0.0541,-0.0481
2025-10-01,KMI,-0.0749,0.003,0.0541,-0.0481
2025-11-01,KMI,0.0431,0.003,0.0541,-0.0481
2025-12-01,KMI,0.0062,0.003,0.0541,-0.0481
2026-01-01,KMI,0.1091,0.003,0.0541,-0.0481
2026-02-01,KMI,0.0912,0.003,0.0541,-0.0481
2026-03-01,KMI,0.0078,0.003,0.0541,-0.0481
2026-04-01,KMI,-0.0197,0.003,0.0541,-0.0481
2026-05-01,KMI,-0.0545,0.003,0.0541,-0.0481
2026-06-01,KMI,0.0286,0.003,0.0541,-0.0481
2026-07-01,KMI,0.0066,0.003,0.0541,-0.0481
2026-08-01,KMI,0.0019,0.003,0.0541,-0.0481
2026-09-01,KMI,-0.0462,0.003,0.0541,-0.0481
2025-07-01,KO,-0.0404,0.0146,0.0616,-0.0325
2025-08-01,KO,0.0162,0.0146,0.0616,-0.0325
2025-09-01,KO,-0.0387,0.0146,0.0616,-0.0325
2025-10-01,KO,0.0389,0.0146,0.0616,-0.0325
2025-11-01,KO,0.0612,0.0146,0.0616,-0.0325
2025-12-01,KO,-0.0439,0.0146,0.0616,-0.0325
2026-01-01,KO,0.0701,0.0146,0.0616,-0.0325
2026-02-01,KO,0.0902,0.0146,0.0616,-0.0325
2026-03-01,KO,-0.0676,0.0146,0.0616,-0.0325
2026-04-01,KO,0.0356,0.0146,0.0616,-0.0325
2026-05-01,KO,0.0032,0.0146,0.0616,-0.0325
2026-06-01,KO,0.0286,0.0146,0.0616,-0.0325
2026-07-01,KO,0.0778,0.0146,0.0616,-0.0325
2026-08-01,KO,0.0123,0.0146,0.0616,-0.0325
2026-09-01,KO,-0.0097,0.0146,0.0616,-0.0325
2025-07-01,KR,-0.0227,-0.0128,0.0425,-0.0682
2025-08-01,KR,-0.0322,-0.0128,0.0425,-0.0682
2025-09-01,KR,-0.0063,-0.0128,0.0425,-0.0682
2025-10-01,KR,-0.0561,-0.0128,0.0425,-0.0682
2025-11-01,KR,0.0574,-0.0128,0.0425,-0.0682
2025-12-01,KR,-0.0713,-0.0128,0.0425,-0.0682
2026-01-01,KR,0.0059,-0.0128,0.0425,-0.0682
2026-02-01,KR,0.0858,-0.0128,0.0425,-0.0682
2026-03-01,KR,0.0604,-0.0128,0.0425,-0.0682
2026-04-01,KR,-0.0593,-0.0128,0.0425,-0.0682
2026-05-01,KR,-0.087,-0.0128,0.0425,-0.0682
2026-06-01,KR,-0.1065,-0.0128,0.0425,-0.0682
2026-07-01,KR,0.0398,-0.0128,0.0425,-0.0682
2026-08-01,KR,-0.0035,-0.0128,0.0425,-0.0682
2026-09-01,KR,0.0209,-0.0128,0.0425,-0.0682
2025-07-01,KVUE,0.0244,-0.0086,0.0867,-0.1039
2025-08-01,KVUE,-0.034,-0.0086,0.0867,-0.1039
2025-09-01,KVUE,-0.2163,-0.0086,0.0867,-0.1039
2025-10-01,KVUE,-0.1146,-0.0086,0.0867,-0.1039
2025-11-01,KVUE,0.2074,-0.0086,0.0867,-0.1039
2025-12-01,KVUE,-0.0058,-0.0086,0.0867,-0.1039
2026-01-01,KVUE,0.0087,-0.0086,0.0867,-0.1039
2026-02-01,KVUE,0.0989,-0.0086,0.0867,-0.1039
2026-03-01,KVUE,-0.0983,-0.0086,0.0867,-0.1039
2026-04-01,KVUE,0.0168,-0.0086,0.0867,-0.1039
2026-05-01,KVUE,-0.0143,-0.0086,0.0867,-0.1039
2026-06-01,KVUE,0.1059,-0.0086,0.0867,-0.1039
2026-07-01,KVUE,0.0068,-0.0086,0.0867,-0.1039
2026-08-01,KVUE,-0.0187,-0.0086,0.0867,-0.1039
2026-09-01,KVUE,-0.0572,-0.0086,0.0867,-0.1039
2025-07-01,L,-0.0122,0.0098,0.0606,-0.0409
2025-08-01,L,0.0691,0.0098,0.0606,-0.0409
2025-09-01,L,0.0371,0.0098,0.0606,-0.0409
2025-10-01,L,-0.0083,0.0098,0.0606,-0.0409
2025-11-01,L,0.0835,0.0098,0.0606,-0.0409
2025-12-01,L,-0.0237,0.0098,0.0606,-0.0409
2026-01-01,L,0.0025,0.0098,0.0606,-0.0409
2026-02-01,L,0.0422,0.0098,0.0606,-0.0409
2026-03-01,L,-0.0298,0.0098,0.0606,-0.0409
2026-04-01,L,0.055,0.0098,0.0606,-0.0409
2026-05-01,L,-0.0805,0.0098,0.0606,-0.0409
2026-06-01,L,0.0933,0.0098,0.0606,-0.0409
2026-07-01,L,0.0247,0.0098,0.0606,-0.0409
2026-08-01,L,-0.0665,0.0098,0.0606,-0.0409
2026-09-01,L,-0.032,0.0098,0.0606,-0.0409
2025-07-01,LDOS,0.012,-0.0089,0.0994,-0.1172
2025-08-01,LDOS,0.1332,-0.0089,0.0994,-0.1172
2025-09-01,LDOS,0.0444,-0.0089,0.0994,-0.1172
2025-10-01,LDOS,0.008,-0.0089,0.0994,-0.1172
2025-11-01,LDOS,0.0033,-0.0089,0.0994,-0.1172
2025-12-01,LDOS,-0.056,-0.0089,0.0994,-0.1172
2026-01-01,LDOS,0.0437,-0.0089,0.0994,-0.1172
2026-02-01,LDOS,-0.07,-0.0089,0.0994,-0.1172
2026-03-01,LDOS,-0.1118,-0.0089,0.0994,-0.1172
2026-04-01,LDOS,-0.0405,-0.0089,0.0994,-0.1172
2026-05-01,LDOS,-0.1435,-0.0089,0.0994,-0.1172
2026-06-01,LDOS,-0.1943,-0.0089,0.0994,-0.1172
2026-07-01,LDOS,0.1227,-0.0089,0.0994,-0.1172
2026-08-01,LDOS,0.2129,-0.0089,0.0994,-0.1172
2026-09-01,LDOS,-0.1184,-0.0089,0.0994,-0.1172
2025-07-01,LEN,0.0142,-0.0165,0.0888,-0.1217
2025-08-01,LEN,0.1868,-0.0165,0.0888,-0.1217
2025-09-01,LEN,-0.0533,-0.0165,0.0888,-0.1217
2025-10-01,LEN,-0.018,-0.0165,0.0888,-0.1217
2025-11-01,LEN,0.0608,-0.0165,0.0888,-0.1217
2025-12-01,LEN,-0.2171,-0.0165,0.0888,-0.1217
2026-01-01,LEN,0.0637,-0.0165,0.0888,-0.1217
2026-02-01,LEN,0.0458,-0.0165,0.0888,-0.1217
2026-03-01,LEN,-0.2406,-0.0165,0.0888,-0.1217
2026-04-01,LEN,0.0398,-0.0165,0.0888,-0.1217
2026-05-01,LEN,-0.0058,-0.0165,0.0888,-0.1217
2026-06-01,LEN,0.0079,-0.0165,0.0888,-0.1217
2026-07-01,LEN,-0.09,-0.0165,0.0888,-0.1217
2026-08-01,LEN,0.0214,-0.0165,0.0888,-0.1217
2026-09-01,LEN,-0.0233,-0.0165,0.0888,-0.1217
2025-07-01,LH,-0.0093,0.012,0.0813,-0.0574
2025-08-01,LH,0.0689,0.012,0.0813,-0.0574
2025-09-01,LH,0.0326,0.012,0.0813,-0.0574
2025-10-01,LH,-0.1153,0.012,0.0813,-0.0574
2025-11-01,LH,0.0584,0.012,0.0813,-0.0574
2025-12-01,LH,-0.0666,0.012,0.0813,-0.0574
2026-01-01,LH,0.0823,0.012,0.0813,-0.0574
2026-02-01,LH,0.0648,0.012,0.0813,-0.0574
2026-03-01,LH,-0.0772,0.012,0.0813,-0.0574
2026-04-01,LH,-0.0375,0.012,0.0813,-0.0574
2026-05-01,LH,0.0127,0.012,0.0813,-0.0574
2026-06-01,LH,0.0767,0.012,0.0813,-0.0574
2026-07-01,LH,0.1043,0.012,0.0813,-0.0574
2026-08-01,LH,0.0759,0.012,0.0813,-0.0574
2026-09-01,LH,-0.0692,0.012,0.0813,-0.0574
2025-07-01,LHX,0.0956,-0.0009,0.0752,-0.077
2025-08-01,LHX,0.0102,-0.0009,0.0752,-0.077
2025-09-01,LHX,0.1001,-0.0009,0.0752,-0.077
2025-10-01,LHX,-0.0534,-0.0009,0.0752,-0.077
2025-11-01,LHX,-0.036,-0.0009,0.0752,-0.077
2025-12-01,LHX,0.0534,-0.0009,0.0752,-0.077
2026-01-01,LHX,0.1679,-0.0009,0.0752,-0.077
2026-02-01,LHX,0.0633,-0.0009,0.0752,-0.077
2026-03-01,LHX,-0.0532,-0.0009,0.0752,-0.077
2026-04-01,LHX,-0.0713,-0.0009,0.0752,-0.077
2026-05-01,LHX,-0.0168,-0.0009,0.0752,-0.077
2026-06-01,LHX,-0.078,-0.0009,0.0752,-0.077
2026-07-01,LHX,-0.0466,-0.0009,0.0752,-0.077
2026-08-01,LHX,-0.039,-0.0009,0.0752,-0.077
2026-09-01,LHX,-0.1073,-0.0009,0.0752,-0.077
2025-07-01,LII,0.0624,-0.0235,0.0919,-0.139
2025-08-01,LII,-0.084,-0.0235,0.0919,-0.139
2025-09-01,LII,-0.0511,-0.0235,0.0919,-0.139
2025-10-01,LII,-0.046,-0.0235,0.0919,-0.139
2025-11-01,LII,-0.0121,-0.0235,0.0919,-0.139
2025-12-01,LII,-0.0266,-0.0235,0.0919,-0.139
2026-01-01,LII,0.0196,-0.0235,0.0919,-0.139
2026-02-01,LII,0.1512,-0.0235,0.0919,-0.139
2026-03-01,LII,-0.1857,-0.0235,0.0919,-0.139
2026-04-01,LII,0.1525,-0.0235,0.0919,-0.139
2026-05-01,LII,-0.0612,-0.0235,0.0919,-0.139
2026-06-01,LII,0.141,-0.0235,0.0919,-0.139
2026-07-01,LII,-0.2741,-0.0235,0.0919,-0.139
2026-08-01,LII,-0.0799,-0.0235,0.0919,-0.139
2026-09-01,LII,-0.0232,-0.0235,0.0919,-0.139
2025-07-01,LIN,-0.019,0.0001,0.0562,-0.056
2025-08-01,LIN,0.0392,0.0001,0.0562,-0.056
2025-09-01,LIN,-0.0069,0.0001,0.0562,-0.056
2025-10-01,LIN,-0.1194,0.0001,0.0562,-0.056
2025-11-01,LIN,-0.0191,0.0001,0.0562,-0.056
2025-12-01,LIN,0.0392,0.0001,0.0562,-0.056
2026-01-01,LIN,0.0717,0.0001,0.0562,-0.056
2026-02-01,LIN,0.1118,0.0001,0.0562,-0.056
2026-03-01,LIN,-0.0242,0.0001,0.0562,-0.056
2026-04-01,LIN,0.0109,0.0001,0.0562,-0.056
2026-05-01,LIN,-0.0069,0.0001,0.0562,-0.056
2026-06-01,LIN,0.0427,0.0001,0.0562,-0.056
2026-07-01,LIN,-0.0782,0.0001,0.0562,-0.056
2026-08-01,LIN,0.0234,0.0001,0.0562,-0.056
2026-09-01,LIN,-0.0402,0.0001,0.0562,-0.056
2025-07-01,LITE,0.158,0.1811,0.4148,-0.0526
2025-08-01,LITE,0.2065,0.1811,0.4148,-0.0526
2025-09-01,LITE,0.2251,0.1811,0.4148,-0.0526
2025-10-01,LITE,0.2388,0.1811,0.4148,-0.0526
2025-11-01,LITE,0.6132,0.1811,0.4148,-0.0526
2025-12-01,LITE,0.1336,0.1811,0.4148,-0.0526
2026-01-01,LITE,0.0631,0.1811,0.4148,-0.0526
2026-02-01,LITE,0.7888,0.1811,0.4148,-0.0526
2026-03-01,LITE,0.0026,0.1811,0.4148,-0.0526
2026-04-01,LITE,0.284,0.1811,0.4148,-0.0526
2026-05-01,LITE,-0.0525,0.1811,0.4148,-0.0526
2026-06-01,LITE,0.0036,0.1811,0.4148,-0.0526
2026-07-01,LITE,-0.168,0.1811,0.4148,-0.0526
2026-08-01,LITE,0.2813,0.1811,0.4148,-0.0526
2026-09-01,LITE,0.0294,0.1811,0.4148,-0.0526
2025-07-01,LLY,-0.0506,0.0302,0.1216,-0.0611
2025-08-01,LLY,-0.0101,0.0302,0.1216,-0.0611
2025-09-01,LLY,0.0415,0.0302,0.1216,-0.0611
2025-10-01,LLY,0.1309,0.0302,0.1216,-0.0611
2025-11-01,LLY,0.2464,0.0302,0.1216,-0.0611
2025-12-01,LLY,-0.0007,0.0302,0.1216,-0.0611
2026-01-01,LLY,-0.0349,0.0302,0.1216,-0.0611
2026-02-01,LLY,0.0143,0.0302,0.1216,-0.0611
2026-03-01,LLY,-0.1257,0.0302,0.1216,-0.0611
2026-04-01,LLY,0.0161,0.0302,0.1216,-0.0611
2026-05-01,LLY,0.1823,0.0302,0.1216,-0.0611
2026-06-01,LLY,0.0855,0.0302,0.1216,-0.0611
2026-07-01,LLY,-0.0422,0.0302,0.1216,-0.0611
2026-08-01,LLY,0.0069,0.0302,0.1216,-0.0611
2026-09-01,LLY,0.0231,0.0302,0.1216,-0.0611
2025-07-01,LMT,-0.091,0.0131,0.1235,-0.0973
2025-08-01,LMT,0.0823,0.0131,0.1235,-0.0973
2025-09-01,LMT,0.0956,0.0131,0.1235,-0.0973
2025-10-01,LMT,-0.0147,0.0131,0.1235,-0.0973
2025-11-01,LMT,-0.0692,0.0131,0.1235,-0.0973
2025-12-01,LMT,0.0564,0.0131,0.1235,-0.0973
2026-01-01,LMT,0.3113,0.0131,0.1235,-0.0973
2026-02-01,LMT,0.0376,0.0131,0.1235,-0.0973
2026-03-01,LMT,-0.0816,0.0131,0.1235,-0.0973
2026-04-01,LMT,-0.143,0.0131,0.1235,-0.0973
2026-05-01,LMT,0.0241,0.0131,0.1235,-0.0973
2026-06-01,LMT,-0.0396,0.0131,0.1235,-0.0973
2026-07-01,LMT,0.1438,0.0131,0.1235,-0.0973
2026-08-01,LMT,-0.0369,0.0131,0.1235,-0.0973
2026-09-01,LMT,-0.0742,0.0131,0.1235,-0.0973
2025-07-01,LNT,0.0751,0.004,0.0545,-0.0465
2025-08-01,LNT,0.0009,0.004,0.0545,-0.0465
2025-09-01,LNT,0.036,0.004,0.0545,-0.0465
2025-10-01,LNT,-0.0088,0.004,0.0545,-0.0465
2025-11-01,LNT,0.0397,0.004,0.0545,-0.0465
2025-12-01,LNT,-0.0642,0.004,0.0545,-0.0465
2026-01-01,LNT,0.0138,0.004,0.0545,-0.0465
2026-02-01,LNT,0.0976,0.004,0.0545,-0.0465
2026-03-01,LNT,-0.008,0.004,0.0545,-0.0465
2026-04-01,LNT,0.0233,0.004,0.0545,-0.0465
2026-05-01,LNT,-0.0248,0.004,0.0545,-0.0465
2026-06-01,LNT,0.0654,0.004,0.0545,-0.0465
2026-07-01,LNT,-0.0722,0.004,0.0545,-0.0465
2026-08-01,LNT,-0.0396,0.004,0.0545,-0.0465
2026-09-01,LNT,-0.0644,0.004,0.0545,-0.0465
2025-07-01,LOW,0.0077,-0.0087,0.0597,-0.0771
2025-08-01,LOW,0.1543,-0.0087,0.0597,-0.0771
2025-09-01,LOW,-0.0262,-0.0087,0.0597,-0.0771
2025-10-01,LOW,-0.0524,-0.0087,0.0597,-0.0771
2025-11-01,LOW,0.0183,-0.0087,0.0597,-0.0771
2025-12-01,LOW,-0.0054,-0.0087,0.0597,-0.0771
2026-01-01,LOW,0.1074,-0.0087,0.0597,-0.0771
2026-02-01,LOW,-0.0093,-0.0087,0.0597,-0.0771
2026-03-01,LOW,-0.1069,-0.0087,0.0597,-0.0771
2026-04-01,LOW,0.0106,-0.0087,0.0597,-0.0771
2026-05-01,LOW,-0.1023,-0.0087,0.0597,-0.0771
2026-06-01,LOW,0.0286,-0.0087,0.0597,-0.0771
2026-07-01,LOW,-0.0575,-0.0087,0.0597,-0.0771
2026-08-01,LOW,-0.015,-0.0087,0.0597,-0.0771
2026-09-01,LOW,-0.0753,-0.0087,0.0597,-0.0771
2025-07-01,LQD,-0.0046,-0.0041,0.0087,-0.017
2025-08-01,LQD,0.0063,-0.0041,0.0087,-0.017
2025-09-01,LQD,0.0152,-0.0041,0.0087,-0.017
2025-10-01,LQD,-0.0022,-0.0041,0.0087,-0.017
2025-11-01,LQD,0.0057,-0.0041,0.0087,-0.017
2025-12-01,LQD,-0.0149,-0.0041,0.0087,-0.017
2026-01-01,LQD,0.0034,-0.0041,0.0087,-0.017
2026-02-01,LQD,0.01,-0.0041,0.0087,-0.017
2026-03-01,LQD,-0.0241,-0.0041,0.0087,-0.017
2026-04-01,LQD,-0.0013,-0.0041,0.0087,-0.017
2026-05-01,LQD,0.0047,-0.0041,0.0087,-0.017
2026-06-01,LQD,-0.0027,-0.0041,0.0087,-0.017
2026-07-01,LQD,-0.0259,-0.0041,0.0087,-0.017
2026-08-01,LQD,-0.0004,-0.0041,0.0087,-0.017
2026-09-01,LQD,-0.0282,-0.0041,0.0087,-0.017
2025-07-01,LRCX,-0.0257,0.0961,0.2788,-0.0866
2025-08-01,LRCX,0.056,0.0961,0.2788,-0.0866
2025-09-01,LRCX,0.337,0.0961,0.2788,-0.0866
2025-10-01,LRCX,0.176,0.0961,0.2788,-0.0866
2025-11-01,LRCX,-0.0093,0.0961,0.2788,-0.0866
2025-12-01,LRCX,0.0973,0.0961,0.2788,-0.0866
2026-01-01,LRCX,0.3638,0.0961,0.2788,-0.0866
2026-02-01,LRCX,0.0018,0.0961,0.2788,-0.0866
2026-03-01,LRCX,-0.0865,0.0961,0.2788,-0.0866
2026-04-01,LRCX,0.2069,0.0961,0.2788,-0.0866
2026-05-01,LRCX,0.2339,0.0961,0.2788,-0.0866
2026-06-01,LRCX,0.3619,0.0961,0.2788,-0.0866
2026-07-01,LRCX,-0.3238,0.0961,0.2788,-0.0866
2026-08-01,LRCX,0.0289,0.0961,0.2788,-0.0866
2026-09-01,LRCX,0.0455,0.0961,0.2788,-0.0866
2025-07-01,LULU,-0.1559,-0.0507,0.0461,-0.1475
2025-08-01,LULU,0.0083,-0.0507,0.0461,-0.1475
2025-09-01,LULU,-0.12,-0.0507,0.0461,-0.1475
2025-10-01,LULU,-0.0415,-0.0507,0.0461,-0.1475
2025-11-01,LULU,0.08,-0.0507,0.0461,-0.1475
2025-12-01,LULU,0.1283,-0.0507,0.0461,-0.1475
2026-01-01,LULU,-0.1603,-0.0507,0.0461,-0.1475
2026-02-01,LULU,0.0611,-0.0507,0.0461,-0.1475
2026-03-01,LULU,-0.1732,-0.0507,0.0461,-0.1475
2026-04-01,LULU,-0.1006,-0.0507,0.0461,-0.1475
2026-05-01,LULU,-0.0473,-0.0507,0.0461,-0.1475
2026-06-01,LULU,-0.1296,-0.0507,0.0461,-0.1475
2026-07-01,LULU,0.0411,-0.0507,0.0461,-0.1475
2026-08-01,LULU,0.0117,-0.0507,0.0461,-0.1475
2026-09-01,LULU,-0.1577,-0.0507,0.0461,-0.1475
2025-07-01,LUV,-0.0465,0.023,0.1511,-0.105
2025-08-01,LUV,0.0637,0.023,0.1511,-0.105
2025-09-01,LUV,-0.0301,0.023,0.1511,-0.105
2025-10-01,LUV,-0.0505,0.023,0.1511,-0.105
2025-11-01,LUV,0.1488,0.023,0.1511,-0.105
2025-12-01,LUV,0.1873,0.023,0.1511,-0.105
2026-01-01,LUV,0.1498,0.023,0.1511,-0.105
2026-02-01,LUV,0.0366,0.023,0.1511,-0.105
2026-03-01,LUV,-0.2373,0.023,0.1511,-0.105
2026-04-01,LUV,0.0093,0.023,0.1511,-0.105
2026-05-01,LUV,0.1326,0.023,0.1511,-0.105
2026-06-01,LUV,0.1972,0.023,0.1511,-0.105
2026-07-01,LUV,-0.1254,0.023,0.1511,-0.105
2026-08-01,LUV,-0.1432,0.023,0.1511,-0.105
2026-09-01,LUV,0.1077,0.023,0.1511,-0.105
2025-07-01,LVS,0.2043,-0.0002,0.1075,-0.1079
2025-08-01,LVS,0.0998,-0.0002,0.1075,-0.1079
2025-09-01,LVS,-0.0666,-0.0002,0.1075,-0.1079
2025-10-01,LVS,0.1034,-0.0002,0.1075,-0.1079
2025-11-01,LVS,0.1484,-0.0002,0.1075,-0.1079
2025-12-01,LVS,-0.045,-0.0002,0.1075,-0.1079
2026-01-01,LVS,-0.1899,-0.0002,0.1075,-0.1079
2026-02-01,LVS,0.0757,-0.0002,0.1075,-0.1079
2026-03-01,LVS,-0.0501,-0.0002,0.1075,-0.1079
2026-04-01,LVS,0.0135,-0.0002,0.1075,-0.1079
2026-05-01,LVS,-0.074,-0.0002,0.1075,-0.1079
2026-06-01,LVS,-0.0866,-0.0002,0.1075,-0.1079
2026-07-01,LVS,0.0585,-0.0002,0.1075,-0.1079
2026-08-01,LVS,-0.1039,-0.0002,0.1075,-0.1079
2026-09-01,LVS,-0.11,-0.0002,0.1075,-0.1079
2025-07-01,LYB,0.0012,0.0114,0.1659,-0.143
2025-08-01,LYB,-0.0273,0.0114,0.1659,-0.143
2025-09-01,LYB,-0.1297,0.0114,0.1659,-0.143
2025-10-01,LYB,-0.0534,0.0114,0.1659,-0.143
2025-11-01,LYB,0.0554,0.0114,0.1659,-0.143
2025-12-01,LYB,-0.1161,0.0114,0.1659,-0.143
2026-01-01,LYB,0.1316,0.0114,0.1659,-0.143
2026-02-01,LYB,0.1739,0.0114,0.1659,-0.143
2026-03-01,LYB,0.4006,0.0114,0.1659,-0.143
2026-04-01,LYB,-0.074,0.0114,0.1659,-0.143
2026-05-01,LYB,-0.1066,0.0114,0.1659,-0.143
2026-06-01,LYB,-0.2101,0.0114,0.1659,-0.143
2026-07-01,LYB,0.1791,0.0114,0.1659,-0.143
2026-08-01,LYB,0.0483,0.0114,0.1659,-0.143
2026-09-01,LYB,-0.1066,0.0114,0.1659,-0.143
2025-07-01,LYV,-0.0237,0.0103,0.0832,-0.0627
2025-08-01,LYV,0.1272,0.0103,0.0832,-0.0627
2025-09-01,LYV,-0.0186,0.0103,0.0832,-0.0627
2025-10-01,LYV,-0.0849,0.0103,0.0832,-0.0627
2025-11-01,LYV,-0.1209,0.0103,0.0832,-0.0627
2025-12-01,LYV,0.0841,0.0103,0.0832,-0.0627
2026-01-01,LYV,0.0207,0.0103,0.0832,-0.0627
2026-02-01,LYV,0.1147,0.0103,0.0832,-0.0627
2026-03-01,LYV,-0.0594,0.0103,0.0832,-0.0627
2026-04-01,LYV,0.0356,0.0103,0.0832,-0.0627
2026-05-01,LYV,0.0663,0.0103,0.0832,-0.0627
2026-06-01,LYV,0.0873,0.0103,0.0832,-0.0627
2026-07-01,LYV,-0.049,0.0103,0.0832,-0.0627
2026-08-01,LYV,0.0331,0.0103,0.0832,-0.0627
2026-09-01,LYV,-0.0501,0.0103,0.0832,-0.0627
2025-07-01,MA,0.0081,0.0026,0.048,-0.0428
2025-08-01,MA,0.0509,0.0026,0.048,-0.0428
2025-09-01,MA,-0.0445,0.0026,0.048,-0.0428
2025-10-01,MA,-0.0296,0.0026,0.048,-0.0428
2025-11-01,MA,-0.0026,0.0026,0.048,-0.0428
2025-12-01,MA,0.037,0.0026,0.048,-0.0428
2026-01-01,MA,-0.0562,0.0026,0.048,-0.0428
2026-02-01,MA,-0.0401,0.0026,0.048,-0.0428
2026-03-01,MA,-0.0339,0.0026,0.048,-0.0428
2026-04-01,MA,0.0065,0.0026,0.048,-0.0428
2026-05-01,MA,-0.0178,0.0026,0.048,-0.0428
2026-06-01,MA,0.0397,0.0026,0.048,-0.0428
2026-07-01,MA,0.1158,0.0026,0.048,-0.0428
2026-08-01,MA,0.0283,0.0026,0.048,-0.0428
2026-09-01,MA,-0.0368,0.0026,0.048,-0.0428
2025-07-01,MAA,-0.0377,-0.0143,0.0371,-0.0657
2025-08-01,MAA,0.0238,-0.0143,0.0371,-0.0657
2025-09-01,MAA,-0.0418,-0.0143,0.0371,-0.0657
2025-10-01,MAA,-0.0823,-0.0143,0.0371,-0.0657
2025-11-01,MAA,0.0597,-0.0143,0.0371,-0.0657
2025-12-01,MAA,0.0222,-0.0143,0.0371,-0.0657
2026-01-01,MAA,-0.0332,-0.0143,0.0371,-0.0657
2026-02-01,MAA,-0.0033,-0.0143,0.0371,-0.0657
2026-03-01,MAA,-0.0877,-0.0143,0.0371,-0.0657
2026-04-01,MAA,0.0578,-0.0143,0.0371,-0.0657
2026-05-01,MAA,-0.0009,-0.0143,0.0371,-0.0657
2026-06-01,MAA,0.0765,-0.0143,0.0371,-0.0657
2026-07-01,MAA,-0.0475,-0.0143,0.0371,-0.0657
2026-08-01,MAA,-0.0264,-0.0143,0.0371,-0.0657
2026-09-01,MAA,-0.0815,-0.0143,0.0371,-0.0657
2025-07-01,MAR,-0.0343,0.0168,0.0768,-0.0432
2025-08-01,MAR,0.0153,0.0168,0.0768,-0.0432
2025-09-01,MAR,-0.0277,0.0168,0.0768,-0.0432
2025-10-01,MAR,0.0005,0.0168,0.0768,-0.0432
2025-11-01,MAR,0.1697,0.0168,0.0768,-0.0432
2025-12-01,MAR,0.0179,0.0168,0.0768,-0.0432
2026-01-01,MAR,0.0163,0.0168,0.0768,-0.0432
2026-02-01,MAR,0.0838,0.0168,0.0768,-0.0432
2026-03-01,MAR,-0.0429,0.0168,0.0768,-0.0432
2026-04-01,MAR,0.1058,0.0168,0.0768,-0.0432
2026-05-01,MAR,0.0385,0.0168,0.0768,-0.0432
2026-06-01,MAR,-0.0133,0.0168,0.0768,-0.0432
2026-07-01,MAR,0.006,0.0168,0.0768,-0.0432
2026-08-01,MAR,-0.0833,0.0168,0.0768,-0.0432
2026-09-01,MAR,0.0301,0.0168,0.0768,-0.0432
2025-07-01,MAS,0.0586,0.0072,0.101,-0.0866
2025-08-01,MAS,0.0772,0.0072,0.101,-0.0866
2025-09-01,MAS,-0.0409,0.0072,0.101,-0.0866
2025-10-01,MAS,-0.08,0.0072,0.101,-0.0866
2025-11-01,MAS,0.0017,0.0072,0.101,-0.0866
2025-12-01,MAS,-0.0217,0.0072,0.101,-0.0866
2026-01-01,MAS,0.0414,0.0072,0.101,-0.0866
2026-02-01,MAS,0.0837,0.0072,0.101,-0.0866
2026-03-01,MAS,-0.1571,0.0072,0.101,-0.0866
2026-04-01,MAS,0.1897,0.0072,0.101,-0.0866
2026-05-01,MAS,-0.0219,0.0072,0.101,-0.0866
2026-06-01,MAS,0.1583,0.0072,0.101,-0.0866
2026-07-01,MAS,-0.1215,0.0072,0.101,-0.0866
2026-08-01,MAS,0.0095,0.0072,0.101,-0.0866
2026-09-01,MAS,-0.0459,0.0072,0.101,-0.0866
2025-07-01,MCD,0.027,-0.0133,0.0357,-0.0622
2025-08-01,MCD,0.0449,-0.0133,0.0357,-0.0622
2025-09-01,MCD,-0.0308,-0.0133,0.0357,-0.0622
2025-10-01,MCD,-0.018,-0.0133,0.0357,-0.0622
2025-11-01,MCD,0.0449,-0.0133,0.0357,-0.0622
2025-12-01,MCD,-0.0199,-0.0133,0.0357,-0.0622
2026-01-01,MCD,0.0307,-0.0133,0.0357,-0.0622
2026-02-01,MCD,0.0827,-0.0133,0.0357,-0.0622
2026-03-01,MCD,-0.0888,-0.0133,0.0357,-0.0622
2026-04-01,MCD,-0.0553,-0.0133,0.0357,-0.0622
2026-05-01,MCD,-0.049,-0.0133,0.0357,-0.0622
2026-06-01,MCD,-0.0318,-0.0133,0.0357,-0.0622
2026-07-01,MCD,0.0012,-0.0133,0.0357,-0.0622
2026-08-01,MCD,-0.0262,-0.0133,0.0357,-0.0622
2026-09-01,MCD,-0.1026,-0.0133,0.0357,-0.0622
2025-07-01,MCHI,0.0423,-0.0011,0.0509,-0.053
2025-08-01,MCHI,0.0676,-0.0011,0.0509,-0.053
2025-09-01,MCHI,0.0741,-0.0011,0.0509,-0.053
2025-10-01,MCHI,-0.0346,-0.0011,0.0509,-0.053
2025-11-01,MCHI,-0.0216,-0.0011,0.0509,-0.053
2025-12-01,MCHI,-0.0342,-0.0011,0.0509,-0.053
2026-01-01,MCHI,0.0388,-0.0011,0.0509,-0.053
2026-02-01,MCHI,-0.0535,-0.0011,0.0509,-0.053
2026-03-01,MCHI,-0.0488,-0.0011,0.0509,-0.053
2026-04-01,MCHI,0.0247,-0.0011,0.0509,-0.053
2026-05-01,MCHI,-0.0429,-0.0011,0.0509,-0.053
2026-06-01,MCHI,-0.0739,-0.0011,0.0509,-0.053
2026-07-01,MCHI,0.0935,-0.0011,0.0509,-0.053
2026-08-01,MCHI,-0.0194,-0.0011,0.0509,-0.053
2026-09-01,MCHI,-0.0384,-0.0011,0.0509,-0.053
2025-07-01,MCHP,-0.0395,0.0169,0.1691,-0.1352
2025-08-01,MCHP,-0.0383,0.0169,0.1691,-0.1352
2025-09-01,MCHP,-0.012,0.0169,0.1691,-0.1352
2025-10-01,MCHP,-0.028,0.0169,0.1691,-0.1352
2025-11-01,MCHP,-0.1416,0.0169,0.1691,-0.1352
2025-12-01,MCHP,0.1893,0.0169,0.1691,-0.1352
2026-01-01,MCHP,0.1915,0.0169,0.1691,-0.1352
2026-02-01,MCHP,-0.0169,0.0169,0.1691,-0.1352
2026-03-01,MCHP,-0.1344,0.0169,0.1691,-0.1352
2026-04-01,MCHP,0.438,0.0169,0.1691,-0.1352
2026-05-01,MCHP,0.0187,0.0169,0.1691,-0.1352
2026-06-01,MCHP,-0.0365,0.0169,0.1691,-0.1352
2026-07-01,MCHP,-0.1854,0.0169,0.1691,-0.1352
2026-08-01,MCHP,-0.0113,0.0169,0.1691,-0.1352
2026-09-01,MCHP,0.0713,0.0169,0.1691,-0.1352
2025-07-01,MCK,-0.0535,0.0135,0.0996,-0.0725
2025-08-01,MCK,-0.0099,0.0135,0.0996,-0.0725
2025-09-01,MCK,0.1251,0.0135,0.0996,-0.0725
2025-10-01,MCK,0.0502,0.0135,0.0996,-0.0725
2025-11-01,MCK,0.086,0.0135,0.0996,-0.0725
2025-12-01,MCK,-0.069,0.0135,0.0996,-0.0725
2026-01-01,MCK,0.0133,0.0135,0.0996,-0.0725
2026-02-01,MCK,0.1879,0.0135,0.0996,-0.0725
2026-03-01,MCK,-0.1236,0.0135,0.0996,-0.0725
2026-04-01,MCK,-0.058,0.0135,0.0996,-0.0725
2026-05-01,MCK,-0.0893,0.0135,0.0996,-0.0725
2026-06-01,MCK,0.0177,0.0135,0.0996,-0.0725
2026-07-01,MCK,0.1331,0.0135,0.0996,-0.0725
2026-08-01,MCK,0.034,0.0135,0.0996,-0.0725
2026-09-01,MCK,-0.0211,0.0135,0.0996,-0.0725
2025-07-01,MCO,0.0282,-0.0023,0.0461,-0.0508
2025-08-01,MCO,-0.0116,-0.0023,0.0461,-0.0508
2025-09-01,MCO,-0.0653,-0.0023,0.0461,-0.0508
2025-10-01,MCO,0.008,-0.0023,0.0461,-0.0508
2025-11-01,MCO,0.0218,-0.0023,0.0461,-0.0508
2025-12-01,MCO,0.0409,-0.0023,0.0461,-0.0508
2026-01-01,MCO,0.0092,-0.0023,0.0461,-0.0508
2026-02-01,MCO,-0.0736,-0.0023,0.0461,-0.0508
2026-03-01,MCO,-0.0866,-0.0023,0.0461,-0.0508
2026-04-01,MCO,0.0587,-0.0023,0.0461,-0.0508
2026-05-01,MCO,-0.0186,-0.0023,0.0461,-0.0508
2026-06-01,MCO,-0.0007,-0.0023,0.0461,-0.0508
2026-07-01,MCO,0.0562,-0.0023,0.0461,-0.0508
2026-08-01,MCO,0.0549,-0.0023,0.0461,-0.0508
2026-09-01,MCO,-0.0712,-0.0023,0.0461,-0.0508
2025-07-01,MDLZ,-0.0408,-0.0073,0.0468,-0.0615
2025-08-01,MDLZ,-0.0502,-0.0073,0.0468,-0.0615
2025-09-01,MDLZ,0.0168,-0.0073,0.0468,-0.0615
2025-10-01,MDLZ,-0.0802,-0.0073,0.0468,-0.0615
2025-11-01,MDLZ,0.0019,-0.0073,0.0468,-0.0615
2025-12-01,MDLZ,-0.065,-0.0073,0.0468,-0.0615
2026-01-01,MDLZ,0.0862,-0.0073,0.0468,-0.0615
2026-02-01,MDLZ,0.0532,-0.0073,0.0468,-0.0615
2026-03-01,MDLZ,-0.064,-0.0073,0.0468,-0.0615
2026-04-01,MDLZ,0.0659,-0.0073,0.0468,-0.0615
2026-05-01,MDLZ,-0.0044,-0.0073,0.0468,-0.0615
2026-06-01,MDLZ,-0.0544,-0.0073,0.0468,-0.0615
2026-07-01,MDLZ,0.0773,-0.0073,0.0468,-0.0615
2026-08-01,MDLZ,-0.0039,-0.0073,0.0468,-0.0615
2026-09-01,MDLZ,-0.0293,-0.0073,0.0468,-0.0615
2025-07-01,MDT,0.0352,0.003,0.079,-0.073
2025-08-01,MDT,0.0285,0.003,0.079,-0.073
2025-09-01,MDT,0.0262,0.003,0.079,-0.073
2025-10-01,MDT,-0.0477,0.003,0.079,-0.073
2025-11-01,MDT,0.1613,0.003,0.079,-0.073
2025-12-01,MDT,-0.088,0.003,0.079,-0.073
2026-01-01,MDT,0.0718,0.003,0.079,-0.073
2026-02-01,MDT,-0.0515,0.003,0.079,-0.073
2026-03-01,MDT,-0.1127,0.003,0.079,-0.073
2026-04-01,MDT,-0.0656,0.003,0.079,-0.073
2026-05-01,MDT,-0.0884,0.003,0.079,-0.073
2026-06-01,MDT,0.0599,0.003,0.079,-0.073
2026-07-01,MDT,0.0915,0.003,0.079,-0.073
2026-08-01,MDT,0.0616,0.003,0.079,-0.073
2026-09-01,MDT,-0.0222,0.003,0.079,-0.073
2025-07-01,MDY,0.0161,0.0108,0.043,-0.0214
2025-08-01,MDY,0.0339,0.0108,0.043,-0.0214
2025-09-01,MDY,0.0015,0.0108,0.043,-0.0214
2025-10-01,MDY,-0.0051,0.0108,0.043,-0.0214
2025-11-01,MDY,0.0211,0.0108,0.043,-0.0214
2025-12-01,MDY,-0.0036,0.0108,0.043,-0.0214
2026-01-01,MDY,0.0403,0.0108,0.043,-0.0214
2026-02-01,MDY,0.0402,0.0108,0.043,-0.0214
2026-03-01,MDY,-0.0552,0.0108,0.043,-0.0214
2026-04-01,MDY,0.0769,0.0108,0.043,-0.0214
2026-05-01,MDY,0.0248,0.0108,0.043,-0.0214
2026-06-01,MDY,0.0334,0.0108,0.043,-0.0214
2026-07-01,MDY,-0.0242,0.0108,0.043,-0.0214
2026-08-01,MDY,0.0012,0.0108,0.043,-0.0214
2026-09-01,MDY,-0.0309,0.0108,0.043,-0.0214
2025-07-01,MET,-0.0556,0.0156,0.0763,-0.0452
2025-08-01,MET,0.0712,0.0156,0.0763,-0.0452
2025-09-01,MET,0.0124,0.0156,0.0763,-0.0452
2025-10-01,MET,-0.031,0.0156,0.0763,-0.0452
2025-11-01,MET,-0.0408,0.0156,0.0763,-0.0452
2025-12-01,MET,0.0311,0.0156,0.0763,-0.0452
2026-01-01,MET,-0.0008,0.0156,0.0763,-0.0452
2026-02-01,MET,-0.0863,0.0156,0.0763,-0.0452
2026-03-01,MET,-0.0187,0.0156,0.0763,-0.0452
2026-04-01,MET,0.1326,0.0156,0.0763,-0.0452
2026-05-01,MET,0.0323,0.0156,0.0763,-0.0452
2026-06-01,MET,0.0232,0.0156,0.0763,-0.0452
2026-07-01,MET,0.1362,0.0156,0.0763,-0.0452
2026-08-01,MET,-0.01,0.0156,0.0763,-0.0452
2026-09-01,MET,0.0266,0.0156,0.0763,-0.0452
2025-07-01,META,0.0479,0.0036,0.1064,-0.0991
2025-08-01,META,-0.0449,0.0036,0.1064,-0.0991
2025-09-01,META,-0.0058,0.0036,0.1064,-0.0991
2025-10-01,META,-0.1171,0.0036,0.1064,-0.0991
2025-11-01,META,-0.0006,0.0036,0.1064,-0.0991
2025-12-01,META,0.0187,0.0036,0.1064,-0.0991
2026-01-01,META,0.0855,0.0036,0.1064,-0.0991
2026-02-01,META,-0.0954,0.0036,0.1064,-0.0991
2026-03-01,META,-0.1173,0.0036,0.1064,-0.0991
2026-04-01,META,0.0695,0.0036,0.1064,-0.0991
2026-05-01,META,0.0337,0.0036,0.1064,-0.0991
2026-06-01,META,-0.1094,0.0036,0.1064,-0.0991
2026-07-01,META,-0.0117,0.0036,0.1064,-0.0991
2026-08-01,META,0.0281,0.0036,0.1064,-0.0991
2026-09-01,META,0.3133,0.0036,0.1064,-0.0991
2025-07-01,MGM,0.0599,0.0009,0.0967,-0.0948
2025-08-01,MGM,0.0889,0.0009,0.0967,-0.0948
2025-09-01,MGM,-0.1267,0.0009,0.0967,-0.0948
2025-10-01,MGM,-0.0759,0.0009,0.0967,-0.0948
2025-11-01,MGM,0.1018,0.0009,0.0967,-0.0948
2025-12-01,MGM,0.034,0.0009,0.0967,-0.0948
2026-01-01,MGM,-0.0808,0.0009,0.0967,-0.0948
2026-02-01,MGM,0.099,0.0009,0.0967,-0.0948
2026-03-01,MGM,0.0041,0.0009,0.0967,-0.0948
2026-04-01,MGM,0.0521,0.0009,0.0967,-0.0948
2026-05-01,MGM,0.1215,0.0009,0.0967,-0.0948
2026-06-01,MGM,0.0948,0.0009,0.0967,-0.0948
2026-07-01,MGM,-0.0678,0.0009,0.0967,-0.0948
2026-08-01,MGM,-0.072,0.0009,0.0967,-0.0948
2026-09-01,MGM,-0.2123,0.0009,0.0967,-0.0948
2025-07-01,MKC,-0.0685,-0.0263,0.0717,-0.1244
2025-08-01,MKC,-0.0037,-0.0263,0.0717,-0.1244
2025-09-01,MKC,-0.0492,-0.0263,0.0717,-0.1244
2025-10-01,MKC,-0.0411,-0.0263,0.0717,-0.1244
2025-11-01,MKC,0.0517,-0.0263,0.0717,-0.1244
2025-12-01,MKC,0.0093,-0.0263,0.0717,-0.1244
2026-01-01,MKC,-0.0922,-0.0263,0.0717,-0.1244
2026-02-01,MKC,0.149,-0.0263,0.0717,-0.1244
2026-03-01,MKC,-0.29,-0.0263,0.0717,-0.1244
2026-04-01,MKC,0.0079,-0.0263,0.0717,-0.1244
2026-05-01,MKC,-0.0683,-0.0263,0.0717,-0.1244
2026-06-01,MKC,0.0644,-0.0263,0.0717,-0.1244
2026-07-01,MKC,0.0095,-0.0263,0.0717,-0.1244
2026-08-01,MKC,0.0652,-0.0263,0.0717,-0.1244
2026-09-01,MKC,-0.1158,-0.0263,0.0717,-0.1244
2025-07-01,MLM,0.0472,-0.0073,0.0496,-0.0642
2025-08-01,MLM,0.0722,-0.0073,0.0496,-0.0642
2025-09-01,MLM,0.0225,-0.0073,0.0496,-0.0642
2025-10-01,MLM,-0.0273,-0.0073,0.0496,-0.0642
2025-11-01,MLM,0.0165,-0.0073,0.0496,-0.0642
2025-12-01,MLM,-0.0009,-0.0073,0.0496,-0.0642
2026-01-01,MLM,0.047,-0.0073,0.0496,-0.0642
2026-02-01,MLM,0.0378,-0.0073,0.0496,-0.0642
2026-03-01,MLM,-0.1299,-0.0073,0.0496,-0.0642
2026-04-01,MLM,0.0516,-0.0073,0.0496,-0.0642
2026-05-01,MLM,-0.0605,-0.0073,0.0496,-0.0642
2026-06-01,MLM,-0.0085,-0.0073,0.0496,-0.0642
2026-07-01,MLM,-0.0894,-0.0073,0.0496,-0.0642
2026-08-01,MLM,-0.0123,-0.0073,0.0496,-0.0642
2026-09-01,MLM,-0.0663,-0.0073,0.0496,-0.0642
2025-07-01,MMM,-0.0198,0.0084,0.0666,-0.0499
2025-08-01,MMM,0.0423,0.0084,0.0666,-0.0499
2025-09-01,MMM,-0.0023,0.0084,0.0666,-0.0499
2025-10-01,MMM,0.0729,0.0084,0.0666,-0.0499
2025-11-01,MMM,0.0333,0.0084,0.0666,-0.0499
2025-12-01,MMM,-0.0695,0.0084,0.0666,-0.0499
2026-01-01,MMM,-0.0433,0.0084,0.0666,-0.0499
2026-02-01,MMM,0.0794,0.0084,0.0666,-0.0499
2026-03-01,MMM,-0.1215,0.0084,0.0666,-0.0499
2026-04-01,MMM,0.0089,0.0084,0.0666,-0.0499
2026-05-01,MMM,0.0451,0.0084,0.0666,-0.0499
2026-06-01,MMM,0.0573,0.0084,0.0666,-0.0499
2026-07-01,MMM,0.0888,0.0084,0.0666,-0.0499
2026-08-01,MMM,-0.0252,0.0084,0.0666,-0.0499
2026-09-01,MMM,-0.0133,0.0084,0.0666,-0.0499
2025-07-01,MNST,-0.0621,0.0226,0.0993,-0.054
2025-08-01,MNST,0.0623,0.0226,0.0993,-0.054
2025-09-01,MNST,0.0785,0.0226,0.0993,-0.054
2025-10-01,MNST,-0.0071,0.0226,0.0993,-0.054
2025-11-01,MNST,0.1221,0.0226,0.0993,-0.054
2025-12-01,MNST,0.0224,0.0226,0.0993,-0.054
2026-01-01,MNST,0.0533,0.0226,0.0993,-0.054
2026-02-01,MNST,0.0562,0.0226,0.0993,-0.054
2026-03-01,MNST,-0.1505,0.0226,0.0993,-0.054
2026-04-01,MNST,0.0636,0.0226,0.0993,-0.054
2026-05-01,MNST,0.1429,0.0226,0.0993,-0.054
2026-06-01,MNST,0.0913,0.0226,0.0993,-0.054
2026-07-01,MNST,0.0027,0.0226,0.0993,-0.054
2026-08-01,MNST,-0.0471,0.0226,0.0993,-0.054
2026-09-01,MNST,-0.0612,0.0226,0.0993,-0.054
2025-07-01,MO,0.0565,0.0109,0.0795,-0.0578
2025-08-01,MO,0.0851,0.0109,0.0795,-0.0578
2025-09-01,MO,-0.0171,0.0109,0.0795,-0.0578
2025-10-01,MO,-0.1465,0.0109,0.0795,-0.0578
2025-11-01,MO,0.0466,0.0109,0.0795,-0.0578
2025-12-01,MO,-0.0229,0.0109,0.0795,-0.0578
2026-01-01,MO,0.0751,0.0109,0.0795,-0.0578
2026-02-01,MO,0.1137,0.0109,0.0795,-0.0578
2026-03-01,MO,-0.0442,0.0109,0.0795,-0.0578
2026-04-01,MO,0.1009,0.0109,0.0795,-0.0578
2026-05-01,MO,-0.0423,0.0109,0.0795,-0.0578
2026-06-01,MO,0.0341,0.0109,0.0795,-0.0578
2026-07-01,MO,-0.0503,0.0109,0.0795,-0.0578
2026-08-01,MO,0.0022,0.0109,0.0795,-0.0578
2026-09-01,MO,0.005,0.0109,0.0795,-0.0578
2025-07-01,MOS,-0.0129,-0.0277,0.0598,-0.1152
2025-08-01,MOS,-0.0725,-0.0277,0.0598,-0.1152
2025-09-01,MOS,0.0383,-0.0277,0.0598,-0.1152
2025-10-01,MOS,-0.2085,-0.0277,0.0598,-0.1152
2025-11-01,MOS,-0.1078,-0.0277,0.0598,-0.1152
2025-12-01,MOS,-0.0163,-0.0277,0.0598,-0.1152
2026-01-01,MOS,0.1416,-0.0277,0.0598,-0.1152
2026-02-01,MOS,0.0124,-0.0277,0.0598,-0.1152
2026-03-01,MOS,-0.0841,-0.0277,0.0598,-0.1152
2026-04-01,MOS,-0.0875,-0.0277,0.0598,-0.1152
2026-05-01,MOS,0.0271,-0.0277,0.0598,-0.1152
2026-06-01,MOS,-0.1134,-0.0277,0.0598,-0.1152
2026-07-01,MOS,0.0439,-0.0277,0.0598,-0.1152
2026-08-01,MOS,0.0904,-0.0277,0.0598,-0.1152
2026-09-01,MOS,-0.046,-0.0277,0.0598,-0.1152
2025-07-01,MP,0.8485,0.0569,0.338,-0.2242
2025-08-01,MP,0.1567,0.0569,0.338,-0.2242
2025-09-01,MP,-0.0572,0.0569,0.338,-0.2242
2025-10-01,MP,-0.0593,0.0569,0.338,-0.2242
2025-11-01,MP,-0.0181,0.0569,0.338,-0.2242
2025-12-01,MP,-0.1845,0.0569,0.338,-0.2242
2026-01-01,MP,0.1633,0.0569,0.338,-0.2242
2026-02-01,MP,0.0017,0.0569,0.338,-0.2242
2026-03-01,MP,-0.1802,0.0569,0.338,-0.2242
2026-04-01,MP,0.3684,0.0569,0.338,-0.2242
2026-05-01,MP,-0.0203,0.0569,0.338,-0.2242
2026-06-01,MP,-0.1343,0.0569,0.338,-0.2242
2026-07-01,MP,-0.2614,0.0569,0.338,-0.2242
2026-08-01,MP,0.3234,0.0569,0.338,-0.2242
2026-09-01,MP,-0.1081,0.0569,0.338,-0.2242
2025-07-01,MPC,0.0246,0.0639,0.1636,-0.0358
2025-08-01,MPC,0.0559,0.0639,0.1636,-0.0358
2025-09-01,MPC,0.0725,0.0639,0.1636,-0.0358
2025-10-01,MPC,0.0113,0.0639,0.1636,-0.0358
2025-11-01,MPC,-0.0061,0.0639,0.1636,-0.0358
2025-12-01,MPC,-0.1605,0.0639,0.1636,-0.0358
2026-01-01,MPC,0.0834,0.0639,0.1636,-0.0358
2026-02-01,MPC,0.125,0.0639,0.1636,-0.0358
2026-03-01,MPC,0.2319,0.0639,0.1636,-0.0358
2026-04-01,MPC,0.0168,0.0639,0.1636,-0.0358
2026-05-01,MPC,0.0019,0.0639,0.1636,-0.0358
2026-06-01,MPC,0.0277,0.0639,0.1636,-0.0358
2026-07-01,MPC,0.2378,0.0639,0.1636,-0.0358
2026-08-01,MPC,0.1796,0.0639,0.1636,-0.0358
2026-09-01,MPC,0.0541,0.0639,0.1636,-0.0358
2025-07-01,MPWR,-0.0275,0.0521,0.2021,-0.0979
2025-08-01,MPWR,0.1751,0.0521,0.2021,-0.0979
2025-09-01,MPWR,0.1016,0.0521,0.2021,-0.0979
2025-10-01,MPWR,0.0916,0.0521,0.2021,-0.0979
2025-11-01,MPWR,-0.0764,0.0521,0.2021,-0.0979
2025-12-01,MPWR,-0.0235,0.0521,0.2021,-0.0979
2026-01-01,MPWR,0.2403,0.0521,0.2021,-0.0979
2026-02-01,MPWR,0.0165,0.0521,0.2021,-0.0979
2026-03-01,MPWR,-0.0432,0.0521,0.2021,-0.0979
2026-04-01,MPWR,0.4766,0.0521,0.2021,-0.0979
2026-05-01,MPWR,-0.0299,0.0521,0.2021,-0.0979
2026-06-01,MPWR,-0.1174,0.0521,0.2021,-0.0979
2026-07-01,MPWR,0.0316,0.0521,0.2021,-0.0979
2026-08-01,MPWR,-0.111,0.0521,0.2021,-0.0979
2026-09-01,MPWR,0.0786,0.0521,0.2021,-0.0979
2025-07-01,MRK,-0.0131,0.0433,0.1167,-0.0301
2025-08-01,MRK,0.0768,0.0433,0.1167,-0.0301
2025-09-01,MRK,-0.0023,0.0433,0.1167,-0.0301
2025-10-01,MRK,0.0244,0.0433,0.1167,-0.0301
2025-11-01,MRK,0.2192,0.0433,0.1167,-0.0301
2025-12-01,MRK,0.0041,0.0433,0.1167,-0.0301
2026-01-01,MRK,0.0476,0.0433,0.1167,-0.0301
2026-02-01,MRK,0.1229,0.0433,0.1167,-0.0301
2026-03-01,MRK,-0.0285,0.0433,0.1167,-0.0301
2026-04-01,MRK,-0.0924,0.0433,0.1167,-0.0301
2026-05-01,MRK,0.0874,0.0433,0.1167,-0.0301
2026-06-01,MRK,0.0824,0.0433,0.1167,-0.0301
2026-07-01,MRK,0.0132,0.0433,0.1167,-0.0301
2026-08-01,MRK,0.1349,0.0433,0.1167,-0.0301
2026-09-01,MRK,0.0069,0.0433,0.1167,-0.0301
2025-07-01,MRNA,0.0714,0.1916,0.6166,-0.2333
2025-08-01,MRNA,-0.185,0.1916,0.6166,-0.2333
2025-09-01,MRNA,0.0722,0.1916,0.6166,-0.2333
2025-10-01,MRNA,0.0515,0.1916,0.6166,-0.2333
2025-11-01,MRNA,-0.0434,0.1916,0.6166,-0.2333
2025-12-01,MRNA,0.1351,0.1916,0.6166,-0.2333
2026-01-01,MRNA,0.4944,0.1916,0.6166,-0.2333
2026-02-01,MRNA,0.2156,0.1916,0.6166,-0.2333
2026-03-01,MRNA,-0.0517,0.1916,0.6166,-0.2333
2026-04-01,MRNA,-0.0957,0.1916,0.6166,-0.2333
2026-05-01,MRNA,0.0272,0.1916,0.6166,-0.2333
2026-06-01,MRNA,0.484,0.1916,0.6166,-0.2333
2026-07-01,MRNA,-0.2172,0.1916,0.6166,-0.2333
2026-08-01,MRNA,1.56,0.1916,0.6166,-0.2333
2026-09-01,MRNA,0.4171,0.1916,0.6166,-0.2333
2025-07-01,MRSH,-0.0889,-0.0145,0.0499,-0.0788
2025-08-01,MRSH,0.0332,-0.0145,0.0499,-0.0788
2025-09-01,MRSH,-0.0208,-0.0145,0.0499,-0.0788
2025-10-01,MRSH,-0.116,-0.0145,0.0499,-0.0788
2025-11-01,MRSH,0.0298,-0.0145,0.0499,-0.0788
2025-12-01,MRSH,0.0113,-0.0145,0.0499,-0.0788
2026-01-01,MRSH,0.0144,-0.0145,0.0499,-0.0788
2026-02-01,MRSH,-0.0077,-0.0145,0.0499,-0.0788
2026-03-01,MRSH,-0.0712,-0.0145,0.0499,-0.0788
2026-04-01,MRSH,-0.0331,-0.0145,0.0499,-0.0788
2026-05-01,MRSH,-0.0462,-0.0145,0.0499,-0.0788
2026-06-01,MRSH,0.0419,-0.0145,0.0499,-0.0788
2026-07-01,MRSH,0.1381,-0.0145,0.0499,-0.0788
2026-08-01,MRSH,0.0006,-0.0145,0.0499,-0.0788
2026-09-01,MRSH,-0.0984,-0.0145,0.0499,-0.0788
2025-07-01,MRVL,0.0384,0.113,0.3674,-0.1415
2025-08-01,MRVL,-0.2177,0.113,0.3674,-0.1415
2025-09-01,MRVL,0.3372,0.113,0.3674,-0.1415
2025-10-01,MRVL,0.115,0.113,0.3674,-0.1415
2025-11-01,MRVL,-0.0463,0.113,0.3674,-0.1415
2025-12-01,MRVL,-0.0494,0.113,0.3674,-0.1415
2026-01-01,MRVL,-0.0713,0.113,0.3674,-0.1415
2026-02-01,MRVL,0.0351,0.113,0.3674,-0.1415
2026-03-01,MRVL,0.2125,0.113,0.3674,-0.1415
2026-04-01,MRVL,0.6673,0.113,0.3674,-0.1415
2026-05-01,MRVL,0.2413,0.113,0.3674,-0.1415
2026-06-01,MRVL,0.4531,0.113,0.3674,-0.1415
2026-07-01,MRVL,-0.3704,0.113,0.3674,-0.1415
2026-08-01,MRVL,0.1285,0.113,0.3674,-0.1415
2026-09-01,MRVL,0.2376,0.113,0.3674,-0.1415
2025-07-01,MS,0.0114,0.025,0.0823,-0.0322
2025-08-01,MS,0.0563,0.025,0.0823,-0.0322
2025-09-01,MS,0.0564,0.025,0.0823,-0.0322
2025-10-01,MS,0.0317,0.025,0.0823,-0.0322
2025-11-01,MS,0.0345,0.025,0.0823,-0.0322
2025-12-01,MS,0.0464,0.025,0.0823,-0.0322
2026-01-01,MS,0.0297,0.025,0.0823,-0.0322
2026-02-01,MS,-0.0891,0.025,0.0823,-0.0322
2026-03-01,MS,-0.0117,0.025,0.0823,-0.0322
2026-04-01,MS,0.1581,0.025,0.0823,-0.0322
2026-05-01,MS,0.0913,0.025,0.0823,-0.0322
2026-06-01,MS,0.005,0.025,0.0823,-0.0322
2026-07-01,MS,0.0066,0.025,0.0823,-0.0322
2026-08-01,MS,0.0138,0.025,0.0823,-0.0322
2026-09-01,MS,-0.0797,0.025,0.0823,-0.0322
2025-07-01,MSCI,-0.0267,-0.001,0.0528,-0.0547
2025-08-01,MSCI,0.0113,-0.001,0.0528,-0.0547
2025-09-01,MSCI,-0.0005,-0.001,0.0528,-0.0547
2025-10-01,MSCI,0.0373,-0.001,0.0528,-0.0547
2025-11-01,MSCI,-0.0422,-0.001,0.0528,-0.0547
2025-12-01,MSCI,0.0178,-0.001,0.0528,-0.0547
2026-01-01,MSCI,0.0619,-0.001,0.0528,-0.0547
2026-02-01,MSCI,-0.0614,-0.001,0.0528,-0.0547
2026-03-01,MSCI,-0.0574,-0.001,0.0528,-0.0547
2026-04-01,MSCI,0.0972,-0.001,0.0528,-0.0547
2026-05-01,MSCI,0.0676,-0.001,0.0528,-0.0547
2026-06-01,MSCI,-0.113,-0.001,0.0528,-0.0547
2026-07-01,MSCI,0.0218,-0.001,0.0528,-0.0547
2026-08-01,MSCI,-0.0028,-0.001,0.0528,-0.0547
2026-09-01,MSCI,-0.0338,-0.001,0.0528,-0.0547
2025-07-01,MSFT,0.0726,0.009,0.1108,-0.0927
2025-08-01,MSFT,-0.0503,0.009,0.1108,-0.0927
2025-09-01,MSFT,0.0222,0.009,0.1108,-0.0927
2025-10-01,MSFT,-0.0003,0.009,0.1108,-0.0927
2025-11-01,MSFT,-0.0498,0.009,0.1108,-0.0927
2025-12-01,MSFT,-0.0171,0.009,0.1108,-0.0927
2026-01-01,MSFT,-0.1103,0.009,0.1108,-0.0927
2026-02-01,MSFT,-0.0873,0.009,0.1108,-0.0927
2026-03-01,MSFT,-0.0575,0.009,0.1108,-0.0927
2026-04-01,MSFT,0.1016,0.009,0.1108,-0.0927
2026-05-01,MSFT,0.1041,0.009,0.1108,-0.0927
2026-06-01,MSFT,-0.1715,0.009,0.1108,-0.0927
2026-07-01,MSFT,0.2458,0.009,0.1108,-0.0927
2026-08-01,MSFT,0.0916,0.009,0.1108,-0.0927
2026-09-01,MSFT,0.0175,0.009,0.1108,-0.0927
2025-07-01,MSI,0.044,0.0083,0.0921,-0.0755
2025-08-01,MSI,0.0763,0.0083,0.0921,-0.0755
2025-09-01,MSI,-0.0321,0.0083,0.0921,-0.0755
2025-10-01,MSI,-0.1106,0.0083,0.0921,-0.0755
2025-11-01,MSI,-0.091,0.0083,0.0921,-0.0755
2025-12-01,MSI,0.0369,0.0083,0.0921,-0.0755
2026-01-01,MSI,0.0501,0.0083,0.0921,-0.0755
2026-02-01,MSI,0.198,0.0083,0.0921,-0.0755
2026-03-01,MSI,-0.1001,0.0083,0.0921,-0.0755
2026-04-01,MSI,0.0117,0.0083,0.0921,-0.0755
2026-05-01,MSI,-0.0814,0.0083,0.0921,-0.0755
2026-06-01,MSI,0.0298,0.0083,0.0921,-0.0755
2026-07-01,MSI,0.0493,0.0083,0.0921,-0.0755
2026-08-01,MSI,0.1137,0.0083,0.0921,-0.0755
2026-09-01,MSI,-0.0586,0.0083,0.0921,-0.0755
2025-07-01,MTB,-0.0273,0.01,0.0661,-0.0462
2025-08-01,MTB,0.0687,0.01,0.0661,-0.0462
2025-09-01,MTB,-0.02,0.01,0.0661,-0.0462
2025-10-01,MTB,-0.0696,0.01,0.0661,-0.0462
2025-11-01,MTB,0.0345,0.01,0.0661,-0.0462
2025-12-01,MTB,0.0592,0.01,0.0661,-0.0462
2026-01-01,MTB,0.0997,0.01,0.0661,-0.0462
2026-02-01,MTB,-0.0207,0.01,0.0661,-0.0462
2026-03-01,MTB,-0.0473,0.01,0.0661,-0.0462
2026-04-01,MTB,0.0576,0.01,0.0661,-0.0462
2026-05-01,MTB,-0.0115,0.01,0.0661,-0.0462
2026-06-01,MTB,0.1013,0.01,0.0661,-0.0462
2026-07-01,MTB,0.0348,0.01,0.0661,-0.0462
2026-08-01,MTB,-0.0501,0.01,0.0661,-0.0462
2026-09-01,MTB,-0.0545,0.01,0.0661,-0.0462
2025-07-01,MTD,0.0502,0.0199,0.0886,-0.0488
2025-08-01,MTD,0.0546,0.0199,0.0886,-0.0488
2025-09-01,MTD,-0.0564,0.0199,0.0886,-0.0488
2025-10-01,MTD,0.1537,0.0199,0.0886,-0.0488
2025-11-01,MTD,0.0427,0.0199,0.0886,-0.0488
2025-12-01,MTD,-0.0559,0.0199,0.0886,-0.0488
2026-01-01,MTD,-0.015,0.0199,0.0886,-0.0488
2026-02-01,MTD,-0.0048,0.0199,0.0886,-0.0488
2026-03-01,MTD,-0.0772,0.0199,0.0886,-0.0488
2026-04-01,MTD,0.0122,0.0199,0.0886,-0.0488
2026-05-01,MTD,-0.0752,0.0199,0.0886,-0.0488
2026-06-01,MTD,0.0821,0.0199,0.0886,-0.0488
2026-07-01,MTD,0.1086,0.0199,0.0886,-0.0488
2026-08-01,MTD,-0.0079,0.0199,0.0886,-0.0488
2026-09-01,MTD,0.0758,0.0199,0.0886,-0.0488
2025-07-01,MTUM,0.004,0.0202,0.0904,-0.05
2025-08-01,MTUM,0.0101,0.0202,0.0904,-0.05
2025-09-01,MTUM,0.0522,0.0202,0.0904,-0.05
2025-10-01,MTUM,-0.0087,0.0202,0.0904,-0.05
2025-11-01,MTUM,-0.0156,0.0202,0.0904,-0.05
2025-12-01,MTUM,0.0002,0.0202,0.0904,-0.05
2026-01-01,MTUM,0.0223,0.0202,0.0904,-0.05
2026-02-01,MTUM,-0.0115,0.0202,0.0904,-0.05
2026-03-01,MTUM,-0.0513,0.0202,0.0904,-0.05
2026-04-01,MTUM,0.1833,0.0202,0.0904,-0.05
2026-05-01,MTUM,0.1121,0.0202,0.0904,-0.05
2026-06-01,MTUM,0.0856,0.0202,0.0904,-0.05
2026-07-01,MTUM,-0.1261,0.0202,0.0904,-0.05
2026-08-01,MTUM,0.0026,0.0202,0.0904,-0.05
2026-09-01,MTUM,0.0604,0.0202,0.0904,-0.05
2025-07-01,MU,-0.1145,0.187,0.4768,-0.1027
2025-08-01,MU,0.0904,0.187,0.4768,-0.1027
2025-09-01,MU,0.4059,0.187,0.4768,-0.1027
2025-10-01,MU,0.3374,0.187,0.4768,-0.1027
2025-11-01,MU,0.0568,0.187,0.4768,-0.1027
2025-12-01,MU,0.2069,0.187,0.4768,-0.1027
2026-01-01,MU,0.4536,0.187,0.4768,-0.1027
2026-02-01,MU,-0.0061,0.187,0.4768,-0.1027
2026-03-01,MU,-0.1807,0.187,0.4768,-0.1027
2026-04-01,MU,0.5308,0.187,0.4768,-0.1027
2026-05-01,MU,0.8776,0.187,0.4768,-0.1027
2026-06-01,MU,0.1888,0.187,0.4768,-0.1027
2026-07-01,MU,-0.287,0.187,0.4768,-0.1027
2026-08-01,MU,0.1649,0.187,0.4768,-0.1027
2026-09-01,MU,0.1289,0.187,0.4768,-0.1027
2025-07-01,MUB,-0.0058,-0.002,0.0123,-0.0163
2025-08-01,MUB,0.0057,-0.002,0.0123,-0.0163
2025-09-01,MUB,0.0194,-0.002,0.0123,-0.0163
2025-10-01,MUB,0.0093,-0.002,0.0123,-0.0163
2025-11-01,MUB,-0.0005,-0.002,0.0123,-0.0163
2025-12-01,MUB,-0.003,-0.002,0.0123,-0.0163
2026-01-01,MUB,0.0069,-0.002,0.0123,-0.0163
2026-02-01,MUB,0.0099,-0.002,0.0123,-0.0163
2026-03-01,MUB,-0.0254,-0.002,0.0123,-0.0163
2026-04-01,MUB,0.0092,-0.002,0.0123,-0.0163
2026-05-01,MUB,0.0004,-0.002,0.0123,-0.0163
2026-06-01,MUB,0.0042,-0.002,0.0123,-0.0163
2026-07-01,MUB,-0.0184,-0.002,0.0123,-0.0163
2026-08-01,MUB,-0.0051,-0.002,0.0123,-0.0163
2026-09-01,MUB,-0.0374,-0.002,0.0123,-0.0163
2025-07-01,NCLH,0.2604,-0.0114,0.1296,-0.1524
2025-08-01,NCLH,-0.0282,-0.0114,0.1296,-0.1524
2025-09-01,NCLH,-0.0085,-0.0114,0.1296,-0.1524
2025-10-01,NCLH,-0.0897,-0.0114,0.1296,-0.1524
2025-11-01,NCLH,-0.1766,-0.0114,0.1296,-0.1524
2025-12-01,NCLH,0.2091,-0.0114,0.1296,-0.1524
2026-01-01,NCLH,-0.0161,-0.0114,0.1296,-0.1524
2026-02-01,NCLH,0.1289,-0.0114,0.1296,-0.1524
2026-03-01,NCLH,-0.2457,-0.0114,0.1296,-0.1524
2026-04-01,NCLH,-0.0278,-0.0114,0.1296,-0.1524
2026-05-01,NCLH,0.0088,-0.0114,0.1296,-0.1524
2026-06-01,NCLH,0.151,-0.0114,0.1296,-0.1524
2026-07-01,NCLH,-0.1222,-0.0114,0.1296,-0.1524
2026-08-01,NCLH,-0.129,-0.0114,0.1296,-0.1524
2026-09-01,NCLH,-0.0948,-0.0114,0.1296,-0.1524
2025-07-01,NDAQ,0.076,0.0077,0.0906,-0.0753
2025-08-01,NDAQ,-0.0154,0.0077,0.0906,-0.0753
2025-09-01,NDAQ,-0.0664,0.0077,0.0906,-0.0753
2025-10-01,NDAQ,-0.0335,0.0077,0.0906,-0.0753
2025-11-01,NDAQ,0.0635,0.0077,0.0906,-0.0753
2025-12-01,NDAQ,0.0683,0.0077,0.0906,-0.0753
2026-01-01,NDAQ,-0.0025,0.0077,0.0906,-0.0753
2026-02-01,NDAQ,-0.0961,0.0077,0.0906,-0.0753
2026-03-01,NDAQ,-0.0307,0.0077,0.0906,-0.0753
2026-04-01,NDAQ,0.0827,0.0077,0.0906,-0.0753
2026-05-01,NDAQ,0.0066,0.0077,0.0906,-0.0753
2026-06-01,NDAQ,-0.1481,0.0077,0.0906,-0.0753
2026-07-01,NDAQ,0.195,0.0077,0.0906,-0.0753
2026-08-01,NDAQ,0.0469,0.0077,0.0906,-0.0753
2026-09-01,NDAQ,-0.0513,0.0077,0.0906,-0.0753
2025-07-01,NDSN,-0.0007,0.0285,0.0809,-0.0238
2025-08-01,NDSN,0.0508,0.0285,0.0809,-0.0238
2025-09-01,NDSN,0.0083,0.0285,0.0809,-0.0238
2025-10-01,NDSN,0.022,0.0285,0.0809,-0.0238
2025-11-01,NDSN,0.0246,0.0285,0.0809,-0.0238
2025-12-01,NDSN,0.0117,0.0285,0.0809,-0.0238
2026-01-01,NDSN,0.1418,0.0285,0.0809,-0.0238
2026-02-01,NDSN,0.0689,0.0285,0.0809,-0.0238
2026-03-01,NDSN,-0.0933,0.0285,0.0809,-0.0238
2026-04-01,NDSN,0.0842,0.0285,0.0809,-0.0238
2026-05-01,NDSN,-0.0039,0.0285,0.0809,-0.0238
2026-06-01,NDSN,0.05,0.0285,0.0809,-0.0238
2026-07-01,NDSN,-0.013,0.0285,0.0809,-0.0238
2026-08-01,NDSN,0.0804,0.0285,0.0809,-0.0238
2026-09-01,NDSN,0.0126,0.0285,0.0809,-0.0238
2025-07-01,NDX,0.0238,0.0214,0.0766,-0.0339
2025-08-01,NDX,0.0085,0.0214,0.0766,-0.0339
2025-09-01,NDX,0.054,0.0214,0.0766,-0.0339
2025-10-01,NDX,0.0477,0.0214,0.0766,-0.0339
2025-11-01,NDX,-0.0164,0.0214,0.0766,-0.0339
2025-12-01,NDX,-0.0073,0.0214,0.0766,-0.0339
2026-01-01,NDX,0.012,0.0214,0.0766,-0.0339
2026-02-01,NDX,-0.0232,0.0214,0.0766,-0.0339
2026-03-01,NDX,-0.0489,0.0214,0.0766,-0.0339
2026-04-01,NDX,0.1564,0.0214,0.0766,-0.0339
2026-05-01,NDX,0.1049,0.0214,0.0766,-0.0339
2026-06-01,NDX,-0.0019,0.0214,0.0766,-0.0339
2026-07-01,NDX,-0.0661,0.0214,0.0766,-0.0339
2026-08-01,NDX,0.0418,0.0214,0.0766,-0.0339
2026-09-01,NDX,0.0391,0.0214,0.0766,-0.0339
2025-07-01,NEE,0.0236,0.008,0.0676,-0.0515
2025-08-01,NEE,0.0139,0.008,0.0676,-0.0515
2025-09-01,NEE,0.0477,0.008,0.0676,-0.0515
2025-10-01,NEE,0.0783,0.008,0.0676,-0.0515
2025-11-01,NEE,0.0601,0.008,0.0676,-0.0515
2025-12-01,NEE,-0.0696,0.008,0.0676,-0.0515
2026-01-01,NEE,0.0949,0.008,0.0676,-0.0515
2026-02-01,NEE,0.0668,0.008,0.0676,-0.0515
2026-03-01,NEE,-0.0095,0.008,0.0676,-0.0515
2026-04-01,NEE,0.0538,0.008,0.0676,-0.0515
2026-05-01,NEE,-0.1111,0.008,0.0676,-0.0515
2026-06-01,NEE,0.0087,0.008,0.0676,-0.0515
2026-07-01,NEE,-0.0097,0.008,0.0676,-0.0515
2026-08-01,NEE,-0.0527,0.008,0.0676,-0.0515
2026-09-01,NEE,-0.076,0.008,0.0676,-0.0515
2025-07-01,NEM,0.0659,0.0563,0.186,-0.0734
2025-08-01,NEM,0.1981,0.0563,0.186,-0.0734
2025-09-01,NEM,0.1332,0.0563,0.186,-0.0734
2025-10-01,NEM,-0.0396,0.0563,0.186,-0.0734
2025-11-01,NEM,0.1205,0.0563,0.186,-0.0734
2025-12-01,NEM,0.1005,0.0563,0.186,-0.0734
2026-01-01,NEM,0.1252,0.0563,0.186,-0.0734
2026-02-01,NEM,0.1571,0.0563,0.186,-0.0734
2026-03-01,NEM,-0.1673,0.0563,0.186,-0.0734
2026-04-01,NEM,0.0262,0.0563,0.186,-0.0734
2026-05-01,NEM,-0.0115,0.0563,0.186,-0.0734
2026-06-01,NEM,-0.1494,0.0563,0.186,-0.0734
2026-07-01,NEM,0.0033,0.0563,0.186,-0.0734
2026-08-01,NEM,0.3452,0.0563,0.186,-0.0734
2026-09-01,NEM,-0.0367,0.0563,0.186,-0.0734
2025-07-01,NFLX,-0.1342,-0.0379,0.0526,-0.1284
2025-08-01,NFLX,0.0421,-0.0379,0.0526,-0.1284
2025-09-01,NFLX,-0.0077,-0.0379,0.0526,-0.1284
2025-10-01,NFLX,-0.0667,-0.0379,0.0526,-0.1284
2025-11-01,NFLX,-0.0385,-0.0379,0.0526,-0.1284
2025-12-01,NFLX,-0.1285,-0.0379,0.0526,-0.1284
2026-01-01,NFLX,-0.1095,-0.0379,0.0526,-0.1284
2026-02-01,NFLX,0.1527,-0.0379,0.0526,-0.1284
2026-03-01,NFLX,-0.0009,-0.0379,0.0526,-0.1284
2026-04-01,NFLX,-0.0264,-0.0379,0.0526,-0.1284
2026-05-01,NFLX,-0.0811,-0.0379,0.0526,-0.1284
2026-06-01,NFLX,-0.17,-0.0379,0.0526,-0.1284
2026-07-01,NFLX,0.0043,-0.0379,0.0526,-0.1284
2026-08-01,NFLX,0.1302,-0.0379,0.0526,-0.1284
2026-09-01,NFLX,-0.1221,-0.0379,0.0526,-0.1284
2025-07-01,NI,0.0523,-0.0014,0.0457,-0.0485
2025-08-01,NI,-0.0042,-0.0014,0.0457,-0.0485
2025-09-01,NI,0.0244,-0.0014,0.0457,-0.0485
2025-10-01,NI,-0.0275,-0.0014,0.0457,-0.0485
2025-11-01,NI,0.048,-0.0014,0.0457,-0.0485
2025-12-01,NI,-0.0537,-0.0014,0.0457,-0.0485
2026-01-01,NI,0.0606,-0.0014,0.0457,-0.0485
2026-02-01,NI,0.068,-0.0014,0.0457,-0.0485
2026-03-01,NI,-0.0135,-0.0014,0.0457,-0.0485
2026-04-01,NI,0.0347,-0.0014,0.0457,-0.0485
2026-05-01,NI,-0.0427,-0.0014,0.0457,-0.0485
2026-06-01,NI,0.0288,-0.0014,0.0457,-0.0485
2026-07-01,NI,-0.0656,-0.0014,0.0457,-0.0485
2026-08-01,NI,-0.079,-0.0014,0.0457,-0.0485
2026-09-01,NI,-0.0367,-0.0014,0.0457,-0.0485
2025-07-01,NKE,0.0514,-0.0429,0.0246,-0.1105
2025-08-01,NKE,0.0359,-0.0429,0.0246,-0.1105
2025-09-01,NKE,-0.0987,-0.0429,0.0246,-0.1105
2025-10-01,NKE,-0.0737,-0.0429,0.0246,-0.1105
2025-11-01,NKE,0.0006,-0.0429,0.0246,-0.1105
2025-12-01,NKE,-0.0142,-0.0429,0.0246,-0.1105
2026-01-01,NKE,-0.0298,-0.0429,0.0246,-0.1105
2026-02-01,NKE,0.006,-0.0429,0.0246,-0.1105
2026-03-01,NKE,-0.1505,-0.0429,0.0246,-0.1105
2026-04-01,NKE,-0.1602,-0.0429,0.0246,-0.1105
2026-05-01,NKE,0.0422,-0.0429,0.0246,-0.1105
2026-06-01,NKE,-0.112,-0.0429,0.0246,-0.1105
2026-07-01,NKE,0.0161,-0.0429,0.0246,-0.1105
2026-08-01,NKE,-0.0635,-0.0429,0.0246,-0.1105
2026-09-01,NKE,-0.0847,-0.0429,0.0246,-0.1105
2025-07-01,NOC,0.1533,0.005,0.0938,-0.0838
2025-08-01,NOC,0.0233,0.005,0.0938,-0.0838
2025-09-01,NOC,0.0327,0.005,0.0938,-0.0838
2025-10-01,NOC,-0.0425,0.005,0.0938,-0.0838
2025-11-01,NOC,-0.0192,0.005,0.0938,-0.0838
2025-12-01,NOC,-0.0036,0.005,0.0938,-0.0838
2026-01-01,NOC,0.214,0.005,0.0938,-0.0838
2026-02-01,NOC,0.0464,0.005,0.0938,-0.0838
2026-03-01,NOC,-0.0582,0.005,0.0938,-0.0838
2026-04-01,NOC,-0.1506,0.005,0.0938,-0.0838
2026-05-01,NOC,-0.0273,0.005,0.0938,-0.0838
2026-06-01,NOC,-0.0965,0.005,0.0938,-0.0838
2026-07-01,NOC,0.0651,0.005,0.0938,-0.0838
2026-08-01,NOC,-0.0051,0.005,0.0938,-0.0838
2026-09-01,NOC,-0.0541,0.005,0.0938,-0.0838
2025-07-01,NORW,-0.0256,0.0165,0.0827,-0.0498
2025-08-01,NORW,0.0439,0.0165,0.0827,-0.0498
2025-09-01,NORW,0.0155,0.0165,0.0827,-0.0498
2025-10-01,NORW,-0.0477,0.0165,0.0827,-0.0498
2025-11-01,NORW,0.0056,0.0165,0.0827,-0.0498
2025-12-01,NORW,0.0384,0.0165,0.0827,-0.0498
2026-01-01,NORW,0.0852,0.0165,0.0827,-0.0498
2026-02-01,NORW,0.0972,0.0165,0.0827,-0.0498
2026-03-01,NORW,0.0682,0.0165,0.0827,-0.0498
2026-04-01,NORW,0.0094,0.0165,0.0827,-0.0498
2026-05-01,NORW,-0.0132,0.0165,0.0827,-0.0498
2026-06-01,NORW,-0.1611,0.0165,0.0827,-0.0498
2026-07-01,NORW,0.1046,0.0165,0.0827,-0.0498
2026-08-01,NORW,0.0595,0.0165,0.0827,-0.0498
2026-09-01,NORW,-0.0284,0.0165,0.0827,-0.0498
2025-07-01,NOV,0.0121,0.034,0.1041,-0.0362
2025-08-01,NOV,0.0564,0.034,0.1041,-0.0362
2025-09-01,NOV,-0.003,0.034,0.1041,-0.0362
2025-10-01,NOV,0.1019,0.034,0.1041,-0.0362
2025-11-01,NOV,0.0521,0.034,0.1041,-0.0362
2025-12-01,NOV,0.0176,0.034,0.1041,-0.0362
2026-01-01,NOV,0.174,0.034,0.1041,-0.0362
2026-02-01,NOV,0.1041,0.034,0.1041,-0.0362
2026-03-01,NOV,-0.0716,0.034,0.1041,-0.0362
2026-04-01,NOV,0.0877,0.034,0.1041,-0.0362
2026-05-01,NOV,-0.0244,0.034,0.1041,-0.0362
2026-06-01,NOV,-0.0706,0.034,0.1041,-0.0362
2026-07-01,NOV,0.0474,0.034,0.1041,-0.0362
2026-08-01,NOV,0.0957,0.034,0.1041,-0.0362
2026-09-01,NOV,-0.0672,0.034,0.1041,-0.0362
2025-07-01,NOW,-0.0827,-0.0129,0.1582,-0.184
2025-08-01,NOW,-0.0272,-0.0129,0.1582,-0.184
2025-09-01,NOW,0.0031,-0.0129,0.1582,-0.184
2025-10-01,NOW,-0.0011,-0.0129,0.1582,-0.184
2025-11-01,NOW,-0.1163,-0.0129,0.1582,-0.184
2025-12-01,NOW,-0.0572,-0.0129,0.1582,-0.184
2026-01-01,NOW,-0.2362,-0.0129,0.1582,-0.184
2026-02-01,NOW,-0.0769,-0.0129,0.1582,-0.184
2026-03-01,NOW,-0.032,-0.0129,0.1582,-0.184
2026-04-01,NOW,-0.1553,-0.0129,0.1582,-0.184
2026-05-01,NOW,0.4083,-0.0129,0.1582,-0.184
2026-06-01,NOW,-0.2017,-0.0129,0.1582,-0.184
2026-07-01,NOW,0.1204,-0.0129,0.1582,-0.184
2026-08-01,NOW,0.3305,-0.0129,0.1582,-0.184
2026-09-01,NOW,-0.0836,-0.0129,0.1582,-0.184
2025-07-01,NQ=F,0.0206,0.0214,0.0763,-0.0334
2025-08-01,NQ=F,0.0041,0.0214,0.0763,-0.0334
2025-09-01,NQ=F,0.0614,0.0214,0.0763,-0.0334
2025-10-01,NQ=F,0.0443,0.0214,0.0763,-0.0334
2025-11-01,NQ=F,-0.0201,0.0214,0.0763,-0.0334
2025-12-01,NQ=F,-0.001,0.0214,0.0763,-0.0334
2026-01-01,NQ=F,0.0084,0.0214,0.0763,-0.0334
2026-02-01,NQ=F,-0.0279,0.0214,0.0763,-0.0334
2026-03-01,NQ=F,-0.0396,0.0214,0.0763,-0.0334
2026-04-01,NQ=F,0.1513,0.0214,0.0763,-0.0334
2026-05-01,NQ=F,0.1015,0.0214,0.0763,-0.0334
2026-06-01,NQ=F,0.0047,0.0214,0.0763,-0.0334
2026-07-01,NQ=F,-0.0736,0.0214,0.0763,-0.0334
2026-08-01,NQ=F,0.0427,0.0214,0.0763,-0.0334
2026-09-01,NQ=F,0.0484,0.0214,0.0763,-0.0334
2025-07-01,NRG,0.0412,-0.0255,0.0815,-0.1325
2025-08-01,NRG,-0.1294,-0.0255,0.0815,-0.1325
2025-09-01,NRG,0.1126,-0.0255,0.0815,-0.1325
2025-10-01,NRG,0.0612,-0.0255,0.0815,-0.1325
2025-11-01,NRG,-0.0138,-0.0255,0.0815,-0.1325
2025-12-01,NRG,-0.0605,-0.0255,0.0815,-0.1325
2026-01-01,NRG,-0.0415,-0.0255,0.0815,-0.1325
2026-02-01,NRG,0.1725,-0.0255,0.0815,-0.1325
2026-03-01,NRG,-0.1834,-0.0255,0.0815,-0.1325
2026-04-01,NRG,0.0646,-0.0255,0.0815,-0.1325
2026-05-01,NRG,-0.1382,-0.0255,0.0815,-0.1325
2026-06-01,NRG,0.0894,-0.0255,0.0815,-0.1325
2026-07-01,NRG,-0.0806,-0.0255,0.0815,-0.1325
2026-08-01,NRG,-0.18,-0.0255,0.0815,-0.1325
2026-09-01,NRG,-0.0885,-0.0255,0.0815,-0.1325
2025-07-01,NSC,0.0861,0.0151,0.0745,-0.0444
2025-08-01,NSC,0.0071,0.0151,0.0745,-0.0444
2025-09-01,NSC,0.073,0.0151,0.0745,-0.0444
2025-10-01,NSC,-0.0567,0.0151,0.0745,-0.0444
2025-11-01,NSC,0.0307,0.0151,0.0745,-0.0444
2025-12-01,NSC,-0.0115,0.0151,0.0745,-0.0444
2026-01-01,NSC,0.0087,0.0151,0.0745,-0.0444
2026-02-01,NSC,0.0807,0.0151,0.0745,-0.0444
2026-03-01,NSC,-0.0881,0.0151,0.0745,-0.0444
2026-04-01,NSC,0.1005,0.0151,0.0745,-0.0444
2026-05-01,NSC,-0.0344,0.0151,0.0745,-0.0444
2026-06-01,NSC,0.0316,0.0151,0.0745,-0.0444
2026-07-01,NSC,0.0664,0.0151,0.0745,-0.0444
2026-08-01,NSC,0.0218,0.0151,0.0745,-0.0444
2026-09-01,NSC,-0.0869,0.0151,0.0745,-0.0444
2025-07-01,NTAP,-0.0227,0.0517,0.2054,-0.102
2025-08-01,NTAP,0.0832,0.0517,0.2054,-0.102
2025-09-01,NTAP,0.0503,0.0517,0.2054,-0.102
2025-10-01,NTAP,-0.0057,0.0517,0.2054,-0.102
2025-11-01,NTAP,-0.0528,0.0517,0.2054,-0.102
2025-12-01,NTAP,-0.0401,0.0517,0.2054,-0.102
2026-01-01,NTAP,-0.1003,0.0517,0.2054,-0.102
2026-02-01,NTAP,0.0278,0.0517,0.2054,-0.102
2026-03-01,NTAP,0.0339,0.0517,0.2054,-0.102
2026-04-01,NTAP,0.0818,0.0517,0.2054,-0.102
2026-05-01,NTAP,0.5734,0.0517,0.2054,-0.102
2026-06-01,NTAP,-0.1121,0.0517,0.2054,-0.102
2026-07-01,NTAP,0.1534,0.0517,0.2054,-0.102
2026-08-01,NTAP,0.038,0.0517,0.2054,-0.102
2026-09-01,NTAP,0.0856,0.0517,0.2054,-0.102
2025-07-01,NTRS,0.0253,0.024,0.0834,-0.0354
2025-08-01,NTRS,0.0098,0.024,0.0834,-0.0354
2025-09-01,NTRS,0.0253,0.024,0.0834,-0.0354
2025-10-01,NTRS,-0.0441,0.024,0.0834,-0.0354
2025-11-01,NTRS,0.0208,0.024,0.0834,-0.0354
2025-12-01,NTRS,0.04,0.024,0.0834,-0.0354
2026-01-01,NTRS,0.094,0.024,0.0834,-0.0354
2026-02-01,NTRS,-0.0424,0.024,0.0834,-0.0354
2026-03-01,NTRS,-0.0246,0.024,0.0834,-0.0354
2026-04-01,NTRS,0.1918,0.024,0.0834,-0.0354
2026-05-01,NTRS,-0.0054,0.024,0.0834,-0.0354
2026-06-01,NTRS,0.0507,0.024,0.0834,-0.0354
2026-07-01,NTRS,0.048,0.024,0.0834,-0.0354
2026-08-01,NTRS,0.0185,0.024,0.0834,-0.0354
2026-09-01,NTRS,-0.053,0.024,0.0834,-0.0354
2025-07-01,NUE,0.1044,0.05,0.157,-0.057
2025-08-01,NUE,0.0396,0.05,0.157,-0.057
2025-09-01,NUE,-0.0894,0.05,0.157,-0.057
2025-10-01,NUE,0.108,0.05,0.157,-0.057
2025-11-01,NUE,0.0629,0.05,0.157,-0.057
2025-12-01,NUE,0.0227,0.05,0.157,-0.057
2026-01-01,NUE,0.0896,0.05,0.157,-0.057
2026-02-01,NUE,-0.0047,0.05,0.157,-0.057
2026-03-01,NUE,-0.044,0.05,0.157,-0.057
2026-04-01,NUE,0.3323,0.05,0.157,-0.057
2026-05-01,NUE,0.1097,0.05,0.157,-0.057
2026-06-01,NUE,-0.109,0.05,0.157,-0.057
2026-07-01,NUE,0.1551,0.05,0.157,-0.057
2026-08-01,NUE,-0.0297,0.05,0.157,-0.057
2026-09-01,NUE,-0.0096,0.05,0.157,-0.057
2025-07-01,NVDA,0.1258,0.0287,0.1011,-0.0437
2025-08-01,NVDA,-0.0207,0.0287,0.1011,-0.0437
2025-09-01,NVDA,0.0712,0.0287,0.1011,-0.0437
2025-10-01,NVDA,0.0853,0.0287,0.1011,-0.0437
2025-11-01,NVDA,-0.1259,0.0287,0.1011,-0.0437
2025-12-01,NVDA,0.0537,0.0287,0.1011,-0.0437
2026-01-01,NVDA,0.0248,0.0287,0.1011,-0.0437
2026-02-01,NVDA,-0.0729,0.0287,0.1011,-0.0437
2026-03-01,NVDA,-0.0157,0.0287,0.1011,-0.0437
2026-04-01,NVDA,0.1443,0.0287,0.1011,-0.0437
2026-05-01,NVDA,0.058,0.0287,0.1011,-0.0437
2026-06-01,NVDA,-0.0523,0.0287,0.1011,-0.0437
2026-07-01,NVDA,0.0033,0.0287,0.1011,-0.0437
2026-08-01,NVDA,0.0998,0.0287,0.1011,-0.0437
2026-09-01,NVDA,0.0194,0.0287,0.1011,-0.0437
2025-07-01,NVR,0.0222,-0.0101,0.0556,-0.0757
2025-08-01,NVR,0.0753,-0.0101,0.0556,-0.0757
2025-09-01,NVR,-0.0102,-0.0101,0.0556,-0.0757
2025-10-01,NVR,-0.1025,-0.0101,0.0556,-0.0757
2025-11-01,NVR,0.0411,-0.0101,0.0556,-0.0757
2025-12-01,NVR,-0.0286,-0.0101,0.0556,-0.0757
2026-01-01,NVR,0.047,-0.0101,0.0556,-0.0757
2026-02-01,NVR,-0.0154,-0.0101,0.0556,-0.0757
2026-03-01,NVR,-0.1234,-0.0101,0.0556,-0.0757
2026-04-01,NVR,-0.0416,-0.0101,0.0556,-0.0757
2026-05-01,NVR,-0.0334,-0.0101,0.0556,-0.0757
2026-06-01,NVR,0.1161,-0.0101,0.0556,-0.0757
2026-07-01,NVR,-0.0978,-0.0101,0.0556,-0.0757
2026-08-01,NVR,0.0274,-0.0101,0.0556,-0.0757
2026-09-01,NVR,-0.0028,-0.0101,0.0556,-0.0757
2025-07-01,NWSA,-0.0135,0.0003,0.0695,-0.0688
2025-08-01,NWSA,0.0031,0.0003,0.0695,-0.0688
2025-09-01,NWSA,0.0442,0.0003,0.0695,-0.0688
2025-10-01,NWSA,-0.1371,0.0003,0.0695,-0.0688
2025-11-01,NWSA,-0.0309,0.0003,0.0695,-0.0688
2025-12-01,NWSA,0.0171,0.0003,0.0695,-0.0688
2026-01-01,NWSA,0.0348,0.0003,0.0695,-0.0688
2026-02-01,NWSA,-0.1014,0.0003,0.0695,-0.0688
2026-03-01,NWSA,0.0263,0.0003,0.0695,-0.0688
2026-04-01,NWSA,0.0558,0.0003,0.0695,-0.0688
2026-05-01,NWSA,-0.0084,0.0003,0.0695,-0.0688
2026-06-01,NWSA,-0.0487,0.0003,0.0695,-0.0688
2026-07-01,NWSA,0.1099,0.0003,0.0695,-0.0688
2026-08-01,NWSA,0.1143,0.0003,0.0695,-0.0688
2026-09-01,NWSA,-0.0723,0.0003,0.0695,-0.0688
2025-07-01,NXPI,-0.0216,0.0144,0.1697,-0.1409
2025-08-01,NXPI,0.0986,0.0144,0.1697,-0.1409
2025-09-01,NXPI,-0.0303,0.0144,0.1697,-0.1409
2025-10-01,NXPI,-0.0817,0.0144,0.1697,-0.1409
2025-11-01,NXPI,-0.0678,0.0144,0.1697,-0.1409
2025-12-01,NXPI,0.1135,0.0144,0.1697,-0.1409
2026-01-01,NXPI,0.0418,0.0144,0.1697,-0.1409
2026-02-01,NXPI,0.0038,0.0144,0.1697,-0.1409
2026-03-01,NXPI,-0.1328,0.0144,0.1697,-0.1409
2026-04-01,NXPI,0.4914,0.0144,0.1697,-0.1409
2026-05-01,NXPI,0.0946,0.0144,0.1697,-0.1409
2026-06-01,NXPI,-0.1255,0.0144,0.1697,-0.1409
2026-07-01,NXPI,-0.1846,0.0144,0.1697,-0.1409
2026-08-01,NXPI,-0.0197,0.0144,0.1697,-0.1409
2026-09-01,NXPI,0.0598,0.0144,0.1697,-0.1409
2025-07-01,O,-0.0257,-0.0016,0.0535,-0.0568
2025-08-01,O,0.0469,-0.0016,0.0535,-0.0568
2025-09-01,O,0.0345,-0.0016,0.0535,-0.0568
2025-10-01,O,-0.0462,-0.0016,0.0535,-0.0568
2025-11-01,O,-0.0064,-0.0016,0.0535,-0.0568
2025-12-01,O,-0.0215,-0.0016,0.0535,-0.0568
2026-01-01,O,0.085,-0.0016,0.0535,-0.0568
2026-02-01,O,0.0955,-0.0016,0.0535,-0.0568
2026-03-01,O,-0.0869,-0.0016,0.0535,-0.0568
2026-04-01,O,0.05,-0.0016,0.0535,-0.0568
2026-05-01,O,-0.0461,-0.0016,0.0535,-0.0568
2026-06-01,O,0.0111,-0.0016,0.0535,-0.0568
2026-07-01,O,0.0308,-0.0016,0.0535,-0.0568
2026-08-01,O,-0.0406,-0.0016,0.0535,-0.0568
2026-09-01,O,-0.0937,-0.0016,0.0535,-0.0568
2025-07-01,ODFL,-0.0804,0.0076,0.0934,-0.0782
2025-08-01,ODFL,0.0115,0.0076,0.0934,-0.0782
2025-09-01,ODFL,-0.0675,0.0076,0.0934,-0.0782
2025-10-01,ODFL,-0.0026,0.0076,0.0934,-0.0782
2025-11-01,ODFL,-0.0365,0.0076,0.0934,-0.0782
2025-12-01,ODFL,0.159,0.0076,0.0934,-0.0782
2026-01-01,ODFL,0.1046,0.0076,0.0934,-0.0782
2026-02-01,ODFL,0.1723,0.0076,0.0934,-0.0782
2026-03-01,ODFL,-0.0377,0.0076,0.0934,-0.0782
2026-04-01,ODFL,0.0872,0.0076,0.0934,-0.0782
2026-05-01,ODFL,0.0599,0.0076,0.0934,-0.0782
2026-06-01,ODFL,-0.038,0.0076,0.0934,-0.0782
2026-07-01,ODFL,-0.0206,0.0076,0.0934,-0.0782
2026-08-01,ODFL,-0.0574,0.0076,0.0934,-0.0782
2026-09-01,ODFL,-0.1333,0.0076,0.0934,-0.0782
2025-07-01,OEF,0.0302,0.0169,0.0561,-0.0223
2025-08-01,OEF,0.0196,0.0169,0.0561,-0.0223
2025-09-01,OEF,0.0411,0.0169,0.0561,-0.0223
2025-10-01,OEF,0.0375,0.0169,0.0561,-0.0223
2025-11-01,OEF,-0.0034,0.0169,0.0561,-0.0223
2025-12-01,OEF,-0.0034,0.0169,0.0561,-0.0223
2026-01-01,OEF,0.0017,0.0169,0.0561,-0.0223
2026-02-01,OEF,-0.0253,0.0169,0.0561,-0.0223
2026-03-01,OEF,-0.0502,0.0169,0.0561,-0.0223
2026-04-01,OEF,0.1155,0.0169,0.0561,-0.0223
2026-05-01,OEF,0.0635,0.0169,0.0561,-0.0223
2026-06-01,OEF,-0.0304,0.0169,0.0561,-0.0223
2026-07-01,OEF,0.0086,0.0169,0.0561,-0.0223
2026-08-01,OEF,0.0297,0.0169,0.0561,-0.0223
2026-09-01,OEF,0.0163,0.0169,0.0561,-0.0223
2025-07-01,OKE,0.0059,0.0072,0.0693,-0.055
2025-08-01,OKE,-0.0698,0.0072,0.0693,-0.055
2025-09-01,OKE,-0.0446,0.0072,0.0693,-0.055
2025-10-01,OKE,-0.0818,0.0072,0.0693,-0.055
2025-11-01,OKE,0.0869,0.0072,0.0693,-0.055
2025-12-01,OKE,0.0093,0.0072,0.0693,-0.055
2026-01-01,OKE,0.0774,0.0072,0.0693,-0.055
2026-02-01,OKE,0.0452,0.0072,0.0693,-0.055
2026-03-01,OKE,0.0921,0.0072,0.0693,-0.055
2026-04-01,OKE,0.0229,0.0072,0.0693,-0.055
2026-05-01,OKE,-0.0921,0.0072,0.0693,-0.055
2026-06-01,OKE,0.0357,0.0072,0.0693,-0.055
2026-07-01,OKE,0.0445,0.0072,0.0693,-0.055
2026-08-01,OKE,0.0573,0.0072,0.0693,-0.055
2026-09-01,OKE,-0.0769,0.0072,0.0693,-0.055
2025-07-01,OMC,0.0015,0.0077,0.0892,-0.0738
2025-08-01,OMC,0.0872,0.0077,0.0892,-0.0738
2025-09-01,OMC,0.0409,0.0077,0.0892,-0.0738
2025-10-01,OMC,-0.0798,0.0077,0.0892,-0.0738
2025-11-01,OMC,-0.0453,0.0077,0.0892,-0.0738
2025-12-01,OMC,0.1275,0.0077,0.0892,-0.0738
2026-01-01,OMC,-0.0459,0.0077,0.0892,-0.0738
2026-02-01,OMC,0.1071,0.0077,0.0892,-0.0738
2026-03-01,OMC,-0.117,0.0077,0.0892,-0.0738
2026-04-01,OMC,0.0187,0.0077,0.0892,-0.0738
2026-05-01,OMC,-0.0523,0.0077,0.0892,-0.0738
2026-06-01,OMC,0.0017,0.0077,0.0892,-0.0738
2026-07-01,OMC,0.0806,0.0077,0.0892,-0.0738
2026-08-01,OMC,0.1122,0.0077,0.0892,-0.0738
2026-09-01,OMC,-0.13,0.0077,0.0892,-0.0738
2025-07-01,ON,0.0754,0.0393,0.2296,-0.1511
2025-08-01,ON,-0.1201,0.0393,0.2296,-0.1511
2025-09-01,ON,-0.0056,0.0393,0.2296,-0.1511
2025-10-01,ON,0.0156,0.0393,0.2296,-0.1511
2025-11-01,ON,0.0032,0.0393,0.2296,-0.1511
2025-12-01,ON,0.0778,0.0393,0.2296,-0.1511
2026-01-01,ON,0.106,0.0393,0.2296,-0.1511
2026-02-01,ON,0.11,0.0393,0.2296,-0.1511
2026-03-01,ON,-0.0686,0.0393,0.2296,-0.1511
2026-04-01,ON,0.6281,0.0393,0.2296,-0.1511
2026-05-01,ON,0.1965,0.0393,0.2296,-0.1511
2026-06-01,ON,-0.2162,0.0393,0.2296,-0.1511
2026-07-01,ON,-0.1368,0.0393,0.2296,-0.1511
2026-08-01,ON,-0.0921,0.0393,0.2296,-0.1511
2026-09-01,ON,0.042,0.0393,0.2296,-0.1511
2025-07-01,ORCL,0.1607,-0.0117,0.1739,-0.1973
2025-08-01,ORCL,-0.1089,-0.0117,0.1739,-0.1973
2025-09-01,ORCL,0.2437,-0.0117,0.1739,-0.1973
2025-10-01,ORCL,-0.0662,-0.0117,0.1739,-0.1973
2025-11-01,ORCL,-0.231,-0.0117,0.1739,-0.1973
2025-12-01,ORCL,-0.0349,-0.0117,0.1739,-0.1973
2026-01-01,ORCL,-0.1556,-0.0117,0.1739,-0.1973
2026-02-01,ORCL,-0.1165,-0.0117,0.1739,-0.1973
2026-03-01,ORCL,0.0118,-0.0117,0.1739,-0.1973
2026-04-01,ORCL,0.0971,-0.0117,0.1739,-0.1973
2026-05-01,ORCL,0.399,-0.0117,0.1739,-0.1973
2026-06-01,ORCL,-0.3509,-0.0117,0.1739,-0.1973
2026-07-01,ORCL,-0.1138,-0.0117,0.1739,-0.1973
2026-08-01,ORCL,0.1482,-0.0117,0.1739,-0.1973
2026-09-01,ORCL,-0.0806,-0.0117,0.1739,-0.1973
2025-07-01,ORLY,0.0909,-0.0011,0.0728,-0.075
2025-08-01,ORLY,0.0545,-0.0011,0.0728,-0.075
2025-09-01,ORLY,0.0398,-0.0011,0.0728,-0.075
2025-10-01,ORLY,-0.124,-0.0011,0.0728,-0.075
2025-11-01,ORLY,0.0769,-0.0011,0.0728,-0.075
2025-12-01,ORLY,-0.1031,-0.0011,0.0728,-0.075
2026-01-01,ORLY,0.0789,-0.0011,0.0728,-0.075
2026-02-01,ORLY,-0.046,-0.0011,0.0728,-0.075
2026-03-01,ORLY,-0.0167,-0.0011,0.0728,-0.075
2026-04-01,ORLY,0.0768,-0.0011,0.0728,-0.075
2026-05-01,ORLY,-0.126,-0.0011,0.0728,-0.075
2026-06-01,ORLY,0.06,-0.0011,0.0728,-0.075
2026-07-01,ORLY,-0.0298,-0.0011,0.0728,-0.075
2026-08-01,ORLY,-0.0062,-0.0011,0.0728,-0.075
2026-09-01,ORLY,-0.0302,-0.0011,0.0728,-0.075
2025-07-01,OTIS,-0.1346,-0.025,0.0408,-0.0908
2025-08-01,OTIS,0.0081,-0.025,0.0408,-0.0908
2025-09-01,OTIS,0.0585,-0.025,0.0408,-0.0908
2025-10-01,OTIS,0.0145,-0.025,0.0408,-0.0908
2025-11-01,OTIS,-0.0422,-0.025,0.0408,-0.0908
2025-12-01,OTIS,-0.0169,-0.025,0.0408,-0.0908
2026-01-01,OTIS,-0.0221,-0.025,0.0408,-0.0908
2026-02-01,OTIS,0.0836,-0.025,0.0408,-0.0908
2026-03-01,OTIS,-0.1672,-0.025,0.0408,-0.0908
2026-04-01,OTIS,0.0104,-0.025,0.0408,-0.0908
2026-05-01,OTIS,-0.0904,-0.025,0.0408,-0.0908
2026-06-01,OTIS,0.0107,-0.025,0.0408,-0.0908
2026-07-01,OTIS,0.0049,-0.025,0.0408,-0.0908
2026-08-01,OTIS,-0.0114,-0.025,0.0408,-0.0908
2026-09-01,OTIS,-0.073,-0.025,0.0408,-0.0908
2025-07-01,OXY,0.0459,0.0256,0.1339,-0.0826
2025-08-01,OXY,0.0835,0.0256,0.1339,-0.0826
2025-09-01,OXY,-0.0076,0.0256,0.1339,-0.0826
2025-10-01,OXY,-0.128,0.0256,0.1339,-0.0826
2025-11-01,OXY,0.0194,0.0256,0.1339,-0.0826
2025-12-01,OXY,-0.021,0.0256,0.1339,-0.0826
2026-01-01,OXY,0.1038,0.0256,0.1339,-0.0826
2026-02-01,OXY,0.1694,0.0256,0.1339,-0.0826
2026-03-01,OXY,0.2246,0.0256,0.1339,-0.0826
2026-04-01,OXY,-0.068,0.0256,0.1339,-0.0826
2026-05-01,OXY,-0.0652,0.0256,0.1339,-0.0826
2026-06-01,OXY,-0.1423,0.0256,0.1339,-0.0826
2026-07-01,OXY,0.175,0.0256,0.1339,-0.0826
2026-08-01,OXY,0.0545,0.0256,0.1339,-0.0826
2026-09-01,OXY,-0.0552,0.0256,0.1339,-0.0826
2025-07-01,PAM,0.0961,0.0198,0.1577,-0.1182
2025-08-01,PAM,-0.112,0.0198,0.1577,-0.1182
2025-09-01,PAM,-0.1106,0.0198,0.1577,-0.1182
2025-10-01,PAM,0.4286,0.0198,0.1577,-0.1182
2025-11-01,PAM,0.0568,0.0198,0.1577,-0.1182
2025-12-01,PAM,-0.0238,0.0198,0.1577,-0.1182
2026-01-01,PAM,-0.0211,0.0198,0.1577,-0.1182
2026-02-01,PAM,-0.1023,0.0198,0.1577,-0.1182
2026-03-01,PAM,0.1378,0.0198,0.1577,-0.1182
2026-04-01,PAM,-0.0636,0.0198,0.1577,-0.1182
2026-05-01,PAM,0.0287,0.0198,0.1577,-0.1182
2026-06-01,PAM,-0.0366,0.0198,0.1577,-0.1182
2026-07-01,PAM,0.0754,0.0198,0.1577,-0.1182
2026-08-01,PAM,-0.0679,0.0198,0.1577,-0.1182
2026-09-01,PAM,-0.0547,0.0198,0.1577,-0.1182
2025-07-01,PANW,-0.1517,0.0549,0.2274,-0.1175
2025-08-01,PANW,0.0975,0.0549,0.2274,-0.1175
2025-09-01,PANW,0.0688,0.0549,0.2274,-0.1175
2025-10-01,PANW,0.0816,0.0549,0.2274,-0.1175
2025-11-01,PANW,-0.1367,0.0549,0.2274,-0.1175
2025-12-01,PANW,-0.0312,0.0549,0.2274,-0.1175
2026-01-01,PANW,-0.0393,0.0549,0.2274,-0.1175
2026-02-01,PANW,-0.1585,0.0549,0.2274,-0.1175
2026-03-01,PANW,0.0766,0.0549,0.2274,-0.1175
2026-04-01,PANW,0.1185,0.0549,0.2274,-0.1175
2026-05-01,PANW,0.5709,0.0549,0.2274,-0.1175
2026-06-01,PANW,0.2106,0.0549,0.2274,-0.1175
2026-07-01,PANW,-0.0269,0.0549,0.2274,-0.1175
2026-08-01,PANW,0.1516,0.0549,0.2274,-0.1175
2026-09-01,PANW,-0.0193,0.0549,0.2274,-0.1175
2025-07-01,PAYX,-0.0078,-0.0177,0.0693,-0.1047
2025-08-01,PAYX,-0.0337,-0.0177,0.0693,-0.1047
2025-09-01,PAYX,-0.0911,-0.0177,0.0693,-0.1047
2025-10-01,PAYX,-0.0768,-0.0177,0.0693,-0.1047
2025-11-01,PAYX,-0.0456,-0.0177,0.0693,-0.1047
2025-12-01,PAYX,0.0044,-0.0177,0.0693,-0.1047
2026-01-01,PAYX,-0.0807,-0.0177,0.0693,-0.1047
2026-02-01,PAYX,-0.0919,-0.0177,0.0693,-0.1047
2026-03-01,PAYX,-0.0163,-0.0177,0.0693,-0.1047
2026-04-01,PAYX,0.0055,-0.0177,0.0693,-0.1047
2026-05-01,PAYX,0.047,-0.0177,0.0693,-0.1047
2026-06-01,PAYX,0.0139,-0.0177,0.0693,-0.1047
2026-07-01,PAYX,0.1882,-0.0177,0.0693,-0.1047
2026-08-01,PAYX,0.0899,-0.0177,0.0693,-0.1047
2026-09-01,PAYX,-0.2039,-0.0177,0.0693,-0.1047
2025-07-01,PBR,0.0184,0.0396,0.1656,-0.0863
2025-08-01,PBR,-0.0267,0.0396,0.1656,-0.0863
2025-09-01,PBR,0.021,0.0396,0.1656,-0.0863
2025-10-01,PBR,-0.0806,0.0396,0.1656,-0.0863
2025-11-01,PBR,0.0773,0.0396,0.1656,-0.0863
2025-12-01,PBR,-0.055,0.0396,0.1656,-0.0863
2026-01-01,PBR,0.2945,0.0396,0.1656,-0.0863
2026-02-01,PBR,0.0841,0.0396,0.1656,-0.0863
2026-03-01,PBR,0.2477,0.0396,0.1656,-0.0863
2026-04-01,PBR,0.0617,0.0396,0.1656,-0.0863
2026-05-01,PBR,-0.148,0.0396,0.1656,-0.0863
2026-06-01,PBR,-0.1391,0.0396,0.1656,-0.0863
2026-07-01,PBR,0.2005,0.0396,0.1656,-0.0863
2026-08-01,PBR,-0.0026,0.0396,0.1656,-0.0863
2026-09-01,PBR,0.0527,0.0396,0.1656,-0.0863
2025-07-01,PCAR,0.0389,0.0131,0.0801,-0.0538
2025-08-01,PCAR,0.0124,0.0131,0.0801,-0.0538
2025-09-01,PCAR,-0.0166,0.0131,0.0801,-0.0538
2025-10-01,PCAR,0.0008,0.0131,0.0801,-0.0538
2025-11-01,PCAR,0.0713,0.0131,0.0801,-0.0538
2025-12-01,PCAR,0.0388,0.0131,0.0801,-0.0538
2026-01-01,PCAR,0.1224,0.0131,0.0801,-0.0538
2026-02-01,PCAR,0.0259,0.0131,0.0801,-0.0538
2026-03-01,PCAR,-0.084,0.0131,0.0801,-0.0538
2026-04-01,PCAR,0.0286,0.0131,0.0801,-0.0538
2026-05-01,PCAR,-0.071,0.0131,0.0801,-0.0538
2026-06-01,PCAR,0.0883,0.0131,0.0801,-0.0538
2026-07-01,PCAR,0.1046,0.0131,0.0801,-0.0538
2026-08-01,PCAR,-0.0644,0.0131,0.0801,-0.0538
2026-09-01,PCAR,-0.1033,0.0131,0.0801,-0.0538
2025-07-01,PCG,0.0057,-0.0041,0.0908,-0.0989
2025-08-01,PCG,0.0899,-0.0041,0.0908,-0.0989
2025-09-01,PCG,-0.0131,-0.0041,0.0908,-0.0989
2025-10-01,PCG,0.0584,-0.0041,0.0908,-0.0989
2025-11-01,PCG,0.01,-0.0041,0.0908,-0.0989
2025-12-01,PCG,-0.0031,-0.0041,0.0908,-0.0989
2026-01-01,PCG,-0.0404,-0.0041,0.0908,-0.0989
2026-02-01,PCG,0.2322,-0.0041,0.0908,-0.0989
2026-03-01,PCG,-0.0753,-0.0041,0.0908,-0.0989
2026-04-01,PCG,-0.0541,-0.0041,0.0908,-0.0989
2026-05-01,PCG,-0.0168,-0.0041,0.0908,-0.0989
2026-06-01,PCG,0.0294,-0.0041,0.0908,-0.0989
2026-07-01,PCG,0.0333,-0.0041,0.0908,-0.0989
2026-08-01,PCG,-0.2365,-0.0041,0.0908,-0.0989
2026-09-01,PCG,-0.0701,-0.0041,0.0908,-0.0989
2025-07-01,PEG,0.0666,-0.0145,0.0327,-0.0617
2025-08-01,PEG,-0.0831,-0.0145,0.0327,-0.0617
2025-09-01,PEG,0.0137,-0.0145,0.0327,-0.0617
2025-10-01,PEG,-0.0347,-0.0145,0.0327,-0.0617
2025-11-01,PEG,0.0367,-0.0145,0.0327,-0.0617
2025-12-01,PEG,-0.0386,-0.0145,0.0327,-0.0617
2026-01-01,PEG,0.0257,-0.0145,0.0327,-0.0617
2026-02-01,PEG,0.045,-0.0145,0.0327,-0.0617
2026-03-01,PEG,-0.0595,-0.0145,0.0327,-0.0617
2026-04-01,PEG,0.0088,-0.0145,0.0327,-0.0617
2026-05-01,PEG,-0.0369,-0.0145,0.0327,-0.0617
2026-06-01,PEG,0.0319,-0.0145,0.0327,-0.0617
2026-07-01,PEG,-0.0552,-0.0145,0.0327,-0.0617
2026-08-01,PEG,-0.0437,-0.0145,0.0327,-0.0617
2026-09-01,PEG,-0.086,-0.0145,0.0327,-0.0617
2025-07-01,PEP,0.0445,0.0001,0.0615,-0.0613
2025-08-01,PEP,0.0778,0.0001,0.0615,-0.0613
2025-09-01,PEP,-0.0552,0.0001,0.0615,-0.0613
2025-10-01,PEP,0.0402,0.0001,0.0615,-0.0613
2025-11-01,PEP,0.0181,0.0001,0.0615,-0.0613
2025-12-01,PEP,-0.0351,0.0001,0.0615,-0.0613
2026-01-01,PEP,0.0704,0.0001,0.0615,-0.0613
2026-02-01,PEP,0.1049,0.0001,0.0615,-0.0613
2026-03-01,PEP,-0.0851,0.0001,0.0615,-0.0613
2026-04-01,PEP,0.0206,0.0001,0.0615,-0.0613
2026-05-01,PEP,-0.0902,0.0001,0.0615,-0.0613
2026-06-01,PEP,-0.061,0.0001,0.0615,-0.0613
2026-07-01,PEP,0.0307,0.0001,0.0615,-0.0613
2026-08-01,PEP,0.0056,0.0001,0.0615,-0.0613
2026-09-01,PEP,-0.0834,0.0001,0.0615,-0.0613
2025-07-01,PFE,-0.0392,0.0117,0.0662,-0.0427
2025-08-01,PFE,0.0631,0.0117,0.0662,-0.0427
2025-09-01,PFE,0.0291,0.0117,0.0662,-0.0427
2025-10-01,PFE,-0.0326,0.0117,0.0662,-0.0427
2025-11-01,PFE,0.0442,0.0117,0.0662,-0.0427
2025-12-01,PFE,-0.0326,0.0117,0.0662,-0.0427
2026-01-01,PFE,0.0618,0.0117,0.0662,-0.0427
2026-02-01,PFE,0.0458,0.0117,0.0662,-0.0427
2026-03-01,PFE,0.0156,0.0117,0.0662,-0.0427
2026-04-01,PFE,-0.0491,0.0117,0.0662,-0.0427
2026-05-01,PFE,-0.0195,0.0117,0.0662,-0.0427
2026-06-01,PFE,-0.0802,0.0117,0.0662,-0.0427
2026-07-01,PFE,0.0386,0.0117,0.0662,-0.0427
2026-08-01,PFE,0.1379,0.0117,0.0662,-0.0427
2026-09-01,PFE,0.0074,0.0117,0.0662,-0.0427
2025-07-01,PFF,0.0186,-0.0017,0.0174,-0.0208
2025-08-01,PFF,0.0067,-0.0017,0.0174,-0.0208
2025-09-01,PFF,0.0051,-0.0017,0.0174,-0.0208
2025-10-01,PFF,-0.013,-0.0017,0.0174,-0.0208
2025-11-01,PFF,-0.0083,-0.0017,0.0174,-0.0208
2025-12-01,PFF,0.0003,-0.0017,0.0174,-0.0208
2026-01-01,PFF,0.0236,-0.0017,0.0174,-0.0208
2026-02-01,PFF,-0.0088,-0.0017,0.0174,-0.0208
2026-03-01,PFF,-0.0347,-0.0017,0.0174,-0.0208
2026-04-01,PFF,0.0373,-0.0017,0.0174,-0.0208
2026-05-01,PFF,0.0035,-0.0017,0.0174,-0.0208
2026-06-01,PFF,-0.0339,-0.0017,0.0174,-0.0208
2026-07-01,PFF,-0.0007,-0.0017,0.0174,-0.0208
2026-08-01,PFF,-0.001,-0.0017,0.0174,-0.0208
2026-09-01,PFF,-0.0204,-0.0017,0.0174,-0.0208
2025-07-01,PFG,-0.0201,0.0253,0.0669,-0.0164
2025-08-01,PFG,0.0344,0.0253,0.0669,-0.0164
2025-09-01,PFG,0.0298,0.0253,0.0669,-0.0164
2025-10-01,PFG,0.0136,0.0253,0.0669,-0.0164
2025-11-01,PFG,0.0093,0.0253,0.0669,-0.0164
2025-12-01,PFG,0.04,0.0253,0.0669,-0.0164
2026-01-01,PFG,0.0738,0.0253,0.0669,-0.0164
2026-02-01,PFG,0.0074,0.0253,0.0669,-0.0164
2026-03-01,PFG,-0.0556,0.0253,0.0669,-0.0164
2026-04-01,PFG,0.1199,0.0253,0.0669,-0.0164
2026-05-01,PFG,0.0269,0.0253,0.0669,-0.0164
2026-06-01,PFG,0.0401,0.0253,0.0669,-0.0164
2026-07-01,PFG,0.0549,0.0253,0.0669,-0.0164
2026-08-01,PFG,-0.0311,0.0253,0.0669,-0.0164
2026-09-01,PFG,0.0418,0.0253,0.0669,-0.0164
2025-07-01,PG,-0.0555,-0.0059,0.0463,-0.0582
2025-08-01,PG,0.0437,-0.0059,0.0463,-0.0582
2025-09-01,PG,-0.0216,-0.0059,0.0463,-0.0582
2025-10-01,PG,-0.0213,-0.0059,0.0463,-0.0582
2025-11-01,PG,-0.0147,-0.0059,0.0463,-0.0582
2025-12-01,PG,-0.0327,-0.0059,0.0463,-0.0582
2026-01-01,PG,0.059,-0.0059,0.0463,-0.0582
2026-02-01,PG,0.1017,-0.0059,0.0463,-0.0582
2026-03-01,PG,-0.1361,-0.0059,0.0463,-0.0582
2026-04-01,PG,0.0183,-0.0059,0.0463,-0.0582
2026-05-01,PG,-0.024,-0.0059,0.0463,-0.0582
2026-06-01,PG,0.0215,-0.0059,0.0463,-0.0582
2026-07-01,PG,-0.0147,-0.0059,0.0463,-0.0582
2026-08-01,PG,0.0044,-0.0059,0.0463,-0.0582
2026-09-01,PG,0.0076,-0.0059,0.0463,-0.0582
2025-07-01,PGR,-0.093,-0.0161,0.0617,-0.0939
2025-08-01,PGR,0.0207,-0.0161,0.0617,-0.0939
2025-09-01,PGR,-0.0004,-0.0161,0.0617,-0.0939
2025-10-01,PGR,-0.1658,-0.0161,0.0617,-0.0939
2025-11-01,PGR,0.1106,-0.0161,0.0617,-0.0939
2025-12-01,PGR,-0.0047,-0.0161,0.0617,-0.0939
2026-01-01,PGR,-0.0866,-0.0161,0.0617,-0.0939
2026-02-01,PGR,0.0272,-0.0161,0.0617,-0.0939
2026-03-01,PGR,-0.0722,-0.0161,0.0617,-0.0939
2026-04-01,PGR,0.0153,-0.0161,0.0617,-0.0939
2026-05-01,PGR,-0.0541,-0.0161,0.0617,-0.0939
2026-06-01,PGR,0.1473,-0.0161,0.0617,-0.0939
2026-07-01,PGR,-0.0322,-0.0161,0.0617,-0.0939
2026-08-01,PGR,0.0315,-0.0161,0.0617,-0.0939
2026-09-01,PGR,-0.0577,-0.0161,0.0617,-0.0939
2025-07-01,PH,0.0479,0.0237,0.0879,-0.0405
2025-08-01,PH,0.0375,0.0237,0.0879,-0.0405
2025-09-01,PH,-0.0016,0.0237,0.0879,-0.0405
2025-10-01,PH,0.0194,0.0237,0.0879,-0.0405
2025-11-01,PH,0.115,0.0237,0.0879,-0.0405
2025-12-01,PH,0.02,0.0237,0.0879,-0.0405
2026-01-01,PH,0.0647,0.0237,0.0879,-0.0405
2026-02-01,PH,0.0784,0.0237,0.0879,-0.0405
2026-03-01,PH,-0.1129,0.0237,0.0879,-0.0405
2026-04-01,PH,0.0158,0.0237,0.0879,-0.0405
2026-05-01,PH,-0.0712,0.0237,0.0879,-0.0405
2026-06-01,PH,0.158,0.0237,0.0879,-0.0405
2026-07-01,PH,-0.0016,0.0237,0.0879,-0.0405
2026-08-01,PH,0.003,0.0237,0.0879,-0.0405
2026-09-01,PH,-0.0011,0.0237,0.0879,-0.0405
2025-07-01,PHM,0.0707,0.0105,0.1015,-0.0805
2025-08-01,PHM,0.1691,0.0105,0.1015,-0.0805
2025-09-01,PHM,0.0008,0.0105,0.1015,-0.0805
2025-10-01,PHM,-0.0928,0.0105,0.1015,-0.0805
2025-11-01,PHM,0.0611,0.0105,0.1015,-0.0805
2025-12-01,PHM,-0.0781,0.0105,0.1015,-0.0805
2026-01-01,PHM,0.0668,0.0105,0.1015,-0.0805
2026-02-01,PHM,0.0968,0.0105,0.1015,-0.0805
2026-03-01,PHM,-0.1428,0.0105,0.1015,-0.0805
2026-04-01,PHM,0.0404,0.0105,0.1015,-0.0805
2026-05-01,PHM,-0.0342,0.0105,0.1015,-0.0805
2026-06-01,PHM,0.161,0.0105,0.1015,-0.0805
2026-07-01,PHM,-0.0783,0.0105,0.1015,-0.0805
2026-08-01,PHM,-0.0012,0.0105,0.1015,-0.0805
2026-09-01,PHM,-0.0512,0.0105,0.1015,-0.0805
2025-07-01,PKG,0.0281,0.0156,0.0755,-0.0443
2025-08-01,PKG,0.125,0.0156,0.0755,-0.0443
2025-09-01,PKG,-0.0001,0.0156,0.0755,-0.0443
2025-10-01,PKG,-0.1017,0.0156,0.0755,-0.0443
2025-11-01,PKG,0.0425,0.0156,0.0755,-0.0443
2025-12-01,PKG,0.0106,0.0156,0.0755,-0.0443
2026-01-01,PKG,0.0791,0.0156,0.0755,-0.0443
2026-02-01,PKG,0.0431,0.0156,0.0755,-0.0443
2026-03-01,PKG,-0.0858,0.0156,0.0755,-0.0443
2026-04-01,PKG,0.0058,0.0156,0.0755,-0.0443
2026-05-01,PKG,0.0256,0.0156,0.0755,-0.0443
2026-06-01,PKG,0.0885,0.0156,0.0755,-0.0443
2026-07-01,PKG,0.0317,0.0156,0.0755,-0.0443
2026-08-01,PKG,-0.0484,0.0156,0.0755,-0.0443
2026-09-01,PKG,0.0139,0.0156,0.0755,-0.0443
2025-07-01,PLD,0.0158,0.0172,0.0688,-0.0344
2025-08-01,PLD,0.0656,0.0172,0.0688,-0.0344
2025-09-01,PLD,0.0065,0.0172,0.0688,-0.0344
2025-10-01,PLD,0.0836,0.0172,0.0688,-0.0344
2025-11-01,PLD,0.0358,0.0172,0.0688,-0.0344
2025-12-01,PLD,-0.0068,0.0172,0.0688,-0.0344
2026-01-01,PLD,0.0227,0.0172,0.0688,-0.0344
2026-02-01,PLD,0.092,0.0172,0.0688,-0.0344
2026-03-01,PLD,-0.0729,0.0172,0.0688,-0.0344
2026-04-01,PLD,0.0744,0.0172,0.0688,-0.0344
2026-05-01,PLD,0.0102,0.0172,0.0688,-0.0344
2026-06-01,PLD,-0.0558,0.0172,0.0688,-0.0344
2026-07-01,PLD,0.0675,0.0172,0.0688,-0.0344
2026-08-01,PLD,-0.0324,0.0172,0.0688,-0.0344
2026-09-01,PLD,-0.0491,0.0172,0.0688,-0.0344
2025-07-01,PLTR,0.1616,0.0398,0.2149,-0.1354
2025-08-01,PLTR,-0.0104,0.0398,0.2149,-0.1354
2025-09-01,PLTR,0.1641,0.0398,0.2149,-0.1354
2025-10-01,PLTR,0.0989,0.0398,0.2149,-0.1354
2025-11-01,PLTR,-0.1597,0.0398,0.2149,-0.1354
2025-12-01,PLTR,0.0552,0.0398,0.2149,-0.1354
2026-01-01,PLTR,-0.1753,0.0398,0.2149,-0.1354
2026-02-01,PLTR,-0.0641,0.0398,0.2149,-0.1354
2026-03-01,PLTR,0.0663,0.0398,0.2149,-0.1354
2026-04-01,PLTR,-0.049,0.0398,0.2149,-0.1354
2026-05-01,PLTR,0.1253,0.0398,0.2149,-0.1354
2026-06-01,PLTR,-0.2547,0.0398,0.2149,-0.1354
2026-07-01,PLTR,0.0548,0.0398,0.2149,-0.1354
2026-08-01,PLTR,0.5145,0.0398,0.2149,-0.1354
2026-09-01,PLTR,0.0177,0.0398,0.2149,-0.1354
2025-07-01,PM,-0.0993,0.0027,0.0717,-0.0664
2025-08-01,PM,0.0188,0.0027,0.0717,-0.0664
2025-09-01,PM,-0.0295,0.0027,0.0717,-0.0664
2025-10-01,PM,-0.1102,0.0027,0.0717,-0.0664
2025-11-01,PM,0.0911,0.0027,0.0717,-0.0664
2025-12-01,PM,0.0185,0.0027,0.0717,-0.0664
2026-01-01,PM,0.1187,0.0027,0.0717,-0.0664
2026-02-01,PM,0.0412,0.0027,0.0717,-0.0664
2026-03-01,PM,-0.115,0.0027,0.0717,-0.0664
2026-04-01,PM,-0.0016,0.0027,0.0717,-0.0664
2026-05-01,PM,0.0746,0.0027,0.0717,-0.0664
2026-06-01,PM,0.0199,0.0027,0.0717,-0.0664
2026-07-01,PM,0.0548,0.0027,0.0717,-0.0664
2026-08-01,PM,-0.0184,0.0027,0.0717,-0.0664
2026-09-01,PM,0.017,0.0027,0.0717,-0.0664
2025-07-01,PNC,0.0207,0.0147,0.0767,-0.0472
2025-08-01,PNC,0.0902,0.0147,0.0767,-0.0472
2025-09-01,PNC,-0.0314,0.0147,0.0767,-0.0472
2025-10-01,PNC,-0.0915,0.0147,0.0767,-0.0472
2025-11-01,PNC,0.0448,0.0147,0.0767,-0.0472
2025-12-01,PNC,0.0944,0.0147,0.0767,-0.0472
2026-01-01,PNC,0.0698,0.0147,0.0767,-0.0472
2026-02-01,PNC,-0.049,0.0147,0.0767,-0.0472
2026-03-01,PNC,-0.0201,0.0147,0.0767,-0.0472
2026-04-01,PNC,0.0717,0.0147,0.0767,-0.0472
2026-05-01,PNC,-0.0084,0.0147,0.0767,-0.0472
2026-06-01,PNC,0.1135,0.0147,0.0767,-0.0472
2026-07-01,PNC,0.0148,0.0147,0.0767,-0.0472
2026-08-01,PNC,-0.041,0.0147,0.0767,-0.0472
2026-09-01,PNC,-0.0584,0.0147,0.0767,-0.0472
2025-07-01,PNR,-0.0045,-0.0399,0.0271,-0.1069
2025-08-01,PNR,0.0522,-0.0399,0.0271,-0.1069
2025-09-01,PNR,0.03,-0.0399,0.0271,-0.1069
2025-10-01,PNR,-0.0398,-0.0399,0.0271,-0.1069
2025-11-01,PNR,-0.0104,-0.0399,0.0271,-0.1069
2025-12-01,PNR,-0.0105,-0.0399,0.0271,-0.1069
2026-01-01,PNR,0.0118,-0.0399,0.0271,-0.1069
2026-02-01,PNR,-0.0587,-0.0399,0.0271,-0.1069
2026-03-01,PNR,-0.1218,-0.0399,0.0271,-0.1069
2026-04-01,PNR,-0.0735,-0.0399,0.0271,-0.1069
2026-05-01,PNR,-0.1223,-0.0399,0.0271,-0.1069
2026-06-01,PNR,0.0822,-0.0399,0.0271,-0.1069
2026-07-01,PNR,-0.1464,-0.0399,0.0271,-0.1069
2026-08-01,PNR,-0.0761,-0.0399,0.0271,-0.1069
2026-09-01,PNR,-0.1125,-0.0399,0.0271,-0.1069
2025-07-01,PNW,0.0129,0.002,0.0426,-0.0387
2025-08-01,PNW,-0.0139,0.002,0.0426,-0.0387
2025-09-01,PNW,0.0034,0.002,0.0426,-0.0387
2025-10-01,PNW,-0.0127,0.002,0.0426,-0.0387
2025-11-01,PNW,0.0264,0.002,0.0426,-0.0387
2025-12-01,PNW,-0.0238,0.002,0.0426,-0.0387
2026-01-01,PNW,0.0548,0.002,0.0426,-0.0387
2026-02-01,PNW,0.072,0.002,0.0426,-0.0387
2026-03-01,PNW,0.0045,0.002,0.0426,-0.0387
2026-04-01,PNW,0.0295,0.002,0.0426,-0.0387
2026-05-01,PNW,-0.0384,0.002,0.0426,-0.0387
2026-06-01,PNW,0.0728,0.002,0.0426,-0.0387
2026-07-01,PNW,-0.0562,0.002,0.0426,-0.0387
2026-08-01,PNW,-0.0332,0.002,0.0426,-0.0387
2026-09-01,PNW,-0.0604,0.002,0.0426,-0.0387
2025-07-01,PODD,-0.0821,-0.0491,0.0509,-0.1491
2025-08-01,PODD,0.1785,-0.0491,0.0509,-0.1491
2025-09-01,PODD,-0.0917,-0.0491,0.0509,-0.1491
2025-10-01,PODD,0.0139,-0.0491,0.0509,-0.1491
2025-11-01,PODD,0.0453,-0.0491,0.0509,-0.1491
2025-12-01,PODD,-0.1313,-0.0491,0.0509,-0.1491
2026-01-01,PODD,-0.1,-0.0491,0.0509,-0.1491
2026-02-01,PODD,-0.036,-0.0491,0.0509,-0.1491
2026-03-01,PODD,-0.1491,-0.0491,0.0509,-0.1491
2026-04-01,PODD,-0.1797,-0.0491,0.0509,-0.1491
2026-05-01,PODD,-0.158,-0.0491,0.0509,-0.1491
2026-06-01,PODD,0.0504,-0.0491,0.0509,-0.1491
2026-07-01,PODD,0.086,-0.0491,0.0509,-0.1491
2026-08-01,PODD,-0.1009,-0.0491,0.0509,-0.1491
2026-09-01,PODD,-0.0843,-0.0491,0.0509,-0.1491
2025-07-01,POWA,0.0147,0.0005,0.0271,-0.0261
2025-08-01,POWA,0.0217,0.0005,0.0271,-0.0261
2025-09-01,POWA,0.0085,0.0005,0.0271,-0.0261
2025-10-01,POWA,0.0033,0.0005,0.0271,-0.0261
2025-11-01,POWA,0.0112,0.0005,0.0271,-0.0261
2025-12-01,POWA,-0.0207,0.0005,0.0271,-0.0261
2026-01-01,POWA,0.0213,0.0005,0.0271,-0.0261
2026-02-01,POWA,0.0144,0.0005,0.0271,-0.0261
2026-03-01,POWA,-0.0754,0.0005,0.0271,-0.0261
2026-04-01,POWA,0.0263,0.0005,0.0271,-0.0261
2026-05-01,POWA,-0.0041,0.0005,0.0271,-0.0261
2026-06-01,POWA,0.0089,0.0005,0.0271,-0.0261
2026-07-01,POWA,0.0224,0.0005,0.0271,-0.0261
2026-08-01,POWA,-0.0052,0.0005,0.0271,-0.0261
2026-09-01,POWA,-0.0372,0.0005,0.0271,-0.0261
2025-07-01,PPG,-0.0725,-0.0035,0.0668,-0.0737
2025-08-01,PPG,0.0543,-0.0035,0.0668,-0.0737
2025-09-01,PPG,-0.055,-0.0035,0.0668,-0.0737
2025-10-01,PPG,-0.07,-0.0035,0.0668,-0.0737
2025-11-01,PPG,0.0234,-0.0035,0.0668,-0.0737
2025-12-01,PPG,0.0242,-0.0035,0.0668,-0.0737
2026-01-01,PPG,0.1285,-0.0035,0.0668,-0.0737
2026-02-01,PPG,0.0661,-0.0035,0.0668,-0.0737
2026-03-01,PPG,-0.133,-0.0035,0.0668,-0.0737
2026-04-01,PPG,0.0152,-0.0035,0.0668,-0.0737
2026-05-01,PPG,0.0413,-0.0035,0.0668,-0.0737
2026-06-01,PPG,0.0736,-0.0035,0.0668,-0.0737
2026-07-01,PPG,-0.0888,-0.0035,0.0668,-0.0737
2026-08-01,PPG,0.0149,-0.0035,0.0668,-0.0737
2026-09-01,PPG,-0.0415,-0.0035,0.0668,-0.0737
2025-07-01,PPL,0.0531,-0.0034,0.0359,-0.0426
2025-08-01,PPL,0.0219,-0.0034,0.0359,-0.0426
2025-09-01,PPL,0.0189,-0.0034,0.0359,-0.0426
2025-10-01,PPL,-0.0172,-0.0034,0.0359,-0.0426
2025-11-01,PPL,0.0104,-0.0034,0.0359,-0.0426
2025-12-01,PPL,-0.0509,-0.0034,0.0359,-0.0426
2026-01-01,PPL,0.0351,-0.0034,0.0359,-0.0426
2026-02-01,PPL,0.0753,-0.0034,0.0359,-0.0426
2026-03-01,PPL,-0.02,-0.0034,0.0359,-0.0426
2026-04-01,PPL,-0.0199,-0.0034,0.0359,-0.0426
2026-05-01,PPL,-0.0548,-0.0034,0.0359,-0.0426
2026-06-01,PPL,0.0271,-0.0034,0.0359,-0.0426
2026-07-01,PPL,-0.0314,-0.0034,0.0359,-0.0426
2026-08-01,PPL,-0.0307,-0.0034,0.0359,-0.0426
2026-09-01,PPL,-0.0615,-0.0034,0.0359,-0.0426
2025-07-01,PPLT,-0.0412,0.0229,0.1276,-0.0817
2025-08-01,PPLT,0.0629,0.0229,0.1276,-0.0817
2025-09-01,PPLT,0.141,0.0229,0.1276,-0.0817
2025-10-01,PPLT,0.0046,0.0229,0.1276,-0.0817
2025-11-01,PPLT,0.063,0.0229,0.1276,-0.0817
2025-12-01,PPLT,0.2218,0.0229,0.1276,-0.0817
2026-01-01,PPLT,0.0462,0.0229,0.1276,-0.0817
2026-02-01,PPLT,0.101,0.0229,0.1276,-0.0817
2026-03-01,PPLT,-0.17,0.0229,0.1276,-0.0817
2026-04-01,PPLT,0.0088,0.0229,0.1276,-0.0817
2026-05-01,PPLT,-0.0295,0.0229,0.1276,-0.0817
2026-06-01,PPLT,-0.1903,0.0229,0.1276,-0.0817
2026-07-01,PPLT,0.0587,0.0229,0.1276,-0.0817
2026-08-01,PPLT,0.0862,0.0229,0.1276,-0.0817
2026-09-01,PPLT,-0.0098,0.0229,0.1276,-0.0817
2025-07-01,PRU,-0.0359,0.0095,0.066,-0.047
2025-08-01,PRU,0.0587,0.0095,0.066,-0.047
2025-09-01,PRU,-0.054,0.0095,0.066,-0.047
2025-10-01,PRU,0.0025,0.0095,0.066,-0.047
2025-11-01,PRU,0.0409,0.0095,0.066,-0.047
2025-12-01,PRU,0.0428,0.0095,0.066,-0.047
2026-01-01,PRU,-0.0157,0.0095,0.066,-0.047
2026-02-01,PRU,-0.1146,0.0095,0.066,-0.047
2026-03-01,PRU,-0.007,0.0095,0.066,-0.047
2026-04-01,PRU,0.0043,0.0095,0.066,-0.047
2026-05-01,PRU,0.0258,0.0095,0.066,-0.047
2026-06-01,PRU,0.0724,0.0095,0.066,-0.047
2026-07-01,PRU,0.1311,0.0095,0.066,-0.047
2026-08-01,PRU,-0.0367,0.0095,0.066,-0.047
2026-09-01,PRU,0.0157,0.0095,0.066,-0.047
2025-07-01,PSA,-0.0732,-0.0003,0.0683,-0.0689
2025-08-01,PSA,0.0833,-0.0003,0.0683,-0.0689
2025-09-01,PSA,-0.0195,-0.0003,0.0683,-0.0689
2025-10-01,PSA,-0.0356,-0.0003,0.0683,-0.0689
2025-11-01,PSA,-0.0144,-0.0003,0.0683,-0.0689
2025-12-01,PSA,-0.0548,-0.0003,0.0683,-0.0689
2026-01-01,PSA,0.0643,-0.0003,0.0683,-0.0689
2026-02-01,PSA,0.1118,-0.0003,0.0683,-0.0689
2026-03-01,PSA,-0.1178,-0.0003,0.0683,-0.0689
2026-04-01,PSA,0.1165,-0.0003,0.0683,-0.0689
2026-05-01,PSA,0.0041,-0.0003,0.0683,-0.0689
2026-06-01,PSA,0.0481,-0.0003,0.0683,-0.0689
2026-07-01,PSA,0.0184,-0.0003,0.0683,-0.0689
2026-08-01,PSA,-0.053,-0.0003,0.0683,-0.0689
2026-09-01,PSA,-0.062,-0.0003,0.0683,-0.0689
2025-07-01,PSKY,-0.0256,-0.0026,0.1927,-0.1978
2025-08-01,PSKY,0.1695,-0.0026,0.1927,-0.1978
2025-09-01,PSKY,0.2871,-0.0026,0.1927,-0.1978
2025-10-01,PSKY,-0.1866,-0.0026,0.1927,-0.1978
2025-11-01,PSKY,0.0409,-0.0026,0.1927,-0.1978
2025-12-01,PSKY,-0.1635,-0.0026,0.1927,-0.1978
2026-01-01,PSKY,-0.1634,-0.0026,0.1927,-0.1978
2026-02-01,PSKY,0.2052,-0.0026,0.1927,-0.1978
2026-03-01,PSKY,-0.3323,-0.0026,0.1927,-0.1978
2026-04-01,PSKY,0.1353,-0.0026,0.1927,-0.1978
2026-05-01,PSKY,0.0361,-0.0026,0.1927,-0.1978
2026-06-01,PSKY,-0.0707,-0.0026,0.1927,-0.1978
2026-07-01,PSKY,-0.1927,-0.0026,0.1927,-0.1978
2026-08-01,PSKY,0.3706,-0.0026,0.1927,-0.1978
2026-09-01,PSKY,-0.0871,-0.0026,0.1927,-0.1978
2025-07-01,PSX,0.0359,0.0561,0.1434,-0.0312
2025-08-01,PSX,0.0809,0.0561,0.1434,-0.0312
2025-09-01,PSX,0.0183,0.0561,0.1434,-0.0312
2025-10-01,PSX,0.0009,0.0561,0.1434,-0.0312
2025-11-01,PSX,0.006,0.0561,0.1434,-0.0312
2025-12-01,PSX,-0.0578,0.0561,0.1434,-0.0312
2026-01-01,PSX,0.1125,0.0561,0.1434,-0.0312
2026-02-01,PSX,0.075,0.0561,0.1434,-0.0312
2026-03-01,PSX,0.1805,0.0561,0.1434,-0.0312
2026-04-01,PSX,-0.0166,0.0561,0.1434,-0.0312
2026-05-01,PSX,-0.0183,0.0561,0.1434,-0.0312
2026-06-01,PSX,-0.0388,0.0561,0.1434,-0.0312
2026-07-01,PSX,0.2522,0.0561,0.1434,-0.0312
2026-08-01,PSX,0.1649,0.0561,0.1434,-0.0312
2026-09-01,PSX,0.0372,0.0561,0.1434,-0.0312
2025-07-01,PTC,0.2464,-0.0055,0.1126,-0.1236
2025-08-01,PTC,-0.0061,-0.0055,0.1126,-0.1236
2025-09-01,PTC,-0.0491,-0.0055,0.1126,-0.1236
2025-10-01,PTC,-0.0221,-0.0055,0.1126,-0.1236
2025-11-01,PTC,-0.1164,-0.0055,0.1126,-0.1236
2025-12-01,PTC,-0.007,-0.0055,0.1126,-0.1236
2026-01-01,PTC,-0.1038,-0.0055,0.1126,-0.1236
2026-02-01,PTC,0.0029,-0.0055,0.1126,-0.1236
2026-03-01,PTC,-0.09,-0.0055,0.1126,-0.1236
2026-04-01,PTC,-0.0434,-0.0055,0.1126,-0.1236
2026-05-01,PTC,0.0178,-0.0055,0.1126,-0.1236
2026-06-01,PTC,-0.1811,-0.0055,0.1126,-0.1236
2026-07-01,PTC,0.2076,-0.0055,0.1126,-0.1236
2026-08-01,PTC,0.1351,-0.0055,0.1126,-0.1236
2026-09-01,PTC,-0.1131,-0.0055,0.1126,-0.1236
2025-07-01,PWR,0.0742,0.0406,0.1521,-0.0709
2025-08-01,PWR,-0.0694,0.0406,0.1521,-0.0709
2025-09-01,PWR,0.0965,0.0406,0.1521,-0.0709
2025-10-01,PWR,0.0838,0.0406,0.1521,-0.0709
2025-11-01,PWR,0.0351,0.0406,0.1521,-0.0709
2025-12-01,PWR,-0.0921,0.0406,0.1521,-0.0709
2026-01-01,PWR,0.1246,0.0406,0.1521,-0.0709
2026-02-01,PWR,0.1864,0.0406,0.1521,-0.0709
2026-03-01,PWR,-0.025,0.0406,0.1521,-0.0709
2026-04-01,PWR,0.3256,0.0406,0.1521,-0.0709
2026-05-01,PWR,-0.022,0.0406,0.1521,-0.0709
2026-06-01,PWR,0.0117,0.0406,0.1521,-0.0709
2026-07-01,PWR,-0.0732,0.0406,0.1521,-0.0709
2026-08-01,PWR,-0.0903,0.0406,0.1521,-0.0709
2026-09-01,PWR,0.0692,0.0406,0.1521,-0.0709
2025-07-01,PYPL,-0.0748,-0.0119,0.1001,-0.1239
2025-08-01,PYPL,0.0208,-0.0119,0.1001,-0.1239
2025-09-01,PYPL,-0.0446,-0.0119,0.1001,-0.1239
2025-10-01,PYPL,0.033,-0.0119,0.1001,-0.1239
2025-11-01,PYPL,-0.095,-0.0119,0.1001,-0.1239
2025-12-01,PYPL,-0.0688,-0.0119,0.1001,-0.1239
2026-01-01,PYPL,-0.0975,-0.0119,0.1001,-0.1239
2026-02-01,PYPL,-0.123,-0.0119,0.1001,-0.1239
2026-03-01,PYPL,-0.0212,-0.0119,0.1001,-0.1239
2026-04-01,PYPL,0.1086,-0.0119,0.1001,-0.1239
2026-05-01,PYPL,-0.1075,-0.0119,0.1001,-0.1239
2026-06-01,PYPL,-0.0351,-0.0119,0.1001,-0.1239
2026-07-01,PYPL,0.3249,-0.0119,0.1001,-0.1239
2026-08-01,PYPL,-0.0794,-0.0119,0.1001,-0.1239
2026-09-01,PYPL,0.045,-0.0119,0.1001,-0.1239
2025-11-01,Q,-0.1464,0.0327,0.1854,-0.12
2025-12-01,Q,0.0069,0.0327,0.1854,-0.12
2026-01-01,Q,0.178,0.0327,0.1854,-0.12
2026-02-01,Q,0.3179,0.0327,0.1854,-0.12
2026-03-01,Q,-0.0898,0.0327,0.1854,-0.12
2026-04-01,Q,0.2191,0.0327,0.1854,-0.12
2026-05-01,Q,0.1091,0.0327,0.1854,-0.12
2026-06-01,Q,0.0469,0.0327,0.1854,-0.12
2026-07-01,Q,-0.1967,0.0327,0.1854,-0.12
2026-08-01,Q,-0.0896,0.0327,0.1854,-0.12
2026-09-01,Q,0.044,0.0327,0.1854,-0.12
2025-07-01,QAT,0.0559,-0.0065,0.026,-0.039
2025-08-01,QAT,0.0173,-0.0065,0.026,-0.039
2025-09-01,QAT,-0.0235,-0.0065,0.026,-0.039
2025-10-01,QAT,-0.0118,-0.0065,0.026,-0.039
2025-11-01,QAT,-0.0218,-0.0065,0.026,-0.039
2025-12-01,QAT,-0.0032,-0.0065,0.026,-0.039
2026-01-01,QAT,0.0473,-0.0065,0.026,-0.039
2026-02-01,QAT,-0.0127,-0.0065,0.026,-0.039
2026-03-01,QAT,-0.0442,-0.0065,0.026,-0.039
2026-04-01,QAT,0.0097,-0.0065,0.026,-0.039
2026-05-01,QAT,0.024,-0.0065,0.026,-0.039
2026-06-01,QAT,-0.064,-0.0065,0.026,-0.039
2026-07-01,QAT,-0.0344,-0.0065,0.026,-0.039
2026-08-01,QAT,0.0017,-0.0065,0.026,-0.039
2026-09-01,QAT,-0.0379,-0.0065,0.026,-0.039
2025-07-01,QCOM,-0.0785,0.0306,0.2166,-0.1555
2025-08-01,QCOM,0.0952,0.0306,0.2166,-0.1555
2025-09-01,QCOM,0.035,0.0306,0.2166,-0.1555
2025-10-01,QCOM,0.0874,0.0306,0.2166,-0.1555
2025-11-01,QCOM,-0.0708,0.0306,0.2166,-0.1555
2025-12-01,QCOM,0.0176,0.0306,0.2166,-0.1555
2026-01-01,QCOM,-0.1138,0.0306,0.2166,-0.1555
2026-02-01,QCOM,-0.0609,0.0306,0.2166,-0.1555
2026-03-01,QCOM,-0.0954,0.0306,0.2166,-0.1555
2026-04-01,QCOM,0.3945,0.0306,0.2166,-0.1555
2026-05-01,QCOM,0.3978,0.0306,0.2166,-0.1555
2026-06-01,QCOM,-0.2638,0.0306,0.2166,-0.1555
2026-07-01,QCOM,-0.2012,0.0306,0.2166,-0.1555
2026-08-01,QCOM,0.1549,0.0306,0.2166,-0.1555
2026-09-01,QCOM,0.1847,0.0306,0.2166,-0.1555
2025-07-01,QQQ,0.0242,0.0214,0.0767,-0.034
2025-08-01,QQQ,0.0095,0.0214,0.0767,-0.034
2025-09-01,QQQ,0.0525,0.0214,0.0767,-0.034
2025-10-01,QQQ,0.0478,0.0214,0.0767,-0.034
2025-11-01,QQQ,-0.0156,0.0214,0.0767,-0.034
2025-12-01,QQQ,-0.008,0.0214,0.0767,-0.034
2026-01-01,QQQ,0.0123,0.0214,0.0767,-0.034
2026-02-01,QQQ,-0.0234,0.0214,0.0767,-0.034
2026-03-01,QQQ,-0.0496,0.0214,0.0767,-0.034
2026-04-01,QQQ,0.1569,0.0214,0.0767,-0.034
2026-05-01,QQQ,0.1057,0.0214,0.0767,-0.034
2026-06-01,QQQ,-0.0026,0.0214,0.0767,-0.034
2026-07-01,QQQ,-0.0657,0.0214,0.0767,-0.034
2026-08-01,QQQ,0.0418,0.0214,0.0767,-0.034
2026-09-01,QQQ,0.0387,0.0214,0.0767,-0.034
2025-07-01,QUAL,0.0071,0.0135,0.0424,-0.0153
2025-08-01,QUAL,0.0262,0.0135,0.0424,-0.0153
2025-09-01,QUAL,0.0294,0.0135,0.0424,-0.0153
2025-10-01,QUAL,0.0093,0.0135,0.0424,-0.0153
2025-11-01,QUAL,0.0091,0.0135,0.0424,-0.0153
2025-12-01,QUAL,0.0027,0.0135,0.0424,-0.0153
2026-01-01,QUAL,0.0191,0.0135,0.0424,-0.0153
2026-02-01,QUAL,0.0121,0.0135,0.0424,-0.0153
2026-03-01,QUAL,-0.0637,0.0135,0.0424,-0.0153
2026-04-01,QUAL,0.0805,0.0135,0.0424,-0.0153
2026-05-01,QUAL,0.0398,0.0135,0.0424,-0.0153
2026-06-01,QUAL,0.0183,0.0135,0.0424,-0.0153
2026-07-01,QUAL,-0.0005,0.0135,0.0424,-0.0153
2026-08-01,QUAL,0.015,0.0135,0.0424,-0.0153
2026-09-01,QUAL,0.0044,0.0135,0.0424,-0.0153
2025-07-01,RCL,0.0151,-0.0124,0.0869,-0.1116
2025-08-01,RCL,0.1427,-0.0124,0.0869,-0.1116
2025-09-01,RCL,-0.1091,-0.0124,0.0869,-0.1116
2025-10-01,RCL,-0.1136,-0.0124,0.0869,-0.1116
2025-11-01,RCL,-0.0718,-0.0124,0.0869,-0.1116
2025-12-01,RCL,0.0476,-0.0124,0.0869,-0.1116
2026-01-01,RCL,0.164,-0.0124,0.0869,-0.1116
2026-02-01,RCL,-0.0422,-0.0124,0.0869,-0.1116
2026-03-01,RCL,-0.1151,-0.0124,0.0869,-0.1116
2026-04-01,RCL,-0.0415,-0.0124,0.0869,-0.1116
2026-05-01,RCL,0.0791,-0.0124,0.0869,-0.1116
2026-06-01,RCL,0.1156,-0.0124,0.0869,-0.1116
2026-07-01,RCL,0.0024,-0.0124,0.0869,-0.1116
2026-08-01,RCL,-0.1557,-0.0124,0.0869,-0.1116
2026-09-01,RCL,-0.0969,-0.0124,0.0869,-0.1116
2025-07-01,RDDT,0.0665,0.0109,0.164,-0.1422
2025-08-01,RDDT,0.4016,0.0109,0.164,-0.1422
2025-09-01,RDDT,0.0218,0.0109,0.164,-0.1422
2025-10-01,RDDT,-0.0915,0.0109,0.164,-0.1422
2025-11-01,RDDT,0.036,0.0109,0.164,-0.1422
2025-12-01,RDDT,0.0619,0.0109,0.164,-0.1422
2026-01-01,RDDT,-0.2158,0.0109,0.164,-0.1422
2026-02-01,RDDT,-0.1912,0.0109,0.164,-0.1422
2026-03-01,RDDT,-0.0765,0.0109,0.164,-0.1422
2026-04-01,RDDT,0.0934,0.0109,0.164,-0.1422
2026-05-01,RDDT,0.1954,0.0109,0.164,-0.1422
2026-06-01,RDDT,-0.0138,0.0109,0.164,-0.1422
2026-07-01,RDDT,-0.1896,0.0109,0.164,-0.1422
2026-08-01,RDDT,0.0508,0.0109,0.164,-0.1422
2026-09-01,RDDT,0.0137,0.0109,0.164,-0.1422
2025-07-01,REG,0.0024,0.0013,0.0412,-0.0385
2025-08-01,REG,0.0154,0.0013,0.0412,-0.0385
2025-09-01,REG,0.0055,0.0013,0.0412,-0.0385
2025-10-01,REG,-0.0542,0.0013,0.0412,-0.0385
2025-11-01,REG,0.0321,0.0013,0.0412,-0.0385
2025-12-01,REG,-0.0299,0.0013,0.0412,-0.0385
2026-01-01,REG,0.0556,0.0013,0.0412,-0.0385
2026-02-01,REG,0.0841,0.0013,0.0412,-0.0385
2026-03-01,REG,-0.0423,0.0013,0.0412,-0.0385
2026-04-01,REG,0.0289,0.0013,0.0412,-0.0385
2026-05-01,REG,-0.0064,0.0013,0.0412,-0.0385
2026-06-01,REG,0.0309,0.0013,0.0412,-0.0385
2026-07-01,REG,0.0069,0.0013,0.0412,-0.0385
2026-08-01,REG,-0.0688,0.0013,0.0412,-0.0385
2026-09-01,REG,-0.0206,0.0013,0.0412,-0.0385
2025-07-01,REGN,0.039,0.0328,0.1285,-0.063
2025-08-01,REGN,0.0646,0.0328,0.1285,-0.063
2025-09-01,REGN,-0.0317,0.0328,0.1285,-0.063
2025-10-01,REGN,0.1592,0.0328,0.1285,-0.063
2025-11-01,REGN,0.197,0.0328,0.1285,-0.063
2025-12-01,REGN,-0.0107,0.0328,0.1285,-0.063
2026-01-01,REGN,-0.0394,0.0328,0.1285,-0.063
2026-02-01,REGN,0.0542,0.0328,0.1285,-0.063
2026-03-01,REGN,-0.0116,0.0328,0.1285,-0.063
2026-04-01,REGN,-0.0849,0.0328,0.1285,-0.063
2026-05-01,REGN,-0.1305,0.0328,0.1285,-0.063
2026-06-01,REGN,0.0142,0.0328,0.1285,-0.063
2026-07-01,REGN,0.2231,0.0328,0.1285,-0.063
2026-08-01,REGN,0.0478,0.0328,0.1285,-0.063
2026-09-01,REGN,-0.0138,0.0328,0.1285,-0.063
2025-07-01,RF,0.077,0.0127,0.0737,-0.0483
2025-08-01,RF,0.0813,0.0127,0.0737,-0.0483
2025-09-01,RF,-0.0372,0.0127,0.0737,-0.0483
2025-10-01,RF,-0.0823,0.0127,0.0737,-0.0483
2025-11-01,RF,0.0517,0.0127,0.0737,-0.0483
2025-12-01,RF,0.0648,0.0127,0.0737,-0.0483
2026-01-01,RF,0.0517,0.0127,0.0737,-0.0483
2026-02-01,RF,-0.0235,0.0127,0.0737,-0.0483
2026-03-01,RF,-0.0614,0.0127,0.0737,-0.0483
2026-04-01,RF,0.093,0.0127,0.0737,-0.0483
2026-05-01,RF,-0.0193,0.0127,0.0737,-0.0483
2026-06-01,RF,0.0786,0.0127,0.0737,-0.0483
2026-07-01,RF,0.0248,0.0127,0.0737,-0.0483
2026-08-01,RF,-0.0346,0.0127,0.0737,-0.0483
2026-09-01,RF,-0.0756,0.0127,0.0737,-0.0483
2025-07-01,RIG,0.1274,0.0578,0.1876,-0.0719
2025-08-01,RIG,0.0377,0.0578,0.1876,-0.0719
2025-09-01,RIG,0.0297,0.0578,0.1876,-0.0719
2025-10-01,RIG,0.2308,0.0578,0.1876,-0.0719
2025-11-01,RIG,0.1484,0.0578,0.1876,-0.0719
2025-12-01,RIG,-0.0635,0.0578,0.1876,-0.0719
2026-01-01,RIG,0.2034,0.0578,0.1876,-0.0719
2026-02-01,RIG,0.3038,0.0578,0.1876,-0.0719
2026-03-01,RIG,0.0231,0.0578,0.1876,-0.0719
2026-04-01,RIG,0.0287,0.0578,0.1876,-0.0719
2026-05-01,RIG,-0.0924,0.0578,0.1876,-0.0719
2026-06-01,RIG,-0.21,0.0578,0.1876,-0.0719
2026-07-01,RIG,0.0879,0.0578,0.1876,-0.0719
2026-08-01,RIG,0.0921,0.0578,0.1876,-0.0719
2026-09-01,RIG,-0.074,0.0578,0.1876,-0.0719
2025-07-01,RJF,0.0897,0.0071,0.0815,-0.0672
2025-08-01,RJF,0.0138,0.0071,0.0815,-0.0672
2025-09-01,RJF,0.0187,0.0071,0.0815,-0.0672
2025-10-01,RJF,-0.0807,0.0071,0.0815,-0.0672
2025-11-01,RJF,-0.0134,0.0071,0.0815,-0.0672
2025-12-01,RJF,0.0259,0.0071,0.0815,-0.0672
2026-01-01,RJF,0.0328,0.0071,0.0815,-0.0672
2026-02-01,RJF,-0.0771,0.0071,0.0815,-0.0672
2026-03-01,RJF,-0.0542,0.0071,0.0815,-0.0672
2026-04-01,RJF,0.0934,0.0071,0.0815,-0.0672
2026-05-01,RJF,-0.0942,0.0071,0.0815,-0.0672
2026-06-01,RJF,0.0601,0.0071,0.0815,-0.0672
2026-07-01,RJF,0.1575,0.0071,0.0815,-0.0672
2026-08-01,RJF,0.0124,0.0071,0.0815,-0.0672
2026-09-01,RJF,-0.1027,0.0071,0.0815,-0.0672
2025-07-01,RL,0.0892,0.0183,0.0797,-0.043
2025-08-01,RL,-0.0061,0.0183,0.0797,-0.043
2025-09-01,RL,0.056,0.0183,0.0797,-0.043
2025-10-01,RL,0.0195,0.0183,0.0797,-0.043
2025-11-01,RL,0.1491,0.0183,0.0797,-0.043
2025-12-01,RL,-0.0374,0.0183,0.0797,-0.043
2026-01-01,RL,-0.0006,0.0183,0.0797,-0.043
2026-02-01,RL,0.026,0.0183,0.0797,-0.043
2026-03-01,RL,-0.0513,0.0183,0.0797,-0.043
2026-04-01,RL,0.0426,0.0183,0.0797,-0.043
2026-05-01,RL,0.0147,0.0183,0.0797,-0.043
2026-06-01,RL,0.1031,0.0183,0.0797,-0.043
2026-07-01,RL,-0.0525,0.0183,0.0797,-0.043
2026-08-01,RL,-0.0879,0.0183,0.0797,-0.043
2026-09-01,RL,0.0294,0.0183,0.0797,-0.043
2025-07-01,RMD,0.054,-0.0076,0.0677,-0.0828
2025-08-01,RMD,0.0095,-0.0076,0.0677,-0.0828
2025-09-01,RMD,-0.0028,-0.0076,0.0677,-0.0828
2025-10-01,RMD,-0.0981,-0.0076,0.0677,-0.0828
2025-11-01,RMD,0.0363,-0.0076,0.0677,-0.0828
2025-12-01,RMD,-0.0585,-0.0076,0.0677,-0.0828
2026-01-01,RMD,0.0724,-0.0076,0.0677,-0.0828
2026-02-01,RMD,-0.0079,-0.0076,0.0677,-0.0828
2026-03-01,RMD,-0.124,-0.0076,0.0677,-0.0828
2026-04-01,RMD,-0.0475,-0.0076,0.0677,-0.0828
2026-05-01,RMD,-0.1087,-0.0076,0.0677,-0.0828
2026-06-01,RMD,0.0226,-0.0076,0.0677,-0.0828
2026-07-01,RMD,0.0826,-0.0076,0.0677,-0.0828
2026-08-01,RMD,0.138,-0.0076,0.0677,-0.0828
2026-09-01,RMD,-0.0754,-0.0076,0.0677,-0.0828
2025-07-01,ROK,0.0588,0.0199,0.095,-0.0551
2025-08-01,ROK,-0.0235,0.0199,0.095,-0.0551
2025-09-01,ROK,0.0178,0.0199,0.095,-0.0551
2025-10-01,ROK,0.0539,0.0199,0.095,-0.0551
2025-11-01,ROK,0.0747,0.0199,0.095,-0.0551
2025-12-01,ROK,-0.0172,0.0199,0.095,-0.0551
2026-01-01,ROK,0.0837,0.0199,0.095,-0.0551
2026-02-01,ROK,-0.0337,0.0199,0.095,-0.0551
2026-03-01,ROK,-0.1192,0.0199,0.095,-0.0551
2026-04-01,ROK,0.1394,0.0199,0.095,-0.0551
2026-05-01,ROK,0.1031,0.0199,0.095,-0.0551
2026-06-01,ROK,0.0976,0.0199,0.095,-0.0551
2026-07-01,ROK,-0.0303,0.0199,0.095,-0.0551
2026-08-01,ROK,-0.1159,0.0199,0.095,-0.0551
2026-09-01,ROK,0.0229,0.0199,0.095,-0.0551
2025-07-01,ROKU,0.0713,0.0428,0.1263,-0.0408
2025-08-01,ROKU,0.0255,0.0428,0.1263,-0.0408
2025-09-01,ROKU,0.037,0.0428,0.1263,-0.0408
2025-10-01,ROKU,0.0599,0.0428,0.1263,-0.0408
2025-11-01,ROKU,-0.088,0.0428,0.1263,-0.0408
2025-12-01,ROKU,0.1209,0.0428,0.1263,-0.0408
2026-01-01,ROKU,-0.1225,0.0428,0.1263,-0.0408
2026-02-01,ROKU,0.0337,0.0428,0.1263,-0.0408
2026-03-01,ROKU,-0.0385,0.0428,0.1263,-0.0408
2026-04-01,ROKU,0.2319,0.0428,0.1263,-0.0408
2026-05-01,ROKU,0.1169,0.0428,0.1263,-0.0408
2026-06-01,ROKU,0.0611,0.0428,0.1263,-0.0408
2026-07-01,ROKU,0.0497,0.0428,0.1263,-0.0408
2026-08-01,ROKU,0.0822,0.0428,0.1263,-0.0408
2026-09-01,ROKU,-0.0271,0.0428,0.1263,-0.0408
2025-07-01,ROL,0.0151,-0.0382,0.0348,-0.1111
2025-08-01,ROL,-0.0127,-0.0382,0.0348,-0.1111
2025-09-01,ROL,0.0389,-0.0382,0.0348,-0.1111
2025-10-01,ROL,-0.0192,-0.0382,0.0348,-0.1111
2025-11-01,ROL,0.0672,-0.0382,0.0348,-0.1111
2025-12-01,ROL,-0.0237,-0.0382,0.0348,-0.1111
2026-01-01,ROL,0.0553,-0.0382,0.0348,-0.1111
2026-02-01,ROL,-0.0387,-0.0382,0.0348,-0.1111
2026-03-01,ROL,-0.1228,-0.0382,0.0348,-0.1111
2026-04-01,ROL,0.0434,-0.0382,0.0348,-0.1111
2026-05-01,ROL,-0.1459,-0.0382,0.0348,-0.1111
2026-06-01,ROL,-0.1231,-0.0382,0.0348,-0.1111
2026-07-01,ROL,-0.0903,-0.0382,0.0348,-0.1111
2026-08-01,ROL,-0.05,-0.0382,0.0348,-0.1111
2026-09-01,ROL,-0.1675,-0.0382,0.0348,-0.1111
2025-07-01,ROP,-0.029,-0.0249,0.0576,-0.1073
2025-08-01,ROP,-0.0438,-0.0249,0.0576,-0.1073
2025-09-01,ROP,-0.0525,-0.0249,0.0576,-0.1073
2025-10-01,ROP,-0.1054,-0.0249,0.0576,-0.1073
2025-11-01,ROP,0.0002,-0.0249,0.0576,-0.1073
2025-12-01,ROP,-0.0024,-0.0249,0.0576,-0.1073
2026-01-01,ROP,-0.166,-0.0249,0.0576,-0.1073
2026-02-01,ROP,-0.0579,-0.0249,0.0576,-0.1073
2026-03-01,ROP,0.0118,-0.0249,0.0576,-0.1073
2026-04-01,ROP,0.0027,-0.0249,0.0576,-0.1073
2026-05-01,ROP,-0.0825,-0.0249,0.0576,-0.1073
2026-06-01,ROP,0.0395,-0.0249,0.0576,-0.1073
2026-07-01,ROP,0.1583,-0.0249,0.0576,-0.1073
2026-08-01,ROP,0.0833,-0.0249,0.0576,-0.1073
2026-09-01,ROP,-0.1556,-0.0249,0.0576,-0.1073
2025-07-01,ROST,0.0702,0.0438,0.1085,-0.0209
2025-08-01,ROST,0.0778,0.0438,0.1085,-0.0209
2025-09-01,ROST,0.0355,0.0438,0.1085,-0.0209
2025-10-01,ROST,0.0429,0.0438,0.1085,-0.0209
2025-11-01,ROST,0.1097,0.0438,0.1085,-0.0209
2025-12-01,ROST,0.0214,0.0438,0.1085,-0.0209
2026-01-01,ROST,0.0472,0.0438,0.1085,-0.0209
2026-02-01,ROST,0.0901,0.0438,0.1085,-0.0209
2026-03-01,ROST,0.0534,0.0438,0.1085,-0.0209
2026-04-01,ROST,0.0515,0.0438,0.1085,-0.0209
2026-05-01,ROST,0.0173,0.0438,0.1085,-0.0209
2026-06-01,ROST,-0.0815,0.0438,0.1085,-0.0209
2026-07-01,ROST,0.1796,0.0438,0.1085,-0.0209
2026-08-01,ROST,-0.0897,0.0438,0.1085,-0.0209
2026-09-01,ROST,0.0332,0.0438,0.1085,-0.0209
2025-07-01,RSG,-0.0647,-0.0103,0.0365,-0.0572
2025-08-01,RSG,0.0144,-0.0103,0.0365,-0.0572
2025-09-01,RSG,-0.0192,-0.0103,0.0365,-0.0572
2025-10-01,RSG,-0.0926,-0.0103,0.0365,-0.0572
2025-11-01,RSG,0.0424,-0.0103,0.0365,-0.0572
2025-12-01,RSG,-0.0236,-0.0103,0.0365,-0.0572
2026-01-01,RSG,0.0149,-0.0103,0.0365,-0.0572
2026-02-01,RSG,0.0647,-0.0103,0.0365,-0.0572
2026-03-01,RSG,-0.0436,-0.0103,0.0365,-0.0572
2026-04-01,RSG,-0.0447,-0.0103,0.0365,-0.0572
2026-05-01,RSG,-0.042,-0.0103,0.0365,-0.0572
2026-06-01,RSG,0.0631,-0.0103,0.0365,-0.0572
2026-07-01,RSG,-0.0119,-0.0103,0.0365,-0.0572
2026-08-01,RSG,0.0493,-0.0103,0.0365,-0.0572
2026-09-01,RSG,-0.0399,-0.0103,0.0365,-0.0572
2025-07-01,RSP,0.0104,0.01,0.0393,-0.0192
2025-08-01,RSP,0.0272,0.01,0.0393,-0.0192
2025-09-01,RSP,0.0057,0.01,0.0393,-0.0192
2025-10-01,RSP,-0.0093,0.01,0.0393,-0.0192
2025-11-01,RSP,0.0192,0.01,0.0393,-0.0192
2025-12-01,RSP,0.0002,0.01,0.0393,-0.0192
2026-01-01,RSP,0.034,0.01,0.0393,-0.0192
2026-02-01,RSP,0.0348,0.01,0.0393,-0.0192
2026-03-01,RSP,-0.0637,0.01,0.0393,-0.0192
2026-04-01,RSP,0.06,0.01,0.0393,-0.0192
2026-05-01,RSP,0.0265,0.01,0.0393,-0.0192
2026-06-01,RSP,0.0189,0.01,0.0393,-0.0192
2026-07-01,RSP,0.0105,0.01,0.0393,-0.0192
2026-08-01,RSP,0.0204,0.01,0.0393,-0.0192
2026-09-01,RSP,-0.0377,0.01,0.0393,-0.0192
2025-07-01,RTX,0.0791,0.021,0.0847,-0.0427
2025-08-01,RTX,0.0065,0.021,0.0847,-0.0427
2025-09-01,RTX,0.055,0.021,0.0847,-0.0427
2025-10-01,RTX,0.0668,0.021,0.0847,-0.0427
2025-11-01,RTX,-0.0201,0.021,0.0847,-0.0427
2025-12-01,RTX,0.0485,0.021,0.0847,-0.0427
2026-01-01,RTX,0.0956,0.021,0.0847,-0.0427
2026-02-01,RTX,0.0084,0.021,0.0847,-0.0427
2026-03-01,RTX,-0.048,0.021,0.0847,-0.0427
2026-04-01,RTX,-0.0872,0.021,0.0847,-0.0427
2026-05-01,RTX,0.0204,0.021,0.0847,-0.0427
2026-06-01,RTX,0.0561,0.021,0.0847,-0.0427
2026-07-01,RTX,0.1343,0.021,0.0847,-0.0427
2026-08-01,RTX,-0.0348,0.021,0.0847,-0.0427
2026-09-01,RTX,-0.0882,0.021,0.0847,-0.0427
2025-07-01,RUT,0.0168,0.0186,0.0614,-0.0242
2025-08-01,RUT,0.07,0.0186,0.0614,-0.0242
2025-09-01,RUT,0.0296,0.0186,0.0614,-0.0242
2025-10-01,RUT,0.0176,0.0186,0.0614,-0.0242
2025-11-01,RUT,0.0085,0.0186,0.0614,-0.0242
2025-12-01,RUT,-0.0074,0.0186,0.0614,-0.0242
2026-01-01,RUT,0.0531,0.0186,0.0614,-0.0242
2026-02-01,RUT,0.0071,0.0186,0.0614,-0.0242
2026-03-01,RUT,-0.0517,0.0186,0.0614,-0.0242
2026-04-01,RUT,0.1216,0.0186,0.0614,-0.0242
2026-05-01,RUT,0.0427,0.0186,0.0614,-0.0242
2026-06-01,RUT,0.036,0.0186,0.0614,-0.0242
2026-07-01,RUT,-0.0308,0.0186,0.0614,-0.0242
2026-08-01,RUT,0.0086,0.0186,0.0614,-0.0242
2026-09-01,RUT,-0.0402,0.0186,0.0614,-0.0242
2025-07-01,RVTY,-0.0912,0.0325,0.1316,-0.0666
2025-08-01,RVTY,0.0251,0.0325,0.1316,-0.0666
2025-09-01,RVTY,-0.0273,0.0325,0.1316,-0.0666
2025-10-01,RVTY,0.0678,0.0325,0.1316,-0.0666
2025-11-01,RVTY,0.1156,0.0325,0.1316,-0.0666
2025-12-01,RVTY,-0.0734,0.0325,0.1316,-0.0666
2026-01-01,RVTY,0.1245,0.0325,0.1316,-0.0666
2026-02-01,RVTY,-0.0964,0.0325,0.1316,-0.0666
2026-03-01,RVTY,-0.1088,0.0325,0.1316,-0.0666
2026-04-01,RVTY,-0.0113,0.0325,0.1316,-0.0666
2026-05-01,RVTY,0.207,0.0325,0.1316,-0.0666
2026-06-01,RVTY,0.0642,0.0325,0.1316,-0.0666
2026-07-01,RVTY,0.0113,0.0325,0.1316,-0.0666
2026-08-01,RVTY,0.1435,0.0325,0.1316,-0.0666
2026-09-01,RVTY,0.1744,0.0325,0.1316,-0.0666
2025-07-01,SBAC,-0.0431,-0.0179,0.0866,-0.1223
2025-08-01,SBAC,-0.0884,-0.0179,0.0866,-0.1223
2025-09-01,SBAC,-0.0561,-0.0179,0.0866,-0.1223
2025-10-01,SBAC,-0.0097,-0.0179,0.0866,-0.1223
2025-11-01,SBAC,0.0146,-0.0179,0.0866,-0.1223
2025-12-01,SBAC,-0.0043,-0.0179,0.0866,-0.1223
2026-01-01,SBAC,-0.0482,-0.0179,0.0866,-0.1223
2026-02-01,SBAC,0.0926,-0.0179,0.0866,-0.1223
2026-03-01,SBAC,-0.1444,-0.0179,0.0866,-0.1223
2026-04-01,SBAC,0.2852,-0.0179,0.0866,-0.1223
2026-05-01,SBAC,-0.0816,-0.0179,0.0866,-0.1223
2026-06-01,SBAC,-0.1314,-0.0179,0.0866,-0.1223
2026-07-01,SBAC,0.0256,-0.0179,0.0866,-0.1223
2026-08-01,SBAC,0.048,-0.0179,0.0866,-0.1223
2026-09-01,SBAC,-0.124,-0.0179,0.0866,-0.1223
2025-07-01,SBLK,0.0586,0.0387,0.1254,-0.0479
2025-08-01,SBLK,0.0214,0.0387,0.1254,-0.0479
2025-09-01,SBLK,-0.0032,0.0387,0.1254,-0.0479
2025-10-01,SBLK,0.0124,0.0387,0.1254,-0.0479
2025-11-01,SBLK,0.0574,0.0387,0.1254,-0.0479
2025-12-01,SBLK,-0.0342,0.0387,0.1254,-0.0479
2026-01-01,SBLK,0.1941,0.0387,0.1254,-0.0479
2026-02-01,SBLK,0.1455,0.0387,0.1254,-0.0479
2026-03-01,SBLK,-0.1263,0.0387,0.1254,-0.0479
2026-04-01,SBLK,0.094,0.0387,0.1254,-0.0479
2026-05-01,SBLK,0.0844,0.0387,0.1254,-0.0479
2026-06-01,SBLK,-0.0837,0.0387,0.1254,-0.0479
2026-07-01,SBLK,0.1514,0.0387,0.1254,-0.0479
2026-08-01,SBLK,0.0737,0.0387,0.1254,-0.0479
2026-09-01,SBLK,-0.0431,0.0387,0.1254,-0.0479
2025-07-01,SBUX,-0.027,0.0039,0.076,-0.0682
2025-08-01,SBUX,-0.0109,0.0039,0.076,-0.0682
2025-09-01,SBUX,-0.0407,0.0039,0.076,-0.0682
2025-10-01,SBUX,-0.0441,0.0039,0.076,-0.0682
2025-11-01,SBUX,0.0772,0.0039,0.076,-0.0682
2025-12-01,SBUX,-0.0333,0.0039,0.076,-0.0682
2026-01-01,SBUX,0.0919,0.0039,0.076,-0.0682
2026-02-01,SBUX,0.066,0.0039,0.076,-0.0682
2026-03-01,SBUX,-0.086,0.0039,0.076,-0.0682
2026-04-01,SBUX,0.1757,0.0039,0.076,-0.0682
2026-05-01,SBUX,-0.0586,0.0039,0.076,-0.0682
2026-06-01,SBUX,0.0306,0.0039,0.076,-0.0682
2026-07-01,SBUX,0.0299,0.0039,0.076,-0.0682
2026-08-01,SBUX,0.0095,0.0039,0.076,-0.0682
2026-09-01,SBUX,-0.1072,0.0039,0.076,-0.0682
2025-07-01,SCHP,-0.003,-0.0036,0.0069,-0.0142
2025-08-01,SCHP,0.0124,-0.0036,0.0069,-0.0142
2025-09-01,SCHP,0.0007,-0.0036,0.0069,-0.0142
2025-10-01,SCHP,0.0004,-0.0036,0.0069,-0.0142
2025-11-01,SCHP,-0.0019,-0.0036,0.0069,-0.0142
2025-12-01,SCHP,-0.0156,-0.0036,0.0069,-0.0142
2026-01-01,SCHP,0.0057,-0.0036,0.0069,-0.0142
2026-02-01,SCHP,0.0116,-0.0036,0.0069,-0.0142
2026-03-01,SCHP,-0.0126,-0.0036,0.0069,-0.0142
2026-04-01,SCHP,0.0098,-0.0036,0.0069,-0.0142
2026-05-01,SCHP,-0.0015,-0.0036,0.0069,-0.0142
2026-06-01,SCHP,-0.0123,-0.0036,0.0069,-0.0142
2026-07-01,SCHP,-0.0155,-0.0036,0.0069,-0.0142
2026-08-01,SCHP,-0.0069,-0.0036,0.0069,-0.0142
2026-09-01,SCHP,-0.0247,-0.0036,0.0069,-0.0142
2025-07-01,SCHW,0.0711,0.0095,0.0711,-0.0521
2025-08-01,SCHW,-0.0193,0.0095,0.0711,-0.0521
2025-09-01,SCHW,-0.0039,0.0095,0.0711,-0.0521
2025-10-01,SCHW,-0.01,0.0095,0.0711,-0.0521
2025-11-01,SCHW,-0.0189,0.0095,0.0711,-0.0521
2025-12-01,SCHW,0.0774,0.0095,0.0711,-0.0521
2026-01-01,SCHW,0.0401,0.0095,0.0711,-0.0521
2026-02-01,SCHW,-0.0839,0.0095,0.0711,-0.0521
2026-03-01,SCHW,-0.0128,0.0095,0.0711,-0.0521
2026-04-01,SCHW,-0.0249,0.0095,0.0711,-0.0521
2026-05-01,SCHW,-0.0468,0.0095,0.0711,-0.0521
2026-06-01,SCHW,0.0563,0.0095,0.0711,-0.0521
2026-07-01,SCHW,0.1406,0.0095,0.0711,-0.0521
2026-08-01,SCHW,0.0435,0.0095,0.0711,-0.0521
2026-09-01,SCHW,-0.0983,0.0095,0.0711,-0.0521
2025-07-01,SD,-0.0397,0.018,0.0954,-0.0594
2025-08-01,SD,0.1396,0.018,0.0954,-0.0594
2025-09-01,SD,-0.0473,0.018,0.0954,-0.0594
2025-10-01,SD,0.0559,0.018,0.0954,-0.0594
2025-11-01,SD,0.1872,0.018,0.0954,-0.0594
2025-12-01,SD,0.0205,0.018,0.0954,-0.0594
2026-01-01,SD,0.0984,0.018,0.0954,-0.0594
2026-02-01,SD,0.106,0.018,0.0954,-0.0594
2026-03-01,SD,-0.0696,0.018,0.0954,-0.0594
2026-04-01,SD,-0.0466,0.018,0.0954,-0.0594
2026-05-01,SD,-0.0566,0.018,0.0954,-0.0594
2026-06-01,SD,-0.0661,0.018,0.0954,-0.0594
2026-07-01,SD,0.0161,0.018,0.0954,-0.0594
2026-08-01,SD,0.0144,0.018,0.0954,-0.0594
2026-09-01,SD,-0.0177,0.018,0.0954,-0.0594
2025-07-01,SDY,0.0091,0.006,0.0394,-0.0274
2025-08-01,SDY,0.032,0.006,0.0394,-0.0274
2025-09-01,SDY,-0.0091,0.006,0.0394,-0.0274
2025-10-01,SDY,-0.0202,0.006,0.0394,-0.0274
2025-11-01,SDY,0.0257,0.006,0.0394,-0.0274
2025-12-01,SDY,-0.0113,0.006,0.0394,-0.0274
2026-01-01,SDY,0.0688,0.006,0.0394,-0.0274
2026-02-01,SDY,0.0484,0.006,0.0394,-0.0274
2026-03-01,SDY,-0.0641,0.006,0.0394,-0.0274
2026-04-01,SDY,0.0283,0.006,0.0394,-0.0274
2026-05-01,SDY,-0.0054,0.006,0.0394,-0.0274
2026-06-01,SDY,0.0196,0.006,0.0394,-0.0274
2026-07-01,SDY,0.0185,0.006,0.0394,-0.0274
2026-08-01,SDY,0.008,0.006,0.0394,-0.0274
2026-09-01,SDY,-0.049,0.006,0.0394,-0.0274
2025-07-01,SHW,-0.0363,-0.0016,0.0638,-0.0669
2025-08-01,SHW,0.1056,-0.0016,0.0638,-0.0669
2025-09-01,SHW,-0.0535,-0.0016,0.0638,-0.0669
2025-10-01,SHW,-0.0038,-0.0016,0.0638,-0.0669
2025-11-01,SHW,-0.0036,-0.0016,0.0638,-0.0669
2025-12-01,SHW,-0.0572,-0.0016,0.0638,-0.0669
2026-01-01,SHW,0.0945,-0.0016,0.0638,-0.0669
2026-02-01,SHW,0.0224,-0.0016,0.0638,-0.0669
2026-03-01,SHW,-0.1159,-0.0016,0.0638,-0.0669
2026-04-01,SHW,0.0033,-0.0016,0.0638,-0.0669
2026-05-01,SHW,-0.0553,-0.0016,0.0638,-0.0669
2026-06-01,SHW,0.1332,-0.0016,0.0638,-0.0669
2026-07-01,SHW,-0.0101,-0.0016,0.0638,-0.0669
2026-08-01,SHW,-0.006,-0.0016,0.0638,-0.0669
2026-09-01,SHW,-0.0287,-0.0016,0.0638,-0.0669
2025-07-01,SHY,-0.0041,-0.0013,0.0021,-0.0048
2025-08-01,SHY,0.0056,-0.0013,0.0021,-0.0048
2025-09-01,SHY,-0.0002,-0.0013,0.0021,-0.0048
2025-10-01,SHY,0.0002,-0.0013,0.0021,-0.0048
2025-11-01,SHY,0.0012,-0.0013,0.0021,-0.0048
2025-12-01,SHY,-0.0031,-0.0013,0.0021,-0.0048
2026-01-01,SHY,0.0021,-0.0013,0.0021,-0.0048
2026-02-01,SHY,0.0023,-0.0013,0.0021,-0.0048
2026-03-01,SHY,-0.0073,-0.0013,0.0021,-0.0048
2026-04-01,SHY,-0.0011,-0.0013,0.0021,-0.0048
2026-05-01,SHY,-0.0022,-0.0013,0.0021,-0.0048
2026-06-01,SHY,-0.0023,-0.0013,0.0021,-0.0048
2026-07-01,SHY,-0.0013,-0.0013,0.0021,-0.0048
2026-08-01,SHY,-0.0013,-0.0013,0.0021,-0.0048
2026-09-01,SHY,-0.0083,-0.0013,0.0021,-0.0048
2025-07-01,SILJ,-0.0189,0.056,0.2207,-0.1088
2025-08-01,SILJ,0.2521,0.056,0.2207,-0.1088
2025-09-01,SILJ,0.2701,0.056,0.2207,-0.1088
2025-10-01,SILJ,-0.0212,0.056,0.2207,-0.1088
2025-11-01,SILJ,0.1544,0.056,0.2207,-0.1088
2025-12-01,SILJ,0.0606,0.056,0.2207,-0.1088
2026-01-01,SILJ,0.1493,0.056,0.2207,-0.1088
2026-02-01,SILJ,0.2673,0.056,0.2207,-0.1088
2026-03-01,SILJ,-0.2625,0.056,0.2207,-0.1088
2026-04-01,SILJ,-0.0135,0.056,0.2207,-0.1088
2026-05-01,SILJ,0.0542,0.056,0.2207,-0.1088
2026-06-01,SILJ,-0.1614,0.056,0.2207,-0.1088
2026-07-01,SILJ,-0.0706,0.056,0.2207,-0.1088
2026-08-01,SILJ,0.301,0.056,0.2207,-0.1088
2026-09-01,SILJ,-0.0676,0.056,0.2207,-0.1088
2025-07-01,SJM,0.0931,0.016,0.0928,-0.0609
2025-08-01,SJM,0.0295,0.016,0.0928,-0.0609
2025-09-01,SJM,-0.0173,0.016,0.0928,-0.0609
2025-10-01,SJM,-0.0465,0.016,0.0928,-0.0609
2025-11-01,SJM,0.0061,0.016,0.0928,-0.0609
2025-12-01,SJM,-0.0611,0.016,0.0928,-0.0609
2026-01-01,SJM,0.0721,0.016,0.0928,-0.0609
2026-02-01,SJM,0.1058,0.016,0.0928,-0.0609
2026-03-01,SJM,-0.1683,0.016,0.0928,-0.0609
2026-04-01,SJM,0.0165,0.016,0.0928,-0.0609
2026-05-01,SJM,0.0527,0.016,0.0928,-0.0609
2026-06-01,SJM,0.0901,0.016,0.0928,-0.0609
2026-07-01,SJM,0.0601,0.016,0.0928,-0.0609
2026-08-01,SJM,0.0998,0.016,0.0928,-0.0609
2026-09-01,SJM,-0.0775,0.016,0.0928,-0.0609
2025-08-01,SLB,0.0899,0.0349,0.1424,-0.0725
2025-09-01,SLB,-0.067,0.0349,0.1424,-0.0725
2025-10-01,SLB,0.0492,0.0349,0.1424,-0.0725
2025-11-01,SLB,0.005,0.0349,0.1424,-0.0725
2025-12-01,SLB,0.0591,0.0349,0.1424,-0.0725
2026-01-01,SLB,0.2606,0.0349,0.1424,-0.0725
2026-02-01,SLB,0.0612,0.0349,0.1424,-0.0725
2026-03-01,SLB,0.001,0.0349,0.1424,-0.0725
2026-04-01,SLB,0.1068,0.0349,0.1424,-0.0725
2026-05-01,SLB,-0.041,0.0349,0.1424,-0.0725
2026-06-01,SLB,-0.1478,0.0349,0.1424,-0.0725
2026-07-01,SLB,0.0667,0.0349,0.1424,-0.0725
2026-08-01,SLB,0.2119,0.0349,0.1424,-0.0725
2026-09-01,SLB,-0.1424,0.0349,0.1424,-0.0725
2025-07-01,SLV,0.0155,0.046,0.1773,-0.0854
2025-08-01,SLV,0.0861,0.046,0.1773,-0.0854
2025-09-01,SLV,0.1708,0.046,0.1773,-0.0854
2025-10-01,SLV,0.0387,0.046,0.1773,-0.0854
2025-11-01,SLV,0.1636,0.046,0.1773,-0.0854
2025-12-01,SLV,0.258,0.046,0.1773,-0.0854
2026-01-01,SLV,0.1711,0.046,0.1773,-0.0854
2026-02-01,SLV,0.1266,0.046,0.1773,-0.0854
2026-03-01,SLV,-0.1983,0.046,0.1773,-0.0854
2026-04-01,SLV,-0.0217,0.046,0.1773,-0.0854
2026-05-01,SLV,0.0251,0.046,0.1773,-0.0854
2026-06-01,SLV,-0.2175,0.046,0.1773,-0.0854
2026-07-01,SLV,-0.0208,0.046,0.1773,-0.0854
2026-08-01,SLV,0.1484,0.046,0.1773,-0.0854
2026-09-01,SLV,-0.0331,0.046,0.1773,-0.0854
2025-07-01,SM,0.1166,0.0325,0.1806,-0.1157
2025-08-01,SM,0.0348,0.0325,0.1806,-0.1157
2025-09-01,SM,-0.1254,0.0325,0.1806,-0.1157
2025-10-01,SM,-0.1634,0.0325,0.1806,-0.1157
2025-11-01,SM,-0.0881,0.0325,0.1806,-0.1157
2025-12-01,SM,-0.0184,0.0325,0.1806,-0.1157
2026-01-01,SM,0.0412,0.0325,0.1806,-0.1157
2026-02-01,SM,0.188,0.0325,0.1806,-0.1157
2026-03-01,SM,0.348,0.0325,0.1806,-0.1157
2026-04-01,SM,-0.0048,0.0325,0.1806,-0.1157
2026-05-01,SM,-0.0103,0.0325,0.1806,-0.1157
2026-06-01,SM,-0.1501,0.0325,0.1806,-0.1157
2026-07-01,SM,0.246,0.0325,0.1806,-0.1157
2026-08-01,SM,0.1433,0.0325,0.1806,-0.1157
2026-09-01,SM,-0.088,0.0325,0.1806,-0.1157
2025-07-01,SMCI,0.2032,0.0272,0.3021,-0.2477
2025-08-01,SMCI,-0.2956,0.0272,0.3021,-0.2477
2025-09-01,SMCI,0.1541,0.0272,0.3021,-0.2477
2025-10-01,SMCI,0.0839,0.0272,0.3021,-0.2477
2025-11-01,SMCI,-0.3485,0.0272,0.3021,-0.2477
2025-12-01,SMCI,-0.1353,0.0272,0.3021,-0.2477
2026-01-01,SMCI,-0.0055,0.0272,0.3021,-0.2477
2026-02-01,SMCI,0.1127,0.0272,0.3021,-0.2477
2026-03-01,SMCI,-0.297,0.0272,0.3021,-0.2477
2026-04-01,SMCI,0.2033,0.0272,0.3021,-0.2477
2026-05-01,SMCI,0.6821,0.0272,0.3021,-0.2477
2026-06-01,SMCI,-0.3636,0.0272,0.3021,-0.2477
2026-07-01,SMCI,-0.0317,0.0272,0.3021,-0.2477
2026-08-01,SMCI,0.3127,0.0272,0.3021,-0.2477
2026-09-01,SMCI,0.1604,0.0272,0.3021,-0.2477
2025-07-01,SMH,0.0355,0.058,0.1692,-0.0531
2025-08-01,SMH,0.0052,0.058,0.1692,-0.0531
2025-09-01,SMH,0.1243,0.058,0.1692,-0.0531
2025-10-01,SMH,0.1123,0.058,0.1692,-0.0531
2025-11-01,SMH,-0.0296,0.058,0.1692,-0.0531
2025-12-01,SMH,0.0223,0.058,0.1692,-0.0531
2026-01-01,SMH,0.1203,0.058,0.1692,-0.0531
2026-02-01,SMH,0.0072,0.058,0.1692,-0.0531
2026-03-01,SMH,-0.0565,0.058,0.1692,-0.0531
2026-04-01,SMH,0.3216,0.058,0.1692,-0.0531
2026-05-01,SMH,0.182,0.058,0.1692,-0.0531
2026-06-01,SMH,0.0951,0.058,0.1692,-0.0531
2026-07-01,SMH,-0.1759,0.058,0.1692,-0.0531
2026-08-01,SMH,0.0298,0.058,0.1692,-0.0531
2026-09-01,SMH,0.0897,0.058,0.1692,-0.0531
2025-07-01,SNA,0.0322,0.0122,0.0579,-0.0336
2025-08-01,SNA,0.0126,0.0122,0.0579,-0.0336
2025-09-01,SNA,0.0655,0.0122,0.0579,-0.0336
2025-10-01,SNA,-0.0317,0.0122,0.0579,-0.0336
2025-11-01,SNA,0.0134,0.0122,0.0579,-0.0336
2025-12-01,SNA,0.0134,0.0122,0.0579,-0.0336
2026-01-01,SNA,0.0624,0.0122,0.0579,-0.0336
2026-02-01,SNA,0.0522,0.0122,0.0579,-0.0336
2026-03-01,SNA,-0.0571,0.0122,0.0579,-0.0336
2026-04-01,SNA,0.0556,0.0122,0.0579,-0.0336
2026-05-01,SNA,-0.0318,0.0122,0.0579,-0.0336
2026-06-01,SNA,0.084,0.0122,0.0579,-0.0336
2026-07-01,SNA,0.0199,0.0122,0.0579,-0.0336
2026-08-01,SNA,-0.0587,0.0122,0.0579,-0.0336
2026-09-01,SNA,-0.0443,0.0122,0.0579,-0.0336
2025-07-01,SNDK,-0.0536,0.3551,0.8301,-0.1198
2025-08-01,SNDK,0.2225,0.3551,0.8301,-0.1198
2025-09-01,SNDK,1.1384,0.3551,0.8301,-0.1198
2025-10-01,SNDK,0.7766,0.3551,0.8301,-0.1198
2025-11-01,SNDK,0.1202,0.3551,0.8301,-0.1198
2025-12-01,SNDK,0.0631,0.3551,0.8301,-0.1198
2026-01-01,SNDK,1.4275,0.3551,0.8301,-0.1198
2026-02-01,SNDK,0.1026,0.3551,0.8301,-0.1198
2026-04-01,SNDK,0.7259,0.3551,0.8301,-0.1198
2026-05-01,SNDK,0.5458,0.3551,0.8301,-0.1198
2026-06-01,SNDK,0.3414,0.3551,0.8301,-0.1198
2026-07-01,SNDK,-0.4657,0.3551,0.8301,-0.1198
2026-08-01,SNDK,0.2896,0.3551,0.8301,-0.1198
2026-09-01,SNDK,0.1347,0.3551,0.8301,-0.1198
2025-07-01,SNPS,0.2356,-0.0038,0.1183,-0.1259
2025-08-01,SNPS,-0.0473,-0.0038,0.1183,-0.1259
2025-09-01,SNPS,-0.1825,-0.0038,0.1183,-0.1259
2025-10-01,SNPS,-0.0802,-0.0038,0.1183,-0.1259
2025-11-01,SNPS,-0.0789,-0.0038,0.1183,-0.1259
2025-12-01,SNPS,0.1237,-0.0038,0.1183,-0.1259
2026-01-01,SNPS,-0.0098,-0.0038,0.1183,-0.1259
2026-02-01,SNPS,-0.1099,-0.0038,0.1183,-0.1259
2026-03-01,SNPS,-0.0423,-0.0038,0.1183,-0.1259
2026-04-01,SNPS,0.2172,-0.0038,0.1183,-0.1259
2026-05-01,SNPS,-0.0145,-0.0038,0.1183,-0.1259
2026-06-01,SNPS,-0.0621,-0.0038,0.1183,-0.1259
2026-07-01,SNPS,-0.1285,-0.0038,0.1183,-0.1259
2026-08-01,SNPS,0.1307,-0.0038,0.1183,-0.1259
2026-09-01,SNPS,-0.0315,-0.0038,0.1183,-0.1259
2025-07-01,SO,0.0289,-0.0061,0.0343,-0.0465
2025-08-01,SO,-0.0231,-0.0061,0.0343,-0.0465
2025-09-01,SO,0.0268,-0.0061,0.0343,-0.0465
2025-10-01,SO,-0.0077,-0.0061,0.0343,-0.0465
2025-11-01,SO,-0.0311,-0.0061,0.0343,-0.0465
2025-12-01,SO,-0.043,-0.0061,0.0343,-0.0465
2026-01-01,SO,0.0242,-0.0061,0.0343,-0.0465
2026-02-01,SO,0.0904,-0.0061,0.0343,-0.0465
2026-03-01,SO,-0.0088,-0.0061,0.0343,-0.0465
2026-04-01,SO,0.0019,-0.0061,0.0343,-0.0465
2026-05-01,SO,-0.0481,-0.0061,0.0343,-0.0465
2026-06-01,SO,0.0398,-0.0061,0.0343,-0.0465
2026-07-01,SO,-0.0122,-0.0061,0.0343,-0.0465
2026-08-01,SO,-0.0692,-0.0061,0.0343,-0.0465
2026-09-01,SO,-0.0582,-0.0061,0.0343,-0.0465
2025-07-01,SOLV,-0.0591,0.0125,0.0977,-0.0728
2025-08-01,SOLV,0.0242,0.0125,0.0977,-0.0728
2025-09-01,SOLV,-0.0012,0.0125,0.0977,-0.0728
2025-10-01,SOLV,-0.0542,0.0125,0.0977,-0.0728
2025-11-01,SOLV,0.2349,0.0125,0.0977,-0.0728
2025-12-01,SOLV,-0.0706,0.0125,0.0977,-0.0728
2026-01-01,SOLV,-0.0286,0.0125,0.0977,-0.0728
2026-02-01,SOLV,-0.036,0.0125,0.0977,-0.0728
2026-03-01,SOLV,-0.1199,0.0125,0.0977,-0.0728
2026-04-01,SOLV,0.0315,0.0125,0.0977,-0.0728
2026-05-01,SOLV,0.1127,0.0125,0.0977,-0.0728
2026-06-01,SOLV,0.0294,0.0125,0.0977,-0.0728
2026-07-01,SOLV,0.1075,0.0125,0.0977,-0.0728
2026-08-01,SOLV,0.0658,0.0125,0.0977,-0.0728
2026-09-01,SOLV,-0.0171,0.0125,0.0977,-0.0728
2025-07-01,SOYB,-0.0262,0.0168,0.061,-0.0274
2025-08-01,SOYB,0.0556,0.0168,0.061,-0.0274
2025-09-01,SOYB,-0.0415,0.0168,0.061,-0.0274
2025-10-01,SOYB,0.0783,0.0168,0.061,-0.0274
2025-11-01,SOYB,0.0199,0.0168,0.061,-0.0274
2025-12-01,SOYB,-0.0737,0.0168,0.061,-0.0274
2026-01-01,SOYB,0.0174,0.0168,0.061,-0.0274
2026-02-01,SOYB,0.071,0.0168,0.061,-0.0274
2026-03-01,SOYB,0.0243,0.0168,0.061,-0.0274
2026-04-01,SOYB,0.0143,0.0168,0.061,-0.0274
2026-05-01,SOYB,0.0162,0.0168,0.061,-0.0274
2026-06-01,SOYB,-0.0298,0.0168,0.061,-0.0274
2026-07-01,SOYB,0.0311,0.0168,0.061,-0.0274
2026-08-01,SOYB,0.0827,0.0168,0.061,-0.0274
2026-09-01,SOYB,0.0176,0.0168,0.061,-0.0274
2025-07-01,SPG,0.0188,0.0169,0.0764,-0.0427
2025-08-01,SPG,0.103,0.0169,0.0764,-0.0427
2025-09-01,SPG,0.0388,0.0169,0.0764,-0.0427
2025-10-01,SPG,-0.0635,0.0169,0.0764,-0.0427
2025-11-01,SPG,0.0601,0.0169,0.0764,-0.0427
2025-12-01,SPG,-0.0065,0.0169,0.0764,-0.0427
2026-01-01,SPG,0.0335,0.0169,0.0764,-0.0427
2026-02-01,SPG,0.0655,0.0169,0.0764,-0.0427
2026-03-01,SPG,-0.085,0.0169,0.0764,-0.0427
2026-04-01,SPG,0.0921,0.0169,0.0764,-0.0427
2026-05-01,SPG,0.0059,0.0169,0.0764,-0.0427
2026-06-01,SPG,0.0915,0.0169,0.0764,-0.0427
2026-07-01,SPG,0.0256,0.0169,0.0764,-0.0427
2026-08-01,SPG,-0.0743,0.0169,0.0764,-0.0427
2026-09-01,SPG,-0.0353,0.0169,0.0764,-0.0427
2025-07-01,SPGI,0.0452,-0.0143,0.0441,-0.0728
2025-08-01,SPGI,-0.0048,-0.0143,0.0441,-0.0728
2025-09-01,SPGI,-0.1126,-0.0143,0.0441,-0.0728
2025-10-01,SPGI,0.001,-0.0143,0.0441,-0.0728
2025-11-01,SPGI,0.0239,-0.0143,0.0441,-0.0728
2025-12-01,SPGI,0.0476,-0.0143,0.0441,-0.0728
2026-01-01,SPGI,0.01,-0.0143,0.0441,-0.0728
2026-02-01,SPGI,-0.1628,-0.0143,0.0441,-0.0728
2026-03-01,SPGI,-0.0374,-0.0143,0.0441,-0.0728
2026-04-01,SPGI,0.0138,-0.0143,0.0441,-0.0728
2026-05-01,SPGI,-0.0168,-0.0143,0.0441,-0.0728
2026-06-01,SPGI,-0.0395,-0.0143,0.0441,-0.0728
2026-07-01,SPGI,0.0115,-0.0143,0.0441,-0.0728
2026-08-01,SPGI,0.058,-0.0143,0.0441,-0.0728
2026-09-01,SPGI,-0.0747,-0.0143,0.0441,-0.0728
2025-07-01,SPHB,0.054,0.0318,0.0921,-0.0286
2025-08-01,SPHB,0.0201,0.0318,0.0921,-0.0286
2025-09-01,SPHB,0.047,0.0318,0.0921,-0.0286
2025-10-01,SPHB,0.0483,0.0318,0.0921,-0.0286
2025-11-01,SPHB,-0.0166,0.0318,0.0921,-0.0286
2025-12-01,SPHB,0.0334,0.0318,0.0921,-0.0286
2026-01-01,SPHB,0.0357,0.0318,0.0921,-0.0286
2026-02-01,SPHB,0.0161,0.0318,0.0921,-0.0286
2026-03-01,SPHB,-0.0581,0.0318,0.0921,-0.0286
2026-04-01,SPHB,0.1605,0.0318,0.0921,-0.0286
2026-05-01,SPHB,0.115,0.0318,0.0921,-0.0286
2026-06-01,SPHB,0.037,0.0318,0.0921,-0.0286
2026-07-01,SPHB,-0.1012,0.0318,0.0921,-0.0286
2026-08-01,SPHB,0.0461,0.0318,0.0921,-0.0286
2026-09-01,SPHB,0.0465,0.0318,0.0921,-0.0286
2025-07-01,SPLV,-0.0044,-0.0016,0.0305,-0.0337
2025-08-01,SPLV,0.0138,-0.0016,0.0305,-0.0337
2025-09-01,SPLV,-0.0003,-0.0016,0.0305,-0.0337
2025-10-01,SPLV,-0.0389,-0.0016,0.0305,-0.0337
2025-11-01,SPLV,0.0361,-0.0016,0.0305,-0.0337
2025-12-01,SPLV,-0.0239,-0.0016,0.0305,-0.0337
2026-01-01,SPLV,0.0312,-0.0016,0.0305,-0.0337
2026-02-01,SPLV,0.0509,-0.0016,0.0305,-0.0337
2026-03-01,SPLV,-0.055,-0.0016,0.0305,-0.0337
2026-04-01,SPLV,0.0185,-0.0016,0.0305,-0.0337
2026-05-01,SPLV,-0.0306,-0.0016,0.0305,-0.0337
2026-06-01,SPLV,0.0373,-0.0016,0.0305,-0.0337
2026-07-01,SPLV,0.0178,-0.0016,0.0305,-0.0337
2026-08-01,SPLV,-0.0202,-0.0016,0.0305,-0.0337
2026-09-01,SPLV,-0.0454,-0.0016,0.0305,-0.0337
2025-07-01,SPX,0.0217,0.0153,0.0485,-0.0178
2025-08-01,SPX,0.0191,0.0153,0.0485,-0.0178
2025-09-01,SPX,0.0353,0.0153,0.0485,-0.0178
2025-10-01,SPX,0.0227,0.0153,0.0485,-0.0178
2025-11-01,SPX,0.0013,0.0153,0.0485,-0.0178
2025-12-01,SPX,-0.0005,0.0153,0.0485,-0.0178
2026-01-01,SPX,0.0137,0.0153,0.0485,-0.0178
2026-02-01,SPX,-0.0087,0.0153,0.0485,-0.0178
2026-03-01,SPX,-0.0509,0.0153,0.0485,-0.0178
2026-04-01,SPX,0.1042,0.0153,0.0485,-0.0178
2026-05-01,SPX,0.0515,0.0153,0.0485,-0.0178
2026-06-01,SPX,-0.0106,0.0153,0.0485,-0.0178
2026-07-01,SPX,-0.0013,0.0153,0.0485,-0.0178
2026-08-01,SPX,0.0262,0.0153,0.0485,-0.0178
2026-09-01,SPX,0.0075,0.0153,0.0485,-0.0178
2025-07-01,SPY,0.023,0.0154,0.0491,-0.0183
2025-08-01,SPY,0.0205,0.0154,0.0491,-0.0183
2025-09-01,SPY,0.0328,0.0154,0.0491,-0.0183
2025-10-01,SPY,0.0238,0.0154,0.0491,-0.0183
2025-11-01,SPY,0.002,0.0154,0.0491,-0.0183
2025-12-01,SPY,-0.0022,0.0154,0.0491,-0.0183
2026-01-01,SPY,0.0147,0.0154,0.0491,-0.0183
2026-02-01,SPY,-0.0086,0.0154,0.0491,-0.0183
2026-03-01,SPY,-0.052,0.0154,0.0491,-0.0183
2026-04-01,SPY,0.1051,0.0154,0.0491,-0.0183
2026-05-01,SPY,0.0526,0.0154,0.0491,-0.0183
2026-06-01,SPY,-0.0128,0.0154,0.0491,-0.0183
2026-07-01,SPY,0.0003,0.0154,0.0491,-0.0183
2026-08-01,SPY,0.0268,0.0154,0.0491,-0.0183
2026-09-01,SPY,0.0056,0.0154,0.0491,-0.0183
2025-07-01,SRE,0.078,0.0032,0.0594,-0.053
2025-08-01,SRE,0.0108,0.0032,0.0594,-0.053
2025-09-01,SRE,0.0899,0.0032,0.0594,-0.053
2025-10-01,SRE,0.0218,0.0032,0.0594,-0.053
2025-11-01,SRE,0.0302,0.0032,0.0594,-0.053
2025-12-01,SRE,-0.0679,0.0032,0.0594,-0.053
2026-01-01,SRE,-0.0145,0.0032,0.0594,-0.053
2026-02-01,SRE,0.1064,0.0032,0.0594,-0.053
2026-03-01,SRE,0.0093,0.0032,0.0594,-0.053
2026-04-01,SRE,-0.0211,0.0032,0.0594,-0.053
2026-05-01,SRE,-0.063,0.0032,0.0594,-0.053
2026-06-01,SRE,0.0402,0.0032,0.0594,-0.053
2026-07-01,SRE,-0.0449,0.0032,0.0594,-0.053
2026-08-01,SRE,-0.0774,0.0032,0.0594,-0.053
2026-09-01,SRE,-0.0461,0.0032,0.0594,-0.053
2025-07-01,STE,-0.0572,-0.0078,0.0589,-0.0745
2025-08-01,STE,0.082,-0.0078,0.0589,-0.0745
2025-09-01,STE,0.0097,-0.0078,0.0589,-0.0745
2025-10-01,STE,-0.0474,-0.0078,0.0589,-0.0745
2025-11-01,STE,0.1297,-0.0078,0.0589,-0.0745
2025-12-01,STE,-0.0479,-0.0078,0.0589,-0.0745
2026-01-01,STE,0.0358,-0.0078,0.0589,-0.0745
2026-02-01,STE,-0.039,-0.0078,0.0589,-0.0745
2026-03-01,STE,-0.1237,-0.0078,0.0589,-0.0745
2026-04-01,STE,-0.0192,-0.0078,0.0589,-0.0745
2026-05-01,STE,-0.0191,-0.0078,0.0589,-0.0745
2026-06-01,STE,-0.0102,-0.0078,0.0589,-0.0745
2026-07-01,STE,0.0847,-0.0078,0.0589,-0.0745
2026-08-01,STE,0.0186,-0.0078,0.0589,-0.0745
2026-09-01,STE,-0.1019,-0.0078,0.0589,-0.0745
2025-07-01,STIP,-0.0008,-0.002,0.0044,-0.0085
2025-08-01,STIP,0.0102,-0.002,0.0044,-0.0085
2025-09-01,STIP,-0.005,-0.002,0.0044,-0.0085
2025-10-01,STIP,-0.0014,-0.002,0.0044,-0.0085
2025-11-01,STIP,-0.0014,-0.002,0.0044,-0.0085
2025-12-01,STIP,-0.0067,-0.002,0.0044,-0.0085
2026-01-01,STIP,0.0055,-0.002,0.0044,-0.0085
2026-02-01,STIP,0.0036,-0.002,0.0044,-0.0085
2026-03-01,STIP,0.0011,-0.002,0.0044,-0.0085
2026-04-01,STIP,0.007,-0.002,0.0044,-0.0085
2026-05-01,STIP,-0.0046,-0.002,0.0044,-0.0085
2026-06-01,STIP,-0.0146,-0.002,0.0044,-0.0085
2026-07-01,STIP,-0.0078,-0.002,0.0044,-0.0085
2026-08-01,STIP,-0.0067,-0.002,0.0044,-0.0085
2026-09-01,STIP,-0.0086,-0.002,0.0044,-0.0085
2025-07-01,STLA,-0.1137,-0.0427,0.0652,-0.1507
2025-08-01,STLA,0.0832,-0.0427,0.0652,-0.1507
2025-09-01,STLA,-0.0301,-0.0427,0.0652,-0.1507
2025-10-01,STLA,0.0857,-0.0427,0.0652,-0.1507
2025-11-01,STLA,0.0513,-0.0427,0.0652,-0.1507
2025-12-01,STLA,0.0216,-0.0427,0.0652,-0.1507
2026-01-01,STLA,-0.0937,-0.0427,0.0652,-0.1507
2026-02-01,STLA,-0.1803,-0.0427,0.0652,-0.1507
2026-03-01,STLA,-0.1236,-0.0427,0.0652,-0.1507
2026-04-01,STLA,0.0268,-0.0427,0.0652,-0.1507
2026-05-01,STLA,0.0962,-0.0427,0.0652,-0.1507
2026-06-01,STLA,-0.2807,-0.0427,0.0652,-0.1507
2026-07-01,STLA,0.0035,-0.0427,0.0652,-0.1507
2026-08-01,STLA,-0.0469,-0.0427,0.0652,-0.1507
2026-09-01,STLA,-0.1621,-0.0427,0.0652,-0.1507
2025-07-01,STLD,-0.0035,0.0446,0.1382,-0.0491
2025-08-01,STLD,0.0263,0.0446,0.1382,-0.0491
2025-09-01,STLD,0.065,0.0446,0.1382,-0.0491
2025-10-01,STLD,0.1246,0.0446,0.1382,-0.0491
2025-11-01,STLD,0.0703,0.0446,0.1382,-0.0491
2025-12-01,STLD,0.0097,0.0446,0.1382,-0.0491
2026-01-01,STLD,0.0597,0.0446,0.1382,-0.0491
2026-02-01,STLD,0.0755,0.0446,0.1382,-0.0491
2026-03-01,STLD,-0.068,0.0446,0.1382,-0.0491
2026-04-01,STLD,0.2703,0.0446,0.1382,-0.0491
2026-05-01,STLD,0.1377,0.0446,0.1382,-0.0491
2026-06-01,STLD,-0.118,0.0446,0.1382,-0.0491
2026-07-01,STLD,0.095,0.0446,0.1382,-0.0491
2026-08-01,STLD,-0.0742,0.0446,0.1382,-0.0491
2026-09-01,STLD,0.0045,0.0446,0.1382,-0.0491
2025-07-01,STNG,0.1554,0.0557,0.1682,-0.0568
2025-08-01,STNG,0.1148,0.0557,0.1682,-0.0568
2025-09-01,STNG,0.1121,0.0557,0.1682,-0.0568
2025-10-01,STNG,0.1008,0.0557,0.1682,-0.0568
2025-11-01,STNG,-0.0708,0.0557,0.1682,-0.0568
2025-12-01,STNG,-0.1134,0.0557,0.1682,-0.0568
2026-01-01,STNG,0.2516,0.0557,0.1682,-0.0568
2026-02-01,STNG,0.243,0.0557,0.1682,-0.0568
2026-03-01,STNG,-0.0559,0.0557,0.1682,-0.0568
2026-04-01,STNG,0.0893,0.0557,0.1682,-0.0568
2026-05-01,STNG,-0.0839,0.0557,0.1682,-0.0568
2026-06-01,STNG,-0.0705,0.0557,0.1682,-0.0568
2026-07-01,STNG,0.1242,0.0557,0.1682,-0.0568
2026-08-01,STNG,0.0128,0.0557,0.1682,-0.0568
2026-09-01,STNG,0.0334,0.0557,0.1682,-0.0568
2025-07-01,STT,0.0509,0.0389,0.0987,-0.0209
2025-08-01,STT,0.0288,0.0389,0.0987,-0.0209
2025-09-01,STT,0.009,0.0389,0.0987,-0.0209
2025-10-01,STT,-0.003,0.0389,0.0987,-0.0209
2025-11-01,STT,0.0291,0.0389,0.0987,-0.0209
2025-12-01,STT,0.0839,0.0389,0.0987,-0.0209
2026-01-01,STT,0.0143,0.0389,0.0987,-0.0209
2026-02-01,STT,-0.0171,0.0389,0.0987,-0.0209
2026-03-01,STT,-0.016,0.0389,0.0987,-0.0209
2026-04-01,STT,0.2076,0.0389,0.0987,-0.0209
2026-05-01,STT,0.0183,0.0389,0.0987,-0.0209
2026-06-01,STT,0.0897,0.0389,0.0987,-0.0209
2026-07-01,STT,0.0858,0.0389,0.0987,-0.0209
2026-08-01,STT,0.0392,0.0389,0.0987,-0.0209
2026-09-01,STT,-0.0525,0.0389,0.0987,-0.0209
2025-07-01,STX,0.0879,0.1476,0.3696,-0.0744
2025-08-01,STX,0.0662,0.1476,0.3696,-0.0744
2025-09-01,STX,0.4102,0.1476,0.3696,-0.0744
2025-10-01,STX,0.084,0.1476,0.3696,-0.0744
2025-11-01,STX,0.0813,0.1476,0.3696,-0.0744
2025-12-01,STX,-0.0047,0.1476,0.3696,-0.0744
2026-01-01,STX,0.4804,0.1476,0.3696,-0.0744
2026-02-01,STX,0.0004,0.1476,0.3696,-0.0744
2026-03-01,STX,-0.0394,0.1476,0.3696,-0.0744
2026-04-01,STX,0.7195,0.1476,0.3696,-0.0744
2026-05-01,STX,0.306,0.1476,0.3696,-0.0744
2026-06-01,STX,0.0968,0.1476,0.3696,-0.0744
2026-07-01,STX,-0.1128,0.1476,0.3696,-0.0744
2026-08-01,STX,-0.0324,0.1476,0.3696,-0.0744
2026-09-01,STX,0.1068,0.1476,0.3696,-0.0744
2025-07-01,STZ,0.0268,-0.0208,0.0524,-0.0941
2025-08-01,STZ,-0.0305,-0.0208,0.0524,-0.0941
2025-09-01,STZ,-0.1684,-0.0208,0.0524,-0.0941
2025-10-01,STZ,-0.0244,-0.0208,0.0524,-0.0941
2025-11-01,STZ,0.0381,-0.0208,0.0524,-0.0941
2025-12-01,STZ,0.0116,-0.0208,0.0524,-0.0941
2026-01-01,STZ,0.1358,-0.0208,0.0524,-0.0941
2026-02-01,STZ,0.0074,-0.0208,0.0524,-0.0941
2026-03-01,STZ,-0.0498,-0.0208,0.0524,-0.0941
2026-04-01,STZ,0.0439,-0.0208,0.0524,-0.0941
2026-05-01,STZ,-0.1134,-0.0208,0.0524,-0.0941
2026-06-01,STZ,0.0019,-0.0208,0.0524,-0.0941
2026-07-01,STZ,-0.0637,-0.0208,0.0524,-0.0941
2026-08-01,STZ,0.003,-0.0208,0.0524,-0.0941
2026-09-01,STZ,-0.1301,-0.0208,0.0524,-0.0941
2025-07-01,SW,0.0285,0.0066,0.0925,-0.0793
2025-08-01,SW,0.0671,0.0066,0.0925,-0.0793
2025-09-01,SW,-0.1011,0.0066,0.0925,-0.0793
2025-10-01,SW,-0.1327,0.0066,0.0925,-0.0793
2025-11-01,SW,-0.0333,0.0066,0.0925,-0.0793
2025-12-01,SW,0.0835,0.0066,0.0925,-0.0793
2026-01-01,SW,0.0765,0.0066,0.0925,-0.0793
2026-02-01,SW,0.1292,0.0066,0.0925,-0.0793
2026-03-01,SW,-0.1523,0.0066,0.0925,-0.0793
2026-04-01,SW,-0.0366,0.0066,0.0925,-0.0793
2026-05-01,SW,0.0719,0.0066,0.0925,-0.0793
2026-06-01,SW,0.1242,0.0066,0.0925,-0.0793
2026-07-01,SW,-0.0063,0.0066,0.0925,-0.0793
2026-08-01,SW,0.0202,0.0066,0.0925,-0.0793
2026-09-01,SW,-0.0104,0.0066,0.0925,-0.0793
2025-07-01,SWK,-0.0015,0.022,0.1074,-0.0634
2025-08-01,SWK,0.0982,0.022,0.1074,-0.0634
2025-09-01,SWK,0.0005,0.022,0.1074,-0.0634
2025-10-01,SWK,-0.0889,0.022,0.1074,-0.0634
2025-11-01,SWK,0.0561,0.022,0.1074,-0.0634
2025-12-01,SWK,0.0386,0.022,0.1074,-0.0634
2026-01-01,SWK,0.059,0.022,0.1074,-0.0634
2026-02-01,SWK,0.0995,0.022,0.1074,-0.0634
2026-03-01,SWK,-0.1784,0.022,0.1074,-0.0634
2026-04-01,SWK,0.0999,0.022,0.1074,-0.0634
2026-05-01,SWK,0.0161,0.022,0.1074,-0.0634
2026-06-01,SWK,0.1851,0.022,0.1074,-0.0634
2026-07-01,SWK,0.0049,0.022,0.1074,-0.0634
2026-08-01,SWK,0.0189,0.022,0.1074,-0.0634
2026-09-01,SWK,-0.0516,0.022,0.1074,-0.0634
2025-07-01,SWKS,-0.0802,0.0194,0.1613,-0.1226
2025-08-01,SWKS,0.0934,0.0194,0.1613,-0.1226
2025-09-01,SWKS,0.0272,0.0194,0.1613,-0.1226
2025-10-01,SWKS,0.0096,0.0194,0.1613,-0.1226
2025-11-01,SWKS,-0.1514,0.0194,0.1613,-0.1226
2025-12-01,SWKS,-0.0385,0.0194,0.1613,-0.1226
2026-01-01,SWKS,-0.1206,0.0194,0.1613,-0.1226
2026-02-01,SWKS,0.0685,0.0194,0.1613,-0.1226
2026-03-01,SWKS,-0.1012,0.0194,0.1613,-0.1226
2026-04-01,SWKS,0.3104,0.0194,0.1613,-0.1226
2026-05-01,SWKS,0.1094,0.0194,0.1613,-0.1226
2026-06-01,SWKS,-0.1291,0.0194,0.1613,-0.1226
2026-07-01,SWKS,-0.0814,0.0194,0.1613,-0.1226
2026-08-01,SWKS,0.0759,0.0194,0.1613,-0.1226
2026-09-01,SWKS,0.3332,0.0194,0.1613,-0.1226
2025-07-01,SYF,0.0439,0.01,0.0778,-0.0579
2025-08-01,SYF,0.0957,0.01,0.0778,-0.0579
2025-09-01,SYF,-0.0693,0.01,0.0778,-0.0579
2025-10-01,SYF,0.0469,0.01,0.0778,-0.0579
2025-11-01,SYF,0.0401,0.01,0.0778,-0.0579
2025-12-01,SYF,0.0785,0.01,0.0778,-0.0579
2026-01-01,SYF,-0.1295,0.01,0.0778,-0.0579
2026-02-01,SYF,-0.0485,0.01,0.0778,-0.0579
2026-03-01,SYF,-0.0158,0.01,0.0778,-0.0579
2026-04-01,SYF,0.1203,0.01,0.0778,-0.0579
2026-05-01,SYF,-0.0625,0.01,0.0778,-0.0579
2026-06-01,SYF,0.0645,0.01,0.0778,-0.0579
2026-07-01,SYF,-0.0034,0.01,0.0778,-0.0579
2026-08-01,SYF,0.017,0.01,0.0778,-0.0579
2026-09-01,SYF,-0.0537,0.01,0.0778,-0.0579
2025-07-01,SYK,-0.0073,-0.023,0.0394,-0.0854
2025-08-01,SYK,-0.0034,-0.023,0.0394,-0.0854
2025-09-01,SYK,-0.0555,-0.023,0.0394,-0.0854
2025-10-01,SYK,-0.0363,-0.023,0.0394,-0.0854
2025-11-01,SYK,0.0419,-0.023,0.0394,-0.0854
2025-12-01,SYK,-0.0531,-0.023,0.0394,-0.0854
2026-01-01,SYK,0.0515,-0.023,0.0394,-0.0854
2026-02-01,SYK,0.0484,-0.023,0.0394,-0.0854
2026-03-01,SYK,-0.1519,-0.023,0.0394,-0.0854
2026-04-01,SYK,-0.041,-0.023,0.0394,-0.0854
2026-05-01,SYK,-0.0319,-0.023,0.0394,-0.0854
2026-06-01,SYK,0.032,-0.023,0.0394,-0.0854
2026-07-01,SYK,0.0345,-0.023,0.0394,-0.0854
2026-08-01,SYK,-0.0058,-0.023,0.0394,-0.0854
2026-09-01,SYK,-0.1589,-0.023,0.0394,-0.0854
2025-07-01,SYY,0.051,0.0039,0.0886,-0.0808
2025-08-01,SYY,0.0109,0.0039,0.0886,-0.0808
2025-09-01,SYY,0.0232,0.0039,0.0886,-0.0808
2025-10-01,SYY,-0.0979,0.0039,0.0886,-0.0808
2025-11-01,SYY,0.0258,0.0039,0.0886,-0.0808
2025-12-01,SYY,-0.0329,0.0039,0.0886,-0.0808
2026-01-01,SYY,0.1379,0.0039,0.0886,-0.0808
2026-02-01,SYY,0.0872,0.0039,0.0886,-0.0808
2026-03-01,SYY,-0.2175,0.0039,0.0886,-0.0808
2026-04-01,SYY,0.0474,0.0039,0.0886,-0.0808
2026-05-01,SYY,0.0147,0.0039,0.0886,-0.0808
2026-06-01,SYY,0.1025,0.0039,0.0886,-0.0808
2026-07-01,SYY,0.0199,0.0039,0.0886,-0.0808
2026-08-01,SYY,-0.0488,0.0039,0.0886,-0.0808
2026-09-01,SYY,-0.0323,0.0039,0.0886,-0.0808
2025-07-01,T,-0.0529,-0.0064,0.0783,-0.0912
2025-08-01,T,0.0686,-0.0064,0.0783,-0.0912
2025-09-01,T,-0.0358,-0.0064,0.0783,-0.0912
2025-10-01,T,-0.1236,-0.0064,0.0783,-0.0912
2025-11-01,T,0.0513,-0.0064,0.0783,-0.0912
2025-12-01,T,-0.0454,-0.0064,0.0783,-0.0912
2026-01-01,T,0.0552,-0.0064,0.0783,-0.0912
2026-02-01,T,0.0687,-0.0064,0.0783,-0.0912
2026-03-01,T,0.035,-0.0064,0.0783,-0.0912
2026-04-01,T,-0.0987,-0.0064,0.0783,-0.0912
2026-05-01,T,-0.0509,-0.0064,0.0783,-0.0912
2026-06-01,T,-0.1653,-0.0064,0.0783,-0.0912
2026-07-01,T,0.1232,-0.0064,0.0783,-0.0912
2026-08-01,T,0.1135,-0.0064,0.0783,-0.0912
2026-09-01,T,-0.0197,-0.0064,0.0783,-0.0912
2025-07-01,TAGS,-0.0199,0.0102,0.0561,-0.0358
2025-08-01,TAGS,0.0106,0.0102,0.0561,-0.0358
2025-09-01,TAGS,-0.0238,0.0102,0.0561,-0.0358
2025-10-01,TAGS,-0.003,0.0102,0.0561,-0.0358
2025-11-01,TAGS,0.0133,0.0102,0.0561,-0.0358
2025-12-01,TAGS,-0.0288,0.0102,0.0561,-0.0358
2026-01-01,TAGS,-0.0017,0.0102,0.0561,-0.0358
2026-02-01,TAGS,0.0437,0.0102,0.0561,-0.0358
2026-03-01,TAGS,0.062,0.0102,0.0561,-0.0358
2026-04-01,TAGS,-0.0071,0.0102,0.0561,-0.0358
2026-05-01,TAGS,-0.0207,0.0102,0.0561,-0.0358
2026-06-01,TAGS,-0.0333,0.0102,0.0561,-0.0358
2026-07-01,TAGS,0.0369,0.0102,0.0561,-0.0358
2026-08-01,TAGS,0.1468,0.0102,0.0561,-0.0358
2026-09-01,TAGS,-0.0236,0.0102,0.0561,-0.0358
2025-07-01,TAP,0.0131,-0.0177,0.04,-0.0754
2025-08-01,TAP,0.0363,-0.0177,0.04,-0.0754
2025-09-01,TAP,-0.1038,-0.0177,0.04,-0.0754
2025-10-01,TAP,-0.0338,-0.0177,0.04,-0.0754
2025-11-01,TAP,0.0638,-0.0177,0.04,-0.0754
2025-12-01,TAP,0.0037,-0.0177,0.04,-0.0754
2026-01-01,TAP,0.0291,-0.0177,0.04,-0.0754
2026-02-01,TAP,0.0198,-0.0177,0.04,-0.0754
2026-03-01,TAP,-0.121,-0.0177,0.04,-0.0754
2026-04-01,TAP,-0.0074,-0.0177,0.04,-0.0754
2026-05-01,TAP,-0.0751,-0.0177,0.04,-0.0754
2026-06-01,TAP,-0.0144,-0.0177,0.04,-0.0754
2026-07-01,TAP,0.0667,-0.0177,0.04,-0.0754
2026-08-01,TAP,-0.0433,-0.0177,0.04,-0.0754
2026-09-01,TAP,-0.0958,-0.0177,0.04,-0.0754
2025-07-01,TDG,0.0578,-0.0186,0.0479,-0.0851
2025-08-01,TDG,-0.1303,-0.0186,0.0479,-0.0851
2025-09-01,TDG,-0.0578,-0.0186,0.0479,-0.0851
2025-10-01,TDG,-0.0072,-0.0186,0.0479,-0.0851
2025-11-01,TDG,0.0395,-0.0186,0.0479,-0.0851
2025-12-01,TDG,-0.0223,-0.0186,0.0479,-0.0851
2026-01-01,TDG,0.0735,-0.0186,0.0479,-0.0851
2026-02-01,TDG,-0.0874,-0.0186,0.0479,-0.0851
2026-03-01,TDG,-0.1104,-0.0186,0.0479,-0.0851
2026-04-01,TDG,0.0009,-0.0186,0.0479,-0.0851
2026-05-01,TDG,0.0848,-0.0186,0.0479,-0.0851
2026-06-01,TDG,0.0586,-0.0186,0.0479,-0.0851
2026-07-01,TDG,-0.0583,-0.0186,0.0479,-0.0851
2026-08-01,TDG,-0.0659,-0.0186,0.0479,-0.0851
2026-09-01,TDG,-0.0474,-0.0186,0.0479,-0.0851
2025-07-01,TDW,0.0841,0.0496,0.1881,-0.0889
2025-08-01,TDW,0.2038,0.0496,0.1881,-0.0889
2025-09-01,TDW,-0.1141,0.0496,0.1881,-0.0889
2025-10-01,TDW,-0.0514,0.0496,0.1881,-0.0889
2025-11-01,TDW,0.0678,0.0496,0.1881,-0.0889
2025-12-01,TDW,-0.065,0.0496,0.1881,-0.0889
2026-01-01,TDW,0.2372,0.0496,0.1881,-0.0889
2026-02-01,TDW,0.2709,0.0496,0.1881,-0.0889
2026-03-01,TDW,0.052,0.0496,0.1881,-0.0889
2026-04-01,TDW,0.0692,0.0496,0.1881,-0.0889
2026-05-01,TDW,-0.1773,0.0496,0.1881,-0.0889
2026-06-01,TDW,-0.0933,0.0496,0.1881,-0.0889
2026-07-01,TDW,0.1265,0.0496,0.1881,-0.0889
2026-08-01,TDW,0.2406,0.0496,0.1881,-0.0889
2026-09-01,TDW,-0.09,0.0496,0.1881,-0.0889
2025-07-01,TDY,0.0756,0.0141,0.0992,-0.071
2025-08-01,TDY,-0.0233,0.0141,0.0992,-0.071
2025-09-01,TDY,0.089,0.0141,0.0992,-0.071
2025-10-01,TDY,-0.1011,0.0141,0.0992,-0.071
2025-11-01,TDY,-0.0518,0.0141,0.0992,-0.071
2025-12-01,TDY,0.0224,0.0141,0.0992,-0.071
2026-01-01,TDY,0.2145,0.0141,0.0992,-0.071
2026-02-01,TDY,0.098,0.0141,0.0992,-0.071
2026-03-01,TDY,-0.1117,0.0141,0.0992,-0.071
2026-04-01,TDY,0.0675,0.0141,0.0992,-0.071
2026-05-01,TDY,-0.0403,0.0141,0.0992,-0.071
2026-06-01,TDY,0.0759,0.0141,0.0992,-0.071
2026-07-01,TDY,-0.017,0.0141,0.0992,-0.071
2026-08-01,TDY,-0.065,0.0141,0.0992,-0.071
2026-09-01,TDY,0.002,0.0141,0.0992,-0.071
2025-07-01,TECH,0.0638,0.0296,0.1419,-0.0828
2025-08-01,TECH,-0.0018,0.0296,0.1419,-0.0828
2025-09-01,TECH,0.0183,0.0296,0.1419,-0.0828
2025-10-01,TECH,0.1248,0.0296,0.1419,-0.0828
2025-11-01,TECH,0.031,0.0296,0.1419,-0.0828
2025-12-01,TECH,-0.0884,0.0296,0.1419,-0.0828
2026-01-01,TECH,0.0898,0.0296,0.1419,-0.0828
2026-02-01,TECH,-0.0794,0.0296,0.1419,-0.0828
2026-03-01,TECH,-0.1142,0.0296,0.1419,-0.0828
2026-04-01,TECH,0.0586,0.0296,0.1419,-0.0828
2026-05-01,TECH,-0.0658,0.0296,0.1419,-0.0828
2026-06-01,TECH,0.3671,0.0296,0.1419,-0.0828
2026-07-01,TECH,0.0204,0.0296,0.1419,-0.0828
2026-08-01,TECH,0.0031,0.0296,0.1419,-0.0828
2026-09-01,TECH,0.0041,0.0296,0.1419,-0.0828
2025-07-01,TECK,-0.1961,0.0386,0.1592,-0.0819
2025-08-01,TECK,0.0533,0.0386,0.1592,-0.0819
2025-09-01,TECK,0.2837,0.0386,0.1592,-0.0819
2025-10-01,TECK,-0.0221,0.0386,0.1592,-0.0819
2025-11-01,TECK,-0.0007,0.0386,0.1592,-0.0819
2025-12-01,TECK,0.1166,0.0386,0.1592,-0.0819
2026-01-01,TECK,0.1226,0.0386,0.1592,-0.0819
2026-02-01,TECK,0.0954,0.0386,0.1592,-0.0819
2026-03-01,TECK,-0.1212,0.0386,0.1592,-0.0819
2026-04-01,TECK,0.1291,0.0386,0.1592,-0.0819
2026-05-01,TECK,0.1323,0.0386,0.1592,-0.0819
2026-06-01,TECK,-0.1013,0.0386,0.1592,-0.0819
2026-07-01,TECK,0.0131,0.0386,0.1592,-0.0819
2026-08-01,TECK,0.1308,0.0386,0.1592,-0.0819
2026-09-01,TECK,-0.0304,0.0386,0.1592,-0.0819
2025-07-01,TEL,0.2198,0.0215,0.099,-0.0559
2025-08-01,TEL,0.0036,0.0215,0.099,-0.0559
2025-09-01,TEL,0.0631,0.0215,0.099,-0.0559
2025-10-01,TEL,0.1252,0.0215,0.099,-0.0559
2025-11-01,TEL,-0.0845,0.0215,0.099,-0.0559
2025-12-01,TEL,0.006,0.0215,0.099,-0.0559
2026-01-01,TEL,-0.0208,0.0215,0.099,-0.0559
2026-02-01,TEL,0.0331,0.0215,0.099,-0.0559
2026-03-01,TEL,-0.0918,0.0215,0.099,-0.0559
2026-04-01,TEL,0.0126,0.0215,0.099,-0.0559
2026-05-01,TEL,0.0083,0.0215,0.099,-0.0559
2026-06-01,TEL,-0.0553,0.0215,0.099,-0.0559
2026-07-01,TEL,0.0202,0.0215,0.099,-0.0559
2026-08-01,TEL,-0.0021,0.0215,0.099,-0.0559
2026-09-01,TEL,0.065,0.0215,0.099,-0.0559
2025-07-01,TER,0.1947,0.1142,0.2694,-0.0409
2025-08-01,TER,0.1006,0.1142,0.2694,-0.0409
2025-09-01,TER,0.1641,0.1142,0.2694,-0.0409
2025-10-01,TER,0.3205,0.1142,0.2694,-0.0409
2025-11-01,TER,0.0007,0.1142,0.2694,-0.0409
2025-12-01,TER,0.0642,0.1142,0.2694,-0.0409
2026-01-01,TER,0.2454,0.1142,0.2694,-0.0409
2026-02-01,TER,0.3277,0.1142,0.2694,-0.0409
2026-03-01,TER,-0.0736,0.1142,0.2694,-0.0409
2026-04-01,TER,0.1586,0.1142,0.2694,-0.0409
2026-05-01,TER,0.0898,0.1142,0.2694,-0.0409
2026-06-01,TER,0.2926,0.1142,0.2694,-0.0409
2026-07-01,TER,-0.2401,0.1142,0.2694,-0.0409
2026-08-01,TER,-0.0486,0.1142,0.2694,-0.0409
2026-09-01,TER,0.1388,0.1142,0.2694,-0.0409
2025-07-01,TFC,0.0167,0.0087,0.0626,-0.0453
2025-08-01,TFC,0.0712,0.0087,0.0626,-0.0453
2025-09-01,TFC,-0.0235,0.0087,0.0626,-0.0453
2025-10-01,TFC,-0.0238,0.0087,0.0626,-0.0453
2025-11-01,TFC,0.0419,0.0087,0.0626,-0.0453
2025-12-01,TFC,0.0583,0.0087,0.0626,-0.0453
2026-01-01,TFC,0.0449,0.0087,0.0626,-0.0453
2026-02-01,TFC,-0.041,0.0087,0.0626,-0.0453
2026-03-01,TFC,-0.0677,0.0087,0.0626,-0.0453
2026-04-01,TFC,0.1203,0.0087,0.0626,-0.0453
2026-05-01,TFC,-0.0639,0.0087,0.0626,-0.0453
2026-06-01,TFC,0.0334,0.0087,0.0626,-0.0453
2026-07-01,TFC,0.0405,0.0087,0.0626,-0.0453
2026-08-01,TFC,-0.0436,0.0087,0.0626,-0.0453
2026-09-01,TFC,-0.0387,0.0087,0.0626,-0.0453
2025-07-01,TGT,0.0188,0.034,0.089,-0.0209
2025-08-01,TGT,-0.045,0.034,0.089,-0.0209
2025-09-01,TGT,-0.0654,0.034,0.089,-0.0209
2025-10-01,TGT,0.0337,0.034,0.089,-0.0209
2025-11-01,TGT,-0.0226,0.034,0.089,-0.0209
2025-12-01,TGT,0.0787,0.034,0.089,-0.0209
2026-01-01,TGT,0.079,0.034,0.089,-0.0209
2026-02-01,TGT,0.0789,0.034,0.089,-0.0209
2026-03-01,TGT,0.0651,0.034,0.089,-0.0209
2026-04-01,TGT,0.0705,0.034,0.089,-0.0209
2026-05-01,TGT,-0.0207,0.034,0.089,-0.0209
2026-06-01,TGT,0.0279,0.034,0.089,-0.0209
2026-07-01,TGT,0.1063,0.034,0.089,-0.0209
2026-08-01,TGT,0.1134,0.034,0.089,-0.0209
2026-09-01,TGT,-0.0213,0.034,0.089,-0.0209
2025-07-01,THD,0.1179,0.0262,0.0848,-0.0324
2025-08-01,THD,0.0147,0.0262,0.0848,-0.0324
2025-09-01,THD,0.0286,0.0262,0.0848,-0.0324
2025-10-01,THD,0.0307,0.0262,0.0848,-0.0324
2025-11-01,THD,-0.0273,0.0262,0.0848,-0.0324
2025-12-01,THD,0.0107,0.0262,0.0848,-0.0324
2026-01-01,THD,0.0585,0.0262,0.0848,-0.0324
2026-02-01,THD,0.1883,0.0262,0.0848,-0.0324
2026-03-01,THD,-0.0756,0.0262,0.0848,-0.0324
2026-04-01,THD,0.0192,0.0262,0.0848,-0.0324
2026-05-01,THD,0.0389,0.0262,0.0848,-0.0324
2026-06-01,THD,-0.0157,0.0262,0.0848,-0.0324
2026-07-01,THD,0.0101,0.0262,0.0848,-0.0324
2026-08-01,THD,-0.0092,0.0262,0.0848,-0.0324
2026-09-01,THD,0.016,0.0262,0.0848,-0.0324
2025-07-01,TIP,-0.0034,-0.0034,0.0072,-0.0141
2025-08-01,TIP,0.0137,-0.0034,0.0072,-0.0141
2025-09-01,TIP,0.0005,-0.0034,0.0072,-0.0141
2025-10-01,TIP,0.0014,-0.0034,0.0072,-0.0141
2025-11-01,TIP,-0.0011,-0.0034,0.0072,-0.0141
2025-12-01,TIP,-0.0121,-0.0034,0.0072,-0.0141
2026-01-01,TIP,0.0052,-0.0034,0.0072,-0.0141
2026-02-01,TIP,0.0127,-0.0034,0.0072,-0.0141
2026-03-01,TIP,-0.0136,-0.0034,0.0072,-0.0141
2026-04-01,TIP,0.0109,-0.0034,0.0072,-0.0141
2026-05-01,TIP,-0.0031,-0.0034,0.0072,-0.0141
2026-06-01,TIP,-0.016,-0.0034,0.0072,-0.0141
2026-07-01,TIP,-0.0164,-0.0034,0.0072,-0.0141
2026-08-01,TIP,-0.0075,-0.0034,0.0072,-0.0141
2026-09-01,TIP,-0.0213,-0.0034,0.0072,-0.0141
2025-07-01,TJX,0.0084,0.0045,0.0636,-0.0546
2025-08-01,TJX,0.097,0.0045,0.0636,-0.0546
2025-09-01,TJX,0.058,0.0045,0.0636,-0.0546
2025-10-01,TJX,-0.0304,0.0045,0.0636,-0.0546
2025-11-01,TJX,0.0841,0.0045,0.0636,-0.0546
2025-12-01,TJX,0.0111,0.0045,0.0636,-0.0546
2026-01-01,TJX,-0.0247,0.0045,0.0636,-0.0546
2026-02-01,TJX,0.0791,0.0045,0.0636,-0.0546
2026-03-01,TJX,-0.0121,0.0045,0.0636,-0.0546
2026-04-01,TJX,-0.0185,0.0045,0.0636,-0.0546
2026-05-01,TJX,-0.0128,0.0045,0.0636,-0.0546
2026-06-01,TJX,-0.021,0.0045,0.0636,-0.0546
2026-07-01,TJX,0.0385,0.0045,0.0636,-0.0546
2026-08-01,TJX,-0.1489,0.0045,0.0636,-0.0546
2026-09-01,TJX,-0.0288,0.0045,0.0636,-0.0546
2025-07-01,TKO,-0.0766,0.001,0.0772,-0.0753
2025-08-01,TKO,0.1283,0.001,0.0772,-0.0753
2025-09-01,TKO,0.0654,0.001,0.0772,-0.0753
2025-10-01,TKO,-0.0671,0.001,0.0772,-0.0753
2025-11-01,TKO,0.0291,0.001,0.0772,-0.0753
2025-12-01,TKO,0.0779,0.001,0.0772,-0.0753
2026-01-01,TKO,-0.0307,0.001,0.0772,-0.0753
2026-02-01,TKO,0.1051,0.001,0.0772,-0.0753
2026-03-01,TKO,-0.0993,0.001,0.0772,-0.0753
2026-04-01,TKO,-0.0772,0.001,0.0772,-0.0753
2026-05-01,TKO,0.1026,0.001,0.0772,-0.0753
2026-06-01,TKO,-0.0189,0.001,0.0772,-0.0753
2026-07-01,TKO,-0.0969,0.001,0.0772,-0.0753
2026-08-01,TKO,0.0044,0.001,0.0772,-0.0753
2026-09-01,TKO,0.0003,0.001,0.0772,-0.0753
2025-07-01,TLT,-0.0151,-0.0072,0.0183,-0.0327
2025-08-01,TLT,-0.0037,-0.0072,0.0183,-0.0327
2025-09-01,TLT,0.032,-0.0072,0.0183,-0.0327
2025-10-01,TLT,0.0103,-0.0072,0.0183,-0.0327
2025-11-01,TLT,-0.0009,-0.0072,0.0183,-0.0327
2025-12-01,TLT,-0.0338,-0.0072,0.0183,-0.0327
2026-01-01,TLT,-0.0003,-0.0072,0.0183,-0.0327
2026-02-01,TLT,0.0424,-0.0072,0.0183,-0.0327
2026-03-01,TLT,-0.0455,-0.0072,0.0183,-0.0327
2026-04-01,TLT,-0.0123,-0.0072,0.0183,-0.0327
2026-05-01,TLT,0.0016,-0.0072,0.0183,-0.0327
2026-06-01,TLT,0.0077,-0.0072,0.0183,-0.0327
2026-07-01,TLT,-0.0483,-0.0072,0.0183,-0.0327
2026-08-01,TLT,0.0033,-0.0072,0.0183,-0.0327
2026-09-01,TLT,-0.0388,-0.0072,0.0183,-0.0327
2025-07-01,TMO,0.1535,0.0391,0.1162,-0.038
2025-08-01,TMO,0.0535,0.0391,0.1162,-0.038
2025-09-01,TMO,-0.0156,0.0391,0.1162,-0.038
2025-10-01,TMO,0.1698,0.0391,0.1162,-0.038
2025-11-01,TMO,0.0413,0.0391,0.1162,-0.038
2025-12-01,TMO,-0.0193,0.0391,0.1162,-0.038
2026-01-01,TMO,-0.0014,0.0391,0.1162,-0.038
2026-02-01,TMO,-0.0994,0.0391,0.1162,-0.038
2026-03-01,TMO,-0.0568,0.0391,0.1162,-0.038
2026-04-01,TMO,-0.0256,0.0391,0.1162,-0.038
2026-05-01,TMO,0.0283,0.0391,0.1162,-0.038
2026-06-01,TMO,0.018,0.0391,0.1162,-0.038
2026-07-01,TMO,0.1455,0.0391,0.1162,-0.038
2026-08-01,TMO,0.0745,0.0391,0.1162,-0.038
2026-09-01,TMO,0.0938,0.0391,0.1162,-0.038
2025-07-01,TMUS,0.0006,-0.0231,0.0366,-0.0828
2025-08-01,TMUS,0.057,-0.0231,0.0366,-0.0828
2025-09-01,TMUS,-0.05,-0.0231,0.0366,-0.0828
2025-10-01,TMUS,-0.1225,-0.0231,0.0366,-0.0828
2025-11-01,TMUS,-0.005,-0.0231,0.0366,-0.0828
2025-12-01,TMUS,-0.0286,-0.0231,0.0366,-0.0828
2026-01-01,TMUS,-0.0287,-0.0231,0.0366,-0.0828
2026-02-01,TMUS,0.1008,-0.0231,0.0366,-0.0828
2026-03-01,TMUS,-0.0325,-0.0231,0.0366,-0.0828
2026-04-01,TMUS,-0.0692,-0.0231,0.0366,-0.0828
2026-05-01,TMUS,-0.0408,-0.0231,0.0366,-0.0828
2026-06-01,TMUS,-0.1056,-0.0231,0.0366,-0.0828
2026-07-01,TMUS,0.0297,-0.0231,0.0366,-0.0828
2026-08-01,TMUS,0.0448,-0.0231,0.0366,-0.0828
2026-09-01,TMUS,-0.0832,-0.0231,0.0366,-0.0828
2025-07-01,TNX,0.0307,0.0151,0.0574,-0.0272
2025-08-01,TNX,-0.0298,0.0151,0.0574,-0.0272
2025-09-01,TNX,-0.0189,0.0151,0.0574,-0.0272
2025-10-01,TNX,-0.012,0.0151,0.0574,-0.0272
2025-11-01,TNX,-0.0195,0.0151,0.0574,-0.0272
2025-12-01,TNX,0.0348,0.0151,0.0574,-0.0272
2026-01-01,TNX,0.0216,0.0151,0.0574,-0.0272
2026-02-01,TNX,-0.0682,0.0151,0.0574,-0.0272
2026-03-01,TNX,0.0884,0.0151,0.0574,-0.0272
2026-04-01,TNX,0.0186,0.0151,0.0574,-0.0272
2026-05-01,TNX,0.0137,0.0151,0.0574,-0.0272
2026-06-01,TNX,-0.0067,0.0151,0.0574,-0.0272
2026-07-01,TNX,0.0724,0.0151,0.0574,-0.0272
2026-08-01,TNX,0.0042,0.0151,0.0574,-0.0272
2026-09-01,TNX,0.0882,0.0151,0.0574,-0.0272
2025-07-01,TPL,-0.0835,0.005,0.1577,-0.1477
2025-08-01,TPL,-0.0358,0.005,0.1577,-0.1477
2025-09-01,TPL,0.0002,0.005,0.1577,-0.1477
2025-10-01,TPL,0.0104,0.005,0.1577,-0.1477
2025-11-01,TPL,-0.0838,0.005,0.1577,-0.1477
2025-12-01,TPL,-0.0031,0.005,0.1577,-0.1477
2026-01-01,TPL,0.2129,0.005,0.1577,-0.1477
2026-02-01,TPL,0.505,0.005,0.1577,-0.1477
2026-03-01,TPL,-0.0949,0.005,0.1577,-0.1477
2026-04-01,TPL,-0.0651,0.005,0.1577,-0.1477
2026-05-01,TPL,-0.1142,0.005,0.1577,-0.1477
2026-06-01,TPL,0.1136,0.005,0.1577,-0.1477
2026-07-01,TPL,-0.0801,0.005,0.1577,-0.1477
2026-08-01,TPL,-0.0701,0.005,0.1577,-0.1477
2026-09-01,TPL,-0.0889,0.005,0.1577,-0.1477
2025-07-01,TPR,0.2303,0.0239,0.1378,-0.09
2025-08-01,TPR,-0.0575,0.0239,0.1378,-0.09
2025-09-01,TPR,0.112,0.0239,0.1378,-0.09
2025-10-01,TPR,-0.03,0.0239,0.1378,-0.09
2025-11-01,TPR,-0.0049,0.0239,0.1378,-0.09
2025-12-01,TPR,0.1692,0.0239,0.1378,-0.09
2026-01-01,TPR,-0.0067,0.0239,0.1378,-0.09
2026-02-01,TPR,0.225,0.0239,0.1378,-0.09
2026-03-01,TPR,-0.0924,0.0239,0.1378,-0.09
2026-04-01,TPR,0.0279,0.0239,0.1378,-0.09
2026-05-01,TPR,0.0029,0.0239,0.1378,-0.09
2026-06-01,TPR,0.0063,0.0239,0.1378,-0.09
2026-07-01,TPR,0.0409,0.0239,0.1378,-0.09
2026-08-01,TPR,-0.1902,0.0239,0.1378,-0.09
2026-09-01,TPR,-0.0771,0.0239,0.1378,-0.09
2025-07-01,TRGP,-0.0441,0.032,0.0994,-0.0355
2025-08-01,TRGP,0.0081,0.032,0.0994,-0.0355
2025-09-01,TRGP,-0.0013,0.032,0.0994,-0.0355
2025-10-01,TRGP,-0.0806,0.032,0.0994,-0.0355
2025-11-01,TRGP,0.1381,0.032,0.0994,-0.0355
2025-12-01,TRGP,0.0524,0.032,0.0994,-0.0355
2026-01-01,TRGP,0.0893,0.032,0.0994,-0.0355
2026-02-01,TRGP,0.1733,0.032,0.0994,-0.0355
2026-03-01,TRGP,0.0633,0.032,0.0994,-0.0355
2026-04-01,TRGP,0.0373,0.032,0.0994,-0.0355
2026-05-01,TRGP,-0.0193,0.032,0.0994,-0.0355
2026-06-01,TRGP,0.0512,0.032,0.0994,-0.0355
2026-07-01,TRGP,0.0083,0.032,0.0994,-0.0355
2026-08-01,TRGP,0.0861,0.032,0.0994,-0.0355
2026-09-01,TRGP,-0.0538,0.032,0.0994,-0.0355
2025-07-01,TRMB,0.1041,-0.0138,0.0605,-0.0881
2025-08-01,TRMB,-0.0366,-0.0138,0.0605,-0.0881
2025-09-01,TRMB,0.0103,-0.0138,0.0605,-0.0881
2025-10-01,TRMB,-0.0233,-0.0138,0.0605,-0.0881
2025-11-01,TRMB,0.0209,-0.0138,0.0605,-0.0881
2025-12-01,TRMB,-0.0377,-0.0138,0.0605,-0.0881
2026-01-01,TRMB,-0.1372,-0.0138,0.0605,-0.0881
2026-02-01,TRMB,-0.0108,-0.0138,0.0605,-0.0881
2026-03-01,TRMB,-0.0245,-0.0138,0.0605,-0.0881
2026-04-01,TRMB,0.032,-0.0138,0.0605,-0.0881
2026-05-01,TRMB,-0.1621,-0.0138,0.0605,-0.0881
2026-06-01,TRMB,-0.0927,-0.0138,0.0605,-0.0881
2026-07-01,TRMB,0.1055,-0.0138,0.0605,-0.0881
2026-08-01,TRMB,0.0594,-0.0138,0.0605,-0.0881
2026-09-01,TRMB,-0.0349,-0.0138,0.0605,-0.0881
2025-07-01,TROW,0.0513,0.0085,0.0673,-0.0503
2025-08-01,TROW,0.0608,0.0085,0.0673,-0.0503
2025-09-01,TROW,-0.0463,0.0085,0.0673,-0.0503
2025-10-01,TROW,-0.0011,0.0085,0.0673,-0.0503
2025-11-01,TROW,-0.0015,0.0085,0.0673,-0.0503
2026-01-01,TROW,0.0322,0.0085,0.0673,-0.0503
2026-02-01,TROW,-0.1046,0.0085,0.0673,-0.0503
2026-03-01,TROW,-0.0474,0.0085,0.0673,-0.0503
2026-04-01,TROW,0.1413,0.0085,0.0673,-0.0503
2026-05-01,TROW,0.016,0.0085,0.0673,-0.0503
2026-06-01,TROW,0.0876,0.0085,0.0673,-0.0503
2026-07-01,TROW,-0.0171,0.0085,0.0673,-0.0503
2026-08-01,TROW,-0.0042,0.0085,0.0673,-0.0503
2026-09-01,TROW,-0.0519,0.0085,0.0673,-0.0503
2025-07-01,TRV,-0.0273,0.0215,0.0829,-0.0399
2025-08-01,TRV,0.0433,0.0215,0.0829,-0.0399
2025-09-01,TRV,0.0284,0.0215,0.0829,-0.0399
2025-10-01,TRV,-0.038,0.0215,0.0829,-0.0399
2025-11-01,TRV,0.0902,0.0215,0.0829,-0.0399
2025-12-01,TRV,-0.0096,0.0215,0.0829,-0.0399
2026-01-01,TRV,-0.0191,0.0215,0.0829,-0.0399
2026-02-01,TRV,0.0848,0.0215,0.0829,-0.0399
2026-03-01,TRV,-0.055,0.0215,0.0829,-0.0399
2026-04-01,TRV,0.0461,0.0215,0.0829,-0.0399
2026-05-01,TRV,-0.0434,0.0215,0.0829,-0.0399
2026-06-01,TRV,0.131,0.0215,0.0829,-0.0399
2026-07-01,TRV,0.134,0.0215,0.0829,-0.0399
2026-08-01,TRV,-0.0225,0.0215,0.0829,-0.0399
2026-09-01,TRV,-0.0079,0.0215,0.0829,-0.0399
2025-07-01,TS,-0.0658,0.0291,0.1132,-0.055
2025-08-01,TS,0.0358,0.0291,0.1132,-0.055
2025-09-01,TS,-0.0116,0.0291,0.1132,-0.055
2025-10-01,TS,0.1127,0.0291,0.1132,-0.055
2025-11-01,TS,0.0106,0.0291,0.1132,-0.055
2025-12-01,TS,-0.044,0.0291,0.1132,-0.055
2026-01-01,TS,0.1521,0.0291,0.1132,-0.055
2026-02-01,TS,0.228,0.0291,0.1132,-0.055
2026-03-01,TS,0.0695,0.0291,0.1132,-0.055
2026-04-01,TS,0.0983,0.0291,0.1132,-0.055
2026-05-01,TS,-0.0465,0.0291,0.1132,-0.055
2026-06-01,TS,-0.0893,0.0291,0.1132,-0.055
2026-07-01,TS,0.0332,0.0291,0.1132,-0.055
2026-08-01,TS,-0.0255,0.0291,0.1132,-0.055
2026-09-01,TS,-0.0072,0.0291,0.1132,-0.055
2025-07-01,TSCO,0.0792,-0.0285,0.0615,-0.1185
2025-08-01,TSCO,0.0845,-0.0285,0.0615,-0.1185
2025-09-01,TSCO,-0.0792,-0.0285,0.0615,-0.1185
2025-10-01,TSCO,-0.0485,-0.0285,0.0615,-0.1185
2025-11-01,TSCO,0.0124,-0.0285,0.0615,-0.1185
2025-12-01,TSCO,-0.0871,-0.0285,0.0615,-0.1185
2026-01-01,TSCO,0.0174,-0.0285,0.0615,-0.1185
2026-02-01,TSCO,0.0189,-0.0285,0.0615,-0.1185
2026-03-01,TSCO,-0.1262,-0.0285,0.0615,-0.1185
2026-04-01,TSCO,-0.2252,-0.0285,0.0615,-0.1185
2026-05-01,TSCO,-0.1017,-0.0285,0.0615,-0.1185
2026-06-01,TSCO,0.0025,-0.0285,0.0615,-0.1185
2026-07-01,TSCO,-0.0266,-0.0285,0.0615,-0.1185
2026-08-01,TSCO,0.1342,-0.0285,0.0615,-0.1185
2026-09-01,TSCO,-0.0754,-0.0285,0.0615,-0.1185
2025-07-01,TSLA,-0.0296,0.0185,0.1497,-0.1127
2025-08-01,TSLA,0.083,0.0185,0.1497,-0.1127
2025-09-01,TSLA,0.332,0.0185,0.1497,-0.1127
2025-10-01,TSLA,0.0266,0.0185,0.1497,-0.1127
2025-11-01,TSLA,-0.0578,0.0185,0.1497,-0.1127
2025-12-01,TSLA,0.0454,0.0185,0.1497,-0.1127
2026-01-01,TSLA,-0.0429,0.0185,0.1497,-0.1127
2026-02-01,TSLA,-0.0648,0.0185,0.1497,-0.1127
2026-03-01,TSLA,-0.0764,0.0185,0.1497,-0.1127
2026-04-01,TSLA,0.0266,0.0185,0.1497,-0.1127
2026-05-01,TSLA,0.1419,0.0185,0.1497,-0.1127
2026-06-01,TSLA,-0.0349,0.0185,0.1497,-0.1127
2026-07-01,TSLA,-0.2601,0.0185,0.1497,-0.1127
2026-08-01,TSLA,0.1823,0.0185,0.1497,-0.1127
2026-09-01,TSLA,0.0113,0.0185,0.1497,-0.1127
2025-07-01,TSN,-0.0651,-0.0054,0.0572,-0.0679
2025-08-01,TSN,0.0857,-0.0054,0.0572,-0.0679
2025-09-01,TSN,-0.0437,-0.0054,0.0572,-0.0679
2025-10-01,TSN,-0.0532,-0.0054,0.0572,-0.0679
2025-11-01,TSN,0.1292,-0.0054,0.0572,-0.0679
2025-12-01,TSN,0.0098,-0.0054,0.0572,-0.0679
2026-01-01,TSN,0.1145,-0.0054,0.0572,-0.0679
2026-02-01,TSN,-0.0052,-0.0054,0.0572,-0.0679
2026-03-01,TSN,-0.0142,-0.0054,0.0572,-0.0679
2026-05-01,TSN,-0.0476,-0.0054,0.0572,-0.0679
2026-06-01,TSN,-0.0618,-0.0054,0.0572,-0.0679
2026-07-01,TSN,0.0124,-0.0054,0.0572,-0.0679
2026-08-01,TSN,-0.0487,-0.0054,0.0572,-0.0679
2026-09-01,TSN,-0.0765,-0.0054,0.0572,-0.0679
2025-07-01,TT,0.0015,0.0049,0.0853,-0.0754
2025-08-01,TT,-0.0513,0.0049,0.0853,-0.0754
2025-09-01,TT,0.0153,0.0049,0.0853,-0.0754
2025-10-01,TT,0.0633,0.0049,0.0853,-0.0754
2025-11-01,TT,-0.0606,0.0049,0.0853,-0.0754
2025-12-01,TT,-0.0766,0.0049,0.0853,-0.0754
2026-01-01,TT,0.0806,0.0049,0.0853,-0.0754
2026-02-01,TT,0.0992,0.0049,0.0853,-0.0754
2026-03-01,TT,-0.0986,0.0049,0.0853,-0.0754
2026-04-01,TT,0.1819,0.0049,0.0853,-0.0754
2026-05-01,TT,-0.0837,0.0049,0.0853,-0.0754
2026-06-01,TT,0.0883,0.0049,0.0853,-0.0754
2026-07-01,TT,-0.0737,0.0049,0.0853,-0.0754
2026-08-01,TT,-0.0232,0.0049,0.0853,-0.0754
2026-09-01,TT,0.0226,0.0049,0.0853,-0.0754
2025-07-01,TTD,0.2079,-0.0952,0.0429,-0.2332
2025-08-01,TTD,-0.3714,-0.0952,0.0429,-0.2332
2025-09-01,TTD,-0.1034,-0.0952,0.0429,-0.2332
2025-10-01,TTD,0.0259,-0.0952,0.0429,-0.2332
2025-11-01,TTD,-0.2132,-0.0952,0.0429,-0.2332
2025-12-01,TTD,-0.0404,-0.0952,0.0429,-0.2332
2026-01-01,TTD,-0.201,-0.0952,0.0429,-0.2332
2026-02-01,TTD,-0.2146,-0.0952,0.0429,-0.2332
2026-03-01,TTD,-0.0474,-0.0952,0.0429,-0.2332
2026-04-01,TTD,0.0397,-0.0952,0.0429,-0.2332
2026-05-01,TTD,-0.0861,-0.0952,0.0429,-0.2332
2026-06-01,TTD,-0.1614,-0.0952,0.0429,-0.2332
2026-07-01,TTD,-0.0022,-0.0952,0.0429,-0.2332
2026-08-01,TTD,-0.2395,-0.0952,0.0429,-0.2332
2026-09-01,TTD,-0.0816,-0.0952,0.0429,-0.2332
2025-07-01,TTWO,-0.0828,-0.0087,0.0675,-0.0848
2025-08-01,TTWO,0.0473,-0.0087,0.0675,-0.0848
2025-09-01,TTWO,0.1076,-0.0087,0.0675,-0.0848
2025-10-01,TTWO,-0.0077,-0.0087,0.0675,-0.0848
2025-11-01,TTWO,-0.0402,-0.0087,0.0675,-0.0848
2025-12-01,TTWO,0.0405,-0.0087,0.0675,-0.0848
2026-01-01,TTWO,-0.1396,-0.0087,0.0675,-0.0848
2026-02-01,TTWO,-0.04,-0.0087,0.0675,-0.0848
2026-03-01,TTWO,-0.0661,-0.0087,0.0675,-0.0848
2026-04-01,TTWO,0.0823,-0.0087,0.0675,-0.0848
2026-05-01,TTWO,0.0487,-0.0087,0.0675,-0.0848
2026-06-01,TTWO,0.1152,-0.0087,0.0675,-0.0848
2026-07-01,TTWO,-0.0282,-0.0087,0.0675,-0.0848
2026-08-01,TTWO,-0.0956,-0.0087,0.0675,-0.0848
2026-09-01,TTWO,-0.0831,-0.0087,0.0675,-0.0848
2025-07-01,TUR,0.0493,0.0112,0.0834,-0.0609
2025-08-01,TUR,0.0425,0.0112,0.0834,-0.0609
2025-09-01,TUR,-0.03,0.0112,0.0834,-0.0609
2025-10-01,TUR,-0.0023,0.0112,0.0834,-0.0609
2025-11-01,TUR,-0.019,0.0112,0.0834,-0.0609
2025-12-01,TUR,0.0275,0.0112,0.0834,-0.0609
2026-01-01,TUR,0.1984,0.0112,0.0834,-0.0609
2026-02-01,TUR,-0.015,0.0112,0.0834,-0.0609
2026-03-01,TUR,-0.0487,0.0112,0.0834,-0.0609
2026-04-01,TUR,0.0994,0.0112,0.0834,-0.0609
2026-05-01,TUR,-0.101,0.0112,0.0834,-0.0609
2026-06-01,TUR,0.0178,0.0112,0.0834,-0.0609
2026-07-01,TUR,-0.0211,0.0112,0.0834,-0.0609
2026-08-01,TUR,0.0596,0.0112,0.0834,-0.0609
2026-09-01,TUR,-0.0979,0.0112,0.0834,-0.0609
2025-07-01,TXN,-0.1279,0.0262,0.1759,-0.1235
2025-08-01,TXN,0.1183,0.0262,0.1759,-0.1235
2025-09-01,TXN,-0.0926,0.0262,0.1759,-0.1235
2025-10-01,TXN,-0.1212,0.0262,0.1759,-0.1235
2025-11-01,TXN,0.0422,0.0262,0.1759,-0.1235
2025-12-01,TXN,0.031,0.0262,0.1759,-0.1235
2026-01-01,TXN,0.2424,0.0262,0.1759,-0.1235
2026-02-01,TXN,-0.016,0.0262,0.1759,-0.1235
2026-03-01,TXN,-0.0847,0.0262,0.1759,-0.1235
2026-04-01,TXN,0.4478,0.0262,0.1759,-0.1235
2026-05-01,TXN,0.0875,0.0262,0.1759,-0.1235
2026-06-01,TXN,-0.0249,0.0262,0.1759,-0.1235
2026-07-01,TXN,-0.0749,0.0262,0.1759,-0.1235
2026-08-01,TXN,-0.0538,0.0262,0.1759,-0.1235
2026-09-01,TXN,0.0658,0.0262,0.1759,-0.1235
2025-07-01,TXT,-0.0314,-0.0025,0.0599,-0.065
2025-08-01,TXT,0.0307,-0.0025,0.0599,-0.065
2025-09-01,TXT,0.054,-0.0025,0.0599,-0.065
2025-10-01,TXT,-0.0436,-0.0025,0.0599,-0.065
2025-11-01,TXT,0.0291,-0.0025,0.0599,-0.065
2025-12-01,TXT,0.0482,-0.0025,0.0599,-0.065
2026-01-01,TXT,0.0102,-0.0025,0.0599,-0.065
2026-02-01,TXT,0.1203,-0.0025,0.0599,-0.065
2026-03-01,TXT,-0.1124,-0.0025,0.0599,-0.065
2026-04-01,TXT,0.0959,-0.0025,0.0599,-0.065
2026-05-01,TXT,-0.0438,-0.0025,0.0599,-0.065
2026-06-01,TXT,-0.0003,-0.0025,0.0599,-0.065
2026-07-01,TXT,-0.0705,-0.0025,0.0599,-0.065
2026-08-01,TXT,-0.0551,-0.0025,0.0599,-0.065
2026-09-01,TXT,-0.0493,-0.0025,0.0599,-0.065
2025-07-01,TYL,-0.014,-0.0346,0.0492,-0.1183
2025-08-01,TYL,-0.0371,-0.0346,0.0492,-0.1183
2025-09-01,TYL,-0.0706,-0.0346,0.0492,-0.1183
2025-10-01,TYL,-0.0896,-0.0346,0.0492,-0.1183
2025-11-01,TYL,-0.0139,-0.0346,0.0492,-0.1183
2025-12-01,TYL,-0.0334,-0.0346,0.0492,-0.1183
2026-01-01,TYL,-0.1863,-0.0346,0.0492,-0.1183
2026-02-01,TYL,-0.0398,-0.0346,0.0492,-0.1183
2026-03-01,TYL,-0.0347,-0.0346,0.0492,-0.1183
2026-04-01,TYL,-0.0036,-0.0346,0.0492,-0.1183
2026-05-01,TYL,-0.082,-0.0346,0.0492,-0.1183
2026-06-01,TYL,-0.0661,-0.0346,0.0492,-0.1183
2026-07-01,TYL,0.0586,-0.0346,0.0492,-0.1183
2026-08-01,TYL,0.2023,-0.0346,0.0492,-0.1183
2026-09-01,TYL,-0.1253,-0.0346,0.0492,-0.1183
2025-07-01,TYX,0.023,0.0106,0.0444,-0.0233
2025-08-01,TYX,0.0061,0.0106,0.0444,-0.0233
2025-09-01,TYX,-0.0386,0.0106,0.0444,-0.0233
2025-10-01,TYX,-0.0127,0.0106,0.0444,-0.0233
2025-11-01,TYX,-0.0021,0.0106,0.0444,-0.0233
2025-12-01,TYX,0.0386,0.0106,0.0444,-0.0233
2026-01-01,TYX,0.0083,0.0106,0.0444,-0.0233
2026-02-01,TYX,-0.0512,0.0106,0.0444,-0.0233
2026-03-01,TYX,0.0562,0.0106,0.0444,-0.0233
2026-04-01,TYX,0.0205,0.0106,0.0444,-0.0233
2026-06-01,TYX,-0.018,0.0106,0.0444,-0.0233
2026-07-01,TYX,0.0776,0.0106,0.0444,-0.0233
2026-08-01,TYX,-0.0057,0.0106,0.0444,-0.0233
2026-09-01,TYX,0.0476,0.0106,0.0444,-0.0233
2025-07-01,UAL,0.109,0.0294,0.151,-0.0923
2025-08-01,UAL,0.189,0.0294,0.151,-0.0923
2025-09-01,UAL,-0.081,0.0294,0.151,-0.0923
2025-10-01,UAL,-0.0255,0.0294,0.151,-0.0923
2025-11-01,UAL,0.0842,0.0294,0.151,-0.0923
2025-12-01,UAL,0.0967,0.0294,0.151,-0.0923
2026-01-01,UAL,-0.085,0.0294,0.151,-0.0923
2026-02-01,UAL,0.0389,0.0294,0.151,-0.0923
2026-03-01,UAL,-0.1339,0.0294,0.151,-0.0923
2026-04-01,UAL,-0.0225,0.0294,0.151,-0.0923
2026-05-01,UAL,0.2756,0.0294,0.151,-0.0923
2026-06-01,UAL,0.1846,0.0294,0.151,-0.0923
2026-07-01,UAL,-0.1078,0.0294,0.151,-0.0923
2026-08-01,UAL,-0.1099,0.0294,0.151,-0.0923
2026-09-01,UAL,0.0556,0.0294,0.151,-0.0923
2025-07-01,UBER,-0.0595,-0.017,0.0359,-0.0699
2025-08-01,UBER,0.0684,-0.017,0.0359,-0.0699
2025-09-01,UBER,0.045,-0.017,0.0359,-0.0699
2025-10-01,UBER,-0.015,-0.017,0.0359,-0.0699
2025-11-01,UBER,-0.0929,-0.017,0.0359,-0.0699
2025-12-01,UBER,-0.0666,-0.017,0.0359,-0.0699
2026-01-01,UBER,-0.0203,-0.017,0.0359,-0.0699
2026-02-01,UBER,-0.0578,-0.017,0.0359,-0.0699
2026-03-01,UBER,-0.0463,-0.017,0.0359,-0.0699
2026-04-01,UBER,0.0373,-0.017,0.0359,-0.0699
2026-05-01,UBER,-0.0564,-0.017,0.0359,-0.0699
2026-06-01,UBER,0.025,-0.017,0.0359,-0.0699
2026-07-01,UBER,-0.0249,-0.017,0.0359,-0.0699
2026-08-01,UBER,0.0752,-0.017,0.0359,-0.0699
2026-09-01,UBER,-0.0797,-0.017,0.0359,-0.0699
2025-07-01,UDR,-0.0377,-0.0121,0.0468,-0.0709
2025-08-01,UDR,0.0071,-0.0121,0.0468,-0.0709
2025-09-01,UDR,-0.0584,-0.0121,0.0468,-0.0709
2025-10-01,UDR,-0.0958,-0.0121,0.0468,-0.0709
2025-11-01,UDR,0.081,-0.0121,0.0468,-0.0709
2025-12-01,UDR,0.0071,-0.0121,0.0468,-0.0709
2026-01-01,UDR,0.0128,-0.0121,0.0468,-0.0709
2026-02-01,UDR,0.0094,-0.0121,0.0468,-0.0709
2026-03-01,UDR,-0.0992,-0.0121,0.0468,-0.0709
2026-04-01,UDR,0.0758,-0.0121,0.0468,-0.0709
2026-05-01,UDR,0.0154,-0.0121,0.0468,-0.0709
2026-06-01,UDR,0.0818,-0.0121,0.0468,-0.0709
2026-07-01,UDR,-0.0441,-0.0121,0.0468,-0.0709
2026-08-01,UDR,-0.0317,-0.0121,0.0468,-0.0709
2026-09-01,UDR,-0.0842,-0.0121,0.0468,-0.0709
2025-07-01,UHS,-0.0811,0.0026,0.0946,-0.0894
2025-08-01,UHS,0.0909,0.0026,0.0946,-0.0894
2025-09-01,UHS,0.1259,0.0026,0.0946,-0.0894
2025-10-01,UHS,0.0615,0.0026,0.0946,-0.0894
2025-11-01,UHS,0.1227,0.0026,0.0946,-0.0894
2025-12-01,UHS,-0.1051,0.0026,0.0946,-0.0894
2026-01-01,UHS,-0.0769,0.0026,0.0946,-0.0894
2026-02-01,UHS,0.024,0.0026,0.0946,-0.0894
2026-03-01,UHS,-0.1316,0.0026,0.0946,-0.0894
2026-04-01,UHS,-0.0598,0.0026,0.0946,-0.0894
2026-05-01,UHS,-0.1317,0.0026,0.0946,-0.0894
2026-06-01,UHS,0.0177,0.0026,0.0946,-0.0894
2026-07-01,UHS,0.1328,0.0026,0.0946,-0.0894
2026-08-01,UHS,0.0112,0.0026,0.0946,-0.0894
2026-09-01,UHS,0.0501,0.0026,0.0946,-0.0894
2025-07-01,ULTA,0.1009,0.0147,0.1138,-0.0844
2025-08-01,ULTA,-0.0433,0.0147,0.1138,-0.0844
2025-09-01,ULTA,0.1096,0.0147,0.1138,-0.0844
2025-10-01,ULTA,-0.0491,0.0147,0.1138,-0.0844
2025-11-01,ULTA,0.0365,0.0147,0.1138,-0.0844
2025-12-01,ULTA,0.1228,0.0147,0.1138,-0.0844
2026-01-01,ULTA,0.07,0.0147,0.1138,-0.0844
2026-02-01,ULTA,0.0578,0.0147,0.1138,-0.0844
2026-03-01,ULTA,-0.2367,0.0147,0.1138,-0.0844
2026-04-01,ULTA,0.0283,0.0147,0.1138,-0.0844
2026-05-01,ULTA,-0.0533,0.0147,0.1138,-0.0844
2026-06-01,ULTA,-0.1137,0.0147,0.1138,-0.0844
2026-07-01,ULTA,0.1371,0.0147,0.1138,-0.0844
2026-08-01,ULTA,0.0473,0.0147,0.1138,-0.0844
2026-09-01,ULTA,0.0151,0.0147,0.1138,-0.0844
2025-07-01,UNG,-0.1106,-0.0111,0.139,-0.1612
2025-08-01,UNG,-0.0559,-0.0111,0.139,-0.1612
2025-09-01,UNG,0.0187,-0.0111,0.139,-0.1612
2025-10-01,UNG,0.0138,-0.0111,0.139,-0.1612
2025-11-01,UNG,0.1117,-0.0111,0.139,-0.1612
2025-12-01,UNG,-0.1677,-0.0111,0.139,-0.1612
2026-01-01,UNG,0.3785,-0.0111,0.139,-0.1612
2026-02-01,UNG,-0.3183,-0.0111,0.139,-0.1612
2026-03-01,UNG,0.0182,-0.0111,0.139,-0.1612
2026-04-01,UNG,-0.0963,-0.0111,0.139,-0.1612
2026-05-01,UNG,0.1255,-0.0111,0.139,-0.1612
2026-06-01,UNG,-0.0176,-0.0111,0.139,-0.1612
2026-07-01,UNG,-0.1416,-0.0111,0.139,-0.1612
2026-08-01,UNG,0.0477,-0.0111,0.139,-0.1612
2026-09-01,UNG,0.056,-0.0111,0.139,-0.1612
2025-07-01,UNH,-0.2001,0.021,0.1586,-0.1166
2025-08-01,UNH,0.2417,0.021,0.1586,-0.1166
2025-09-01,UNH,0.1143,0.021,0.1586,-0.1166
2025-10-01,UNH,-0.0108,0.021,0.1586,-0.1166
2025-11-01,UNH,-0.0345,0.021,0.1586,-0.1166
2025-12-01,UNH,0.001,0.021,0.1586,-0.1166
2026-01-01,UNH,-0.1308,0.021,0.1586,-0.1166
2026-02-01,UNH,0.0221,0.021,0.1586,-0.1166
2026-03-01,UNH,-0.0773,0.021,0.1586,-0.1166
2026-04-01,UNH,0.3692,0.021,0.1586,-0.1166
2026-05-01,UNH,0.0265,0.021,0.1586,-0.1166
2026-06-01,UNH,0.0929,0.021,0.1586,-0.1166
2026-07-01,UNH,-0.003,0.021,0.1586,-0.1166
2026-08-01,UNH,-0.0603,0.021,0.1586,-0.1166
2026-09-01,UNH,-0.0329,0.021,0.1586,-0.1166
2025-07-01,UNP,-0.0352,0.0126,0.0762,-0.0509
2025-08-01,UNP,0.0072,0.0126,0.0762,-0.0509
2025-09-01,UNP,0.0573,0.0126,0.0762,-0.0509
2025-10-01,UNP,-0.0677,0.0126,0.0762,-0.0509
2025-11-01,UNP,0.052,0.0126,0.0762,-0.0509
2025-12-01,UNP,-0.0022,0.0126,0.0762,-0.0509
2026-01-01,UNP,0.0163,0.0126,0.0762,-0.0509
2026-02-01,UNP,0.1271,0.0126,0.0762,-0.0509
2026-03-01,UNP,-0.0844,0.0126,0.0762,-0.0509
2026-04-01,UNP,0.1107,0.0126,0.0762,-0.0509
2026-05-01,UNP,-0.0254,0.0126,0.0762,-0.0509
2026-06-01,UNP,0.0356,0.0126,0.0762,-0.0509
2026-07-01,UNP,0.074,0.0126,0.0762,-0.0509
2026-08-01,UNP,0.0292,0.0126,0.0762,-0.0509
2026-09-01,UNP,-0.0894,0.0126,0.0762,-0.0509
2025-07-01,UPS,-0.1464,-0.0012,0.0849,-0.0872
2025-08-01,UPS,0.0149,-0.0012,0.0849,-0.0872
2025-09-01,UPS,-0.0447,-0.0012,0.0849,-0.0872
2025-10-01,UPS,0.1543,-0.0012,0.0849,-0.0872
2025-11-01,UPS,-0.0065,-0.0012,0.0849,-0.0872
2025-12-01,UPS,0.0355,-0.0012,0.0849,-0.0872
2026-01-01,UPS,0.0709,-0.0012,0.0849,-0.0872
2026-02-01,UPS,0.0917,-0.0012,0.0849,-0.0872
2026-03-01,UPS,-0.1516,-0.0012,0.0849,-0.0872
2026-04-01,UPS,0.1059,-0.0012,0.0849,-0.0872
2026-05-01,UPS,-0.0194,-0.0012,0.0849,-0.0872
2026-06-01,UPS,0.0076,-0.0012,0.0849,-0.0872
2026-07-01,UPS,-0.0305,-0.0012,0.0849,-0.0872
2026-08-01,UPS,0.0001,-0.0012,0.0849,-0.0872
2026-09-01,UPS,-0.0985,-0.0012,0.0849,-0.0872
2025-07-01,URA,0.0142,0.0142,0.152,-0.1236
2025-08-01,URA,0.0333,0.0142,0.152,-0.1236
2025-09-01,URA,0.1721,0.0142,0.152,-0.1236
2025-10-01,URA,0.1563,0.0142,0.152,-0.1236
2025-11-01,URA,-0.1785,0.0142,0.152,-0.1236
2025-12-01,URA,-0.0563,0.0142,0.152,-0.1236
2026-01-01,URA,0.2869,0.0142,0.152,-0.1236
2026-02-01,URA,-0.0118,0.0142,0.152,-0.1236
2026-03-01,URA,-0.1088,0.0142,0.152,-0.1236
2026-04-01,URA,0.165,0.0142,0.152,-0.1236
2026-05-01,URA,-0.1003,0.0142,0.152,-0.1236
2026-06-01,URA,-0.1391,0.0142,0.152,-0.1236
2026-07-01,URA,-0.106,0.0142,0.152,-0.1236
2026-08-01,URA,0.1648,0.0142,0.152,-0.1236
2026-09-01,URA,-0.1011,0.0142,0.152,-0.1236
2025-07-01,URI,0.1719,0.0273,0.1399,-0.0853
2025-08-01,URI,0.0831,0.0273,0.1399,-0.0853
2025-09-01,URI,-0.0018,0.0273,0.1399,-0.0853
2025-10-01,URI,-0.0874,0.0273,0.1399,-0.0853
2025-11-01,URI,-0.0643,0.0273,0.1399,-0.0853
2025-12-01,URI,-0.0072,0.0273,0.1399,-0.0853
2026-01-01,URI,-0.0337,0.0273,0.1399,-0.0853
2026-02-01,URI,0.0741,0.0273,0.1399,-0.0853
2026-03-01,URI,-0.1327,0.0273,0.1399,-0.0853
2026-04-01,URI,0.3174,0.0273,0.1399,-0.0853
2026-05-01,URI,0.0373,0.0273,0.1399,-0.0853
2026-06-01,URI,0.1378,0.0273,0.1399,-0.0853
2026-07-01,URI,-0.0473,0.0273,0.1399,-0.0853
2026-08-01,URI,-0.0382,0.0273,0.1399,-0.0853
2026-09-01,URI,0.0087,0.0273,0.1399,-0.0853
2025-07-01,URNM,-0.0576,0.012,0.1538,-0.1299
2025-08-01,URNM,0.1386,0.012,0.1538,-0.1299
2025-09-01,URNM,0.175,0.012,0.1538,-0.1299
2025-10-01,URNM,0.0652,0.012,0.1538,-0.1299
2025-11-01,URNM,-0.1364,0.012,0.1538,-0.1299
2025-12-01,URNM,-0.0126,0.012,0.1538,-0.1299
2026-01-01,URNM,0.3547,0.012,0.1538,-0.1299
2026-02-01,URNM,-0.0325,0.012,0.1538,-0.1299
2026-03-01,URNM,-0.1222,0.012,0.1538,-0.1299
2026-04-01,URNM,0.0855,0.012,0.1538,-0.1299
2026-05-01,URNM,-0.1061,0.012,0.1538,-0.1299
2026-06-01,URNM,-0.1418,0.012,0.1538,-0.1299
2026-07-01,URNM,-0.0764,0.012,0.1538,-0.1299
2026-08-01,URNM,0.1697,0.012,0.1538,-0.1299
2026-09-01,URNM,-0.1352,0.012,0.1538,-0.1299
2025-07-01,USB,-0.0064,0.0198,0.0729,-0.0334
2025-08-01,USB,0.0861,0.0198,0.0729,-0.0334
2025-09-01,USB,-0.0102,0.0198,0.0729,-0.0334
2025-10-01,USB,-0.0341,0.0198,0.0729,-0.0334
2025-11-01,USB,0.0508,0.0198,0.0729,-0.0334
2025-12-01,USB,0.0879,0.0198,0.0729,-0.0334
2026-01-01,USB,0.0515,0.0198,0.0729,-0.0334
2026-02-01,USB,-0.0258,0.0198,0.0729,-0.0334
2026-03-01,USB,-0.0485,0.0198,0.0729,-0.0334
2026-04-01,USB,0.0894,0.0198,0.0729,-0.0334
2026-05-01,USB,-0.0319,0.0198,0.0729,-0.0334
2026-06-01,USB,0.1012,0.0198,0.0729,-0.0334
2026-07-01,USB,0.0432,0.0198,0.0729,-0.0334
2026-08-01,USB,-0.0227,0.0198,0.0729,-0.0334
2026-09-01,USB,-0.0365,0.0198,0.0729,-0.0334
2025-07-01,USO,0.0886,0.0621,0.2317,-0.1076
2025-08-01,USO,-0.0597,0.0621,0.2317,-0.1076
2025-09-01,USO,-0.0146,0.0621,0.2317,-0.1076
2025-10-01,USO,-0.0161,0.0621,0.2317,-0.1076
2025-11-01,USO,-0.0205,0.0621,0.2317,-0.1076
2025-12-01,USO,-0.0269,0.0621,0.2317,-0.1076
2026-01-01,USO,0.1498,0.0621,0.2317,-0.1076
2026-02-01,USO,0.0306,0.0621,0.2317,-0.1076
2026-03-01,USO,0.5528,0.0621,0.2317,-0.1076
2026-04-01,USO,0.1559,0.0621,0.2317,-0.1076
2026-05-01,USO,-0.1224,0.0621,0.2317,-0.1076
2026-06-01,USO,-0.1755,0.0621,0.2317,-0.1076
2026-07-01,USO,0.2135,0.0621,0.2317,-0.1076
2026-08-01,USO,0.0351,0.0621,0.2317,-0.1076
2026-09-01,USO,0.1094,0.0621,0.2317,-0.1076
2025-07-01,UUP,0.0379,0.0044,0.0252,-0.0163
2025-08-01,UUP,-0.019,0.0044,0.0252,-0.0163
2025-09-01,UUP,0.0051,0.0044,0.0252,-0.0163
2025-10-01,UUP,0.0254,0.0044,0.0252,-0.0163
2025-12-01,UUP,-0.0418,0.0044,0.0252,-0.0163
2026-01-01,UUP,-0.0067,0.0044,0.0252,-0.0163
2026-02-01,UUP,0.0086,0.0044,0.0252,-0.0163
2026-03-01,UUP,0.0258,0.0044,0.0252,-0.0163
2026-04-01,UUP,-0.0151,0.0044,0.0252,-0.0163
2026-05-01,UUP,0.011,0.0044,0.0252,-0.0163
2026-06-01,UUP,0.0271,0.0044,0.0252,-0.0163
2026-07-01,UUP,-0.0084,0.0044,0.0252,-0.0163
2026-08-01,UUP,-0.0018,0.0044,0.0252,-0.0163
2026-09-01,UUP,0.0178,0.0044,0.0252,-0.0163
2025-07-01,V,-0.027,0.0041,0.0507,-0.0425
2025-08-01,V,0.0183,0.0041,0.0507,-0.0425
2025-09-01,V,-0.0296,0.0041,0.0507,-0.0425
2025-10-01,V,-0.0019,0.0041,0.0507,-0.0425
2025-11-01,V,-0.0185,0.0041,0.0507,-0.0425
2025-12-01,V,0.0486,0.0041,0.0507,-0.0425
2026-01-01,V,-0.0823,0.0041,0.0507,-0.0425
2026-02-01,V,-0.0053,0.0041,0.0507,-0.0425
2026-03-01,V,-0.0559,0.0041,0.0507,-0.0425
2026-04-01,V,0.0913,0.0041,0.0507,-0.0425
2026-05-01,V,-0.0106,0.0041,0.0507,-0.0425
2026-06-01,V,0.0513,0.0041,0.0507,-0.0425
2026-07-01,V,0.0672,0.0041,0.0507,-0.0425
2026-08-01,V,0.0362,0.0041,0.0507,-0.0425
2026-09-01,V,-0.0316,0.0041,0.0507,-0.0425
2025-07-01,VAL,0.1548,0.057,0.2416,-0.1276
2025-08-01,VAL,0.0214,0.057,0.2416,-0.1276
2025-09-01,VAL,-0.0181,0.057,0.2416,-0.1276
2025-10-01,VAL,0.1507,0.057,0.2416,-0.1276
2025-11-01,VAL,0.0052,0.057,0.2416,-0.1276
2025-12-01,VAL,-0.1065,0.057,0.2416,-0.1276
2026-01-01,VAL,0.1454,0.057,0.2416,-0.1276
2026-02-01,VAL,0.6603,0.057,0.2416,-0.1276
2026-03-01,VAL,0.0228,0.057,0.2416,-0.1276
2026-04-01,VAL,0.0402,0.057,0.2416,-0.1276
2026-05-01,VAL,-0.0917,0.057,0.2416,-0.1276
2026-06-01,VAL,-0.2162,0.057,0.2416,-0.1276
2026-07-01,VAL,0.0908,0.057,0.2416,-0.1276
2026-08-01,VAL,0.0907,0.057,0.2416,-0.1276
2026-09-01,VAL,-0.0623,0.057,0.2416,-0.1276
2025-07-01,VEEV,-0.0131,0.0085,0.1449,-0.128
2025-08-01,VEEV,-0.0528,0.0085,0.1449,-0.128
2025-09-01,VEEV,0.1066,0.0085,0.1449,-0.128
2025-10-01,VEEV,-0.0225,0.0085,0.1449,-0.128
2025-11-01,VEEV,-0.1748,0.0085,0.1449,-0.128
2025-12-01,VEEV,-0.071,0.0085,0.1449,-0.128
2026-01-01,VEEV,-0.0865,0.0085,0.1449,-0.128
2026-02-01,VEEV,-0.1074,0.0085,0.1449,-0.128
2026-03-01,VEEV,-0.0349,0.0085,0.1449,-0.128
2026-04-01,VEEV,-0.1121,0.0085,0.1449,-0.128
2026-05-01,VEEV,0.1178,0.0085,0.1449,-0.128
2026-06-01,VEEV,0.018,0.0085,0.1449,-0.128
2026-07-01,VEEV,0.1483,0.0085,0.1449,-0.128
2026-08-01,VEEV,0.402,0.0085,0.1449,-0.128
2026-09-01,VEEV,-0.0175,0.0085,0.1449,-0.128
2025-08-01,VICI,0.0362,-0.021,0.0284,-0.0703
2025-09-01,VICI,-0.0346,-0.021,0.0284,-0.0703
2025-10-01,VICI,-0.0803,-0.021,0.0284,-0.0703
2025-11-01,VICI,-0.039,-0.021,0.0284,-0.0703
2025-12-01,VICI,-0.0243,-0.021,0.0284,-0.0703
2026-01-01,VICI,-0.0014,-0.021,0.0284,-0.0703
2026-02-01,VICI,0.0759,-0.021,0.0284,-0.0703
2026-03-01,VICI,-0.0957,-0.021,0.0284,-0.0703
2026-04-01,VICI,0.0688,-0.021,0.0284,-0.0703
2026-05-01,VICI,-0.0336,-0.021,0.0284,-0.0703
2026-06-01,VICI,-0.0592,-0.021,0.0284,-0.0703
2026-07-01,VICI,-0.0075,-0.021,0.0284,-0.0703
2026-08-01,VICI,-0.0266,-0.021,0.0284,-0.0703
2026-09-01,VICI,-0.0834,-0.021,0.0284,-0.0703
2025-07-01,VIX,-0.0006,0.0022,0.1387,-0.1342
2025-08-01,VIX,-0.0813,0.0022,0.1387,-0.1342
2025-09-01,VIX,0.0599,0.0022,0.1387,-0.1342
2025-10-01,VIX,0.0713,0.0022,0.1387,-0.1342
2025-11-01,VIX,-0.0625,0.0022,0.1387,-0.1342
2025-12-01,VIX,-0.0856,0.0022,0.1387,-0.1342
2026-01-01,VIX,0.1666,0.0022,0.1387,-0.1342
2026-02-01,VIX,0.1388,0.0022,0.1387,-0.1342
2026-03-01,VIX,0.2714,0.0022,0.1387,-0.1342
2026-04-01,VIX,-0.3311,0.0022,0.1387,-0.1342
2026-05-01,VIX,-0.093,0.0022,0.1387,-0.1342
2026-06-01,VIX,0.0738,0.0022,0.1387,-0.1342
2026-07-01,VIX,-0.028,0.0022,0.1387,-0.1342
2026-08-01,VIX,-0.0669,0.0022,0.1387,-0.1342
2026-09-01,VIX,-0.0034,0.0022,0.1387,-0.1342
2025-07-01,VLO,0.0215,0.0758,0.1564,-0.0049
2025-08-01,VLO,0.1071,0.0758,0.1564,-0.0049
2025-09-01,VLO,0.1201,0.0758,0.1564,-0.0049
2025-10-01,VLO,-0.0041,0.0758,0.1564,-0.0049
2025-11-01,VLO,0.0425,0.0758,0.1564,-0.0049
2025-12-01,VLO,-0.079,0.0758,0.1564,-0.0049
2026-01-01,VLO,0.1145,0.0758,0.1564,-0.0049
2026-02-01,VLO,0.1279,0.0758,0.1564,-0.0049
2026-03-01,VLO,0.2074,0.0758,0.1564,-0.0049
2026-04-01,VLO,0.0223,0.0758,0.1564,-0.0049
2026-05-01,VLO,-0.0307,0.0758,0.1564,-0.0049
2026-06-01,VLO,0.0638,0.0758,0.1564,-0.0049
2026-07-01,VLO,0.2014,0.0758,0.1564,-0.0049
2026-08-01,VLO,0.1471,0.0758,0.1564,-0.0049
2026-09-01,VLO,0.0787,0.0758,0.1564,-0.0049
2025-07-01,VLTO,0.0384,-0.0017,0.0467,-0.05
2025-08-01,VLTO,0.013,-0.0017,0.0467,-0.05
2025-09-01,VLTO,0.004,-0.0017,0.0467,-0.05
2025-10-01,VLTO,-0.0744,-0.0017,0.0467,-0.05
2025-11-01,VLTO,0.0257,-0.0017,0.0467,-0.05
2025-12-01,VLTO,-0.0142,-0.0017,0.0467,-0.05
2026-01-01,VLTO,-0.008,-0.0017,0.0467,-0.05
2026-02-01,VLTO,-0.0157,-0.0017,0.0467,-0.05
2026-03-01,VLTO,-0.0925,-0.0017,0.0467,-0.05
2026-04-01,VLTO,-0.0025,-0.0017,0.0467,-0.05
2026-05-01,VLTO,-0.0677,-0.0017,0.0467,-0.05
2026-06-01,VLTO,0.0784,-0.0017,0.0467,-0.05
2026-07-01,VLTO,0.0619,-0.0017,0.0467,-0.05
2026-08-01,VLTO,0.0467,-0.0017,0.0467,-0.05
2026-09-01,VLTO,-0.0145,-0.0017,0.0467,-0.05
2025-07-01,VMC,0.0531,-0.0027,0.0651,-0.0704
2025-08-01,VMC,0.06,-0.0027,0.0651,-0.0704
2025-09-01,VMC,0.0565,-0.0027,0.0651,-0.0704
2025-10-01,VMC,-0.0589,-0.0027,0.0651,-0.0704
2025-11-01,VMC,0.0267,-0.0027,0.0651,-0.0704
2025-12-01,VMC,-0.0404,-0.0027,0.0651,-0.0704
2026-01-01,VMC,0.0537,-0.0027,0.0651,-0.0704
2026-02-01,VMC,0.0315,-0.0027,0.0651,-0.0704
2026-03-01,VMC,-0.1216,-0.0027,0.0651,-0.0704
2026-04-01,VMC,0.1081,-0.0027,0.0651,-0.0704
2026-05-01,VMC,-0.0624,-0.0027,0.0651,-0.0704
2026-06-01,VMC,0.0427,-0.0027,0.0651,-0.0704
2026-07-01,VMC,-0.0896,-0.0027,0.0651,-0.0704
2026-08-01,VMC,0.0038,-0.0027,0.0651,-0.0704
2026-09-01,VMC,-0.0912,-0.0027,0.0651,-0.0704
2025-07-01,VNM,0.1644,0.0178,0.0907,-0.055
2025-08-01,VNM,0.1424,0.0178,0.0907,-0.055
2025-09-01,VNM,-0.0246,0.0178,0.0907,-0.055
2025-10-01,VNM,-0.023,0.0178,0.0907,-0.055
2025-11-01,VNM,0.0522,0.0178,0.0907,-0.055
2025-12-01,VNM,0.0403,0.0178,0.0907,-0.055
2026-01-01,VNM,-0.0005,0.0178,0.0907,-0.055
2026-02-01,VNM,0.0005,0.0178,0.0907,-0.055
2026-03-01,VNM,-0.0928,0.0178,0.0907,-0.055
2026-04-01,VNM,0.0884,0.0178,0.0907,-0.055
2026-05-01,VNM,-0.0074,0.0178,0.0907,-0.055
2026-06-01,VNM,-0.0123,0.0178,0.0907,-0.055
2026-07-01,VNM,-0.0807,0.0178,0.0907,-0.055
2026-08-01,VNM,0.0636,0.0178,0.0907,-0.055
2026-09-01,VNM,-0.0437,0.0178,0.0907,-0.055
2025-07-01,VRSK,-0.1053,-0.0384,0.02,-0.0969
2025-08-01,VRSK,-0.038,-0.0384,0.02,-0.0969
2025-09-01,VRSK,-0.062,-0.0384,0.02,-0.0969
2025-10-01,VRSK,-0.1302,-0.0384,0.02,-0.0969
2025-11-01,VRSK,0.0288,-0.0384,0.02,-0.0969
2025-12-01,VRSK,-0.0061,-0.0384,0.02,-0.0969
2026-01-01,VRSK,-0.0279,-0.0384,0.02,-0.0969
2026-02-01,VRSK,-0.0455,-0.0384,0.02,-0.0969
2026-03-01,VRSK,-0.0859,-0.0384,0.02,-0.0969
2026-04-01,VRSK,-0.0277,-0.0384,0.02,-0.0969
2026-05-01,VRSK,-0.0515,-0.0384,0.02,-0.0969
2026-06-01,VRSK,0.0259,-0.0384,0.02,-0.0969
2026-07-01,VRSK,0.0853,-0.0384,0.02,-0.0969
2026-08-01,VRSK,-0.0055,-0.0384,0.02,-0.0969
2026-09-01,VRSK,-0.1268,-0.0384,0.02,-0.0969
2025-07-01,VRSN,-0.069,0.0021,0.0812,-0.077
2025-08-01,VRSN,0.0167,0.0021,0.0812,-0.077
2025-09-01,VRSN,0.0227,0.0021,0.0812,-0.077
2025-10-01,VRSN,-0.1423,0.0021,0.0812,-0.077
2025-11-01,VRSN,0.0508,0.0021,0.0812,-0.077
2025-12-01,VRSN,-0.0359,0.0021,0.0812,-0.077
2026-01-01,VRSN,0.0053,0.0021,0.0812,-0.077
2026-02-01,VRSN,-0.0667,0.0021,0.0812,-0.077
2026-03-01,VRSN,0.0896,0.0021,0.0812,-0.077
2026-04-01,VRSN,0.0817,0.0021,0.0812,-0.077
2026-05-01,VRSN,0.0622,0.0021,0.0812,-0.077
2026-06-01,VRSN,-0.1185,0.0021,0.0812,-0.077
2026-07-01,VRSN,0.1529,0.0021,0.0812,-0.077
2026-08-01,VRSN,-0.006,0.0021,0.0812,-0.077
2026-09-01,VRSN,-0.0036,0.0021,0.0812,-0.077
2025-07-01,VRT,0.1339,0.0598,0.2332,-0.1135
2025-08-01,VRT,-0.124,0.0598,0.2332,-0.1135
2025-09-01,VRT,0.1828,0.0598,0.2332,-0.1135
2025-10-01,VRT,0.2784,0.0598,0.2332,-0.1135
2025-11-01,VRT,-0.0681,0.0598,0.2332,-0.1135
2025-12-01,VRT,-0.0986,0.0598,0.2332,-0.1135
2026-01-01,VRT,0.1492,0.0598,0.2332,-0.1135
2026-02-01,VRT,0.3691,0.0598,0.2332,-0.1135
2026-03-01,VRT,-0.0169,0.0598,0.2332,-0.1135
2026-04-01,VRT,0.3109,0.0598,0.2332,-0.1135
2026-05-01,VRT,-0.0389,0.0598,0.2332,-0.1135
2026-06-01,VRT,0.0605,0.0598,0.2332,-0.1135
2026-07-01,VRT,-0.2785,0.0598,0.2332,-0.1135
2026-08-01,VRT,0.071,0.0598,0.2332,-0.1135
2026-09-01,VRT,-0.021,0.0598,0.2332,-0.1135
2025-07-01,VRTX,0.0262,0.0139,0.0886,-0.0609
2025-08-01,VRTX,-0.1441,0.0139,0.0886,-0.0609
2025-09-01,VRTX,0.0016,0.0139,0.0886,-0.0609
2025-10-01,VRTX,0.0866,0.0139,0.0886,-0.0609
2025-11-01,VRTX,0.0189,0.0139,0.0886,-0.0609
2025-12-01,VRTX,0.0455,0.0139,0.0886,-0.0609
2026-01-01,VRTX,0.0365,0.0139,0.0886,-0.0609
2026-02-01,VRTX,0.0573,0.0139,0.0886,-0.0609
2026-03-01,VRTX,-0.1012,0.0139,0.0886,-0.0609
2026-04-01,VRTX,-0.0429,0.0139,0.0886,-0.0609
2026-05-01,VRTX,0.0472,0.0139,0.0886,-0.0609
2026-06-01,VRTX,0.1099,0.0139,0.0886,-0.0609
2026-07-01,VRTX,-0.0395,0.0139,0.0886,-0.0609
2026-08-01,VRTX,0.1413,0.0139,0.0886,-0.0609
2026-09-01,VRTX,-0.0337,0.0139,0.0886,-0.0609
2025-07-01,VST,0.076,-0.0214,0.0443,-0.0872
2025-08-01,VST,-0.0932,-0.0214,0.0443,-0.0872
2025-09-01,VST,0.036,-0.0214,0.0443,-0.0872
2025-10-01,VST,-0.0389,-0.0214,0.0443,-0.0872
2025-11-01,VST,-0.0501,-0.0214,0.0443,-0.0872
2025-12-01,VST,-0.098,-0.0214,0.0443,-0.0872
2026-01-01,VST,-0.0185,-0.0214,0.0443,-0.0872
2026-02-01,VST,0.0981,-0.0214,0.0443,-0.0872
2026-03-01,VST,-0.1355,-0.0214,0.0443,-0.0872
2026-04-01,VST,0.05,-0.0214,0.0443,-0.0872
2026-05-01,VST,0.0151,-0.0214,0.0443,-0.0872
2026-06-01,VST,-0.01,-0.0214,0.0443,-0.0872
2026-07-01,VST,-0.0658,-0.0214,0.0443,-0.0872
2026-08-01,VST,-0.073,-0.0214,0.0443,-0.0872
2026-09-01,VST,0.0079,-0.0214,0.0443,-0.0872
2025-07-01,VTR,0.0638,0.0223,0.0739,-0.0293
2025-08-01,VTR,0.0134,0.0223,0.0739,-0.0293
2025-09-01,VTR,0.0281,0.0223,0.0739,-0.0293
2025-10-01,VTR,0.0543,0.0223,0.0739,-0.0293
2025-11-01,VTR,0.0927,0.0223,0.0739,-0.0293
2025-12-01,VTR,-0.0403,0.0223,0.0739,-0.0293
2026-01-01,VTR,0.0037,0.0223,0.0739,-0.0293
2026-02-01,VTR,0.1093,0.0223,0.0739,-0.0293
2026-03-01,VTR,-0.0508,0.0223,0.0739,-0.0293
2026-04-01,VTR,0.0743,0.0223,0.0739,-0.0293
2026-05-01,VTR,-0.0392,0.0223,0.0739,-0.0293
2026-06-01,VTR,0.0519,0.0223,0.0739,-0.0293
2026-07-01,VTR,0.053,0.0223,0.0739,-0.0293
2026-08-01,VTR,-0.025,0.0223,0.0739,-0.0293
2026-09-01,VTR,-0.0502,0.0223,0.0739,-0.0293
2025-07-01,VTRS,-0.0213,0.0498,0.1366,-0.0371
2025-08-01,VTRS,0.2071,0.0498,0.1366,-0.0371
2025-09-01,VTRS,-0.0616,0.0498,0.1366,-0.0371
2025-10-01,VTRS,0.0465,0.0498,0.1366,-0.0371
2025-11-01,VTRS,0.0319,0.0498,0.1366,-0.0371
2025-12-01,VTRS,0.1646,0.0498,0.1366,-0.0371
2026-01-01,VTRS,0.0514,0.0498,0.1366,-0.0371
2026-02-01,VTRS,0.1406,0.0498,0.1366,-0.0371
2026-03-01,VTRS,-0.0951,0.0498,0.1366,-0.0371
2026-04-01,VTRS,0.1058,0.0498,0.1366,-0.0371
2026-05-01,VTRS,0.0884,0.0498,0.1366,-0.0371
2026-06-01,VTRS,-0.0234,0.0498,0.1366,-0.0371
2026-07-01,VTRS,0.1058,0.0498,0.1366,-0.0371
2026-08-01,VTRS,-0.0598,0.0498,0.1366,-0.0371
2026-09-01,VTRS,0.08,0.0498,0.1366,-0.0371
2025-07-01,VXN,-0.0169,0.0116,0.1328,-0.1096
2025-08-01,VXN,-0.0062,0.0116,0.1328,-0.1096
2025-09-01,VXN,0.0466,0.0116,0.1328,-0.1096
2025-10-01,VXN,0.0995,0.0116,0.1328,-0.1096
2025-11-01,VXN,-0.0373,0.0116,0.1328,-0.1096
2025-12-01,VXN,-0.0761,0.0116,0.1328,-0.1096
2026-01-01,VXN,0.1513,0.0116,0.1328,-0.1096
2026-02-01,VXN,0.0888,0.0116,0.1328,-0.1096
2026-03-01,VXN,0.1517,0.0116,0.1328,-0.1096
2026-04-01,VXN,-0.2284,0.0116,0.1328,-0.1096
2026-05-01,VXN,0.0363,0.0116,0.1328,-0.1096
2026-06-01,VXN,0.2006,0.0116,0.1328,-0.1096
2026-07-01,VXN,-0.0409,0.0116,0.1328,-0.1096
2026-08-01,VXN,-0.2238,0.0116,0.1328,-0.1096
2026-09-01,VXN,0.0342,0.0116,0.1328,-0.1096
2025-07-01,VZ,-0.0118,0.0067,0.0749,-0.0614
2025-08-01,VZ,0.0344,0.0067,0.0749,-0.0614
2025-09-01,VZ,-0.0063,0.0067,0.0749,-0.0614
2025-10-01,VZ,-0.0958,0.0067,0.0749,-0.0614
2025-11-01,VZ,0.0345,0.0067,0.0749,-0.0614
2025-12-01,VZ,-0.0092,0.0067,0.0749,-0.0614
2026-01-01,VZ,0.0931,0.0067,0.0749,-0.0614
2026-02-01,VZ,0.1262,0.0067,0.0749,-0.0614
2026-03-01,VZ,0.0012,0.0067,0.0749,-0.0614
2026-04-01,VZ,-0.0432,0.0067,0.0749,-0.0614
2026-05-01,VZ,-0.0046,0.0067,0.0749,-0.0614
2026-06-01,VZ,-0.1144,0.0067,0.0749,-0.0614
2026-07-01,VZ,0.1056,0.0067,0.0749,-0.0614
2026-08-01,VZ,0.0686,0.0067,0.0749,-0.0614
2026-09-01,VZ,-0.0588,0.0067,0.0749,-0.0614
2025-07-01,WAB,-0.0826,0.0219,0.0778,-0.0339
2025-08-01,WAB,0.0076,0.0219,0.0778,-0.0339
2025-09-01,WAB,0.036,0.0219,0.0778,-0.0339
2025-10-01,WAB,0.0198,0.0219,0.0778,-0.0339
2025-11-01,WAB,0.0201,0.0219,0.0778,-0.0339
2025-12-01,WAB,0.0235,0.0219,0.0778,-0.0339
2026-01-01,WAB,0.0782,0.0219,0.0778,-0.0339
2026-02-01,WAB,0.1469,0.0219,0.0778,-0.0339
2026-03-01,WAB,-0.0532,0.0219,0.0778,-0.0339
2026-04-01,WAB,0.0799,0.0219,0.0778,-0.0339
2026-05-01,WAB,-0.0323,0.0219,0.0778,-0.0339
2026-06-01,WAB,0.0323,0.0219,0.0778,-0.0339
2026-07-01,WAB,0.0789,0.0219,0.0778,-0.0339
2026-08-01,WAB,-0.017,0.0219,0.0778,-0.0339
2026-09-01,WAB,0.0072,0.0219,0.0778,-0.0339
2025-07-01,WAT,-0.1727,0.0195,0.1278,-0.0888
2025-08-01,WAT,0.0452,0.0195,0.1278,-0.0888
2025-09-01,WAT,-0.0066,0.0195,0.1278,-0.0888
2025-10-01,WAT,0.1661,0.0195,0.1278,-0.0888
2025-11-01,WAT,0.1539,0.0195,0.1278,-0.0888
2025-12-01,WAT,-0.0585,0.0195,0.1278,-0.0888
2026-01-01,WAT,-0.024,0.0195,0.1278,-0.0888
2026-02-01,WAT,-0.1385,0.0195,0.1278,-0.0888
2026-03-01,WAT,-0.0676,0.0195,0.1278,-0.0888
2026-04-01,WAT,0.0384,0.0195,0.1278,-0.0888
2026-05-01,WAT,0.2404,0.0195,0.1278,-0.0888
2026-06-01,WAT,-0.0222,0.0195,0.1278,-0.0888
2026-07-01,WAT,0.0061,0.0195,0.1278,-0.0888
2026-08-01,WAT,0.0989,0.0195,0.1278,-0.0888
2026-09-01,WAT,0.0456,0.0195,0.1278,-0.0888
2025-07-01,WBD,0.1492,0.082,0.2625,-0.0985
2025-08-01,WBD,-0.1162,0.082,0.2625,-0.0985
2025-09-01,WBD,0.6778,0.082,0.2625,-0.0985
2025-10-01,WBD,0.1495,0.082,0.2625,-0.0985
2025-11-01,WBD,0.069,0.082,0.2625,-0.0985
2025-12-01,WBD,0.2008,0.082,0.2625,-0.0985
2026-01-01,WBD,-0.0444,0.082,0.2625,-0.0985
2026-02-01,WBD,0.0229,0.082,0.2625,-0.0985
2026-03-01,WBD,-0.0252,0.082,0.2625,-0.0985
2026-04-01,WBD,-0.0149,0.082,0.2625,-0.0985
2026-05-01,WBD,-0.0015,0.082,0.2625,-0.0985
2026-06-01,WBD,-0.013,0.082,0.2625,-0.0985
2026-07-01,WBD,-0.0135,0.082,0.2625,-0.0985
2026-08-01,WBD,0.0848,0.082,0.2625,-0.0985
2026-09-01,WBD,0.0817,0.082,0.2625,-0.0985
2025-07-01,WDAY,-0.0443,-0.0022,0.1443,-0.1486
2025-08-01,WDAY,0.0063,-0.0022,0.1443,-0.1486
2025-09-01,WDAY,0.0429,-0.0022,0.1443,-0.1486
2025-10-01,WDAY,-0.0034,-0.0022,0.1443,-0.1486
2025-11-01,WDAY,-0.1013,-0.0022,0.1443,-0.1486
2025-12-01,WDAY,-0.0039,-0.0022,0.1443,-0.1486
2026-01-01,WDAY,-0.1823,-0.0022,0.1443,-0.1486
2026-02-01,WDAY,-0.2384,-0.0022,0.1443,-0.1486
2026-03-01,WDAY,-0.0287,-0.0022,0.1443,-0.1486
2026-04-01,WDAY,-0.0579,-0.0022,0.1443,-0.1486
2026-05-01,WDAY,0.1944,-0.0022,0.1443,-0.1486
2026-06-01,WDAY,-0.1626,-0.0022,0.1443,-0.1486
2026-07-01,WDAY,0.3098,-0.0022,0.1443,-0.1486
2026-08-01,WDAY,0.2314,-0.0022,0.1443,-0.1486
2026-09-01,WDAY,-0.0405,-0.0022,0.1443,-0.1486
2025-07-01,WDC,0.2297,0.1595,0.3792,-0.0603
2025-08-01,WDC,0.021,0.1595,0.3792,-0.0603
2025-09-01,WDC,0.4944,0.1595,0.3792,-0.0603
2025-10-01,WDC,0.2511,0.1595,0.3792,-0.0603
2025-11-01,WDC,0.0873,0.1595,0.3792,-0.0603
2025-12-01,WDC,0.0547,0.1595,0.3792,-0.0603
2026-01-01,WDC,0.4525,0.1595,0.3792,-0.0603
2026-02-01,WDC,0.1178,0.1595,0.3792,-0.0603
2026-03-01,WDC,-0.0329,0.1595,0.3792,-0.0603
2026-04-01,WDC,0.6064,0.1595,0.3792,-0.0603
2026-05-01,WDC,0.2225,0.1595,0.3792,-0.0603
2026-06-01,WDC,0.2024,0.1595,0.3792,-0.0603
2026-07-01,WDC,-0.147,0.1595,0.3792,-0.0603
2026-08-01,WDC,-0.1731,0.1595,0.3792,-0.0603
2026-09-01,WDC,0.0139,0.1595,0.3792,-0.0603
2025-07-01,WEAT,-0.0203,0.0118,0.0749,-0.0513
2025-08-01,WEAT,-0.0161,0.0118,0.0749,-0.0513
2025-09-01,WEAT,-0.0397,0.0118,0.0749,-0.0513
2025-10-01,WEAT,0.0316,0.0118,0.0749,-0.0513
2025-11-01,WEAT,-0.017,0.0118,0.0749,-0.0513
2025-12-01,WEAT,-0.0417,0.0118,0.0749,-0.0513
2026-01-01,WEAT,0.0501,0.0118,0.0749,-0.0513
2026-02-01,WEAT,0.0763,0.0118,0.0749,-0.0513
2026-03-01,WEAT,0.0443,0.0118,0.0749,-0.0513
2026-04-01,WEAT,0.0229,0.0118,0.0749,-0.0513
2026-05-01,WEAT,-0.0303,0.0118,0.0749,-0.0513
2026-06-01,WEAT,-0.0577,0.0118,0.0749,-0.0513
2026-07-01,WEAT,0.0808,0.0118,0.0749,-0.0513
2026-08-01,WEAT,0.168,0.0118,0.0749,-0.0513
2026-09-01,WEAT,-0.0831,0.0118,0.0749,-0.0513
2025-07-01,WEC,0.0468,-0.0013,0.0447,-0.0472
2025-08-01,WEC,-0.0236,-0.0013,0.0447,-0.0472
2025-09-01,WEC,0.0759,-0.0013,0.0447,-0.0472
2025-10-01,WEC,-0.025,-0.0013,0.0447,-0.0472
2025-11-01,WEC,0.003,-0.0013,0.0447,-0.0472
2025-12-01,WEC,-0.059,-0.0013,0.0447,-0.0472
2026-01-01,WEC,0.0494,-0.0013,0.0447,-0.0472
2026-02-01,WEC,0.0568,-0.0013,0.0447,-0.0472
2026-03-01,WEC,-0.0102,-0.0013,0.0447,-0.0472
2026-04-01,WEC,0.0187,-0.0013,0.0447,-0.0472
2026-05-01,WEC,-0.0584,-0.0013,0.0447,-0.0472
2026-06-01,WEC,0.0515,-0.0013,0.0447,-0.0472
2026-07-01,WEC,-0.0629,-0.0013,0.0447,-0.0472
2026-08-01,WEC,-0.0297,-0.0013,0.0447,-0.0472
2026-09-01,WEC,-0.0445,-0.0013,0.0447,-0.0472
2025-07-01,WELL,0.0738,0.0287,0.0959,-0.0385
2025-08-01,WELL,0.0194,0.0287,0.0959,-0.0385
2025-09-01,WELL,0.0586,0.0287,0.0959,-0.0385
2025-10-01,WELL,0.0163,0.0287,0.0959,-0.0385
2025-11-01,WELL,0.1501,0.0287,0.0959,-0.0385
2025-12-01,WELL,-0.1086,0.0287,0.0959,-0.0385
2026-01-01,WELL,0.0148,0.0287,0.0959,-0.0385
2026-02-01,WELL,0.0996,0.0287,0.0959,-0.0385
2026-03-01,WELL,-0.0454,0.0287,0.0959,-0.0385
2026-04-01,WELL,0.0993,0.0287,0.0959,-0.0385
2026-05-01,WELL,-0.0553,0.0287,0.0959,-0.0385
2026-06-01,WELL,0.1054,0.0287,0.0959,-0.0385
2026-07-01,WELL,0.0329,0.0287,0.0959,-0.0385
2026-08-01,WELL,0.0077,0.0287,0.0959,-0.0385
2026-09-01,WELL,-0.0206,0.0287,0.0959,-0.0385
2025-07-01,WFC,0.0064,0.0053,0.0519,-0.0413
2025-08-01,WFC,0.0192,0.0053,0.0519,-0.0413
2025-09-01,WFC,0.02,0.0053,0.0519,-0.0413
2025-10-01,WFC,0.0376,0.0053,0.0519,-0.0413
2025-11-01,WFC,-0.0129,0.0053,0.0519,-0.0413
2025-12-01,WFC,0.0856,0.0053,0.0519,-0.0413
2026-01-01,WFC,-0.0291,0.0053,0.0519,-0.0413
2026-02-01,WFC,-0.0999,0.0053,0.0519,-0.0413
2026-03-01,WFC,-0.0226,0.0053,0.0519,-0.0413
2026-04-01,WFC,0.0329,0.0053,0.0519,-0.0413
2026-05-01,WFC,-0.057,0.0053,0.0519,-0.0413
2026-06-01,WFC,0.0658,0.0053,0.0519,-0.0413
2026-07-01,WFC,0.0461,0.0053,0.0519,-0.0413
2026-08-01,WFC,-0.0007,0.0053,0.0519,-0.0413
2026-09-01,WFC,-0.0396,0.0053,0.0519,-0.0413
2025-07-01,WM,0.0015,-0.0065,0.0462,-0.0593
2025-08-01,WM,-0.0121,-0.0065,0.0462,-0.0593
2025-09-01,WM,-0.0246,-0.0065,0.0462,-0.0593
2025-10-01,WM,-0.0954,-0.0065,0.0462,-0.0593
2025-11-01,WM,0.0906,-0.0065,0.0462,-0.0593
2025-12-01,WM,0.0084,-0.0065,0.0462,-0.0593
2026-01-01,WM,0.0115,-0.0065,0.0462,-0.0593
2026-02-01,WM,0.0837,-0.0065,0.0462,-0.0593
2026-03-01,WM,-0.0459,-0.0065,0.0462,-0.0593
2026-04-01,WM,0.012,-0.0065,0.0462,-0.0593
2026-05-01,WM,-0.0907,-0.0065,0.0462,-0.0593
2026-06-01,WM,0.054,-0.0065,0.0462,-0.0593
2026-07-01,WM,0.0165,-0.0065,0.0462,-0.0593
2026-08-01,WM,-0.0337,-0.0065,0.0462,-0.0593
2026-09-01,WM,-0.0552,-0.0065,0.0462,-0.0593
2025-07-01,WMB,-0.0455,0.0071,0.0733,-0.0591
2025-08-01,WMB,-0.0345,0.0071,0.0733,-0.0591
2025-09-01,WMB,0.0945,0.0071,0.0733,-0.0591
2025-10-01,WMB,-0.0865,0.0071,0.0733,-0.0591
2025-11-01,WMB,0.0529,0.0071,0.0733,-0.0591
2025-12-01,WMB,-0.0135,0.0071,0.0733,-0.0591
2026-01-01,WMB,0.1189,0.0071,0.0733,-0.0591
2026-02-01,WMB,0.1109,0.0071,0.0733,-0.0591
2026-03-01,WMB,-0.026,0.0071,0.0733,-0.0591
2026-04-01,WMB,0.0485,0.0071,0.0733,-0.0591
2026-05-01,WMB,-0.0645,0.0071,0.0733,-0.0591
2026-06-01,WMB,0.0413,0.0071,0.0733,-0.0591
2026-07-01,WMB,-0.0377,0.0071,0.0733,-0.0591
2026-08-01,WMB,0.0491,0.0071,0.0733,-0.0591
2026-09-01,WMB,-0.0771,0.0071,0.0733,-0.0591
2025-07-01,WMT,0.002,0.007,0.0619,-0.0479
2025-08-01,WMT,-0.0102,0.007,0.0619,-0.0479
2025-09-01,WMT,0.0627,0.007,0.0619,-0.0479
2025-10-01,WMT,-0.0182,0.007,0.0619,-0.0479
2025-11-01,WMT,0.0922,0.007,0.0619,-0.0479
2025-12-01,WMT,0.0081,0.007,0.0619,-0.0479
2026-01-01,WMT,0.0694,0.007,0.0619,-0.0479
2026-02-01,WMT,0.0739,0.007,0.0619,-0.0479
2026-03-01,WMT,-0.0287,0.007,0.0619,-0.0479
2026-04-01,WMT,0.0616,0.007,0.0619,-0.0479
2026-05-01,WMT,-0.1226,0.007,0.0619,-0.0479
2026-06-01,WMT,-0.0215,0.007,0.0619,-0.0479
2026-07-01,WMT,-0.0182,0.007,0.0619,-0.0479
2026-08-01,WMT,-0.0569,0.007,0.0619,-0.0479
2026-09-01,WMT,0.0297,0.007,0.0619,-0.0479
2025-07-01,WRB,-0.0634,-0.006,0.0581,-0.07
2025-08-01,WRB,0.0419,-0.006,0.0581,-0.07
2025-09-01,WRB,0.0688,-0.006,0.0581,-0.07
2025-10-01,WRB,-0.0689,-0.006,0.0581,-0.07
2025-11-01,WRB,0.089,-0.006,0.0581,-0.07
2025-12-01,WRB,-0.0974,-0.006,0.0581,-0.07
2026-01-01,WRB,-0.022,-0.006,0.0581,-0.07
2026-02-01,WRB,0.0455,-0.006,0.0581,-0.07
2026-03-01,WRB,-0.0756,-0.006,0.0581,-0.07
2026-04-01,WRB,0.0083,-0.006,0.0581,-0.07
2026-05-01,WRB,-0.0492,-0.006,0.0581,-0.07
2026-06-01,WRB,0.11,-0.006,0.0581,-0.07
2026-07-01,WRB,0.0285,-0.006,0.0581,-0.07
2026-08-01,WRB,-0.0687,-0.006,0.0581,-0.07
2026-09-01,WRB,-0.011,-0.006,0.0581,-0.07
2025-07-01,WSM,0.1449,0.0261,0.1032,-0.051
2025-08-01,WSM,0.0061,0.0261,0.1032,-0.051
2025-09-01,WSM,0.0386,0.0261,0.1032,-0.051
2025-10-01,WSM,-0.0057,0.0261,0.1032,-0.051
2025-11-01,WSM,-0.0737,0.0261,0.1032,-0.051
2025-12-01,WSM,-0.0079,0.0261,0.1032,-0.051
2026-01-01,WSM,0.1459,0.0261,0.1032,-0.051
2026-02-01,WSM,0.0049,0.0261,0.1032,-0.051
2026-03-01,WSM,-0.1134,0.0261,0.1032,-0.051
2026-04-01,WSM,-0.0061,0.0261,0.1032,-0.051
2026-05-01,WSM,0.1234,0.0261,0.1032,-0.051
2026-06-01,WSM,0.1451,0.0261,0.1032,-0.051
2026-07-01,WSM,-0.019,0.0261,0.1032,-0.051
2026-08-01,WSM,-0.0018,0.0261,0.1032,-0.051
2026-09-01,WSM,0.016,0.0261,0.1032,-0.051
2025-07-01,WST,0.0935,0.0389,0.1191,-0.0413
2025-08-01,WST,0.0321,0.0389,0.1191,-0.0413
2025-09-01,WST,0.0623,0.0389,0.1191,-0.0413
2025-10-01,WST,0.0752,0.0389,0.1191,-0.0413
2025-11-01,WST,-0.0171,0.0389,0.1191,-0.0413
2025-12-01,WST,-0.0076,0.0389,0.1191,-0.0413
2026-01-01,WST,-0.16,0.0389,0.1191,-0.0413
2026-02-01,WST,0.1005,0.0389,0.1191,-0.0413
2026-03-01,WST,-0.0145,0.0389,0.1191,-0.0413
2026-04-01,WST,0.1873,0.0389,0.1191,-0.0413
2026-05-01,WST,0.0847,0.0389,0.1191,-0.0413
2026-06-01,WST,0.1121,0.0389,0.1191,-0.0413
2026-07-01,WST,-0.0503,0.0389,0.1191,-0.0413
2026-08-01,WST,0.0004,0.0389,0.1191,-0.0413
2026-09-01,WST,0.086,0.0389,0.1191,-0.0413
2025-07-01,WTW,0.0304,0.0029,0.0995,-0.0937
2025-08-01,WTW,0.0348,0.0029,0.0995,-0.0937
2025-09-01,WTW,0.0571,0.0029,0.0995,-0.0937
2025-10-01,WTW,-0.0936,0.0029,0.0995,-0.0937
2025-11-01,WTW,0.0252,0.0029,0.0995,-0.0937
2025-12-01,WTW,0.0237,0.0029,0.0995,-0.0937
2026-01-01,WTW,-0.0339,0.0029,0.0995,-0.0937
2026-02-01,WTW,-0.0387,0.0029,0.0995,-0.0937
2026-03-01,WTW,-0.0474,0.0029,0.0995,-0.0937
2026-04-01,WTW,-0.1187,0.0029,0.0995,-0.0937
2026-05-01,WTW,-0.0255,0.0029,0.0995,-0.0937
2026-06-01,WTW,0.0469,0.0029,0.0995,-0.0937
2026-07-01,WTW,0.2852,0.0029,0.0995,-0.0937
2026-08-01,WTW,0.0078,0.0029,0.0995,-0.0937
2026-09-01,WTW,-0.1316,0.0029,0.0995,-0.0937
2025-07-01,WY,-0.0249,-0.014,0.0425,-0.0704
2025-08-01,WY,0.0327,-0.014,0.0425,-0.0704
2025-09-01,WY,-0.0417,-0.014,0.0425,-0.0704
2025-10-01,WY,-0.0722,-0.014,0.0425,-0.0704
2025-11-01,WY,-0.0343,-0.014,0.0425,-0.0704
2025-12-01,WY,0.0666,-0.014,0.0425,-0.0704
2026-01-01,WY,0.0882,-0.014,0.0425,-0.0704
2026-02-01,WY,-0.0485,-0.014,0.0425,-0.0704
2026-03-01,WY,-0.0041,-0.014,0.0425,-0.0704
2026-04-01,WY,0.0037,-0.014,0.0425,-0.0704
2026-05-01,WY,-0.0004,-0.014,0.0425,-0.0704
2026-06-01,WY,-0.0233,-0.014,0.0425,-0.0704
2026-07-01,WY,0.0455,-0.014,0.0425,-0.0704
2026-08-01,WY,-0.0663,-0.014,0.0425,-0.0704
2026-09-01,WY,-0.1438,-0.014,0.0425,-0.0704
2025-07-01,WYNN,0.164,-0.0056,0.0809,-0.0921
2025-08-01,WYNN,0.1625,-0.0056,0.0809,-0.0921
2025-09-01,WYNN,0.012,-0.0056,0.0809,-0.0921
2025-10-01,WYNN,-0.0723,-0.0056,0.0809,-0.0921
2025-11-01,WYNN,0.0814,-0.0056,0.0809,-0.0921
2025-12-01,WYNN,-0.0649,-0.0056,0.0809,-0.0921
2026-01-01,WYNN,-0.107,-0.0056,0.0809,-0.0921
2026-02-01,WYNN,0.0069,-0.0056,0.0809,-0.0921
2026-03-01,WYNN,-0.0614,-0.0056,0.0809,-0.0921
2026-04-01,WYNN,0.0548,-0.0056,0.0809,-0.0921
2026-05-01,WYNN,-0.055,-0.0056,0.0809,-0.0921
2026-06-01,WYNN,-0.0408,-0.0056,0.0809,-0.0921
2026-07-01,WYNN,0.0229,-0.0056,0.0809,-0.0921
2026-08-01,WYNN,-0.0809,-0.0056,0.0809,-0.0921
2026-09-01,WYNN,-0.1113,-0.0056,0.0809,-0.0921
2025-07-01,XEL,0.0784,0.003,0.0626,-0.0565
2025-08-01,XEL,-0.0143,0.003,0.0626,-0.0565
2025-09-01,XEL,0.1141,0.003,0.0626,-0.0565
2025-10-01,XEL,0.0064,0.003,0.0626,-0.0565
2025-11-01,XEL,0.0116,0.003,0.0626,-0.0565
2025-12-01,XEL,-0.1005,0.003,0.0626,-0.0565
2026-01-01,XEL,0.0298,0.003,0.0626,-0.0565
2026-02-01,XEL,0.096,0.003,0.0626,-0.0565
2026-03-01,XEL,-0.047,0.003,0.0626,-0.0565
2026-04-01,XEL,0.0442,0.003,0.0626,-0.0565
2026-05-01,XEL,-0.0416,0.003,0.0626,-0.0565
2026-06-01,XEL,0.0101,0.003,0.0626,-0.0565
2026-07-01,XEL,-0.0262,0.003,0.0626,-0.0565
2026-08-01,XEL,-0.0321,0.003,0.0626,-0.0565
2026-09-01,XEL,-0.0778,0.003,0.0626,-0.0565
2025-07-01,XES,0.0523,0.0425,0.122,-0.037
2025-08-01,XES,0.0583,0.0425,0.122,-0.037
2025-09-01,XES,0.0241,0.0425,0.122,-0.037
2025-10-01,XES,0.1176,0.0425,0.122,-0.037
2025-11-01,XES,0.004,0.0425,0.122,-0.037
2025-12-01,XES,0.0097,0.0425,0.122,-0.037
2026-01-01,XES,0.2076,0.0425,0.122,-0.037
2026-02-01,XES,0.142,0.0425,0.122,-0.037
2026-03-01,XES,0.029,0.0425,0.122,-0.037
2026-04-01,XES,0.1157,0.0425,0.122,-0.037
2026-05-01,XES,-0.0719,0.0425,0.122,-0.037
2026-06-01,XES,-0.0696,0.0425,0.122,-0.037
2026-07-01,XES,-0.0081,0.0425,0.122,-0.037
2026-08-01,XES,0.0988,0.0425,0.122,-0.037
2026-09-01,XES,-0.0784,0.0425,0.122,-0.037
2025-07-01,XLB,-0.0009,0.0083,0.0534,-0.0367
2025-08-01,XLB,0.0519,0.0083,0.0534,-0.0367
2025-09-01,XLB,-0.0288,0.0083,0.0534,-0.0367
2025-10-01,XLB,-0.0441,0.0083,0.0534,-0.0367
2025-11-01,XLB,0.0435,0.0083,0.0534,-0.0367
2025-12-01,XLB,0.0145,0.0083,0.0534,-0.0367
2026-01-01,XLB,0.0864,0.0083,0.0534,-0.0367
2026-02-01,XLB,0.084,0.0083,0.0534,-0.0367
2026-03-01,XLB,-0.0644,0.0083,0.0534,-0.0367
2026-04-01,XLB,0.03,0.0083,0.0534,-0.0367
2026-05-01,XLB,-0.0062,0.0083,0.0534,-0.0367
2026-06-01,XLB,-0.0063,0.0083,0.0534,-0.0367
2026-07-01,XLB,-0.0079,0.0083,0.0534,-0.0367
2026-08-01,XLB,0.0448,0.0083,0.0534,-0.0367
2026-09-01,XLB,-0.0548,0.0083,0.0534,-0.0367
2025-07-01,XLC,-0.0103,0.003,0.0402,-0.0342
2025-08-01,XLC,0.0371,0.003,0.0402,-0.0342
2025-09-01,XLC,0.0627,0.003,0.0402,-0.0342
2025-10-01,XLC,-0.0301,0.003,0.0402,-0.0342
2025-11-01,XLC,0.0051,0.003,0.0402,-0.0342
2025-12-01,XLC,0.0202,0.003,0.0402,-0.0342
2026-01-01,XLC,0.02,0.003,0.0402,-0.0342
2026-02-01,XLC,-0.0169,0.003,0.0402,-0.0342
2026-03-01,XLC,-0.0609,0.003,0.0402,-0.0342
2026-04-01,XLC,0.051,0.003,0.0402,-0.0342
2026-05-01,XLC,-0.007,0.003,0.0402,-0.0342
2026-06-01,XLC,-0.074,0.003,0.0402,-0.0342
2026-07-01,XLC,0.0104,0.003,0.0402,-0.0342
2026-08-01,XLC,0.0297,0.003,0.0402,-0.0342
2026-09-01,XLC,0.0135,0.003,0.0402,-0.0342
2025-07-01,XLE,0.0283,0.0276,0.0898,-0.0347
2025-08-01,XLE,0.0365,0.0276,0.0898,-0.0347
2025-09-01,XLE,-0.0116,0.0276,0.0898,-0.0347
2025-10-01,XLE,-0.0135,0.0276,0.0898,-0.0347
2025-11-01,XLE,0.0263,0.0276,0.0898,-0.0347
2025-12-01,XLE,-0.0114,0.0276,0.0898,-0.0347
2026-01-01,XLE,0.1418,0.0276,0.0898,-0.0347
2026-02-01,XLE,0.0954,0.0276,0.0898,-0.0347
2026-03-01,XLE,0.0955,0.0276,0.0898,-0.0347
2026-04-01,XLE,-0.0263,0.0276,0.0898,-0.0347
2026-05-01,XLE,-0.0563,0.0276,0.0898,-0.0347
2026-06-01,XLE,-0.0565,0.0276,0.0898,-0.0347
2026-07-01,XLE,0.1213,0.0276,0.0898,-0.0347
2026-08-01,XLE,0.0741,0.0276,0.0898,-0.0347
2026-09-01,XLE,-0.03,0.0276,0.0898,-0.0347
2025-08-01,XLF,0.0309,0.0042,0.0384,-0.03
2025-09-01,XLF,-0.0022,0.0042,0.0384,-0.03
2025-10-01,XLF,-0.0278,0.0042,0.0384,-0.03
2025-11-01,XLF,0.0183,0.0042,0.0384,-0.03
2025-12-01,XLF,0.027,0.0042,0.0384,-0.03
2026-01-01,XLF,-0.0243,0.0042,0.0384,-0.03
2026-02-01,XLF,-0.0376,0.0042,0.0384,-0.03
2026-03-01,XLF,-0.0401,0.0042,0.0384,-0.03
2026-04-01,XLF,0.0559,0.0042,0.0384,-0.03
2026-05-01,XLF,-0.0106,0.0042,0.0384,-0.03
2026-06-01,XLF,0.0394,0.0042,0.0384,-0.03
2026-07-01,XLF,0.0621,0.0042,0.0384,-0.03
2026-08-01,XLF,0.0135,0.0042,0.0384,-0.03
2026-09-01,XLF,-0.0497,0.0042,0.0384,-0.03
2025-07-01,XLI,0.0304,0.0101,0.0551,-0.0348
2025-09-01,XLI,0.0146,0.0101,0.0551,-0.0348
2025-10-01,XLI,0.0054,0.0101,0.0551,-0.0348
2025-11-01,XLI,-0.0088,0.0101,0.0551,-0.0348
2025-12-01,XLI,0.0093,0.0101,0.0551,-0.0348
2026-01-01,XLI,0.0665,0.0101,0.0551,-0.0348
2026-02-01,XLI,0.0707,0.0101,0.0551,-0.0348
2026-03-01,XLI,-0.087,0.0101,0.0551,-0.0348
2026-04-01,XLI,0.0795,0.0101,0.0551,-0.0348
2026-05-01,XLI,-0.0083,0.0101,0.0551,-0.0348
2026-06-01,XLI,0.0699,0.0101,0.0551,-0.0348
2026-07-01,XLI,-0.0291,0.0101,0.0551,-0.0348
2026-08-01,XLI,-0.0262,0.0101,0.0551,-0.0348
2026-09-01,XLI,-0.0268,0.0101,0.0551,-0.0348
2025-07-01,XLK,0.0376,0.0325,0.1111,-0.046
2025-08-01,XLK,-0.0011,0.0325,0.1111,-0.046
2025-09-01,XLK,0.074,0.0325,0.1111,-0.046
2025-10-01,XLK,0.0668,0.0325,0.1111,-0.046
2025-11-01,XLK,-0.0481,0.0325,0.1111,-0.046
2025-12-01,XLK,0.006,0.0325,0.1111,-0.046
2026-01-01,XLK,-0.0006,0.0325,0.1111,-0.046
2026-02-01,XLK,-0.0356,0.0325,0.1111,-0.046
2026-03-01,XLK,-0.0422,0.0325,0.1111,-0.046
2026-04-01,XLK,0.2002,0.0325,0.1111,-0.046
2026-05-01,XLK,0.1976,0.0325,0.1111,-0.046
2026-06-01,XLK,-0.0026,0.0325,0.1111,-0.046
2026-07-01,XLK,-0.0796,0.0325,0.1111,-0.046
2026-08-01,XLK,0.0636,0.0325,0.1111,-0.046
2026-09-01,XLK,0.0524,0.0325,0.1111,-0.046
2025-07-01,XLP,-0.0147,0.0006,0.0423,-0.0412
2025-08-01,XLP,0.0125,0.0006,0.0423,-0.0412
2025-09-01,XLP,-0.0298,0.0006,0.0423,-0.0412
2025-10-01,XLP,-0.0267,0.0006,0.0423,-0.0412
2025-11-01,XLP,0.0405,0.0006,0.0423,-0.0412
2025-12-01,XLP,-0.0213,0.0006,0.0423,-0.0412
2026-01-01,XLP,0.0751,0.0006,0.0423,-0.0412
2026-02-01,XLP,0.0778,0.0006,0.0423,-0.0412
2026-03-01,XLP,-0.0892,0.0006,0.0423,-0.0412
2026-04-01,XLP,0.0284,0.0006,0.0423,-0.0412
2026-05-01,XLP,-0.0166,0.0006,0.0423,-0.0412
2026-06-01,XLP,0.0019,0.0006,0.0423,-0.0412
2026-07-01,XLP,0.0238,0.0006,0.0423,-0.0412
2026-08-01,XLP,-0.0008,0.0006,0.0423,-0.0412
2026-09-01,XLP,-0.0344,0.0006,0.0423,-0.0412
2025-07-01,XLRE,-0.0002,0.0004,0.04,-0.0392
2025-08-01,XLRE,0.0217,0.0004,0.04,-0.0392
2025-09-01,XLRE,-0.0043,0.0004,0.04,-0.0392
2025-10-01,XLRE,-0.0292,0.0004,0.04,-0.0392
2025-11-01,XLRE,0.0188,0.0004,0.04,-0.0392
2025-12-01,XLRE,-0.0317,0.0004,0.04,-0.0392
2026-01-01,XLRE,0.0268,0.0004,0.04,-0.0392
2026-02-01,XLRE,0.0582,0.0004,0.04,-0.0392
2026-03-01,XLRE,-0.0687,0.0004,0.04,-0.0392
2026-04-01,XLRE,0.0874,0.0004,0.04,-0.0392
2026-05-01,XLRE,-0.0092,0.0004,0.04,-0.0392
2026-06-01,XLRE,0.0009,0.0004,0.04,-0.0392
2026-07-01,XLRE,0.0236,0.0004,0.04,-0.0392
2026-08-01,XLRE,-0.0213,0.0004,0.04,-0.0392
2026-09-01,XLRE,-0.0578,0.0004,0.04,-0.0392
2025-07-01,XLU,0.0491,-0.0015,0.0431,-0.0461
2025-08-01,XLU,-0.0158,-0.0015,0.0431,-0.0461
2025-09-01,XLU,0.0343,-0.0015,0.0431,-0.0461
2025-10-01,XLU,0.0217,-0.0015,0.0431,-0.0461
2025-11-01,XLU,0.0172,-0.0015,0.0431,-0.0461
2025-12-01,XLU,-0.0579,-0.0015,0.0431,-0.0461
2026-01-01,XLU,0.0131,-0.0015,0.0431,-0.0461
2026-02-01,XLU,0.1036,-0.0015,0.0431,-0.0461
2026-03-01,XLU,-0.0386,-0.0015,0.0431,-0.0461
2026-04-01,XLU,0.0209,-0.0015,0.0431,-0.0461
2026-05-01,XLU,-0.0519,-0.0015,0.0431,-0.0461
2026-06-01,XLU,0.0207,-0.0015,0.0431,-0.0461
2026-07-01,XLU,-0.0218,-0.0015,0.0431,-0.0461
2026-08-01,XLU,-0.0478,-0.0015,0.0431,-0.0461
2026-09-01,XLU,-0.0644,-0.0015,0.0431,-0.0461
2025-07-01,XLV,-0.0323,0.0158,0.0577,-0.026
2025-08-01,XLV,0.0537,0.0158,0.0577,-0.026
2025-09-01,XLV,0.0127,0.0158,0.0577,-0.026
2025-10-01,XLV,0.0365,0.0158,0.0577,-0.026
2025-11-01,XLV,0.0929,0.0158,0.0577,-0.026
2025-12-01,XLV,-0.0181,0.0158,0.0577,-0.026
2026-01-01,XLV,-0.0004,0.0158,0.0577,-0.026
2026-02-01,XLV,0.0353,0.0158,0.0577,-0.026
2026-03-01,XLV,-0.0848,0.0158,0.0577,-0.026
2026-04-01,XLV,-0.0042,0.0158,0.0577,-0.026
2026-05-01,XLV,0.0238,0.0158,0.0577,-0.026
2026-06-01,XLV,0.0615,0.0158,0.0577,-0.026
2026-07-01,XLV,0.0245,0.0158,0.0577,-0.026
2026-08-01,XLV,0.0492,0.0158,0.0577,-0.026
2026-09-01,XLV,0.0009,0.0158,0.0577,-0.026
2025-07-01,XLY,0.0189,0.0023,0.0401,-0.0356
2025-08-01,XLY,0.0466,0.0023,0.0401,-0.0356
2025-09-01,XLY,0.0341,0.0023,0.0401,-0.0356
2025-10-01,XLY,0.0012,0.0023,0.0401,-0.0356
2025-11-01,XLY,-0.0145,0.0023,0.0401,-0.0356
2025-12-01,XLY,0.01,0.0023,0.0401,-0.0356
2026-01-01,XLY,0.0147,0.0023,0.0401,-0.0356
2026-02-01,XLY,-0.0356,0.0023,0.0401,-0.0356
2026-03-01,XLY,-0.0674,0.0023,0.0401,-0.0356
2026-04-01,XLY,0.086,0.0023,0.0401,-0.0356
2026-05-01,XLY,0.0213,0.0023,0.0401,-0.0356
2026-06-01,XLY,-0.0297,0.0023,0.0401,-0.0356
2026-07-01,XLY,-0.0101,0.0023,0.0401,-0.0356
2026-08-01,XLY,0.0043,0.0023,0.0401,-0.0356
2026-09-01,XLY,-0.0517,0.0023,0.0401,-0.0356
2025-07-01,XOM,0.0356,0.0297,0.1006,-0.0412
2025-08-01,XOM,0.0237,0.0297,0.1006,-0.0412
2025-09-01,XOM,-0.0135,0.0297,0.1006,-0.0412
2025-10-01,XOM,0.0143,0.0297,0.1006,-0.0412
2025-11-01,XOM,0.0136,0.0297,0.1006,-0.0412
2025-12-01,XOM,0.0381,0.0297,0.1006,-0.0412
2026-01-01,XOM,0.175,0.0297,0.1006,-0.0412
2026-02-01,XOM,0.0785,0.0297,0.1006,-0.0412
2026-03-01,XOM,0.1125,0.0297,0.1006,-0.0412
2026-04-01,XOM,-0.0904,0.0297,0.1006,-0.0412
2026-05-01,XOM,-0.0588,0.0297,0.1006,-0.0412
2026-06-01,XOM,-0.0588,0.0297,0.1006,-0.0412
2026-07-01,XOM,0.1369,0.0297,0.1006,-0.0412
2026-08-01,XOM,0.0354,0.0297,0.1006,-0.0412
2026-09-01,XOM,-0.0022,0.0297,0.1006,-0.0412
2025-07-01,XOP,0.0187,0.0277,0.1068,-0.0514
2025-08-01,XOP,0.0379,0.0277,0.1068,-0.0514
2025-09-01,XOP,-0.0061,0.0277,0.1068,-0.0514
2025-10-01,XOP,-0.0407,0.0277,0.1068,-0.0514
2025-11-01,XOP,0.0568,0.0277,0.1068,-0.0514
2025-12-01,XOP,-0.0579,0.0277,0.1068,-0.0514
2026-01-01,XOP,0.1107,0.0277,0.1068,-0.0514
2026-02-01,XOP,0.0961,0.0277,0.1068,-0.0514
2026-03-01,XOP,0.1829,0.0277,0.1068,-0.0514
2026-04-01,XOP,-0.0199,0.0277,0.1068,-0.0514
2026-05-01,XOP,-0.0798,0.0277,0.1068,-0.0514
2026-06-01,XOP,-0.0593,0.0277,0.1068,-0.0514
2026-07-01,XOP,0.15,0.0277,0.1068,-0.0514
2026-08-01,XOP,0.0652,0.0277,0.1068,-0.0514
2026-09-01,XOP,-0.0395,0.0277,0.1068,-0.0514
2025-07-01,XYL,0.118,-0.0122,0.0454,-0.0698
2025-08-01,XYL,-0.0212,-0.0122,0.0454,-0.0698
2025-09-01,XYL,0.042,-0.0122,0.0454,-0.0698
2025-10-01,XYL,0.0227,-0.0122,0.0454,-0.0698
2025-11-01,XYL,-0.0675,-0.0122,0.0454,-0.0698
2025-12-01,XYL,-0.0319,-0.0122,0.0454,-0.0698
2026-01-01,XYL,0.0124,-0.0122,0.0454,-0.0698
2026-02-01,XYL,-0.0603,-0.0122,0.0454,-0.0698
2026-03-01,XYL,-0.0776,-0.0122,0.0454,-0.0698
2026-04-01,XYL,-0.0112,-0.0122,0.0454,-0.0698
2026-05-01,XYL,-0.073,-0.0122,0.0454,-0.0698
2026-06-01,XYL,0.0791,-0.0122,0.0454,-0.0698
2026-07-01,XYL,-0.0105,-0.0122,0.0454,-0.0698
2026-08-01,XYL,-0.0586,-0.0122,0.0454,-0.0698
2026-09-01,XYL,-0.0679,-0.0122,0.0454,-0.0698
2025-07-01,XYZ,0.1373,0.0128,0.0941,-0.0685
2025-08-01,XYZ,0.0308,0.0128,0.0941,-0.0685
2025-09-01,XYZ,-0.0925,0.0128,0.0941,-0.0685
2025-10-01,XYZ,0.0508,0.0128,0.0941,-0.0685
2025-11-01,XYZ,-0.1204,0.0128,0.0941,-0.0685
2025-12-01,XYZ,-0.0256,0.0128,0.0941,-0.0685
2026-01-01,XYZ,-0.0716,0.0128,0.0941,-0.0685
2026-02-01,XYZ,0.0541,0.0128,0.0941,-0.0685
2026-03-01,XYZ,-0.0553,0.0128,0.0941,-0.0685
2026-04-01,XYZ,0.1717,0.0128,0.0941,-0.0685
2026-05-01,XYZ,0.0739,0.0128,0.0941,-0.0685
2026-06-01,XYZ,0.0037,0.0128,0.0941,-0.0685
2026-07-01,XYZ,0.0689,0.0128,0.0941,-0.0685
2026-08-01,XYZ,0.0096,0.0128,0.0941,-0.0685
2026-09-01,XYZ,-0.0683,0.0128,0.0941,-0.0685
2025-07-01,YUM,-0.0272,-0.004,0.0579,-0.066
2025-08-01,YUM,0.0196,-0.004,0.0579,-0.066
2025-09-01,YUM,0.0342,-0.004,0.0579,-0.066
2025-10-01,YUM,-0.0907,-0.004,0.0579,-0.066
2025-11-01,YUM,0.1085,-0.004,0.0579,-0.066
2025-12-01,YUM,-0.0126,-0.004,0.0579,-0.066
2026-01-01,YUM,0.0279,-0.004,0.0579,-0.066
2026-02-01,YUM,0.0814,-0.004,0.0579,-0.066
2026-03-01,YUM,-0.0754,-0.004,0.0579,-0.066
2026-04-01,YUM,0.0268,-0.004,0.0579,-0.066
2026-05-01,YUM,-0.0733,-0.004,0.0579,-0.066
2026-06-01,YUM,0.0805,-0.004,0.0579,-0.066
2026-07-01,YUM,-0.0412,-0.004,0.0579,-0.066
2026-08-01,YUM,0.0002,-0.004,0.0579,-0.066
2026-09-01,YUM,-0.0958,-0.004,0.0579,-0.066
2025-07-01,ZBH,0.0048,0.0029,0.0812,-0.0754
2025-08-01,ZBH,0.1577,0.0029,0.0812,-0.0754
2025-09-01,ZBH,-0.0716,0.0029,0.0812,-0.0754
2025-10-01,ZBH,0.0209,0.0029,0.0812,-0.0754
2025-11-01,ZBH,-0.0302,0.0029,0.0812,-0.0754
2025-12-01,ZBH,-0.0779,0.0029,0.0812,-0.0754
2026-01-01,ZBH,-0.0317,0.0029,0.0812,-0.0754
2026-02-01,ZBH,0.1306,0.0029,0.0812,-0.0754
2026-03-01,ZBH,-0.0815,0.0029,0.0812,-0.0754
2026-04-01,ZBH,-0.0884,0.0029,0.0812,-0.0754
2026-05-01,ZBH,-0.0012,0.0029,0.0812,-0.0754
2026-06-01,ZBH,0.0457,0.0029,0.0812,-0.0754
2026-07-01,ZBH,0.0911,0.0029,0.0812,-0.0754
2026-08-01,ZBH,0.065,0.0029,0.0812,-0.0754
2026-09-01,ZBH,-0.09,0.0029,0.0812,-0.0754
2025-07-01,ZBRA,0.0994,0.0159,0.1032,-0.0714
2025-08-01,ZBRA,-0.0647,0.0159,0.1032,-0.0714
2025-09-01,ZBRA,-0.0629,0.0159,0.1032,-0.0714
2025-10-01,ZBRA,-0.0939,0.0159,0.1032,-0.0714
2025-11-01,ZBRA,-0.0613,0.0159,0.1032,-0.0714
2025-12-01,ZBRA,-0.0393,0.0159,0.1032,-0.0714
2026-01-01,ZBRA,-0.0323,0.0159,0.1032,-0.0714
2026-02-01,ZBRA,-0.0469,0.0159,0.1032,-0.0714
2026-03-01,ZBRA,-0.0664,0.0159,0.1032,-0.0714
2026-04-01,ZBRA,0.0822,0.0159,0.1032,-0.0714
2026-05-01,ZBRA,0.0768,0.0159,0.1032,-0.0714
2026-06-01,ZBRA,0.0806,0.0159,0.1032,-0.0714
2026-07-01,ZBRA,0.1161,0.0159,0.1032,-0.0714
2026-08-01,ZBRA,0.2033,0.0159,0.1032,-0.0714
2026-09-01,ZBRA,0.0466,0.0159,0.1032,-0.0714
2025-07-01,ZTS,-0.0651,-0.0447,0.0475,-0.1369
2025-08-01,ZTS,0.0728,-0.0447,0.0475,-0.1369
2025-09-01,ZTS,-0.0644,-0.0447,0.0475,-0.1369
2025-10-01,ZTS,-0.0152,-0.0447,0.0475,-0.1369
2025-11-01,ZTS,-0.1104,-0.0447,0.0475,-0.1369
2025-12-01,ZTS,-0.0184,-0.0447,0.0475,-0.1369
2026-01-01,ZTS,-0.0079,-0.0447,0.0475,-0.1369
2026-02-01,ZTS,0.0503,-0.0447,0.0475,-0.1369
2026-03-01,ZTS,-0.0983,-0.0447,0.0475,-0.1369
2026-04-01,ZTS,-0.0274,-0.0447,0.0475,-0.1369
2026-05-01,ZTS,-0.3243,-0.0447,0.0475,-0.1369
2026-06-01,ZTS,-0.075,-0.0447,0.0475,-0.1369
2026-07-01,ZTS,0.0756,-0.0447,0.0475,-0.1369
2026-08-01,ZTS,-0.0025,-0.0447,0.0475,-0.1369
2026-09-01,ZTS,-0.0785,-0.0447,0.0475,-0.1369
