Date,Ticker,monthly_volume,monthly_volume_avg,monthly_volume_hi,monthly_volume_lo
2025-10-01,A,39.4,45.0,52.3,37.7
2025-11-01,A,37.8,45.0,52.3,37.7
2025-12-01,A,44.4,45.0,52.3,37.7
2026-01-01,A,39.7,45.0,52.3,37.7
2026-02-01,A,48.3,45.0,52.3,37.7
2026-03-01,A,52.0,45.0,52.3,37.7
2026-04-01,A,38.2,45.0,52.3,37.7
2026-05-01,A,52.6,45.0,52.3,37.7
2026-06-01,A,49.9,45.0,52.3,37.7
2026-07-01,A,49.0,45.0,52.3,37.7
2026-08-01,A,43.6,45.0,52.3,37.7
2026-09-01,A,52.5,45.0,52.3,37.7
2026-10-01,A,6.9,45.0,52.3,37.7
2025-10-01,AAPL,1097.1,997.6,1185.2,809.9
2025-11-01,AAPL,877.6,997.6,1185.2,809.9
2025-12-01,AAPL,924.5,997.6,1185.2,809.9
2026-01-01,AAPL,1040.0,997.6,1185.2,809.9
2026-02-01,AAPL,988.9,997.6,1185.2,809.9
2026-03-01,AAPL,900.0,997.6,1185.2,809.9
2026-04-01,AAPL,907.5,997.6,1185.2,809.9
2026-05-01,AAPL,981.3,997.6,1185.2,809.9
2026-06-01,AAPL,1401.4,997.6,1185.2,809.9
2026-07-01,AAPL,1198.9,997.6,1185.2,809.9
2026-08-01,AAPL,902.4,997.6,1185.2,809.9
2026-09-01,AAPL,899.3,997.6,1185.2,809.9
2026-10-01,AAPL,104.0,997.6,1185.2,809.9
2025-10-01,ABBV,137.5,129.8,159.4,100.1
2025-11-01,ABBV,119.7,129.8,159.4,100.1
2025-12-01,ABBV,112.0,129.8,159.4,100.1
2026-01-01,ABBV,146.1,129.8,159.4,100.1
2026-02-01,ABBV,137.8,129.8,159.4,100.1
2026-03-01,ABBV,166.4,129.8,159.4,100.1
2026-04-01,ABBV,143.7,129.8,159.4,100.1
2026-05-01,ABBV,111.2,129.8,159.4,100.1
2026-06-01,ABBV,182.1,129.8,159.4,100.1
2026-07-01,ABBV,133.6,129.8,159.4,100.1
2026-08-01,ABBV,100.0,129.8,159.4,100.1
2026-09-01,ABBV,86.8,129.8,159.4,100.1
2026-10-01,ABBV,17.3,129.8,159.4,100.1
2025-10-01,ABNB,99.8,92.0,111.2,72.9
2025-11-01,ABNB,110.8,92.0,111.2,72.9
2025-12-01,ABNB,96.4,92.0,111.2,72.9
2026-01-01,ABNB,81.2,92.0,111.2,72.9
2026-02-01,ABNB,118.0,92.0,111.2,72.9
2026-03-01,ABNB,83.7,92.0,111.2,72.9
2026-04-01,ABNB,67.9,92.0,111.2,72.9
2026-05-01,ABNB,82.7,92.0,111.2,72.9
2026-06-01,ABNB,84.6,92.0,111.2,72.9
2026-07-01,ABNB,73.6,92.0,111.2,72.9
2026-08-01,ABNB,119.8,92.0,111.2,72.9
2026-09-01,ABNB,104.9,92.0,111.2,72.9
2026-10-01,ABNB,12.5,92.0,111.2,72.9
2025-10-01,ABT,149.5,208.3,271.9,144.8
2025-11-01,ABT,127.0,208.3,271.9,144.8
2025-12-01,ABT,125.7,208.3,271.9,144.8
2026-01-01,ABT,238.7,208.3,271.9,144.8
2026-02-01,ABT,187.8,208.3,271.9,144.8
2026-03-01,ABT,271.4,208.3,271.9,144.8
2026-04-01,ABT,261.6,208.3,271.9,144.8
2026-05-01,ABT,252.6,208.3,271.9,144.8
2026-06-01,ABT,294.6,208.3,271.9,144.8
2026-07-01,ABT,279.6,208.3,271.9,144.8
2026-08-01,ABT,162.7,208.3,271.9,144.8
2026-09-01,ABT,180.1,208.3,271.9,144.8
2026-10-01,ABT,29.6,208.3,271.9,144.8
2025-10-01,ACGL,51.3,47.9,63.1,32.6
2025-11-01,ACGL,39.2,47.9,63.1,32.6
2025-12-01,ACGL,50.0,47.9,63.1,32.6
2026-01-01,ACGL,46.6,47.9,63.1,32.6
2026-02-01,ACGL,37.0,47.9,63.1,32.6
2026-03-01,ACGL,39.9,47.9,63.1,32.6
2026-04-01,ACGL,43.6,47.9,63.1,32.6
2026-05-01,ACGL,52.5,47.9,63.1,32.6
2026-06-01,ACGL,49.7,47.9,63.1,32.6
2026-07-01,ACGL,40.9,47.9,63.1,32.6
2026-08-01,ACGL,36.4,47.9,63.1,32.6
2026-09-01,ACGL,93.1,47.9,63.1,32.6
2026-10-01,ACGL,9.6,47.9,63.1,32.6
2025-10-01,ACN,96.6,127.2,175.1,79.3
2025-11-01,ACN,66.6,127.2,175.1,79.3
2025-12-01,ACN,87.5,127.2,175.1,79.3
2026-01-01,ACN,91.2,127.2,175.1,79.3
2026-02-01,ACN,145.6,127.2,175.1,79.3
2026-03-01,ACN,174.2,127.2,175.1,79.3
2026-04-01,ACN,107.9,127.2,175.1,79.3
2026-05-01,ACN,119.2,127.2,175.1,79.3
2026-06-01,ACN,234.3,127.2,175.1,79.3
2026-07-01,ACN,190.4,127.2,175.1,79.3
2026-08-01,ACN,111.6,127.2,175.1,79.3
2026-09-01,ACN,110.1,127.2,175.1,79.3
2026-10-01,ACN,46.0,127.2,175.1,79.3
2025-10-01,ADBE,88.1,109.9,141.5,78.2
2025-11-01,ADBE,66.1,109.9,141.5,78.2
2025-12-01,ADBE,94.8,109.9,141.5,78.2
2026-01-01,ADBE,100.5,109.9,141.5,78.2
2026-02-01,ADBE,119.3,109.9,141.5,78.2
2026-03-01,ADBE,141.4,109.9,141.5,78.2
2026-04-01,ADBE,110.5,109.9,141.5,78.2
2026-05-01,ADBE,93.9,109.9,141.5,78.2
2026-06-01,ADBE,184.3,109.9,141.5,78.2
2026-07-01,ADBE,127.4,109.9,141.5,78.2
2026-08-01,ADBE,90.2,109.9,141.5,78.2
2026-09-01,ADBE,116.8,109.9,141.5,78.2
2026-10-01,ADBE,11.2,109.9,141.5,78.2
2025-10-01,ADI,76.5,82.1,98.5,65.7
2025-11-01,ADI,79.2,82.1,98.5,65.7
2025-12-01,ADI,79.2,82.1,98.5,65.7
2026-01-01,ADI,73.0,82.1,98.5,65.7
2026-02-01,ADI,92.3,82.1,98.5,65.7
2026-03-01,ADI,86.8,82.1,98.5,65.7
2026-04-01,ADI,67.1,82.1,98.5,65.7
2026-05-01,ADI,91.0,82.1,98.5,65.7
2026-06-01,ADI,119.3,82.1,98.5,65.7
2026-07-01,ADI,90.6,82.1,98.5,65.7
2026-08-01,ADI,75.9,82.1,98.5,65.7
2026-09-01,ADI,69.5,82.1,98.5,65.7
2026-10-01,ADI,7.9,82.1,98.5,65.7
2025-10-01,ADM,79.3,75.8,88.8,62.8
2025-11-01,ADM,71.5,75.8,88.8,62.8
2025-12-01,ADM,56.5,75.8,88.8,62.8
2026-01-01,ADM,76.3,75.8,88.8,62.8
2026-02-01,ADM,72.4,75.8,88.8,62.8
2026-03-01,ADM,100.3,75.8,88.8,62.8
2026-04-01,ADM,68.4,75.8,88.8,62.8
2026-05-01,ADM,85.1,75.8,88.8,62.8
2026-06-01,ADM,76.7,75.8,88.8,62.8
2026-07-01,ADM,76.3,75.8,88.8,62.8
2026-08-01,ADM,80.9,75.8,88.8,62.8
2026-09-01,ADM,78.0,75.8,88.8,62.8
2026-10-01,ADM,10.3,75.8,88.8,62.8
2025-10-01,ADP,41.5,56.4,73.0,39.9
2025-11-01,ADP,40.4,56.4,73.0,39.9
2025-12-01,ADP,54.9,56.4,73.0,39.9
2026-01-01,ADP,47.1,56.4,73.0,39.9
2026-02-01,ADP,79.3,56.4,73.0,39.9
2026-03-01,ADP,93.5,56.4,73.0,39.9
2026-04-01,ADP,63.6,56.4,73.0,39.9
2026-05-01,ADP,55.3,56.4,73.0,39.9
2026-06-01,ADP,65.3,56.4,73.0,39.9
2026-07-01,ADP,53.2,56.4,73.0,39.9
2026-08-01,ADP,45.1,56.4,73.0,39.9
2026-09-01,ADP,47.7,56.4,73.0,39.9
2026-10-01,ADP,5.4,56.4,73.0,39.9
2025-10-01,ADSK,29.2,42.8,55.2,30.4
2025-11-01,ADSK,28.7,42.8,55.2,30.4
2025-12-01,ADSK,31.0,42.8,55.2,30.4
2026-01-01,ADSK,40.4,42.8,55.2,30.4
2026-02-01,ADSK,51.6,42.8,55.2,30.4
2026-03-01,ADSK,45.4,42.8,55.2,30.4
2026-04-01,ADSK,39.3,42.8,55.2,30.4
2026-05-01,ADSK,45.9,42.8,55.2,30.4
2026-06-01,ADSK,72.9,42.8,55.2,30.4
2026-07-01,ADSK,49.5,42.8,55.2,30.4
2026-08-01,ADSK,39.6,42.8,55.2,30.4
2026-09-01,ADSK,47.9,42.8,55.2,30.4
2026-10-01,ADSK,7.2,42.8,55.2,30.4
2025-10-01,AEE,39.3,35.8,41.4,30.2
2025-11-01,AEE,31.1,35.8,41.4,30.2
2025-12-01,AEE,43.2,35.8,41.4,30.2
2026-01-01,AEE,29.3,35.8,41.4,30.2
2026-02-01,AEE,40.1,35.8,41.4,30.2
2026-03-01,AEE,37.5,35.8,41.4,30.2
2026-04-01,AEE,32.9,35.8,41.4,30.2
2026-05-01,AEE,38.4,35.8,41.4,30.2
2026-06-01,AEE,40.3,35.8,41.4,30.2
2026-07-01,AEE,33.5,35.8,41.4,30.2
2026-08-01,AEE,30.4,35.8,41.4,30.2
2026-09-01,AEE,37.9,35.8,41.4,30.2
2026-10-01,AEE,7.2,35.8,41.4,30.2
2025-10-01,AEP,84.2,80.5,100.2,60.8
2025-11-01,AEP,70.0,80.5,100.2,60.8
2025-12-01,AEP,71.9,80.5,100.2,60.8
2026-01-01,AEP,65.0,80.5,100.2,60.8
2026-02-01,AEP,69.8,80.5,100.2,60.8
2026-03-01,AEP,87.2,80.5,100.2,60.8
2026-04-01,AEP,51.2,80.5,100.2,60.8
2026-05-01,AEP,100.6,80.5,100.2,60.8
2026-06-01,AEP,122.4,80.5,100.2,60.8
2026-07-01,AEP,95.2,80.5,100.2,60.8
2026-08-01,AEP,75.4,80.5,100.2,60.8
2026-09-01,AEP,83.1,80.5,100.2,60.8
2026-10-01,AEP,12.8,80.5,100.2,60.8
2025-10-01,AES,281.5,207.7,287.4,128.0
2025-11-01,AES,160.8,207.7,287.4,128.0
2025-12-01,AES,150.1,207.7,287.4,128.0
2026-01-01,AES,184.9,207.7,287.4,128.0
2026-02-01,AES,201.1,207.7,287.4,128.0
2026-03-01,AES,429.0,207.7,287.4,128.0
2026-04-01,AES,194.1,207.7,287.4,128.0
2026-05-01,AES,232.1,207.7,287.4,128.0
2026-06-01,AES,168.6,207.7,287.4,128.0
2026-07-01,AES,183.4,207.7,287.4,128.0
2026-08-01,AES,153.3,207.7,287.4,128.0
2026-09-01,AES,169.9,207.7,287.4,128.0
2026-10-01,AES,25.6,207.7,287.4,128.0
2025-10-01,AFL,39.4,47.1,55.2,39.0
2025-11-01,AFL,46.7,47.1,55.2,39.0
2025-12-01,AFL,53.3,47.1,55.2,39.0
2026-01-01,AFL,45.2,47.1,55.2,39.0
2026-02-01,AFL,45.8,47.1,55.2,39.0
2026-03-01,AFL,56.9,47.1,55.2,39.0
2026-04-01,AFL,44.5,47.1,55.2,39.0
2026-05-01,AFL,48.4,47.1,55.2,39.0
2026-06-01,AFL,61.3,47.1,55.2,39.0
2026-07-01,AFL,41.4,47.1,55.2,39.0
2026-08-01,AFL,44.7,47.1,55.2,39.0
2026-09-01,AFL,45.5,47.1,55.2,39.0
2026-10-01,AFL,5.3,47.1,55.2,39.0
2025-10-01,AIG,90.6,89.4,107.0,71.8
2025-11-01,AIG,80.7,89.4,107.0,71.8
2025-12-01,AIG,107.5,89.4,107.0,71.8
2026-01-01,AIG,119.5,89.4,107.0,71.8
2026-02-01,AIG,80.4,89.4,107.0,71.8
2026-03-01,AIG,95.7,89.4,107.0,71.8
2026-04-01,AIG,88.1,89.4,107.0,71.8
2026-05-01,AIG,81.1,89.4,107.0,71.8
2026-06-01,AIG,97.0,89.4,107.0,71.8
2026-07-01,AIG,77.5,89.4,107.0,71.8
2026-08-01,AIG,61.8,89.4,107.0,71.8
2026-09-01,AIG,105.4,89.4,107.0,71.8
2026-10-01,AIG,14.5,89.4,107.0,71.8
2025-10-01,AIZ,6.6,7.7,9.2,6.1
2025-11-01,AIZ,5.4,7.7,9.2,6.1
2025-12-01,AIZ,7.3,7.7,9.2,6.1
2026-01-01,AIZ,6.4,7.7,9.2,6.1
2026-02-01,AIZ,10.2,7.7,9.2,6.1
2026-03-01,AIZ,7.7,7.7,9.2,6.1
2026-04-01,AIZ,7.2,7.7,9.2,6.1
2026-05-01,AIZ,9.6,7.7,9.2,6.1
2026-06-01,AIZ,9.5,7.7,9.2,6.1
2026-07-01,AIZ,7.6,7.7,9.2,6.1
2026-08-01,AIZ,7.9,7.7,9.2,6.1
2026-09-01,AIZ,8.1,7.7,9.2,6.1
2026-10-01,AIZ,1.1,7.7,9.2,6.1
2025-10-01,AJG,38.0,38.1,47.1,29.0
2025-11-01,AJG,32.3,38.1,47.1,29.0
2025-12-01,AJG,35.4,38.1,47.1,29.0
2026-01-01,AJG,41.1,38.1,47.1,29.0
2026-02-01,AJG,59.2,38.1,47.1,29.0
2026-03-01,AJG,50.1,38.1,47.1,29.0
2026-04-01,AJG,37.0,38.1,47.1,29.0
2026-05-01,AJG,38.2,38.1,47.1,29.0
2026-06-01,AJG,40.1,38.1,47.1,29.0
2026-07-01,AJG,35.0,38.1,47.1,29.0
2026-08-01,AJG,27.2,38.1,47.1,29.0
2026-09-01,AJG,30.6,38.1,47.1,29.0
2026-10-01,AJG,5.4,38.1,47.1,29.0
2025-10-01,AKAM,35.1,85.4,115.6,55.3
2025-11-01,AKAM,89.7,85.4,115.6,55.3
2025-12-01,AKAM,50.0,85.4,115.6,55.3
2026-01-01,AKAM,70.1,85.4,115.6,55.3
2026-02-01,AKAM,98.3,85.4,115.6,55.3
2026-03-01,AKAM,102.5,85.4,115.6,55.3
2026-04-01,AKAM,101.2,85.4,115.6,55.3
2026-05-01,AKAM,149.4,85.4,115.6,55.3
2026-06-01,AKAM,85.4,85.4,115.6,55.3
2026-07-01,AKAM,77.8,85.4,115.6,55.3
2026-08-01,AKAM,73.7,85.4,115.6,55.3
2026-09-01,AKAM,115.4,85.4,115.6,55.3
2026-10-01,AKAM,14.3,85.4,115.6,55.3
2025-10-01,ALB,75.9,55.8,70.3,41.4
2025-11-01,ALB,78.9,55.8,70.3,41.4
2025-12-01,ALB,65.4,55.8,70.3,41.4
2026-01-01,ALB,75.4,55.8,70.3,41.4
2026-02-01,ALB,52.1,55.8,70.3,41.4
2026-03-01,ALB,45.2,55.8,70.3,41.4
2026-04-01,ALB,42.5,55.8,70.3,41.4
2026-05-01,ALB,42.7,55.8,70.3,41.4
2026-06-01,ALB,55.4,55.8,70.3,41.4
2026-07-01,ALB,47.1,55.8,70.3,41.4
2026-08-01,ALB,44.5,55.8,70.3,41.4
2026-09-01,ALB,55.2,55.8,70.3,41.4
2026-10-01,ALB,6.0,55.8,70.3,41.4
2025-10-01,ALGN,31.2,23.6,29.1,18.1
2025-11-01,ALGN,28.2,23.6,29.1,18.1
2025-12-01,ALGN,27.1,23.6,29.1,18.1
2026-01-01,ALGN,17.5,23.6,29.1,18.1
2026-02-01,ALGN,28.7,23.6,29.1,18.1
2026-03-01,ALGN,30.4,23.6,29.1,18.1
2026-04-01,ALGN,22.5,23.6,29.1,18.1
2026-05-01,ALGN,19.7,23.6,29.1,18.1
2026-06-01,ALGN,22.4,23.6,29.1,18.1
2026-07-01,ALGN,22.0,23.6,29.1,18.1
2026-08-01,ALGN,17.8,23.6,29.1,18.1
2026-09-01,ALGN,18.9,23.6,29.1,18.1
2026-10-01,ALGN,2.9,23.6,29.1,18.1
2025-10-01,ALL,29.3,34.5,40.8,28.1
2025-11-01,ALL,29.5,34.5,40.8,28.1
2025-12-01,ALL,34.0,34.5,40.8,28.1
2026-01-01,ALL,37.5,34.5,40.8,28.1
2026-02-01,ALL,35.9,34.5,40.8,28.1
2026-03-01,ALL,30.9,34.5,40.8,28.1
2026-04-01,ALL,27.1,34.5,40.8,28.1
2026-05-01,ALL,35.6,34.5,40.8,28.1
2026-06-01,ALL,40.0,34.5,40.8,28.1
2026-07-01,ALL,35.6,34.5,40.8,28.1
2026-08-01,ALL,36.1,34.5,40.8,28.1
2026-09-01,ALL,47.9,34.5,40.8,28.1
2026-10-01,ALL,6.8,34.5,40.8,28.1
2025-10-01,ALLE,19.2,21.3,26.5,16.0
2025-11-01,ALLE,14.3,21.3,26.5,16.0
2025-12-01,ALLE,18.4,21.3,26.5,16.0
2026-01-01,ALLE,17.6,21.3,26.5,16.0
2026-02-01,ALLE,18.5,21.3,26.5,16.0
2026-03-01,ALLE,19.1,21.3,26.5,16.0
2026-04-01,ALLE,22.0,21.3,26.5,16.0
2026-05-01,ALLE,20.3,21.3,26.5,16.0
2026-06-01,ALLE,25.1,21.3,26.5,16.0
2026-07-01,ALLE,31.3,21.3,26.5,16.0
2026-08-01,ALLE,29.2,21.3,26.5,16.0
2026-09-01,ALLE,22.4,21.3,26.5,16.0
2026-10-01,ALLE,2.7,21.3,26.5,16.0
2025-10-01,AMAT,181.5,162.2,201.6,122.9
2025-11-01,AMAT,161.5,162.2,201.6,122.9
2025-12-01,AMAT,138.7,162.2,201.6,122.9
2026-01-01,AMAT,157.2,162.2,201.6,122.9
2026-02-01,AMAT,167.3,162.2,201.6,122.9
2026-03-01,AMAT,152.4,162.2,201.6,122.9
2026-04-01,AMAT,117.1,162.2,201.6,122.9
2026-05-01,AMAT,153.8,162.2,201.6,122.9
2026-06-01,AMAT,257.2,162.2,201.6,122.9
2026-07-01,AMAT,200.3,162.2,201.6,122.9
2026-08-01,AMAT,151.2,162.2,201.6,122.9
2026-09-01,AMAT,134.3,162.2,201.6,122.9
2026-10-01,AMAT,16.8,162.2,201.6,122.9
2025-10-01,AMCR,98.3,94.4,122.5,66.3
2025-11-01,AMCR,103.5,94.4,122.5,66.3
2025-12-01,AMCR,75.8,94.4,122.5,66.3
2026-01-01,AMCR,117.8,94.4,122.5,66.3
2026-02-01,AMCR,118.7,94.4,122.5,66.3
2026-03-01,AMCR,163.1,94.4,122.5,66.3
2026-04-01,AMCR,84.8,94.4,122.5,66.3
2026-05-01,AMCR,88.6,94.4,122.5,66.3
2026-06-01,AMCR,73.8,94.4,122.5,66.3
2026-07-01,AMCR,80.2,94.4,122.5,66.3
2026-08-01,AMCR,77.9,94.4,122.5,66.3
2026-09-01,AMCR,68.8,94.4,122.5,66.3
2026-10-01,AMCR,8.5,94.4,122.5,66.3
2025-10-01,AMD,1759.7,790.9,1143.4,438.5
2025-11-01,AMD,1050.8,790.9,1143.4,438.5
2025-12-01,AMD,600.0,790.9,1143.4,438.5
2026-01-01,AMD,759.7,790.9,1143.4,438.5
2026-02-01,AMD,821.1,790.9,1143.4,438.5
2026-03-01,AMD,750.9,790.9,1143.4,438.5
2026-04-01,AMD,839.7,790.9,1143.4,438.5
2026-05-01,AMD,795.8,790.9,1143.4,438.5
2026-06-01,AMD,672.3,790.9,1143.4,438.5
2026-07-01,AMD,614.6,790.9,1143.4,438.5
2026-08-01,AMD,461.2,790.9,1143.4,438.5
2026-09-01,AMD,460.1,790.9,1143.4,438.5
2026-10-01,AMD,50.7,790.9,1143.4,438.5
2025-10-01,AME,31.1,27.4,31.6,23.2
2025-11-01,AME,27.3,27.4,31.6,23.2
2025-12-01,AME,30.0,27.4,31.6,23.2
2026-01-01,AME,25.1,27.4,31.6,23.2
2026-02-01,AME,27.2,27.4,31.6,23.2
2026-03-01,AME,33.5,27.4,31.6,23.2
2026-04-01,AME,24.0,27.4,31.6,23.2
2026-05-01,AME,26.0,27.4,31.6,23.2
2026-06-01,AME,26.6,27.4,31.6,23.2
2026-07-01,AME,22.5,27.4,31.6,23.2
2026-08-01,AME,29.3,27.4,31.6,23.2
2026-09-01,AME,30.3,27.4,31.6,23.2
2026-10-01,AME,4.8,27.4,31.6,23.2
2025-10-01,AMGN,49.2,56.5,64.8,48.3
2025-11-01,AMGN,58.4,56.5,64.8,48.3
2025-12-01,AMGN,64.3,56.5,64.8,48.3
2026-01-01,AMGN,55.0,56.5,64.8,48.3
2026-02-01,AMGN,57.9,56.5,64.8,48.3
2026-03-01,AMGN,59.5,56.5,64.8,48.3
2026-04-01,AMGN,51.7,56.5,64.8,48.3
2026-05-01,AMGN,53.6,56.5,64.8,48.3
2026-06-01,AMGN,66.1,56.5,64.8,48.3
2026-07-01,AMGN,51.7,56.5,64.8,48.3
2026-08-01,AMGN,53.9,56.5,64.8,48.3
2026-09-01,AMGN,67.1,56.5,64.8,48.3
2026-10-01,AMGN,9.1,56.5,64.8,48.3
2025-10-01,AMP,13.1,13.1,15.6,10.6
2025-11-01,AMP,11.9,13.1,15.6,10.6
2025-12-01,AMP,13.4,13.1,15.6,10.6
2026-01-01,AMP,11.8,13.1,15.6,10.6
2026-02-01,AMP,15.3,13.1,15.6,10.6
2026-03-01,AMP,15.4,13.1,15.6,10.6
2026-04-01,AMP,14.7,13.1,15.6,10.6
2026-05-01,AMP,12.3,13.1,15.6,10.6
2026-06-01,AMP,16.0,13.1,15.6,10.6
2026-07-01,AMP,13.7,13.1,15.6,10.6
2026-08-01,AMP,8.0,13.1,15.6,10.6
2026-09-01,AMP,14.0,13.1,15.6,10.6
2026-10-01,AMP,1.6,13.1,15.6,10.6
2025-10-01,AMT,67.4,63.3,74.5,52.2
2025-11-01,AMT,56.0,63.3,74.5,52.2
2025-12-01,AMT,73.3,63.3,74.5,52.2
2026-01-01,AMT,64.6,63.3,74.5,52.2
2026-02-01,AMT,62.4,63.3,74.5,52.2
2026-03-01,AMT,72.9,63.3,74.5,52.2
2026-04-01,AMT,64.7,63.3,74.5,52.2
2026-05-01,AMT,58.7,63.3,74.5,52.2
2026-06-01,AMT,75.6,63.3,74.5,52.2
2026-07-01,AMT,72.3,63.3,74.5,52.2
2026-08-01,AMT,44.9,63.3,74.5,52.2
2026-09-01,AMT,55.2,63.3,74.5,52.2
2026-10-01,AMT,8.1,63.3,74.5,52.2
2025-10-01,AMZN,1196.9,960.4,1178.2,742.6
2025-11-01,AMZN,902.3,960.4,1178.2,742.6
2025-12-01,AMZN,788.0,960.4,1178.2,742.6
2026-01-01,AMZN,842.1,960.4,1178.2,742.6
2026-02-01,AMZN,1263.3,960.4,1178.2,742.6
2026-03-01,AMZN,1009.3,960.4,1178.2,742.6
2026-04-01,AMZN,1028.5,960.4,1178.2,742.6
2026-05-01,AMZN,790.3,960.4,1178.2,742.6
2026-06-01,AMZN,1314.0,960.4,1178.2,742.6
2026-07-01,AMZN,1013.2,960.4,1178.2,742.6
2026-08-01,AMZN,810.9,960.4,1178.2,742.6
2026-09-01,AMZN,719.6,960.4,1178.2,742.6
2026-10-01,AMZN,106.0,960.4,1178.2,742.6
2025-10-01,ANET,179.5,163.0,205.8,120.3
2025-11-01,ANET,189.6,163.0,205.8,120.3
2025-12-01,ANET,125.8,163.0,205.8,120.3
2026-01-01,ANET,165.8,163.0,205.8,120.3
2026-02-01,ANET,179.0,163.0,205.8,120.3
2026-03-01,ANET,145.1,163.0,205.8,120.3
2026-04-01,ANET,146.3,163.0,205.8,120.3
2026-05-01,ANET,267.4,163.0,205.8,120.3
2026-06-01,ANET,173.3,163.0,205.8,120.3
2026-07-01,ANET,167.9,163.0,205.8,120.3
2026-08-01,ANET,154.8,163.0,205.8,120.3
2026-09-01,ANET,100.3,163.0,205.8,120.3
2026-10-01,ANET,11.8,163.0,205.8,120.3
2025-10-01,AON,27.7,29.1,37.6,20.7
2025-11-01,AON,22.5,29.1,37.6,20.7
2025-12-01,AON,19.8,29.1,37.6,20.7
2026-01-01,AON,24.0,29.1,37.6,20.7
2026-02-01,AON,35.3,29.1,37.6,20.7
2026-03-01,AON,30.9,29.1,37.6,20.7
2026-04-01,AON,27.3,29.1,37.6,20.7
2026-05-01,AON,30.8,29.1,37.6,20.7
2026-06-01,AON,39.4,29.1,37.6,20.7
2026-07-01,AON,30.6,29.1,37.6,20.7
2026-08-01,AON,18.7,29.1,37.6,20.7
2026-09-01,AON,47.5,29.1,37.6,20.7
2026-10-01,AON,5.0,29.1,37.6,20.7
2025-10-01,AOS,29.0,30.8,36.7,24.9
2025-11-01,AOS,25.2,30.8,36.7,24.9
2025-12-01,AOS,26.1,30.8,36.7,24.9
2026-01-01,AOS,29.1,30.8,36.7,24.9
2026-02-01,AOS,24.9,30.8,36.7,24.9
2026-03-01,AOS,33.3,30.8,36.7,24.9
2026-04-01,AOS,34.1,30.8,36.7,24.9
2026-05-01,AOS,33.5,30.8,36.7,24.9
2026-06-01,AOS,39.9,30.8,36.7,24.9
2026-07-01,AOS,40.0,30.8,36.7,24.9
2026-08-01,AOS,28.6,30.8,36.7,24.9
2026-09-01,AOS,30.2,30.8,36.7,24.9
2026-10-01,AOS,4.7,30.8,36.7,24.9
2025-10-01,APA,162.1,139.3,175.5,103.0
2025-11-01,APA,143.6,139.3,175.5,103.0
2025-12-01,APA,113.9,139.3,175.5,103.0
2026-01-01,APA,126.6,139.3,175.5,103.0
2026-02-01,APA,134.7,139.3,175.5,103.0
2026-03-01,APA,234.7,139.3,175.5,103.0
2026-04-01,APA,159.3,139.3,175.5,103.0
2026-05-01,APA,134.2,139.3,175.5,103.0
2026-06-01,APA,120.2,139.3,175.5,103.0
2026-07-01,APA,115.9,139.3,175.5,103.0
2026-08-01,APA,118.2,139.3,175.5,103.0
2026-09-01,APA,126.2,139.3,175.5,103.0
2026-10-01,APA,14.7,139.3,175.5,103.0
2025-10-01,APD,26.0,27.8,34.3,21.3
2025-11-01,APD,26.8,27.8,34.3,21.3
2025-12-01,APD,42.3,27.8,34.3,21.3
2026-01-01,APD,31.6,27.8,34.3,21.3
2026-02-01,APD,28.9,27.8,34.3,21.3
2026-03-01,APD,32.0,27.8,34.3,21.3
2026-04-01,APD,23.2,27.8,34.3,21.3
2026-05-01,APD,22.1,27.8,34.3,21.3
2026-06-01,APD,32.2,27.8,34.3,21.3
2026-07-01,APD,27.5,27.8,34.3,21.3
2026-08-01,APD,20.2,27.8,34.3,21.3
2026-09-01,APD,24.3,27.8,34.3,21.3
2026-10-01,APD,3.7,27.8,34.3,21.3
2025-10-01,APH,355.9,352.0,437.9,266.1
2025-11-01,APH,315.7,352.0,437.9,266.1
2025-12-01,APH,316.6,352.0,437.9,266.1
2026-01-01,APH,456.7,352.0,437.9,266.1
2026-02-01,APH,373.4,352.0,437.9,266.1
2026-03-01,APH,449.5,352.0,437.9,266.1
2026-04-01,APH,312.5,352.0,437.9,266.1
2026-05-01,APH,492.7,352.0,437.9,266.1
2026-06-01,APH,409.7,352.0,437.9,266.1
2026-07-01,APH,310.4,352.0,437.9,266.1
2026-08-01,APH,238.8,352.0,437.9,266.1
2026-09-01,APH,262.2,352.0,437.9,266.1
2026-10-01,APH,32.2,352.0,437.9,266.1
2025-10-01,APO,84.7,83.8,109.4,58.2
2025-11-01,APO,69.6,83.8,109.4,58.2
2025-12-01,APO,62.1,83.8,109.4,58.2
2026-01-01,APO,61.6,83.8,109.4,58.2
2026-02-01,APO,126.3,83.8,109.4,58.2
2026-03-01,APO,136.5,83.8,109.4,58.2
2026-04-01,APO,91.4,83.8,109.4,58.2
2026-05-01,APO,69.4,83.8,109.4,58.2
2026-06-01,APO,91.3,83.8,109.4,58.2
2026-07-01,APO,95.5,83.8,109.4,58.2
2026-08-01,APO,71.7,83.8,109.4,58.2
2026-09-01,APO,58.3,83.8,109.4,58.2
2026-10-01,APO,10.8,83.8,109.4,58.2
2025-10-01,APP,118.6,109.8,133.7,85.8
2025-11-01,APP,89.3,109.8,133.7,85.8
2025-12-01,APP,76.5,109.8,133.7,85.8
2026-01-01,APP,112.4,109.8,133.7,85.8
2026-02-01,APP,153.7,109.8,133.7,85.8
2026-03-01,APP,110.1,109.8,133.7,85.8
2026-04-01,APP,82.9,109.8,133.7,85.8
2026-05-01,APP,108.9,109.8,133.7,85.8
2026-06-01,APP,111.0,109.8,133.7,85.8
2026-07-01,APP,135.5,109.8,133.7,85.8
2026-08-01,APP,135.4,109.8,133.7,85.8
2026-09-01,APP,101.0,109.8,133.7,85.8
2026-10-01,APP,23.9,109.8,133.7,85.8
2025-10-01,APTV,41.6,62.2,86.6,37.8
2025-11-01,APTV,47.7,62.2,86.6,37.8
2025-12-01,APTV,43.5,62.2,86.6,37.8
2026-01-01,APTV,49.7,62.2,86.6,37.8
2026-02-01,APTV,41.1,62.2,86.6,37.8
2026-03-01,APTV,55.6,62.2,86.6,37.8
2026-04-01,APTV,57.3,62.2,86.6,37.8
2026-05-01,APTV,83.7,62.2,86.6,37.8
2026-06-01,APTV,79.1,62.2,86.6,37.8
2026-07-01,APTV,52.0,62.2,86.6,37.8
2026-08-01,APTV,123.1,62.2,86.6,37.8
2026-09-01,APTV,83.0,62.2,86.6,37.8
2026-10-01,APTV,7.9,62.2,86.6,37.8
2025-10-01,ARE,65.1,49.3,60.9,37.6
2025-11-01,ARE,49.1,49.3,60.9,37.6
2025-12-01,ARE,70.3,49.3,60.9,37.6
2026-01-01,ARE,58.3,49.3,60.9,37.6
2026-02-01,ARE,48.4,49.3,60.9,37.6
2026-03-01,ARE,47.0,49.3,60.9,37.6
2026-04-01,ARE,55.2,49.3,60.9,37.6
2026-05-01,ARE,39.8,49.3,60.9,37.6
2026-06-01,ARE,45.0,49.3,60.9,37.6
2026-07-01,ARE,35.0,49.3,60.9,37.6
2026-08-01,ARE,46.4,49.3,60.9,37.6
2026-09-01,ARE,37.7,49.3,60.9,37.6
2026-10-01,ARE,7.6,49.3,60.9,37.6
2025-10-01,ARES,53.8,61.9,86.3,37.5
2025-11-01,ARES,32.3,61.9,86.3,37.5
2025-12-01,ARES,108.2,61.9,86.3,37.5
2026-01-01,ARES,42.0,61.9,86.3,37.5
2026-02-01,ARES,97.1,61.9,86.3,37.5
2026-03-01,ARES,94.0,61.9,86.3,37.5
2026-04-01,ARES,72.0,61.9,86.3,37.5
2026-05-01,ARES,56.1,61.9,86.3,37.5
2026-06-01,ARES,57.7,61.9,86.3,37.5
2026-07-01,ARES,45.7,61.9,86.3,37.5
2026-08-01,ARES,44.7,61.9,86.3,37.5
2026-09-01,ARES,46.8,61.9,86.3,37.5
2026-10-01,ARES,6.6,61.9,86.3,37.5
2025-10-01,ASC,11.0,13.2,15.4,10.9
2025-11-01,ASC,11.8,13.2,15.4,10.9
2025-12-01,ASC,12.0,13.2,15.4,10.9
2026-01-01,ASC,13.3,13.2,15.4,10.9
2026-02-01,ASC,14.8,13.2,15.4,10.9
2026-03-01,ASC,17.2,13.2,15.4,10.9
2026-04-01,ASC,11.8,13.2,15.4,10.9
2026-05-01,ASC,15.8,13.2,15.4,10.9
2026-06-01,ASC,13.9,13.2,15.4,10.9
2026-07-01,ASC,12.9,13.2,15.4,10.9
2026-08-01,ASC,13.1,13.2,15.4,10.9
2026-09-01,ASC,12.8,13.2,15.4,10.9
2026-10-01,ASC,1.9,13.2,15.4,10.9
2025-10-01,ATO,17.4,24.0,30.0,18.0
2025-11-01,ATO,23.7,24.0,30.0,18.0
2025-12-01,ATO,21.3,24.0,30.0,18.0
2026-01-01,ATO,31.0,24.0,30.0,18.0
2026-02-01,ATO,25.9,24.0,30.0,18.0
2026-03-01,ATO,25.6,24.0,30.0,18.0
2026-04-01,ATO,16.2,24.0,30.0,18.0
2026-05-01,ATO,32.2,24.0,30.0,18.0
2026-06-01,ATO,34.2,24.0,30.0,18.0
2026-07-01,ATO,22.6,24.0,30.0,18.0
2026-08-01,ATO,21.6,24.0,30.0,18.0
2026-09-01,ATO,21.5,24.0,30.0,18.0
2026-10-01,ATO,2.8,24.0,30.0,18.0
2025-10-01,AVGO,485.6,537.4,696.2,378.5
2025-11-01,AVGO,426.7,537.4,696.2,378.5
2025-12-01,AVGO,883.4,537.4,696.2,378.5
2026-01-01,AVGO,514.8,537.4,696.2,378.5
2026-02-01,AVGO,471.5,537.4,696.2,378.5
2026-03-01,AVGO,649.5,537.4,696.2,378.5
2026-04-01,AVGO,457.9,537.4,696.2,378.5
2026-05-01,AVGO,391.4,537.4,696.2,378.5
2026-06-01,AVGO,775.8,537.4,696.2,378.5
2026-07-01,AVGO,462.3,537.4,696.2,378.5
2026-08-01,AVGO,410.2,537.4,696.2,378.5
2026-09-01,AVGO,570.0,537.4,696.2,378.5
2026-10-01,AVGO,70.7,537.4,696.2,378.5
2025-10-01,AVY,18.2,15.6,18.8,12.4
2025-11-01,AVY,13.6,15.6,18.8,12.4
2025-12-01,AVY,16.0,15.6,18.8,12.4
2026-01-01,AVY,11.8,15.6,18.8,12.4
2026-02-01,AVY,13.4,15.6,18.8,12.4
2026-03-01,AVY,15.1,15.6,18.8,12.4
2026-04-01,AVY,13.0,15.6,18.8,12.4
2026-05-01,AVY,13.5,15.6,18.8,12.4
2026-06-01,AVY,16.2,15.6,18.8,12.4
2026-07-01,AVY,18.1,15.6,18.8,12.4
2026-08-01,AVY,21.8,15.6,18.8,12.4
2026-09-01,AVY,18.0,15.6,18.8,12.4
2026-10-01,AVY,2.3,15.6,18.8,12.4
2025-10-01,AWK,33.8,40.3,47.4,33.2
2025-11-01,AWK,40.3,40.3,47.4,33.2
2025-12-01,AWK,40.4,40.3,47.4,33.2
2026-01-01,AWK,29.8,40.3,47.4,33.2
2026-02-01,AWK,39.7,40.3,47.4,33.2
2026-03-01,AWK,41.3,40.3,47.4,33.2
2026-04-01,AWK,40.1,40.3,47.4,33.2
2026-05-01,AWK,38.3,40.3,47.4,33.2
2026-06-01,AWK,50.4,40.3,47.4,33.2
2026-07-01,AWK,50.2,40.3,47.4,33.2
2026-08-01,AWK,46.1,40.3,47.4,33.2
2026-09-01,AWK,38.9,40.3,47.4,33.2
2026-10-01,AWK,6.4,40.3,47.4,33.2
2025-10-01,AXON,12.0,20.3,25.3,15.3
2025-11-01,AXON,22.1,20.3,25.3,15.3
2025-12-01,AXON,17.8,20.3,25.3,15.3
2026-01-01,AXON,14.8,20.3,25.3,15.3
2026-02-01,AXON,27.5,20.3,25.3,15.3
2026-03-01,AXON,18.2,20.3,25.3,15.3
2026-04-01,AXON,24.1,20.3,25.3,15.3
2026-05-01,AXON,26.1,20.3,25.3,15.3
2026-06-01,AXON,25.0,20.3,25.3,15.3
2026-07-01,AXON,19.3,20.3,25.3,15.3
2026-08-01,AXON,19.3,20.3,25.3,15.3
2026-09-01,AXON,23.0,20.3,25.3,15.3
2026-10-01,AXON,2.7,20.3,25.3,15.3
2025-10-01,AXP,57.4,63.1,75.9,50.3
2025-11-01,AXP,48.1,63.1,75.9,50.3
2025-12-01,AXP,54.1,63.1,75.9,50.3
2026-01-01,AXP,62.7,63.1,75.9,50.3
2026-02-01,AXP,75.7,63.1,75.9,50.3
2026-03-01,AXP,88.5,63.1,75.9,50.3
2026-04-01,AXP,65.3,63.1,75.9,50.3
2026-05-01,AXP,62.6,63.1,75.9,50.3
2026-06-01,AXP,66.8,63.1,75.9,50.3
2026-07-01,AXP,69.3,63.1,75.9,50.3
2026-08-01,AXP,48.8,63.1,75.9,50.3
2026-09-01,AXP,67.3,63.1,75.9,50.3
2026-10-01,AXP,9.5,63.1,75.9,50.3
2025-10-01,AZO,3.0,4.9,7.5,2.2
2025-11-01,AZO,2.3,4.9,7.5,2.2
2025-12-01,AZO,3.9,4.9,7.5,2.2
2026-01-01,AZO,3.9,4.9,7.5,2.2
2026-02-01,AZO,2.6,4.9,7.5,2.2
2026-03-01,AZO,3.3,4.9,7.5,2.2
2026-04-01,AZO,4.3,4.9,7.5,2.2
2026-05-01,AZO,6.5,4.9,7.5,2.2
2026-06-01,AZO,11.6,4.9,7.5,2.2
2026-07-01,AZO,4.3,4.9,7.5,2.2
2026-08-01,AZO,4.8,4.9,7.5,2.2
2026-09-01,AZO,8.6,4.9,7.5,2.2
2026-10-01,AZO,0.7,4.9,7.5,2.2
2025-10-01,BA,187.1,148.1,177.9,118.3
2025-11-01,BA,157.6,148.1,177.9,118.3
2025-12-01,BA,180.8,148.1,177.9,118.3
2026-01-01,BA,182.6,148.1,177.9,118.3
2026-02-01,BA,110.6,148.1,177.9,118.3
2026-03-01,BA,167.7,148.1,177.9,118.3
2026-04-01,BA,131.4,148.1,177.9,118.3
2026-05-01,BA,144.5,148.1,177.9,118.3
2026-06-01,BA,132.9,148.1,177.9,118.3
2026-07-01,BA,124.3,148.1,177.9,118.3
2026-08-01,BA,112.5,148.1,177.9,118.3
2026-09-01,BA,160.7,148.1,177.9,118.3
2026-10-01,BA,32.7,148.1,177.9,118.3
2025-10-01,BAC,763.0,759.0,877.0,641.0
2025-11-01,BAC,712.1,759.0,877.0,641.0
2025-12-01,BAC,799.4,759.0,877.0,641.0
2026-01-01,BAC,792.4,759.0,877.0,641.0
2026-02-01,BAC,844.4,759.0,877.0,641.0
2026-03-01,BAC,973.4,759.0,877.0,641.0
2026-04-01,BAC,688.9,759.0,877.0,641.0
2026-05-01,BAC,730.9,759.0,877.0,641.0
2026-06-01,BAC,807.4,759.0,877.0,641.0
2026-07-01,BAC,740.4,759.0,877.0,641.0
2026-08-01,BAC,600.8,759.0,877.0,641.0
2026-09-01,BAC,767.2,759.0,877.0,641.0
2026-10-01,BAC,130.1,759.0,877.0,641.0
2025-10-01,BALL,60.5,51.2,63.0,39.4
2025-11-01,BALL,65.4,51.2,63.0,39.4
2025-12-01,BALL,55.8,51.2,63.0,39.4
2026-01-01,BALL,41.2,51.2,63.0,39.4
2026-02-01,BALL,49.4,51.2,63.0,39.4
2026-03-01,BALL,47.7,51.2,63.0,39.4
2026-04-01,BALL,49.7,51.2,63.0,39.4
2026-05-01,BALL,61.2,51.2,63.0,39.4
2026-06-01,BALL,71.9,51.2,63.0,39.4
2026-07-01,BALL,41.4,51.2,63.0,39.4
2026-08-01,BALL,36.8,51.2,63.0,39.4
2026-09-01,BALL,42.4,51.2,63.0,39.4
2026-10-01,BALL,7.4,51.2,63.0,39.4
2025-10-01,BAX,149.7,162.6,195.9,129.2
2025-11-01,BAX,170.5,162.6,195.9,129.2
2025-12-01,BAX,173.4,162.6,195.9,129.2
2026-01-01,BAX,178.9,162.6,195.9,129.2
2026-02-01,BAX,227.1,162.6,195.9,129.2
2026-03-01,BAX,215.7,162.6,195.9,129.2
2026-04-01,BAX,160.1,162.6,195.9,129.2
2026-05-01,BAX,141.3,162.6,195.9,129.2
2026-06-01,BAX,147.0,162.6,195.9,129.2
2026-07-01,BAX,146.9,162.6,195.9,129.2
2026-08-01,BAX,130.8,162.6,195.9,129.2
2026-09-01,BAX,142.0,162.6,195.9,129.2
2026-10-01,BAX,22.4,162.6,195.9,129.2
2025-10-01,BBY,77.1,85.4,104.0,66.9
2025-11-01,BBY,70.0,85.4,104.0,66.9
2025-12-01,BBY,102.2,85.4,104.0,66.9
2026-01-01,BBY,91.9,85.4,104.0,66.9
2026-02-01,BBY,83.8,85.4,104.0,66.9
2026-03-01,BBY,127.3,85.4,104.0,66.9
2026-04-01,BBY,67.9,85.4,104.0,66.9
2026-05-01,BBY,93.9,85.4,104.0,66.9
2026-06-01,BBY,88.6,85.4,104.0,66.9
2026-07-01,BBY,75.2,85.4,104.0,66.9
2026-08-01,BBY,82.3,85.4,104.0,66.9
2026-09-01,BBY,77.1,85.4,104.0,66.9
2026-10-01,BBY,8.5,85.4,104.0,66.9
2025-10-01,BDX,49.4,52.6,65.4,39.9
2025-11-01,BDX,69.7,52.6,65.4,39.9
2025-12-01,BDX,53.8,52.6,65.4,39.9
2026-01-01,BDX,45.9,52.6,65.4,39.9
2026-02-01,BDX,69.7,52.6,65.4,39.9
2026-03-01,BDX,54.2,52.6,65.4,39.9
2026-04-01,BDX,58.7,52.6,65.4,39.9
2026-05-01,BDX,67.5,52.6,65.4,39.9
2026-06-01,BDX,61.0,52.6,65.4,39.9
2026-07-01,BDX,38.8,52.6,65.4,39.9
2026-08-01,BDX,38.7,52.6,65.4,39.9
2026-09-01,BDX,37.8,52.6,65.4,39.9
2026-10-01,BDX,4.8,52.6,65.4,39.9
2025-10-01,BEN,104.2,96.6,114.8,78.3
2025-11-01,BEN,94.0,96.6,114.8,78.3
2025-12-01,BEN,78.9,96.6,114.8,78.3
2026-01-01,BEN,114.2,96.6,114.8,78.3
2026-02-01,BEN,106.9,96.6,114.8,78.3
2026-03-01,BEN,119.2,96.6,114.8,78.3
2026-04-01,BEN,114.7,96.6,114.8,78.3
2026-05-01,BEN,85.0,96.6,114.8,78.3
2026-06-01,BEN,99.3,96.6,114.8,78.3
2026-07-01,BEN,105.0,96.6,114.8,78.3
2026-08-01,BEN,72.0,96.6,114.8,78.3
2026-09-01,BEN,80.9,96.6,114.8,78.3
2026-10-01,BEN,13.8,96.6,114.8,78.3
2025-10-01,BF.B,77.0,85.6,122.2,49.0
2025-11-01,BF.B,74.8,85.6,122.2,49.0
2025-12-01,BF.B,120.9,85.6,122.2,49.0
2026-01-01,BF.B,102.7,85.6,122.2,49.0
2026-02-01,BF.B,96.0,85.6,122.2,49.0
2026-03-01,BF.B,173.5,85.6,122.2,49.0
2026-04-01,BF.B,107.0,85.6,122.2,49.0
2026-05-01,BF.B,67.2,85.6,122.2,49.0
2026-06-01,BF.B,69.0,85.6,122.2,49.0
2026-07-01,BF.B,56.8,85.6,122.2,49.0
2026-08-01,BF.B,38.6,85.6,122.2,49.0
2026-09-01,BF.B,55.1,85.6,122.2,49.0
2026-10-01,BF.B,6.1,85.6,122.2,49.0
2025-10-01,BG,39.8,34.3,40.8,27.8
2025-11-01,BG,30.2,34.3,40.8,27.8
2025-12-01,BG,27.4,34.3,40.8,27.8
2026-01-01,BG,36.0,34.3,40.8,27.8
2026-02-01,BG,31.2,34.3,40.8,27.8
2026-03-01,BG,46.2,34.3,40.8,27.8
2026-04-01,BG,31.4,34.3,40.8,27.8
2026-05-01,BG,33.3,34.3,40.8,27.8
2026-06-01,BG,39.1,34.3,40.8,27.8
2026-07-01,BG,31.3,34.3,40.8,27.8
2026-08-01,BG,29.1,34.3,40.8,27.8
2026-09-01,BG,40.9,34.3,40.8,27.8
2026-10-01,BG,6.8,34.3,40.8,27.8
2025-10-01,BIIB,40.4,29.2,38.9,19.4
2025-11-01,BIIB,38.5,29.2,38.9,19.4
2025-12-01,BIIB,49.7,29.2,38.9,19.4
2026-01-01,BIIB,31.2,29.2,38.9,19.4
2026-02-01,BIIB,27.6,29.2,38.9,19.4
2026-03-01,BIIB,21.9,29.2,38.9,19.4
2026-04-01,BIIB,28.5,29.2,38.9,19.4
2026-05-01,BIIB,22.3,29.2,38.9,19.4
2026-06-01,BIIB,24.2,29.2,38.9,19.4
2026-07-01,BIIB,31.7,29.2,38.9,19.4
2026-08-01,BIIB,16.0,29.2,38.9,19.4
2026-09-01,BIIB,21.4,29.2,38.9,19.4
2026-10-01,BIIB,3.5,29.2,38.9,19.4
2025-10-01,BKNG,158.4,161.2,214.7,107.7
2025-11-01,BKNG,139.1,161.2,214.7,107.7
2025-12-01,BKNG,127.2,161.2,214.7,107.7
2026-01-01,BKNG,108.3,161.2,214.7,107.7
2026-02-01,BKNG,312.3,161.2,214.7,107.7
2026-03-01,BKNG,203.7,161.2,214.7,107.7
2026-04-01,BKNG,153.2,161.2,214.7,107.7
2026-05-01,BKNG,152.2,161.2,214.7,107.7
2026-06-01,BKNG,182.5,161.2,214.7,107.7
2026-07-01,BKNG,135.5,161.2,214.7,107.7
2026-08-01,BKNG,113.7,161.2,214.7,107.7
2026-09-01,BKNG,184.9,161.2,214.7,107.7
2026-10-01,BKNG,22.8,161.2,214.7,107.7
2025-10-01,BKR,179.9,175.7,214.7,136.7
2025-11-01,BKR,129.0,175.7,214.7,136.7
2025-12-01,BKR,158.6,175.7,214.7,136.7
2026-01-01,BKR,204.2,175.7,214.7,136.7
2026-02-01,BKR,164.1,175.7,214.7,136.7
2026-03-01,BKR,251.0,175.7,214.7,136.7
2026-04-01,BKR,179.4,175.7,214.7,136.7
2026-05-01,BKR,160.0,175.7,214.7,136.7
2026-06-01,BKR,168.2,175.7,214.7,136.7
2026-07-01,BKR,224.8,175.7,214.7,136.7
2026-08-01,BKR,134.8,175.7,214.7,136.7
2026-09-01,BKR,174.5,175.7,214.7,136.7
2026-10-01,BKR,17.5,175.7,214.7,136.7
2025-10-01,BLDR,40.2,49.2,61.8,36.7
2025-11-01,BLDR,48.7,49.2,61.8,36.7
2025-12-01,BLDR,36.1,49.2,61.8,36.7
2026-01-01,BLDR,41.1,49.2,61.8,36.7
2026-02-01,BLDR,46.2,49.2,61.8,36.7
2026-03-01,BLDR,56.0,49.2,61.8,36.7
2026-04-01,BLDR,47.5,49.2,61.8,36.7
2026-05-01,BLDR,64.0,49.2,61.8,36.7
2026-06-01,BLDR,51.0,49.2,61.8,36.7
2026-07-01,BLDR,51.5,49.2,61.8,36.7
2026-08-01,BLDR,39.1,49.2,61.8,36.7
2026-09-01,BLDR,78.4,49.2,61.8,36.7
2026-10-01,BLDR,7.2,49.2,61.8,36.7
2025-10-01,BLK,16.1,14.9,18.4,11.3
2025-11-01,BLK,12.3,14.9,18.4,11.3
2025-12-01,BLK,12.1,14.9,18.4,11.3
2026-01-01,BLK,15.4,14.9,18.4,11.3
2026-02-01,BLK,15.9,14.9,18.4,11.3
2026-03-01,BLK,22.2,14.9,18.4,11.3
2026-04-01,BLK,14.8,14.9,18.4,11.3
2026-05-01,BLK,12.2,14.9,18.4,11.3
2026-06-01,BLK,18.5,14.9,18.4,11.3
2026-07-01,BLK,17.5,14.9,18.4,11.3
2026-08-01,BLK,12.3,14.9,18.4,11.3
2026-09-01,BLK,11.3,14.9,18.4,11.3
2026-10-01,BLK,1.7,14.9,18.4,11.3
2025-10-01,BMY,410.4,271.7,338.0,205.4
2025-11-01,BMY,269.7,271.7,338.0,205.4
2025-12-01,BMY,357.3,271.7,338.0,205.4
2026-01-01,BMY,256.1,271.7,338.0,205.4
2026-02-01,BMY,263.3,271.7,338.0,205.4
2026-03-01,BMY,307.9,271.7,338.0,205.4
2026-04-01,BMY,203.2,271.7,338.0,205.4
2026-05-01,BMY,214.5,271.7,338.0,205.4
2026-06-01,BMY,294.7,271.7,338.0,205.4
2026-07-01,BMY,241.6,271.7,338.0,205.4
2026-08-01,BMY,223.9,271.7,338.0,205.4
2026-09-01,BMY,240.1,271.7,338.0,205.4
2026-10-01,BMY,40.0,271.7,338.0,205.4
2025-10-01,BNY,84.1,75.1,87.5,62.6
2025-11-01,BNY,61.5,75.1,87.5,62.6
2025-12-01,BNY,74.1,75.1,87.5,62.6
2026-01-01,BNY,78.9,75.1,87.5,62.6
2026-02-01,BNY,76.7,75.1,87.5,62.6
2026-03-01,BNY,75.8,75.1,87.5,62.6
2026-04-01,BNY,83.8,75.1,87.5,62.6
2026-05-01,BNY,71.3,75.1,87.5,62.6
2026-06-01,BNY,87.6,75.1,87.5,62.6
2026-07-01,BNY,83.8,75.1,87.5,62.6
2026-08-01,BNY,52.4,75.1,87.5,62.6
2026-09-01,BNY,80.1,75.1,87.5,62.6
2026-10-01,BNY,13.1,75.1,87.5,62.6
2025-10-01,BR,13.1,24.7,34.0,15.4
2025-11-01,BR,15.2,24.7,34.0,15.4
2025-12-01,BR,14.6,24.7,34.0,15.4
2026-01-01,BR,16.3,24.7,34.0,15.4
2026-02-01,BR,33.3,24.7,34.0,15.4
2026-03-01,BR,39.6,24.7,34.0,15.4
2026-04-01,BR,27.6,24.7,34.0,15.4
2026-05-01,BR,32.8,24.7,34.0,15.4
2026-06-01,BR,36.4,24.7,34.0,15.4
2026-07-01,BR,21.3,24.7,34.0,15.4
2026-08-01,BR,28.8,24.7,34.0,15.4
2026-09-01,BR,22.4,24.7,34.0,15.4
2026-10-01,BR,2.1,24.7,34.0,15.4
2025-10-01,BRK.B,94.5,98.1,112.6,83.5
2025-11-01,BRK.B,108.4,98.1,112.6,83.5
2025-12-01,BRK.B,96.0,98.1,112.6,83.5
2026-01-01,BRK.B,97.4,98.1,112.6,83.5
2026-02-01,BRK.B,89.2,98.1,112.6,83.5
2026-03-01,BRK.B,113.6,98.1,112.6,83.5
2026-04-01,BRK.B,95.3,98.1,112.6,83.5
2026-05-01,BRK.B,99.8,98.1,112.6,83.5
2026-06-01,BRK.B,122.2,98.1,112.6,83.5
2026-07-01,BRK.B,90.0,98.1,112.6,83.5
2026-08-01,BRK.B,90.1,98.1,112.6,83.5
2026-09-01,BRK.B,96.7,98.1,112.6,83.5
2026-10-01,BRK.B,12.4,98.1,112.6,83.5
2025-10-01,BRO,73.5,60.4,74.1,46.6
2025-11-01,BRO,48.6,60.4,74.1,46.6
2025-12-01,BRO,54.1,60.4,74.1,46.6
2026-01-01,BRO,62.1,60.4,74.1,46.6
2026-02-01,BRO,76.4,60.4,74.1,46.6
2026-03-01,BRO,75.8,60.4,74.1,46.6
2026-04-01,BRO,57.2,60.4,74.1,46.6
2026-05-01,BRO,70.2,60.4,74.1,46.6
2026-06-01,BRO,69.2,60.4,74.1,46.6
2026-07-01,BRO,63.1,60.4,74.1,46.6
2026-08-01,BRO,37.4,60.4,74.1,46.6
2026-09-01,BRO,46.3,60.4,74.1,46.6
2026-10-01,BRO,7.6,60.4,74.1,46.6
2025-10-01,BSX,208.5,336.1,443.3,228.8
2025-11-01,BSX,166.1,336.1,443.3,228.8
2025-12-01,BSX,204.3,336.1,443.3,228.8
2026-01-01,BSX,246.5,336.1,443.3,228.8
2026-02-01,BSX,401.6,336.1,443.3,228.8
2026-03-01,BSX,326.8,336.1,443.3,228.8
2026-04-01,BSX,374.4,336.1,443.3,228.8
2026-05-01,BSX,424.4,336.1,443.3,228.8
2026-06-01,BSX,460.8,336.1,443.3,228.8
2026-07-01,BSX,431.5,336.1,443.3,228.8
2026-08-01,BSX,407.8,336.1,443.3,228.8
2026-09-01,BSX,439.3,336.1,443.3,228.8
2026-10-01,BSX,50.0,336.1,443.3,228.8
2025-10-01,BTI,86.3,89.6,106.3,72.9
2025-11-01,BTI,77.1,89.6,106.3,72.9
2025-12-01,BTI,67.2,89.6,106.3,72.9
2026-01-01,BTI,86.4,89.6,106.3,72.9
2026-02-01,BTI,105.4,89.6,106.3,72.9
2026-03-01,BTI,115.0,89.6,106.3,72.9
2026-04-01,BTI,83.5,89.6,106.3,72.9
2026-05-01,BTI,79.3,89.6,106.3,72.9
2026-06-01,BTI,99.3,89.6,106.3,72.9
2026-07-01,BTI,90.9,89.6,106.3,72.9
2026-08-01,BTI,88.2,89.6,106.3,72.9
2026-09-01,BTI,110.9,89.6,106.3,72.9
2026-10-01,BTI,13.5,89.6,106.3,72.9
2025-10-01,BTU,129.6,68.0,91.7,44.3
2025-11-01,BTU,57.8,68.0,91.7,44.3
2025-12-01,BTU,54.7,68.0,91.7,44.3
2026-01-01,BTU,64.0,68.0,91.7,44.3
2026-02-01,BTU,56.9,68.0,91.7,44.3
2026-03-01,BTU,88.7,68.0,91.7,44.3
2026-04-01,BTU,62.9,68.0,91.7,44.3
2026-05-01,BTU,80.0,68.0,91.7,44.3
2026-06-01,BTU,70.9,68.0,91.7,44.3
2026-07-01,BTU,56.6,68.0,91.7,44.3
2026-08-01,BTU,45.6,68.0,91.7,44.3
2026-09-01,BTU,53.2,68.0,91.7,44.3
2026-10-01,BTU,5.3,68.0,91.7,44.3
2025-10-01,BX,94.6,115.5,166.1,64.8
2025-11-01,BX,87.0,115.5,166.1,64.8
2025-12-01,BX,78.3,115.5,166.1,64.8
2026-01-01,BX,80.9,115.5,166.1,64.8
2026-02-01,BX,183.4,115.5,166.1,64.8
2026-03-01,BX,246.9,115.5,166.1,64.8
2026-04-01,BX,140.8,115.5,166.1,64.8
2026-05-01,BX,94.4,115.5,166.1,64.8
2026-06-01,BX,121.9,115.5,166.1,64.8
2026-07-01,BX,105.9,115.5,166.1,64.8
2026-08-01,BX,80.7,115.5,166.1,64.8
2026-09-01,BX,88.8,115.5,166.1,64.8
2026-10-01,BX,16.5,115.5,166.1,64.8
2025-10-01,BXP,41.7,36.7,49.7,23.8
2025-11-01,BXP,25.5,36.7,49.7,23.8
2025-12-01,BXP,27.9,36.7,49.7,23.8
2026-01-01,BXP,38.8,36.7,49.7,23.8
2026-02-01,BXP,68.9,36.7,49.7,23.8
2026-03-01,BXP,55.0,36.7,49.7,23.8
2026-04-01,BXP,41.2,36.7,49.7,23.8
2026-05-01,BXP,28.9,36.7,49.7,23.8
2026-06-01,BXP,33.1,36.7,49.7,23.8
2026-07-01,BXP,32.9,36.7,49.7,23.8
2026-08-01,BXP,24.5,36.7,49.7,23.8
2026-09-01,BXP,29.5,36.7,49.7,23.8
2026-10-01,BXP,3.8,36.7,49.7,23.8
2025-10-01,C,310.9,263.1,321.6,204.5
2025-11-01,C,218.8,263.1,321.6,204.5
2025-12-01,C,303.5,263.1,321.6,204.5
2026-01-01,C,297.3,263.1,321.6,204.5
2026-02-01,C,283.8,263.1,321.6,204.5
2026-03-01,C,358.3,263.1,321.6,204.5
2026-04-01,C,235.7,263.1,321.6,204.5
2026-05-01,C,220.1,263.1,321.6,204.5
2026-06-01,C,294.8,263.1,321.6,204.5
2026-07-01,C,279.1,263.1,321.6,204.5
2026-08-01,C,183.2,263.1,321.6,204.5
2026-09-01,C,201.6,263.1,321.6,204.5
2026-10-01,C,28.0,263.1,321.6,204.5
2025-10-01,CAG,277.5,287.0,370.8,203.2
2025-11-01,CAG,185.9,287.0,370.8,203.2
2025-12-01,CAG,212.2,287.0,370.8,203.2
2026-01-01,CAG,266.3,287.0,370.8,203.2
2026-02-01,CAG,259.4,287.0,370.8,203.2
2026-03-01,CAG,349.4,287.0,370.8,203.2
2026-04-01,CAG,317.8,287.0,370.8,203.2
2026-05-01,CAG,280.8,287.0,370.8,203.2
2026-06-01,CAG,495.0,287.0,370.8,203.2
2026-07-01,CAG,351.0,287.0,370.8,203.2
2026-08-01,CAG,209.7,287.0,370.8,203.2
2026-09-01,CAG,266.4,287.0,370.8,203.2
2026-10-01,CAG,62.5,287.0,370.8,203.2
2025-10-01,CAH,56.4,43.2,52.0,34.4
2025-11-01,CAH,47.9,43.2,52.0,34.4
2025-12-01,CAH,46.9,43.2,52.0,34.4
2026-01-01,CAH,34.7,43.2,52.0,34.4
2026-02-01,CAH,31.9,43.2,52.0,34.4
2026-03-01,CAH,42.9,43.2,52.0,34.4
2026-04-01,CAH,34.6,43.2,52.0,34.4
2026-05-01,CAH,50.0,43.2,52.0,34.4
2026-06-01,CAH,51.1,43.2,52.0,34.4
2026-07-01,CAH,49.2,43.2,52.0,34.4
2026-08-01,CAH,39.1,43.2,52.0,34.4
2026-09-01,CAH,38.2,43.2,52.0,34.4
2026-10-01,CAH,5.5,43.2,52.0,34.4
2025-10-01,CALM,25.9,20.8,26.2,15.3
2025-11-01,CALM,14.4,20.8,26.2,15.3
2025-12-01,CALM,22.1,20.8,26.2,15.3
2026-01-01,CALM,34.6,20.8,26.2,15.3
2026-02-01,CALM,18.6,20.8,26.2,15.3
2026-03-01,CALM,20.6,20.8,26.2,15.3
2026-04-01,CALM,18.7,20.8,26.2,15.3
2026-05-01,CALM,15.3,20.8,26.2,15.3
2026-06-01,CALM,16.8,20.8,26.2,15.3
2026-07-01,CALM,22.7,20.8,26.2,15.3
2026-08-01,CALM,17.8,20.8,26.2,15.3
2026-09-01,CALM,23.4,20.8,26.2,15.3
2026-10-01,CALM,6.5,20.8,26.2,15.3
2025-10-01,CANE,1.4,6.2,11.7,0.8
2025-11-01,CANE,1.4,6.2,11.7,0.8
2025-12-01,CANE,1.1,6.2,11.7,0.8
2026-01-01,CANE,0.8,6.2,11.7,0.8
2026-02-01,CANE,2.2,6.2,11.7,0.8
2026-03-01,CANE,11.9,6.2,11.7,0.8
2026-04-01,CANE,18.7,6.2,11.7,0.8
2026-05-01,CANE,12.3,6.2,11.7,0.8
2026-06-01,CANE,5.7,6.2,11.7,0.8
2026-07-01,CANE,4.1,6.2,11.7,0.8
2026-08-01,CANE,6.6,6.2,11.7,0.8
2026-09-01,CANE,9.4,6.2,11.7,0.8
2026-10-01,CANE,1.6,6.2,11.7,0.8
2025-10-01,CARR,152.1,142.1,164.4,119.9
2025-11-01,CARR,122.3,142.1,164.4,119.9
2025-12-01,CARR,167.5,142.1,164.4,119.9
2026-01-01,CARR,160.6,142.1,164.4,119.9
2026-02-01,CARR,148.6,142.1,164.4,119.9
2026-03-01,CARR,152.5,142.1,164.4,119.9
2026-04-01,CARR,147.0,142.1,164.4,119.9
2026-05-01,CARR,128.9,142.1,164.4,119.9
2026-06-01,CARR,131.8,142.1,164.4,119.9
2026-07-01,CARR,155.2,142.1,164.4,119.9
2026-08-01,CARR,111.3,142.1,164.4,119.9
2026-09-01,CARR,147.3,142.1,164.4,119.9
2026-10-01,CARR,18.1,142.1,164.4,119.9
2025-10-01,CASY,6.5,9.6,13.7,5.6
2025-11-01,CASY,5.4,9.6,13.7,5.6
2025-12-01,CASY,6.8,9.6,13.7,5.6
2026-01-01,CASY,6.6,9.6,13.7,5.6
2026-02-01,CASY,8.4,9.6,13.7,5.6
2026-03-01,CASY,10.8,9.6,13.7,5.6
2026-04-01,CASY,17.0,9.6,13.7,5.6
2026-05-01,CASY,9.8,9.6,13.7,5.6
2026-06-01,CASY,14.9,9.6,13.7,5.6
2026-07-01,CASY,8.2,9.6,13.7,5.6
2026-08-01,CASY,6.4,9.6,13.7,5.6
2026-09-01,CASY,16.2,9.6,13.7,5.6
2026-10-01,CASY,1.9,9.6,13.7,5.6
2025-10-01,CAT,73.5,58.1,70.1,46.2
2025-11-01,CAT,48.0,58.1,70.1,46.2
2025-12-01,CAT,53.9,58.1,70.1,46.2
2026-01-01,CAT,50.5,58.1,70.1,46.2
2026-02-01,CAT,65.2,58.1,70.1,46.2
2026-03-01,CAT,59.7,58.1,70.1,46.2
2026-04-01,CAT,47.8,58.1,70.1,46.2
2026-05-01,CAT,52.6,58.1,70.1,46.2
2026-06-01,CAT,79.7,58.1,70.1,46.2
2026-07-01,CAT,67.1,58.1,70.1,46.2
2026-08-01,CAT,57.0,58.1,70.1,46.2
2026-09-01,CAT,49.9,58.1,70.1,46.2
2026-10-01,CAT,6.8,58.1,70.1,46.2
2025-10-01,CB,44.8,36.2,42.7,29.7
2025-11-01,CB,27.8,36.2,42.7,29.7
2025-12-01,CB,41.6,36.2,42.7,29.7
2026-01-01,CB,32.5,36.2,42.7,29.7
2026-02-01,CB,35.5,36.2,42.7,29.7
2026-03-01,CB,40.5,36.2,42.7,29.7
2026-04-01,CB,33.7,36.2,42.7,29.7
2026-05-01,CB,30.9,36.2,42.7,29.7
2026-06-01,CB,36.1,36.2,42.7,29.7
2026-07-01,CB,45.3,36.2,42.7,29.7
2026-08-01,CB,33.8,36.2,42.7,29.7
2026-09-01,CB,34.7,36.2,42.7,29.7
2026-10-01,CB,6.1,36.2,42.7,29.7
2025-10-01,CBOE,17.3,21.1,29.5,12.7
2025-11-01,CBOE,14.7,21.1,29.5,12.7
2025-12-01,CBOE,13.9,21.1,29.5,12.7
2026-01-01,CBOE,16.8,21.1,29.5,12.7
2026-02-01,CBOE,18.3,21.1,29.5,12.7
2026-03-01,CBOE,20.4,21.1,29.5,12.7
2026-04-01,CBOE,16.9,21.1,29.5,12.7
2026-05-01,CBOE,21.1,21.1,29.5,12.7
2026-06-01,CBOE,45.8,21.1,29.5,12.7
2026-07-01,CBOE,26.3,21.1,29.5,12.7
2026-08-01,CBOE,20.5,21.1,29.5,12.7
2026-09-01,CBOE,23.4,21.1,29.5,12.7
2026-10-01,CBOE,4.0,21.1,29.5,12.7
2025-10-01,CBRE,35.2,39.7,51.5,27.8
2025-11-01,CBRE,26.9,39.7,51.5,27.8
2025-12-01,CBRE,30.3,39.7,51.5,27.8
2026-01-01,CBRE,25.4,39.7,51.5,27.8
2026-02-01,CBRE,64.2,39.7,51.5,27.8
2026-03-01,CBRE,50.2,39.7,51.5,27.8
2026-04-01,CBRE,40.1,39.7,51.5,27.8
2026-05-01,CBRE,52.5,39.7,51.5,27.8
2026-06-01,CBRE,48.2,39.7,51.5,27.8
2026-07-01,CBRE,39.2,39.7,51.5,27.8
2026-08-01,CBRE,28.7,39.7,51.5,27.8
2026-09-01,CBRE,43.2,39.7,51.5,27.8
2026-10-01,CBRE,5.8,39.7,51.5,27.8
2025-10-01,CCI,68.5,70.9,86.9,54.8
2025-11-01,CCI,54.4,70.9,86.9,54.8
2025-12-01,CCI,59.9,70.9,86.9,54.8
2026-01-01,CCI,59.0,70.9,86.9,54.8
2026-02-01,CCI,83.3,70.9,86.9,54.8
2026-03-01,CCI,66.4,70.9,86.9,54.8
2026-04-01,CCI,64.1,70.9,86.9,54.8
2026-05-01,CCI,70.8,70.9,86.9,54.8
2026-06-01,CCI,102.4,70.9,86.9,54.8
2026-07-01,CCI,94.9,70.9,86.9,54.8
2026-08-01,CCI,62.8,70.9,86.9,54.8
2026-09-01,CCI,74.4,70.9,86.9,54.8
2026-10-01,CCI,9.8,70.9,86.9,54.8
2025-10-01,CCJ,138.3,79.1,102.8,55.3
2025-11-01,CCJ,92.1,79.1,102.8,55.3
2025-12-01,CCJ,68.4,79.1,102.8,55.3
2026-01-01,CCJ,96.7,79.1,102.8,55.3
2026-02-01,CCJ,80.2,79.1,102.8,55.3
2026-03-01,CCJ,83.5,79.1,102.8,55.3
2026-04-01,CCJ,61.3,79.1,102.8,55.3
2026-05-01,CCJ,62.5,79.1,102.8,55.3
2026-06-01,CCJ,70.3,79.1,102.8,55.3
2026-07-01,CCJ,86.1,79.1,102.8,55.3
2026-08-01,CCJ,59.7,79.1,102.8,55.3
2026-09-01,CCJ,58.6,79.1,102.8,55.3
2026-10-01,CCJ,10.3,79.1,102.8,55.3
2025-10-01,CCL,496.1,485.6,600.2,371.0
2025-11-01,CCL,409.7,485.6,600.2,371.0
2025-12-01,CCL,447.3,485.6,600.2,371.0
2026-01-01,CCL,388.3,485.6,600.2,371.0
2026-02-01,CCL,395.7,485.6,600.2,371.0
2026-03-01,CCL,705.6,485.6,600.2,371.0
2026-04-01,CCL,517.0,485.6,600.2,371.0
2026-05-01,CCL,649.7,485.6,600.2,371.0
2026-06-01,CCL,544.6,485.6,600.2,371.0
2026-07-01,CCL,415.4,485.6,600.2,371.0
2026-08-01,CCL,368.1,485.6,600.2,371.0
2026-09-01,CCL,548.6,485.6,600.2,371.0
2026-10-01,CCL,76.0,485.6,600.2,371.0
2025-10-01,CDNS,40.1,46.8,57.7,35.8
2025-11-01,CDNS,35.8,46.8,57.7,35.8
2025-12-01,CDNS,32.0,46.8,57.7,35.8
2026-01-01,CDNS,38.7,46.8,57.7,35.8
2026-02-01,CDNS,65.5,46.8,57.7,35.8
2026-03-01,CDNS,51.6,46.8,57.7,35.8
2026-04-01,CDNS,52.6,46.8,57.7,35.8
2026-05-01,CDNS,42.8,46.8,57.7,35.8
2026-06-01,CDNS,59.3,46.8,57.7,35.8
2026-07-01,CDNS,51.0,46.8,57.7,35.8
2026-08-01,CDNS,42.8,46.8,57.7,35.8
2026-09-01,CDNS,57.7,46.8,57.7,35.8
2026-10-01,CDNS,7.3,46.8,57.7,35.8
2025-10-01,CDW,29.0,36.9,44.8,28.9
2025-11-01,CDW,32.4,36.9,44.8,28.9
2025-12-01,CDW,40.8,36.9,44.8,28.9
2026-01-01,CDW,30.5,36.9,44.8,28.9
2026-02-01,CDW,39.6,36.9,44.8,28.9
2026-03-01,CDW,35.4,36.9,44.8,28.9
2026-04-01,CDW,29.9,36.9,44.8,28.9
2026-05-01,CDW,51.9,36.9,44.8,28.9
2026-06-01,CDW,45.8,36.9,44.8,28.9
2026-07-01,CDW,39.6,36.9,44.8,28.9
2026-08-01,CDW,42.2,36.9,44.8,28.9
2026-09-01,CDW,32.2,36.9,44.8,28.9
2026-10-01,CDW,4.1,36.9,44.8,28.9
2025-10-01,CEG,65.3,65.8,80.0,51.6
2025-11-01,CEG,53.7,65.8,80.0,51.6
2025-12-01,CEG,48.4,65.8,80.0,51.6
2026-01-01,CEG,79.5,65.8,80.0,51.6
2026-02-01,CEG,83.1,65.8,80.0,51.6
2026-03-01,CEG,68.2,65.8,80.0,51.6
2026-04-01,CEG,58.0,65.8,80.0,51.6
2026-05-01,CEG,68.2,65.8,80.0,51.6
2026-06-01,CEG,93.4,65.8,80.0,51.6
2026-07-01,CEG,68.1,65.8,80.0,51.6
2026-08-01,CEG,54.4,65.8,80.0,51.6
2026-09-01,CEG,61.9,65.8,80.0,51.6
2026-10-01,CEG,11.4,65.8,80.0,51.6
2025-10-01,CF,45.8,63.2,94.5,31.8
2025-11-01,CF,50.8,63.2,94.5,31.8
2025-12-01,CF,49.5,63.2,94.5,31.8
2026-01-01,CF,50.6,63.2,94.5,31.8
2026-02-01,CF,45.2,63.2,94.5,31.8
2026-03-01,CF,158.8,63.2,94.5,31.8
2026-04-01,CF,79.5,63.2,94.5,31.8
2026-05-01,CF,62.4,63.2,94.5,31.8
2026-06-01,CF,60.1,63.2,94.5,31.8
2026-07-01,CF,51.4,63.2,94.5,31.8
2026-08-01,CF,51.6,63.2,94.5,31.8
2026-09-01,CF,57.9,63.2,94.5,31.8
2026-10-01,CF,6.5,63.2,94.5,31.8
2025-10-01,CFG,117.2,95.3,115.8,74.8
2025-11-01,CFG,70.8,95.3,115.8,74.8
2025-12-01,CFG,104.9,95.3,115.8,74.8
2026-01-01,CFG,114.7,95.3,115.8,74.8
2026-02-01,CFG,103.5,95.3,115.8,74.8
2026-03-01,CFG,112.2,95.3,115.8,74.8
2026-04-01,CFG,100.1,95.3,115.8,74.8
2026-05-01,CFG,78.2,95.3,115.8,74.8
2026-06-01,CFG,98.2,95.3,115.8,74.8
2026-07-01,CFG,111.3,95.3,115.8,74.8
2026-08-01,CFG,60.2,95.3,115.8,74.8
2026-09-01,CFG,82.2,95.3,115.8,74.8
2026-10-01,CFG,14.8,95.3,115.8,74.8
2025-10-01,CHD,51.3,44.1,51.8,36.4
2025-11-01,CHD,44.6,44.1,51.8,36.4
2025-12-01,CHD,52.6,44.1,51.8,36.4
2026-01-01,CHD,57.3,44.1,51.8,36.4
2026-02-01,CHD,41.3,44.1,51.8,36.4
2026-03-01,CHD,47.2,44.1,51.8,36.4
2026-04-01,CHD,39.9,44.1,51.8,36.4
2026-05-01,CHD,41.8,44.1,51.8,36.4
2026-06-01,CHD,45.5,44.1,51.8,36.4
2026-07-01,CHD,39.1,44.1,51.8,36.4
2026-08-01,CHD,36.5,44.1,51.8,36.4
2026-09-01,CHD,38.6,44.1,51.8,36.4
2026-10-01,CHD,6.7,44.1,51.8,36.4
2025-10-01,CHRW,39.2,37.8,47.9,27.6
2025-11-01,CHRW,26.9,37.8,47.9,27.6
2025-12-01,CHRW,32.1,37.8,47.9,27.6
2026-01-01,CHRW,42.2,37.8,47.9,27.6
2026-02-01,CHRW,62.9,37.8,47.9,27.6
2026-03-01,CHRW,35.4,37.8,47.9,27.6
2026-04-01,CHRW,40.1,37.8,47.9,27.6
2026-05-01,CHRW,40.9,37.8,47.9,27.6
2026-06-01,CHRW,29.8,37.8,47.9,27.6
2026-07-01,CHRW,50.5,37.8,47.9,27.6
2026-08-01,CHRW,30.9,37.8,47.9,27.6
2026-09-01,CHRW,28.8,37.8,47.9,27.6
2026-10-01,CHRW,11.8,37.8,47.9,27.6
2025-10-01,CHTR,46.1,52.9,69.3,36.4
2025-11-01,CHTR,36.4,52.9,69.3,36.4
2025-12-01,CHTR,37.0,52.9,69.3,36.4
2026-01-01,CHTR,45.4,52.9,69.3,36.4
2026-02-01,CHTR,38.1,52.9,69.3,36.4
2026-03-01,CHTR,36.9,52.9,69.3,36.4
2026-04-01,CHTR,65.0,52.9,69.3,36.4
2026-05-01,CHTR,63.0,52.9,69.3,36.4
2026-06-01,CHTR,87.8,52.9,69.3,36.4
2026-07-01,CHTR,67.1,52.9,69.3,36.4
2026-08-01,CHTR,54.1,52.9,69.3,36.4
2026-09-01,CHTR,64.6,52.9,69.3,36.4
2026-10-01,CHTR,8.4,52.9,69.3,36.4
2025-10-01,CI,43.5,36.2,42.3,30.1
2025-11-01,CI,47.1,36.2,42.3,30.1
2025-12-01,CI,34.6,36.2,42.3,30.1
2026-01-01,CI,30.8,36.2,42.3,30.1
2026-02-01,CI,36.6,36.2,42.3,30.1
2026-03-01,CI,41.5,36.2,42.3,30.1
2026-04-01,CI,30.4,36.2,42.3,30.1
2026-05-01,CI,34.4,36.2,42.3,30.1
2026-06-01,CI,33.8,36.2,42.3,30.1
2026-07-01,CI,36.7,36.2,42.3,30.1
2026-08-01,CI,36.7,36.2,42.3,30.1
2026-09-01,CI,33.9,36.2,42.3,30.1
2026-10-01,CI,5.4,36.2,42.3,30.1
2025-10-01,CIEN,54.4,59.2,76.2,42.1
2025-11-01,CIEN,68.2,59.2,76.2,42.1
2025-12-01,CIEN,63.2,59.2,76.2,42.1
2026-01-01,CIEN,49.3,59.2,76.2,42.1
2026-02-01,CIEN,86.0,59.2,76.2,42.1
2026-03-01,CIEN,76.5,59.2,76.2,42.1
2026-04-01,CIEN,53.4,59.2,76.2,42.1
2026-05-01,CIEN,39.5,59.2,76.2,42.1
2026-06-01,CIEN,87.8,59.2,76.2,42.1
2026-07-01,CIEN,44.2,59.2,76.2,42.1
2026-08-01,CIEN,39.8,59.2,76.2,42.1
2026-09-01,CIEN,60.1,59.2,76.2,42.1
2026-10-01,CIEN,7.6,59.2,76.2,42.1
2025-10-01,CINF,13.2,14.4,18.1,10.6
2025-11-01,CINF,10.1,14.4,18.1,10.6
2025-12-01,CINF,11.7,14.4,18.1,10.6
2026-01-01,CINF,13.3,14.4,18.1,10.6
2026-02-01,CINF,15.2,14.4,18.1,10.6
2026-03-01,CINF,19.0,14.4,18.1,10.6
2026-04-01,CINF,15.6,14.4,18.1,10.6
2026-05-01,CINF,12.3,14.4,18.1,10.6
2026-06-01,CINF,18.7,14.4,18.1,10.6
2026-07-01,CINF,21.0,14.4,18.1,10.6
2026-08-01,CINF,9.9,14.4,18.1,10.6
2026-09-01,CINF,14.4,14.4,18.1,10.6
2026-10-01,CINF,1.8,14.4,18.1,10.6
2025-10-01,CL,157.5,122.1,147.2,97.1
2025-11-01,CL,126.3,122.1,147.2,97.1
2025-12-01,CL,128.1,122.1,147.2,97.1
2026-01-01,CL,152.4,122.1,147.2,97.1
2026-02-01,CL,130.3,122.1,147.2,97.1
2026-03-01,CL,152.3,122.1,147.2,97.1
2026-04-01,CL,110.5,122.1,147.2,97.1
2026-05-01,CL,105.2,122.1,147.2,97.1
2026-06-01,CL,121.0,122.1,147.2,97.1
2026-07-01,CL,98.9,122.1,147.2,97.1
2026-08-01,CL,88.7,122.1,147.2,97.1
2026-09-01,CL,112.1,122.1,147.2,97.1
2026-10-01,CL,17.6,122.1,147.2,97.1
2025-10-01,CLX,36.2,51.8,63.0,40.7
2025-11-01,CLX,48.2,51.8,63.0,40.7
2025-12-01,CLX,49.8,51.8,63.0,40.7
2026-01-01,CLX,45.8,51.8,63.0,40.7
2026-02-01,CLX,42.4,51.8,63.0,40.7
2026-03-01,CLX,49.0,51.8,63.0,40.7
2026-04-01,CLX,52.4,51.8,63.0,40.7
2026-05-01,CLX,71.8,51.8,63.0,40.7
2026-06-01,CLX,54.4,51.8,63.0,40.7
2026-07-01,CLX,51.3,51.8,63.0,40.7
2026-08-01,CLX,63.8,51.8,63.0,40.7
2026-09-01,CLX,66.3,51.8,63.0,40.7
2026-10-01,CLX,8.8,51.8,63.0,40.7
2025-10-01,CMBT,48.3,35.0,46.7,23.4
2025-11-01,CMBT,51.0,35.0,46.7,23.4
2025-12-01,CMBT,33.5,35.0,46.7,23.4
2026-01-01,CMBT,52.6,35.0,46.7,23.4
2026-02-01,CMBT,41.1,35.0,46.7,23.4
2026-03-01,CMBT,39.2,35.0,46.7,23.4
2026-04-01,CMBT,31.5,35.0,46.7,23.4
2026-05-01,CMBT,39.1,35.0,46.7,23.4
2026-06-01,CMBT,28.6,35.0,46.7,23.4
2026-07-01,CMBT,18.0,35.0,46.7,23.4
2026-08-01,CMBT,21.4,35.0,46.7,23.4
2026-09-01,CMBT,24.4,35.0,46.7,23.4
2026-10-01,CMBT,2.7,35.0,46.7,23.4
2025-10-01,CMCSA,674.7,697.4,843.1,551.6
2025-11-01,CMCSA,708.4,697.4,843.1,551.6
2025-12-01,CMCSA,906.9,697.4,843.1,551.6
2026-01-01,CMCSA,778.2,697.4,843.1,551.6
2026-02-01,CMCSA,550.0,697.4,843.1,551.6
2026-03-01,CMCSA,808.2,697.4,843.1,551.6
2026-04-01,CMCSA,615.8,697.4,843.1,551.6
2026-05-01,CMCSA,634.2,697.4,843.1,551.6
2026-06-01,CMCSA,866.7,697.4,843.1,551.6
2026-07-01,CMCSA,778.6,697.4,843.1,551.6
2026-08-01,CMCSA,474.4,697.4,843.1,551.6
2026-09-01,CMCSA,662.0,697.4,843.1,551.6
2026-10-01,CMCSA,72.6,697.4,843.1,551.6
2025-10-01,CME,42.4,49.0,65.9,32.1
2025-11-01,CME,38.5,49.0,65.9,32.1
2025-12-01,CME,37.3,49.0,65.9,32.1
2026-01-01,CME,40.4,49.0,65.9,32.1
2026-02-01,CME,49.5,49.0,65.9,32.1
2026-03-01,CME,49.3,49.0,65.9,32.1
2026-04-01,CME,50.0,49.0,65.9,32.1
2026-05-01,CME,50.2,49.0,65.9,32.1
2026-06-01,CME,95.9,49.0,65.9,32.1
2026-07-01,CME,65.3,49.0,65.9,32.1
2026-08-01,CME,39.4,49.0,65.9,32.1
2026-09-01,CME,37.0,49.0,65.9,32.1
2026-10-01,CME,5.4,49.0,65.9,32.1
2025-10-01,CMG,493.8,383.1,464.3,302.0
2025-11-01,CMG,500.3,383.1,464.3,302.0
2025-12-01,CMG,407.0,383.1,464.3,302.0
2026-01-01,CMG,315.4,383.1,464.3,302.0
2026-02-01,CMG,377.3,383.1,464.3,302.0
2026-03-01,CMG,363.9,383.1,464.3,302.0
2026-04-01,CMG,325.8,383.1,464.3,302.0
2026-05-01,CMG,329.9,383.1,464.3,302.0
2026-06-01,CMG,494.3,383.1,464.3,302.0
2026-07-01,CMG,382.7,383.1,464.3,302.0
2026-08-01,CMG,379.9,383.1,464.3,302.0
2026-09-01,CMG,283.6,383.1,464.3,302.0
2026-10-01,CMG,57.3,383.1,464.3,302.0
2025-10-01,CMI,20.1,19.8,23.3,16.4
2025-11-01,CMI,19.6,19.8,23.3,16.4
2025-12-01,CMI,18.1,19.8,23.3,16.4
2026-01-01,CMI,16.8,19.8,23.3,16.4
2026-02-01,CMI,22.8,19.8,23.3,16.4
2026-03-01,CMI,19.7,19.8,23.3,16.4
2026-04-01,CMI,15.2,19.8,23.3,16.4
2026-05-01,CMI,20.4,19.8,23.3,16.4
2026-06-01,CMI,25.1,19.8,23.3,16.4
2026-07-01,CMI,19.6,19.8,23.3,16.4
2026-08-01,CMI,20.1,19.8,23.3,16.4
2026-09-01,CMI,24.2,19.8,23.3,16.4
2026-10-01,CMI,3.5,19.8,23.3,16.4
2025-10-01,CMRE,10.7,9.3,11.0,7.7
2025-11-01,CMRE,10.7,9.3,11.0,7.7
2025-12-01,CMRE,10.4,9.3,11.0,7.7
2026-01-01,CMRE,10.3,9.3,11.0,7.7
2026-02-01,CMRE,10.3,9.3,11.0,7.7
2026-03-01,CMRE,9.6,9.3,11.0,7.7
2026-04-01,CMRE,7.6,9.3,11.0,7.7
2026-05-01,CMRE,10.3,9.3,11.0,7.7
2026-06-01,CMRE,10.5,9.3,11.0,7.7
2026-07-01,CMRE,8.3,9.3,11.0,7.7
2026-08-01,CMRE,7.3,9.3,11.0,7.7
2026-09-01,CMRE,7.7,9.3,11.0,7.7
2026-10-01,CMRE,1.0,9.3,11.0,7.7
2025-10-01,CMS,52.8,62.9,75.8,50.1
2025-11-01,CMS,51.7,62.9,75.8,50.1
2025-12-01,CMS,45.4,62.9,75.8,50.1
2026-01-01,CMS,60.9,62.9,75.8,50.1
2026-02-01,CMS,69.6,62.9,75.8,50.1
2026-03-01,CMS,59.8,62.9,75.8,50.1
2026-04-01,CMS,61.7,62.9,75.8,50.1
2026-05-01,CMS,52.4,62.9,75.8,50.1
2026-06-01,CMS,81.1,62.9,75.8,50.1
2026-07-01,CMS,78.0,62.9,75.8,50.1
2026-08-01,CMS,74.6,62.9,75.8,50.1
2026-09-01,CMS,76.2,62.9,75.8,50.1
2026-10-01,CMS,16.3,62.9,75.8,50.1
2025-10-01,CNC,251.8,134.4,180.4,88.4
2025-11-01,CNC,177.3,134.4,180.4,88.4
2025-12-01,CNC,126.2,134.4,180.4,88.4
2026-01-01,CNC,132.1,134.4,180.4,88.4
2026-02-01,CNC,121.4,134.4,180.4,88.4
2026-03-01,CNC,159.1,134.4,180.4,88.4
2026-04-01,CNC,138.0,134.4,180.4,88.4
2026-05-01,CNC,107.8,134.4,180.4,88.4
2026-06-01,CNC,120.1,134.4,180.4,88.4
2026-07-01,CNC,107.3,134.4,180.4,88.4
2026-08-01,CNC,86.8,134.4,180.4,88.4
2026-09-01,CNC,98.8,134.4,180.4,88.4
2026-10-01,CNC,13.4,134.4,180.4,88.4
2025-10-01,CNP,112.7,113.9,134.9,92.9
2025-11-01,CNP,86.6,113.9,134.9,92.9
2025-12-01,CNP,101.0,113.9,134.9,92.9
2026-01-01,CNP,99.8,113.9,134.9,92.9
2026-02-01,CNP,133.1,113.9,134.9,92.9
2026-03-01,CNP,102.7,113.9,134.9,92.9
2026-04-01,CNP,96.6,113.9,134.9,92.9
2026-05-01,CNP,108.9,113.9,134.9,92.9
2026-06-01,CNP,133.1,113.9,134.9,92.9
2026-07-01,CNP,144.5,113.9,134.9,92.9
2026-08-01,CNP,128.8,113.9,134.9,92.9
2026-09-01,CNP,134.1,113.9,134.9,92.9
2026-10-01,CNP,24.6,113.9,134.9,92.9
2025-10-01,CNR,24.1,16.2,21.6,10.8
2025-11-01,CNR,17.4,16.2,21.6,10.8
2025-12-01,CNR,15.3,16.2,21.6,10.8
2026-01-01,CNR,14.0,16.2,21.6,10.8
2026-02-01,CNR,14.8,16.2,21.6,10.8
2026-03-01,CNR,28.3,16.2,21.6,10.8
2026-04-01,CNR,17.7,16.2,21.6,10.8
2026-05-01,CNR,15.1,16.2,21.6,10.8
2026-06-01,CNR,15.9,16.2,21.6,10.8
2026-07-01,CNR,11.4,16.2,21.6,10.8
2026-08-01,CNR,11.7,16.2,21.6,10.8
2026-09-01,CNR,10.5,16.2,21.6,10.8
2026-10-01,CNR,1.6,16.2,21.6,10.8
2025-10-01,COF,87.6,91.1,112.6,69.7
2025-11-01,COF,73.1,91.1,112.6,69.7
2025-12-01,COF,71.8,91.1,112.6,69.7
2026-01-01,COF,128.7,91.1,112.6,69.7
2026-02-01,COF,103.6,91.1,112.6,69.7
2026-03-01,COF,118.6,91.1,112.6,69.7
2026-04-01,COF,88.7,91.1,112.6,69.7
2026-05-01,COF,94.7,91.1,112.6,69.7
2026-06-01,COF,107.4,91.1,112.6,69.7
2026-07-01,COF,97.8,91.1,112.6,69.7
2026-08-01,COF,63.9,91.1,112.6,69.7
2026-09-01,COF,74.3,91.1,112.6,69.7
2026-10-01,COF,10.5,91.1,112.6,69.7
2025-10-01,COHR,77.7,122.0,159.9,84.1
2025-11-01,COHR,103.4,122.0,159.9,84.1
2025-12-01,COHR,88.1,122.0,159.9,84.1
2026-01-01,COHR,92.0,122.0,159.9,84.1
2026-02-01,COHR,132.6,122.0,159.9,84.1
2026-03-01,COHR,215.3,122.0,159.9,84.1
2026-04-01,COHR,119.1,122.0,159.9,84.1
2026-05-01,COHR,129.5,122.0,159.9,84.1
2026-06-01,COHR,132.0,122.0,159.9,84.1
2026-07-01,COHR,103.8,122.0,159.9,84.1
2026-08-01,COHR,157.2,122.0,159.9,84.1
2026-09-01,COHR,132.6,122.0,159.9,84.1
2026-10-01,COHR,25.5,122.0,159.9,84.1
2025-10-01,COIN,224.7,206.5,251.6,161.4
2025-11-01,COIN,205.4,206.5,251.6,161.4
2025-12-01,COIN,168.9,206.5,251.6,161.4
2026-01-01,COIN,185.3,206.5,251.6,161.4
2026-02-01,COIN,300.0,206.5,251.6,161.4
2026-03-01,COIN,281.5,206.5,251.6,161.4
2026-04-01,COIN,204.4,206.5,251.6,161.4
2026-05-01,COIN,193.9,206.5,251.6,161.4
2026-06-01,COIN,184.3,206.5,251.6,161.4
2026-07-01,COIN,166.7,206.5,251.6,161.4
2026-08-01,COIN,200.9,206.5,251.6,161.4
2026-09-01,COIN,201.7,206.5,251.6,161.4
2026-10-01,COIN,26.5,206.5,251.6,161.4
2025-10-01,COMT,3.6,8.8,15.0,2.6
2025-11-01,COMT,3.3,8.8,15.0,2.6
2025-12-01,COMT,7.4,8.8,15.0,2.6
2026-01-01,COMT,5.0,8.8,15.0,2.6
2026-02-01,COMT,5.5,8.8,15.0,2.6
2026-03-01,COMT,22.5,8.8,15.0,2.6
2026-04-01,COMT,20.7,8.8,15.0,2.6
2026-05-01,COMT,11.1,8.8,15.0,2.6
2026-06-01,COMT,8.6,8.8,15.0,2.6
2026-07-01,COMT,7.1,8.8,15.0,2.6
2026-08-01,COMT,4.0,8.8,15.0,2.6
2026-09-01,COMT,7.0,8.8,15.0,2.6
2026-10-01,COMT,0.8,8.8,15.0,2.6
2025-10-01,COO,60.1,55.9,77.5,34.4
2025-11-01,COO,47.4,55.9,77.5,34.4
2025-12-01,COO,70.8,55.9,77.5,34.4
2026-01-01,COO,44.3,55.9,77.5,34.4
2026-02-01,COO,33.7,55.9,77.5,34.4
2026-03-01,COO,49.0,55.9,77.5,34.4
2026-04-01,COO,43.9,55.9,77.5,34.4
2026-05-01,COO,49.0,55.9,77.5,34.4
2026-06-01,COO,81.1,55.9,77.5,34.4
2026-07-01,COO,49.2,55.9,77.5,34.4
2026-08-01,COO,35.7,55.9,77.5,34.4
2026-09-01,COO,111.0,55.9,77.5,34.4
2026-10-01,COO,12.2,55.9,77.5,34.4
2025-10-01,COP,136.5,161.3,202.1,120.4
2025-11-01,COP,128.5,161.3,202.1,120.4
2025-12-01,COP,156.4,161.3,202.1,120.4
2026-01-01,COP,187.5,161.3,202.1,120.4
2026-02-01,COP,150.3,161.3,202.1,120.4
2026-03-01,COP,266.7,161.3,202.1,120.4
2026-04-01,COP,188.1,161.3,202.1,120.4
2026-05-01,COP,145.4,161.3,202.1,120.4
2026-06-01,COP,170.2,161.3,202.1,120.4
2026-07-01,COP,137.8,161.3,202.1,120.4
2026-08-01,COP,146.6,161.3,202.1,120.4
2026-09-01,COP,143.8,161.3,202.1,120.4
2026-10-01,COP,17.0,161.3,202.1,120.4
2025-10-01,COR,25.5,30.2,37.1,23.4
2025-11-01,COR,31.5,30.2,37.1,23.4
2025-12-01,COR,32.1,30.2,37.1,23.4
2026-01-01,COR,22.9,30.2,37.1,23.4
2026-02-01,COR,25.4,30.2,37.1,23.4
2026-03-01,COR,33.2,30.2,37.1,23.4
2026-04-01,COR,28.3,30.2,37.1,23.4
2026-05-01,COR,48.5,30.2,37.1,23.4
2026-06-01,COR,32.9,30.2,37.1,23.4
2026-07-01,COR,29.9,30.2,37.1,23.4
2026-08-01,COR,30.5,30.2,37.1,23.4
2026-09-01,COR,27.7,30.2,37.1,23.4
2026-10-01,COR,4.2,30.2,37.1,23.4
2025-10-01,CORN,1.3,8.7,17.5,-0.0
2025-11-01,CORN,1.1,8.7,17.5,-0.0
2025-12-01,CORN,1.0,8.7,17.5,-0.0
2026-01-01,CORN,1.1,8.7,17.5,-0.0
2026-02-01,CORN,1.4,8.7,17.5,-0.0
2026-03-01,CORN,30.0,8.7,17.5,-0.0
2026-04-01,CORN,20.4,8.7,17.5,-0.0
2026-05-01,CORN,13.3,8.7,17.5,-0.0
2026-06-01,CORN,8.9,8.7,17.5,-0.0
2026-07-01,CORN,6.8,8.7,17.5,-0.0
2026-08-01,CORN,9.0,8.7,17.5,-0.0
2026-09-01,CORN,10.4,8.7,17.5,-0.0
2026-10-01,CORN,1.1,8.7,17.5,-0.0
2025-10-01,COST,53.3,47.6,56.9,38.2
2025-11-01,COST,48.5,47.6,56.9,38.2
2025-12-01,COST,63.8,47.6,56.9,38.2
2026-01-01,COST,55.4,47.6,56.9,38.2
2026-02-01,COST,42.0,47.6,56.9,38.2
2026-03-01,COST,39.2,47.6,56.9,38.2
2026-04-01,COST,37.4,47.6,56.9,38.2
2026-05-01,COST,46.9,47.6,56.9,38.2
2026-06-01,COST,54.0,47.6,56.9,38.2
2026-07-01,COST,50.1,47.6,56.9,38.2
2026-08-01,COST,37.3,47.6,56.9,38.2
2026-09-01,COST,49.8,47.6,56.9,38.2
2026-10-01,COST,6.1,47.6,56.9,38.2
2025-10-01,CPAY,12.4,12.3,14.9,9.7
2025-11-01,CPAY,12.9,12.3,14.9,9.7
2025-12-01,CPAY,11.7,12.3,14.9,9.7
2026-01-01,CPAY,10.1,12.3,14.9,9.7
2026-02-01,CPAY,16.9,12.3,14.9,9.7
2026-03-01,CPAY,15.0,12.3,14.9,9.7
2026-04-01,CPAY,10.7,12.3,14.9,9.7
2026-05-01,CPAY,11.8,12.3,14.9,9.7
2026-06-01,CPAY,16.2,12.3,14.9,9.7
2026-07-01,CPAY,11.3,12.3,14.9,9.7
2026-08-01,CPAY,10.6,12.3,14.9,9.7
2026-09-01,CPAY,10.0,12.3,14.9,9.7
2026-10-01,CPAY,1.6,12.3,14.9,9.7
2025-10-01,CPER,13.6,16.4,25.6,7.2
2025-11-01,CPER,8.0,16.4,25.6,7.2
2025-12-01,CPER,15.8,16.4,25.6,7.2
2026-01-01,CPER,44.3,16.4,25.6,7.2
2026-02-01,CPER,22.1,16.4,25.6,7.2
2026-03-01,CPER,19.4,16.4,25.6,7.2
2026-04-01,CPER,15.1,16.4,25.6,7.2
2026-05-01,CPER,17.4,16.4,25.6,7.2
2026-06-01,CPER,14.3,16.4,25.6,7.2
2026-07-01,CPER,8.4,16.4,25.6,7.2
2026-08-01,CPER,11.0,16.4,25.6,7.2
2026-09-01,CPER,12.1,16.4,25.6,7.2
2026-10-01,CPER,1.1,16.4,25.6,7.2
2025-10-01,CPRT,132.2,199.0,245.7,152.4
2025-11-01,CPRT,199.3,199.0,245.7,152.4
2025-12-01,CPRT,179.0,199.0,245.7,152.4
2026-01-01,CPRT,162.8,199.0,245.7,152.4
2026-02-01,CPRT,216.6,199.0,245.7,152.4
2026-03-01,CPRT,199.8,199.0,245.7,152.4
2026-04-01,CPRT,162.3,199.0,245.7,152.4
2026-05-01,CPRT,190.3,199.0,245.7,152.4
2026-06-01,CPRT,277.2,199.0,245.7,152.4
2026-07-01,CPRT,273.0,199.0,245.7,152.4
2026-08-01,CPRT,217.1,199.0,245.7,152.4
2026-09-01,CPRT,215.0,199.0,245.7,152.4
2026-10-01,CPRT,27.1,199.0,245.7,152.4
2025-10-01,CPT,24.3,24.7,29.1,20.2
2025-11-01,CPT,33.9,24.7,29.1,20.2
2025-12-01,CPT,27.6,24.7,29.1,20.2
2026-01-01,CPT,27.2,24.7,29.1,20.2
2026-02-01,CPT,24.2,24.7,29.1,20.2
2026-03-01,CPT,24.5,24.7,29.1,20.2
2026-04-01,CPT,24.6,24.7,29.1,20.2
2026-05-01,CPT,23.6,24.7,29.1,20.2
2026-06-01,CPT,26.9,24.7,29.1,20.2
2026-07-01,CPT,22.4,24.7,29.1,20.2
2026-08-01,CPT,17.4,24.7,29.1,20.2
2026-09-01,CPT,24.4,24.7,29.1,20.2
2026-10-01,CPT,3.4,24.7,29.1,20.2
2025-10-01,CRESY,7.5,5.7,6.9,4.5
2025-11-01,CRESY,4.1,5.7,6.9,4.5
2025-12-01,CRESY,6.5,5.7,6.9,4.5
2026-01-01,CRESY,5.2,5.7,6.9,4.5
2026-02-01,CRESY,4.0,5.7,6.9,4.5
2026-03-01,CRESY,6.4,5.7,6.9,4.5
2026-04-01,CRESY,5.7,5.7,6.9,4.5
2026-05-01,CRESY,5.6,5.7,6.9,4.5
2026-06-01,CRESY,5.5,5.7,6.9,4.5
2026-07-01,CRESY,7.2,5.7,6.9,4.5
2026-08-01,CRESY,4.8,5.7,6.9,4.5
2026-09-01,CRESY,6.5,5.7,6.9,4.5
2026-10-01,CRESY,0.8,5.7,6.9,4.5
2025-10-01,CRH,74.0,113.4,171.2,55.7
2025-11-01,CRH,79.3,113.4,171.2,55.7
2025-12-01,CRH,290.9,113.4,171.2,55.7
2026-01-01,CRH,96.9,113.4,171.2,55.7
2026-02-01,CRH,94.3,113.4,171.2,55.7
2026-03-01,CRH,134.8,113.4,171.2,55.7
2026-04-01,CRH,94.8,113.4,171.2,55.7
2026-05-01,CRH,106.3,113.4,171.2,55.7
2026-06-01,CRH,100.2,113.4,171.2,55.7
2026-07-01,CRH,89.1,113.4,171.2,55.7
2026-08-01,CRH,91.7,113.4,171.2,55.7
2026-09-01,CRH,116.8,113.4,171.2,55.7
2026-10-01,CRH,15.0,113.4,171.2,55.7
2025-10-01,CRL,24.0,19.2,23.2,15.2
2025-11-01,CRL,21.5,19.2,23.2,15.2
2025-12-01,CRL,14.9,19.2,23.2,15.2
2026-01-01,CRL,13.8,19.2,23.2,15.2
2026-02-01,CRL,26.5,19.2,23.2,15.2
2026-03-01,CRL,19.8,19.2,23.2,15.2
2026-04-01,CRL,16.7,19.2,23.2,15.2
2026-05-01,CRL,20.2,19.2,23.2,15.2
2026-06-01,CRL,17.8,19.2,23.2,15.2
2026-07-01,CRL,18.5,19.2,23.2,15.2
2026-08-01,CRL,20.7,19.2,23.2,15.2
2026-09-01,CRL,19.9,19.2,23.2,15.2
2026-10-01,CRL,2.6,19.2,23.2,15.2
2025-10-01,CRM,211.6,257.7,329.0,186.4
2025-11-01,CRM,132.5,257.7,329.0,186.4
2025-12-01,CRM,180.3,257.7,329.0,186.4
2026-01-01,CRM,192.5,257.7,329.0,186.4
2026-02-01,CRM,300.2,257.7,329.0,186.4
2026-03-01,CRM,289.2,257.7,329.0,186.4
2026-04-01,CRM,287.9,257.7,329.0,186.4
2026-05-01,CRM,281.9,257.7,329.0,186.4
2026-06-01,CRM,377.5,257.7,329.0,186.4
2026-07-01,CRM,280.1,257.7,329.0,186.4
2026-08-01,CRM,328.4,257.7,329.0,186.4
2026-09-01,CRM,270.6,257.7,329.0,186.4
2026-10-01,CRM,23.9,257.7,329.0,186.4
2025-10-01,CRWD,217.4,247.7,318.7,176.7
2025-11-01,CRWD,160.1,247.7,318.7,176.7
2025-12-01,CRWD,206.8,247.7,318.7,176.7
2026-01-01,CRWD,223.9,247.7,318.7,176.7
2026-02-01,CRWD,375.5,247.7,318.7,176.7
2026-03-01,CRWD,368.6,247.7,318.7,176.7
2026-04-01,CRWD,277.0,247.7,318.7,176.7
2026-05-01,CRWD,258.5,247.7,318.7,176.7
2026-06-01,CRWD,307.4,247.7,318.7,176.7
2026-07-01,CRWD,190.0,247.7,318.7,176.7
2026-08-01,CRWD,199.2,247.7,318.7,176.7
2026-09-01,CRWD,237.2,247.7,318.7,176.7
2026-10-01,CRWD,17.7,247.7,318.7,176.7
2025-10-01,CSCO,399.9,455.4,544.2,366.7
2025-11-01,CSCO,491.4,455.4,544.2,366.7
2025-12-01,CSCO,426.3,455.4,544.2,366.7
2026-01-01,CSCO,380.1,455.4,544.2,366.7
2026-02-01,CSCO,558.8,455.4,544.2,366.7
2026-03-01,CSCO,536.4,455.4,544.2,366.7
2026-04-01,CSCO,366.7,455.4,544.2,366.7
2026-05-01,CSCO,565.8,455.4,544.2,366.7
2026-06-01,CSCO,555.1,455.4,544.2,366.7
2026-07-01,CSCO,470.6,455.4,544.2,366.7
2026-08-01,CSCO,431.7,455.4,544.2,366.7
2026-09-01,CSCO,377.1,455.4,544.2,366.7
2026-10-01,CSCO,48.8,455.4,544.2,366.7
2025-10-01,CSGP,84.7,130.5,164.4,96.6
2025-11-01,CSGP,88.0,130.5,164.4,96.6
2025-12-01,CSGP,81.2,130.5,164.4,96.6
2026-01-01,CSGP,144.5,130.5,164.4,96.6
2026-02-01,CSGP,150.9,130.5,164.4,96.6
2026-03-01,CSGP,134.0,130.5,164.4,96.6
2026-04-01,CSGP,133.7,130.5,164.4,96.6
2026-05-01,CSGP,166.9,130.5,164.4,96.6
2026-06-01,CSGP,161.8,130.5,164.4,96.6
2026-07-01,CSGP,171.5,130.5,164.4,96.6
2026-08-01,CSGP,144.9,130.5,164.4,96.6
2026-09-01,CSGP,131.2,130.5,164.4,96.6
2026-10-01,CSGP,13.3,130.5,164.4,96.6
2025-10-01,CSX,319.4,262.3,307.7,217.0
2025-11-01,CSX,250.9,262.3,307.7,217.0
2025-12-01,CSX,251.9,262.3,307.7,217.0
2026-01-01,CSX,312.1,262.3,307.7,217.0
2026-02-01,CSX,248.1,262.3,307.7,217.0
2026-03-01,CSX,295.9,262.3,307.7,217.0
2026-04-01,CSX,263.5,262.3,307.7,217.0
2026-05-01,CSX,254.0,262.3,307.7,217.0
2026-06-01,CSX,261.7,262.3,307.7,217.0
2026-07-01,CSX,301.8,262.3,307.7,217.0
2026-08-01,CSX,197.0,262.3,307.7,217.0
2026-09-01,CSX,226.4,262.3,307.7,217.0
2026-10-01,CSX,32.1,262.3,307.7,217.0
2025-10-01,CTAS,47.8,44.4,53.2,35.7
2025-11-01,CTAS,45.7,44.4,53.2,35.7
2025-12-01,CTAS,42.4,44.4,53.2,35.7
2026-01-01,CTAS,34.1,44.4,53.2,35.7
2026-02-01,CTAS,38.0,44.4,53.2,35.7
2026-03-01,CTAS,59.8,44.4,53.2,35.7
2026-04-01,CTAS,42.7,44.4,53.2,35.7
2026-05-01,CTAS,41.7,44.4,53.2,35.7
2026-06-01,CTAS,47.1,44.4,53.2,35.7
2026-07-01,CTAS,57.0,44.4,53.2,35.7
2026-08-01,CTAS,37.9,44.4,53.2,35.7
2026-09-01,CTAS,43.7,44.4,53.2,35.7
2026-10-01,CTAS,5.0,44.4,53.2,35.7
2025-10-01,CTSH,99.8,148.3,207.1,89.5
2025-11-01,CTSH,91.0,148.3,207.1,89.5
2025-12-01,CTSH,101.9,148.3,207.1,89.5
2026-01-01,CTSH,91.3,148.3,207.1,89.5
2026-02-01,CTSH,184.4,148.3,207.1,89.5
2026-03-01,CTSH,130.7,148.3,207.1,89.5
2026-04-01,CTSH,126.2,148.3,207.1,89.5
2026-05-01,CTSH,176.3,148.3,207.1,89.5
2026-06-01,CTSH,290.3,148.3,207.1,89.5
2026-07-01,CTSH,213.7,148.3,207.1,89.5
2026-08-01,CTSH,166.9,148.3,207.1,89.5
2026-09-01,CTSH,132.5,148.3,207.1,89.5
2026-10-01,CTSH,24.2,148.3,207.1,89.5
2025-10-01,CTVA,113.5,92.0,127.2,56.9
2025-11-01,CTVA,75.5,92.0,127.2,56.9
2025-12-01,CTVA,77.9,92.0,127.2,56.9
2026-01-01,CTVA,76.0,92.0,127.2,56.9
2026-02-01,CTVA,84.5,92.0,127.2,56.9
2026-03-01,CTVA,96.5,92.0,127.2,56.9
2026-04-01,CTVA,69.6,92.0,127.2,56.9
2026-05-01,CTVA,75.9,92.0,127.2,56.9
2026-06-01,CTVA,95.3,92.0,127.2,56.9
2026-07-01,CTVA,85.1,92.0,127.2,56.9
2026-08-01,CTVA,98.9,92.0,127.2,56.9
2026-09-01,CTVA,101.0,92.0,127.2,56.9
2026-10-01,CTVA,350.4,92.0,127.2,56.9
2025-10-01,CVNA,389.3,310.7,435.2,186.3
2025-11-01,CVNA,298.5,310.7,435.2,186.3
2025-12-01,CVNA,574.9,310.7,435.2,186.3
2026-01-01,CVNA,399.8,310.7,435.2,186.3
2026-02-01,CVNA,474.0,310.7,435.2,186.3
2026-03-01,CVNA,323.7,310.7,435.2,186.3
2026-04-01,CVNA,285.9,310.7,435.2,186.3
2026-05-01,CVNA,220.0,310.7,435.2,186.3
2026-06-01,CVNA,245.9,310.7,435.2,186.3
2026-07-01,CVNA,232.7,310.7,435.2,186.3
2026-08-01,CVNA,181.3,310.7,435.2,186.3
2026-09-01,CVNA,154.4,310.7,435.2,186.3
2026-10-01,CVNA,27.2,310.7,435.2,186.3
2025-10-01,CVS,184.7,165.6,190.7,140.5
2025-11-01,CVS,125.1,165.6,190.7,140.5
2025-12-01,CVS,153.8,165.6,190.7,140.5
2026-01-01,CVS,206.4,165.6,190.7,140.5
2026-02-01,CVS,164.4,165.6,190.7,140.5
2026-03-01,CVS,170.8,165.6,190.7,140.5
2026-04-01,CVS,158.5,165.6,190.7,140.5
2026-05-01,CVS,175.8,165.6,190.7,140.5
2026-06-01,CVS,180.6,165.6,190.7,140.5
2026-07-01,CVS,164.8,165.6,190.7,140.5
2026-08-01,CVS,164.5,165.6,190.7,140.5
2026-09-01,CVS,160.6,165.6,190.7,140.5
2026-10-01,CVS,29.0,165.6,190.7,140.5
2025-10-01,CVX,152.9,204.1,258.8,149.3
2025-11-01,CVX,161.7,204.1,258.8,149.3
2025-12-01,CVX,180.5,204.1,258.8,149.3
2026-01-01,CVX,264.7,204.1,258.8,149.3
2026-02-01,CVX,201.5,204.1,258.8,149.3
2026-03-01,CVX,333.9,204.1,258.8,149.3
2026-04-01,CVX,237.5,204.1,258.8,149.3
2026-05-01,CVX,205.5,204.1,258.8,149.3
2026-06-01,CVX,199.5,204.1,258.8,149.3
2026-07-01,CVX,170.6,204.1,258.8,149.3
2026-08-01,CVX,169.1,204.1,258.8,149.3
2026-09-01,CVX,206.7,204.1,258.8,149.3
2026-10-01,CVX,19.1,204.1,258.8,149.3
2025-10-01,D,105.4,115.8,148.7,82.9
2025-11-01,D,99.4,115.8,148.7,82.9
2025-12-01,D,160.0,115.8,148.7,82.9
2026-01-01,D,120.5,115.8,148.7,82.9
2026-02-01,D,125.8,115.8,148.7,82.9
2026-03-01,D,96.8,115.8,148.7,82.9
2026-04-01,D,91.3,115.8,148.7,82.9
2026-05-01,D,185.6,115.8,148.7,82.9
2026-06-01,D,147.5,115.8,148.7,82.9
2026-07-01,D,98.6,115.8,148.7,82.9
2026-08-01,D,76.2,115.8,148.7,82.9
2026-09-01,D,105.6,115.8,148.7,82.9
2026-10-01,D,13.5,115.8,148.7,82.9
2025-10-01,DAL,218.5,177.5,241.9,113.2
2025-11-01,DAL,145.7,177.5,241.9,113.2
2025-12-01,DAL,163.6,177.5,241.9,113.2
2026-01-01,DAL,164.2,177.5,241.9,113.2
2026-02-01,DAL,163.0,177.5,241.9,113.2
2026-03-01,DAL,353.0,177.5,241.9,113.2
2026-04-01,DAL,215.2,177.5,241.9,113.2
2026-05-01,DAL,155.4,177.5,241.9,113.2
2026-06-01,DAL,168.2,177.5,241.9,113.2
2026-07-01,DAL,150.5,177.5,241.9,113.2
2026-08-01,DAL,97.6,177.5,241.9,113.2
2026-09-01,DAL,148.7,177.5,241.9,113.2
2026-10-01,DAL,22.1,177.5,241.9,113.2
2025-10-01,DASH,66.9,97.2,122.9,71.5
2025-11-01,DASH,148.9,97.2,122.9,71.5
2025-12-01,DASH,101.5,97.2,122.9,71.5
2026-01-01,DASH,79.0,97.2,122.9,71.5
2026-02-01,DASH,142.6,97.2,122.9,71.5
2026-03-01,DASH,88.7,97.2,122.9,71.5
2026-04-01,DASH,81.7,97.2,122.9,71.5
2026-05-01,DASH,110.8,97.2,122.9,71.5
2026-06-01,DASH,110.0,97.2,122.9,71.5
2026-07-01,DASH,82.2,97.2,122.9,71.5
2026-08-01,DASH,95.1,97.2,122.9,71.5
2026-09-01,DASH,88.8,97.2,122.9,71.5
2026-10-01,DASH,11.3,97.2,122.9,71.5
2025-10-01,DBA,4.7,19.7,33.6,5.7
2025-11-01,DBA,3.9,19.7,33.6,5.7
2025-12-01,DBA,4.9,19.7,33.6,5.7
2026-01-01,DBA,5.4,19.7,33.6,5.7
2026-02-01,DBA,5.4,19.7,33.6,5.7
2026-03-01,DBA,43.1,19.7,33.6,5.7
2026-04-01,DBA,37.4,19.7,33.6,5.7
2026-05-01,DBA,31.2,19.7,33.6,5.7
2026-06-01,DBA,28.1,19.7,33.6,5.7
2026-07-01,DBA,18.5,19.7,33.6,5.7
2026-08-01,DBA,24.3,19.7,33.6,5.7
2026-09-01,DBA,30.4,19.7,33.6,5.7
2026-10-01,DBA,2.9,19.7,33.6,5.7
2025-10-01,DBB,1.5,6.5,9.8,3.2
2025-11-01,DBB,1.2,6.5,9.8,3.2
2025-12-01,DBB,7.5,6.5,9.8,3.2
2026-01-01,DBB,9.9,6.5,9.8,3.2
2026-02-01,DBB,7.7,6.5,9.8,3.2
2026-03-01,DBB,11.8,6.5,9.8,3.2
2026-04-01,DBB,9.3,6.5,9.8,3.2
2026-05-01,DBB,8.9,6.5,9.8,3.2
2026-06-01,DBB,8.3,6.5,9.8,3.2
2026-07-01,DBB,4.9,6.5,9.8,3.2
2026-08-01,DBB,3.6,6.5,9.8,3.2
2026-09-01,DBB,4.8,6.5,9.8,3.2
2026-10-01,DBB,0.5,6.5,9.8,3.2
2025-10-01,DBC,8.5,20.5,30.8,10.1
2025-11-01,DBC,9.4,20.5,30.8,10.1
2025-12-01,DBC,10.4,20.5,30.8,10.1
2026-01-01,DBC,15.3,20.5,30.8,10.1
2026-02-01,DBC,16.0,20.5,30.8,10.1
2026-03-01,DBC,39.8,20.5,30.8,10.1
2026-04-01,DBC,38.7,20.5,30.8,10.1
2026-05-01,DBC,29.8,20.5,30.8,10.1
2026-06-01,DBC,21.1,20.5,30.8,10.1
2026-07-01,DBC,23.2,20.5,30.8,10.1
2026-08-01,DBC,17.3,20.5,30.8,10.1
2026-09-01,DBC,18.7,20.5,30.8,10.1
2026-10-01,DBC,3.9,20.5,30.8,10.1
2025-10-01,DD,55.7,33.3,43.9,22.6
2025-11-01,DD,52.4,33.3,43.9,22.6
2025-12-01,DD,35.0,33.3,43.9,22.6
2026-01-01,DD,32.5,33.3,43.9,22.6
2026-02-01,DD,32.2,33.3,43.9,22.6
2026-03-01,DD,32.0,33.3,43.9,22.6
2026-04-01,DD,20.4,33.3,43.9,22.6
2026-05-01,DD,28.7,33.3,43.9,22.6
2026-06-01,DD,29.3,33.3,43.9,22.6
2026-07-01,DD,33.6,33.3,43.9,22.6
2026-08-01,DD,28.9,33.3,43.9,22.6
2026-09-01,DD,23.9,33.3,43.9,22.6
2026-10-01,DD,2.3,33.3,43.9,22.6
2025-10-01,DDOG,86.6,103.2,127.7,78.7
2025-11-01,DDOG,110.9,103.2,127.7,78.7
2025-12-01,DDOG,75.6,103.2,127.7,78.7
2026-01-01,DDOG,118.5,103.2,127.7,78.7
2026-02-01,DDOG,140.8,103.2,127.7,78.7
2026-03-01,DDOG,100.8,103.2,127.7,78.7
2026-04-01,DDOG,96.9,103.2,127.7,78.7
2026-05-01,DDOG,142.8,103.2,127.7,78.7
2026-06-01,DDOG,122.4,103.2,127.7,78.7
2026-07-01,DDOG,90.1,103.2,127.7,78.7
2026-08-01,DDOG,105.6,103.2,127.7,78.7
2026-09-01,DDOG,76.1,103.2,127.7,78.7
2026-10-01,DDOG,7.4,103.2,127.7,78.7
2025-10-01,DE,28.3,28.3,33.7,22.9
2025-11-01,DE,30.5,28.3,33.7,22.9
2025-12-01,DE,30.1,28.3,33.7,22.9
2026-01-01,DE,27.4,28.3,33.7,22.9
2026-02-01,DE,41.7,28.3,33.7,22.9
2026-03-01,DE,29.8,28.3,33.7,22.9
2026-04-01,DE,23.7,28.3,33.7,22.9
2026-05-01,DE,25.6,28.3,33.7,22.9
2026-06-01,DE,30.7,28.3,33.7,22.9
2026-07-01,DE,24.6,28.3,33.7,22.9
2026-08-01,DE,24.6,28.3,33.7,22.9
2026-09-01,DE,28.7,28.3,33.7,22.9
2026-10-01,DE,3.4,28.3,33.7,22.9
2025-10-01,DECK,115.4,59.1,80.7,37.6
2025-11-01,DECK,67.0,59.1,80.7,37.6
2025-12-01,DECK,68.5,59.1,80.7,37.6
2026-01-01,DECK,64.5,59.1,80.7,37.6
2026-02-01,DECK,48.2,59.1,80.7,37.6
2026-03-01,DECK,49.6,59.1,80.7,37.6
2026-04-01,DECK,33.6,59.1,80.7,37.6
2026-05-01,DECK,48.0,59.1,80.7,37.6
2026-06-01,DECK,44.9,59.1,80.7,37.6
2026-07-01,DECK,51.1,59.1,80.7,37.6
2026-08-01,DECK,50.7,59.1,80.7,37.6
2026-09-01,DECK,72.3,59.1,80.7,37.6
2026-10-01,DECK,8.5,59.1,80.7,37.6
2025-10-01,DELL,184.4,166.5,209.2,123.8
2025-11-01,DELL,155.9,166.5,209.2,123.8
2025-12-01,DELL,114.9,166.5,209.2,123.8
2026-01-01,DELL,149.5,166.5,209.2,123.8
2026-02-01,DELL,177.7,166.5,209.2,123.8
2026-03-01,DELL,216.3,166.5,209.2,123.8
2026-04-01,DELL,130.8,166.5,209.2,123.8
2026-05-01,DELL,193.1,166.5,209.2,123.8
2026-06-01,DELL,212.1,166.5,209.2,123.8
2026-07-01,DELL,147.1,166.5,209.2,123.8
2026-08-01,DELL,113.0,166.5,209.2,123.8
2026-09-01,DELL,231.6,166.5,209.2,123.8
2026-10-01,DELL,16.4,166.5,209.2,123.8
2025-10-01,DG,66.0,65.6,82.7,48.5
2025-11-01,DG,53.7,65.6,82.7,48.5
2025-12-01,DG,101.2,65.6,82.7,48.5
2026-01-01,DG,67.3,65.6,82.7,48.5
2026-02-01,DG,51.4,65.6,82.7,48.5
2026-03-01,DG,81.5,65.6,82.7,48.5
2026-04-01,DG,60.2,65.6,82.7,48.5
2026-05-01,DG,79.7,65.6,82.7,48.5
2026-06-01,DG,77.9,65.6,82.7,48.5
2026-07-01,DG,53.7,65.6,82.7,48.5
2026-08-01,DG,49.8,65.6,82.7,48.5
2026-09-01,DG,52.8,65.6,82.7,48.5
2026-10-01,DG,5.2,65.6,82.7,48.5
2025-10-01,DGX,26.6,20.7,24.5,16.9
2025-11-01,DGX,22.1,20.7,24.5,16.9
2025-12-01,DGX,20.5,20.7,24.5,16.9
2026-01-01,DGX,20.0,20.7,24.5,16.9
2026-02-01,DGX,22.2,20.7,24.5,16.9
2026-03-01,DGX,18.7,20.7,24.5,16.9
2026-04-01,DGX,22.1,20.7,24.5,16.9
2026-05-01,DGX,15.6,20.7,24.5,16.9
2026-06-01,DGX,18.5,20.7,24.5,16.9
2026-07-01,DGX,24.4,20.7,24.5,16.9
2026-08-01,DGX,17.0,20.7,24.5,16.9
2026-09-01,DGX,23.7,20.7,24.5,16.9
2026-10-01,DGX,3.1,20.7,24.5,16.9
2025-10-01,DHI,78.7,57.4,69.4,45.4
2025-11-01,DHI,55.7,57.4,69.4,45.4
2025-12-01,DHI,62.2,57.4,69.4,45.4
2026-01-01,DHI,75.0,57.4,69.4,45.4
2026-02-01,DHI,55.1,57.4,69.4,45.4
2026-03-01,DHI,61.2,57.4,69.4,45.4
2026-04-01,DHI,55.6,57.4,69.4,45.4
2026-05-01,DHI,48.3,57.4,69.4,45.4
2026-06-01,DHI,46.6,57.4,69.4,45.4
2026-07-01,DHI,58.4,57.4,69.4,45.4
2026-08-01,DHI,39.9,57.4,69.4,45.4
2026-09-01,DHI,58.3,57.4,69.4,45.4
2026-10-01,DHI,11.7,57.4,69.4,45.4
2025-10-01,DHR,104.3,89.4,110.9,67.9
2025-11-01,DHR,69.2,89.4,110.9,67.9
2025-12-01,DHR,71.9,89.4,110.9,67.9
2026-01-01,DHR,78.7,89.4,110.9,67.9
2026-02-01,DHR,83.4,89.4,110.9,67.9
2026-03-01,DHR,90.9,89.4,110.9,67.9
2026-04-01,DHR,97.2,89.4,110.9,67.9
2026-05-01,DHR,97.5,89.4,110.9,67.9
2026-06-01,DHR,88.8,89.4,110.9,67.9
2026-07-01,DHR,142.0,89.4,110.9,67.9
2026-08-01,DHR,70.7,89.4,110.9,67.9
2026-09-01,DHR,87.3,89.4,110.9,67.9
2026-10-01,DHR,12.3,89.4,110.9,67.9
2025-10-01,DHT,44.7,67.4,96.1,38.7
2025-11-01,DHT,35.3,67.4,96.1,38.7
2025-12-01,DHT,32.4,67.4,96.1,38.7
2026-01-01,DHT,51.8,67.4,96.1,38.7
2026-02-01,DHT,79.3,67.4,96.1,38.7
2026-03-01,DHT,140.9,67.4,96.1,38.7
2026-04-01,DHT,73.7,67.4,96.1,38.7
2026-05-01,DHT,62.8,67.4,96.1,38.7
2026-06-01,DHT,78.9,67.4,96.1,38.7
2026-07-01,DHT,59.4,67.4,96.1,38.7
2026-08-01,DHT,70.9,67.4,96.1,38.7
2026-09-01,DHT,86.4,67.4,96.1,38.7
2026-10-01,DHT,14.5,67.4,96.1,38.7
2025-10-01,DIA,162.7,113.0,150.4,75.6
2025-11-01,DIA,143.7,113.0,150.4,75.6
2025-12-01,DIA,104.0,113.0,150.4,75.6
2026-01-01,DIA,128.0,113.0,150.4,75.6
2026-02-01,DIA,133.1,113.0,150.4,75.6
2026-03-01,DIA,182.1,113.0,150.4,75.6
2026-04-01,DIA,89.4,113.0,150.4,75.6
2026-05-01,DIA,94.9,113.0,150.4,75.6
2026-06-01,DIA,116.0,113.0,150.4,75.6
2026-07-01,DIA,81.9,113.0,150.4,75.6
2026-08-01,DIA,66.9,113.0,150.4,75.6
2026-09-01,DIA,71.5,113.0,150.4,75.6
2026-10-01,DIA,11.6,113.0,150.4,75.6
2025-10-01,DIS,174.3,210.9,251.9,169.8
2025-11-01,DIS,238.7,210.9,251.9,169.8
2025-12-01,DIS,237.4,210.9,251.9,169.8
2026-01-01,DIS,203.0,210.9,251.9,169.8
2026-02-01,DIS,265.6,210.9,251.9,169.8
2026-03-01,DIS,257.3,210.9,251.9,169.8
2026-04-01,DIS,158.2,210.9,251.9,169.8
2026-05-01,DIS,188.6,210.9,251.9,169.8
2026-06-01,DIS,232.2,210.9,251.9,169.8
2026-07-01,DIS,238.8,210.9,251.9,169.8
2026-08-01,DIS,199.0,210.9,251.9,169.8
2026-09-01,DIS,178.2,210.9,251.9,169.8
2026-10-01,DIS,23.0,210.9,251.9,169.8
2025-10-01,DLR,37.0,45.9,59.5,32.3
2025-11-01,DLR,35.7,45.9,59.5,32.3
2025-12-01,DLR,44.1,45.9,59.5,32.3
2026-01-01,DLR,40.8,45.9,59.5,32.3
2026-02-01,DLR,41.8,45.9,59.5,32.3
2026-03-01,DLR,43.1,45.9,59.5,32.3
2026-04-01,DLR,45.9,45.9,59.5,32.3
2026-05-01,DLR,38.0,45.9,59.5,32.3
2026-06-01,DLR,67.0,45.9,59.5,32.3
2026-07-01,DLR,79.0,45.9,59.5,32.3
2026-08-01,DLR,44.1,45.9,59.5,32.3
2026-09-01,DLR,39.7,45.9,59.5,32.3
2026-10-01,DLR,5.1,45.9,59.5,32.3
2025-10-01,DLTR,112.8,70.6,89.3,51.9
2025-11-01,DLTR,63.3,70.6,89.3,51.9
2025-12-01,DLTR,77.4,70.6,89.3,51.9
2026-01-01,DLTR,65.3,70.6,89.3,51.9
2026-02-01,DLTR,54.3,70.6,89.3,51.9
2026-03-01,DLTR,70.2,70.6,89.3,51.9
2026-04-01,DLTR,72.1,70.6,89.3,51.9
2026-05-01,DLTR,91.3,70.6,89.3,51.9
2026-06-01,DLTR,76.9,70.6,89.3,51.9
2026-07-01,DLTR,62.1,70.6,89.3,51.9
2026-08-01,DLTR,49.0,70.6,89.3,51.9
2026-09-01,DLTR,59.1,70.6,89.3,51.9
2026-10-01,DLTR,5.7,70.6,89.3,51.9
2025-10-01,DOC,229.9,163.7,209.2,118.2
2025-11-01,DOC,122.0,163.7,209.2,118.2
2025-12-01,DOC,169.4,163.7,209.2,118.2
2026-01-01,DOC,194.0,163.7,209.2,118.2
2026-02-01,DOC,205.8,163.7,209.2,118.2
2026-03-01,DOC,168.7,163.7,209.2,118.2
2026-04-01,DOC,168.4,163.7,209.2,118.2
2026-05-01,DOC,233.1,163.7,209.2,118.2
2026-06-01,DOC,152.6,163.7,209.2,118.2
2026-07-01,DOC,134.5,163.7,209.2,118.2
2026-08-01,DOC,104.7,163.7,209.2,118.2
2026-09-01,DOC,108.6,163.7,209.2,118.2
2026-10-01,DOC,17.6,163.7,209.2,118.2
2025-10-01,DOV,30.9,24.0,29.0,19.0
2025-11-01,DOV,20.4,24.0,29.0,19.0
2025-12-01,DOV,22.0,24.0,29.0,19.0
2026-01-01,DOV,26.2,24.0,29.0,19.0
2026-02-01,DOV,27.6,24.0,29.0,19.0
2026-03-01,DOV,25.7,24.0,29.0,19.0
2026-04-01,DOV,22.4,24.0,29.0,19.0
2026-05-01,DOV,16.2,24.0,29.0,19.0
2026-06-01,DOV,21.6,24.0,29.0,19.0
2026-07-01,DOV,28.6,24.0,29.0,19.0
2026-08-01,DOV,20.4,24.0,29.0,19.0
2026-09-01,DOV,29.5,24.0,29.0,19.0
2026-10-01,DOV,3.0,24.0,29.0,19.0
2025-10-01,DOW,312.3,253.8,311.6,196.0
2025-11-01,DOW,249.3,253.8,311.6,196.0
2025-12-01,DOW,241.8,253.8,311.6,196.0
2026-01-01,DOW,251.4,253.8,311.6,196.0
2026-02-01,DOW,253.6,253.8,311.6,196.0
2026-03-01,DOW,357.9,253.8,311.6,196.0
2026-04-01,DOW,314.1,253.8,311.6,196.0
2026-05-01,DOW,227.7,253.8,311.6,196.0
2026-06-01,DOW,268.2,253.8,311.6,196.0
2026-07-01,DOW,238.1,253.8,311.6,196.0
2026-08-01,DOW,175.0,253.8,311.6,196.0
2026-09-01,DOW,189.3,253.8,311.6,196.0
2026-10-01,DOW,24.6,253.8,311.6,196.0
2025-10-01,DPZ,15.5,17.2,21.6,12.7
2025-11-01,DPZ,9.4,17.2,21.6,12.7
2025-12-01,DPZ,12.0,17.2,21.6,12.7
2026-01-01,DPZ,14.1,17.2,21.6,12.7
2026-02-01,DPZ,20.4,17.2,21.6,12.7
2026-03-01,DPZ,23.1,17.2,21.6,12.7
2026-04-01,DPZ,21.6,17.2,21.6,12.7
2026-05-01,DPZ,16.5,17.2,21.6,12.7
2026-06-01,DPZ,20.2,17.2,21.6,12.7
2026-07-01,DPZ,22.1,17.2,21.6,12.7
2026-08-01,DPZ,17.5,17.2,21.6,12.7
2026-09-01,DPZ,15.8,17.2,21.6,12.7
2026-10-01,DPZ,1.8,17.2,21.6,12.7
2025-10-01,DRI,23.9,28.1,34.7,21.5
2025-11-01,DRI,26.8,28.1,34.7,21.5
2025-12-01,DRI,38.2,28.1,34.7,21.5
2026-01-01,DRI,34.4,28.1,34.7,21.5
2026-02-01,DRI,23.5,28.1,34.7,21.5
2026-03-01,DRI,37.0,28.1,34.7,21.5
2026-04-01,DRI,25.3,28.1,34.7,21.5
2026-05-01,DRI,20.2,28.1,34.7,21.5
2026-06-01,DRI,31.3,28.1,34.7,21.5
2026-07-01,DRI,31.6,28.1,34.7,21.5
2026-08-01,DRI,20.5,28.1,34.7,21.5
2026-09-01,DRI,27.7,28.1,34.7,21.5
2026-10-01,DRI,3.5,28.1,34.7,21.5
2025-10-01,DTE,24.0,30.0,35.6,24.5
2025-11-01,DTE,30.2,30.0,35.6,24.5
2025-12-01,DTE,36.4,30.0,35.6,24.5
2026-01-01,DTE,33.0,30.0,35.6,24.5
2026-02-01,DTE,30.2,30.0,35.6,24.5
2026-03-01,DTE,28.6,30.0,35.6,24.5
2026-04-01,DTE,22.6,30.0,35.6,24.5
2026-05-01,DTE,34.4,30.0,35.6,24.5
2026-06-01,DTE,31.7,30.0,35.6,24.5
2026-07-01,DTE,28.6,30.0,35.6,24.5
2026-08-01,DTE,27.1,30.0,35.6,24.5
2026-09-01,DTE,39.2,30.0,35.6,24.5
2026-10-01,DTE,5.7,30.0,35.6,24.5
2025-10-01,DUK,63.0,78.3,94.1,62.6
2025-11-01,DUK,67.6,78.3,94.1,62.6
2025-12-01,DUK,73.4,78.3,94.1,62.6
2026-01-01,DUK,79.4,78.3,94.1,62.6
2026-02-01,DUK,92.6,78.3,94.1,62.6
2026-03-01,DUK,107.3,78.3,94.1,62.6
2026-04-01,DUK,62.8,78.3,94.1,62.6
2026-05-01,DUK,65.9,78.3,94.1,62.6
2026-06-01,DUK,78.4,78.3,94.1,62.6
2026-07-01,DUK,81.9,78.3,94.1,62.6
2026-08-01,DUK,96.1,78.3,94.1,62.6
2026-09-01,DUK,84.0,78.3,94.1,62.6
2026-10-01,DUK,12.9,78.3,94.1,62.6
2025-10-01,DVA,17.8,18.4,22.8,14.1
2025-11-01,DVA,21.0,18.4,22.8,14.1
2025-12-01,DVA,16.3,18.4,22.8,14.1
2026-01-01,DVA,18.5,18.4,22.8,14.1
2026-02-01,DVA,28.6,18.4,22.8,14.1
2026-03-01,DVA,19.6,18.4,22.8,14.1
2026-04-01,DVA,13.5,18.4,22.8,14.1
2026-05-01,DVA,21.8,18.4,22.8,14.1
2026-06-01,DVA,17.7,18.4,22.8,14.1
2026-07-01,DVA,14.8,18.4,22.8,14.1
2026-08-01,DVA,21.4,18.4,22.8,14.1
2026-09-01,DVA,15.1,18.4,22.8,14.1
2026-10-01,DVA,1.6,18.4,22.8,14.1
2025-10-01,DVN,159.6,246.0,325.8,166.2
2025-11-01,DVN,167.3,246.0,325.8,166.2
2025-12-01,DVN,166.0,246.0,325.8,166.2
2026-01-01,DVN,204.0,246.0,325.8,166.2
2026-02-01,DVN,228.3,246.0,325.8,166.2
2026-03-01,DVN,421.4,246.0,325.8,166.2
2026-04-01,DVN,263.1,246.0,325.8,166.2
2026-05-01,DVN,316.0,246.0,325.8,166.2
2026-06-01,DVN,327.3,246.0,325.8,166.2
2026-07-01,DVN,243.6,246.0,325.8,166.2
2026-08-01,DVN,219.4,246.0,325.8,166.2
2026-09-01,DVN,274.2,246.0,325.8,166.2
2026-10-01,DVN,25.5,246.0,325.8,166.2
2025-10-01,DXCM,128.5,108.5,132.0,85.0
2025-11-01,DXCM,144.4,108.5,132.0,85.0
2025-12-01,DXCM,101.2,108.5,132.0,85.0
2026-01-01,DXCM,121.3,108.5,132.0,85.0
2026-02-01,DXCM,98.1,108.5,132.0,85.0
2026-03-01,DXCM,90.2,108.5,132.0,85.0
2026-04-01,DXCM,89.2,108.5,132.0,85.0
2026-05-01,DXCM,148.6,108.5,132.0,85.0
2026-06-01,DXCM,111.1,108.5,132.0,85.0
2026-07-01,DXCM,105.2,108.5,132.0,85.0
2026-08-01,DXCM,103.3,108.5,132.0,85.0
2026-09-01,DXCM,84.6,108.5,132.0,85.0
2026-10-01,DXCM,8.3,108.5,132.0,85.0
2025-10-01,EBAY,143.0,103.0,128.8,77.2
2025-11-01,EBAY,86.5,103.0,128.8,77.2
2025-12-01,EBAY,92.2,103.0,128.8,77.2
2026-01-01,EBAY,81.9,103.0,128.8,77.2
2026-02-01,EBAY,133.3,103.0,128.8,77.2
2026-03-01,EBAY,109.6,103.0,128.8,77.2
2026-04-01,EBAY,108.5,103.0,128.8,77.2
2026-05-01,EBAY,140.6,103.0,128.8,77.2
2026-06-01,EBAY,78.8,103.0,128.8,77.2
2026-07-01,EBAY,72.9,103.0,128.8,77.2
2026-08-01,EBAY,99.8,103.0,128.8,77.2
2026-09-01,EBAY,107.0,103.0,128.8,77.2
2026-10-01,EBAY,9.4,103.0,128.8,77.2
2025-10-01,EC,43.1,54.6,71.7,37.5
2025-11-01,EC,49.7,54.6,71.7,37.5
2025-12-01,EC,39.0,54.6,71.7,37.5
2026-01-01,EC,71.9,54.6,71.7,37.5
2026-02-01,EC,55.3,54.6,71.7,37.5
2026-03-01,EC,89.6,54.6,71.7,37.5
2026-04-01,EC,59.7,54.6,71.7,37.5
2026-05-01,EC,62.6,54.6,71.7,37.5
2026-06-01,EC,71.6,54.6,71.7,37.5
2026-07-01,EC,51.4,54.6,71.7,37.5
2026-08-01,EC,38.5,54.6,71.7,37.5
2026-09-01,EC,33.8,54.6,71.7,37.5
2026-10-01,EC,5.1,54.6,71.7,37.5
2025-10-01,ECH,12.9,14.8,21.4,8.1
2025-11-01,ECH,23.3,14.8,21.4,8.1
2025-12-01,ECH,13.4,14.8,21.4,8.1
2026-01-01,ECH,19.0,14.8,21.4,8.1
2026-02-01,ECH,25.6,14.8,21.4,8.1
2026-03-01,ECH,26.4,14.8,21.4,8.1
2026-04-01,ECH,14.8,14.8,21.4,8.1
2026-05-01,ECH,7.6,14.8,21.4,8.1
2026-06-01,ECH,11.7,14.8,21.4,8.1
2026-07-01,ECH,7.5,14.8,21.4,8.1
2026-08-01,ECH,9.7,14.8,21.4,8.1
2026-09-01,ECH,9.6,14.8,21.4,8.1
2026-10-01,ECH,2.4,14.8,21.4,8.1
2025-10-01,ECHO,67.4,119.4,182.1,56.7
2025-11-01,ECHO,63.0,119.4,182.1,56.7
2025-12-01,ECHO,131.1,119.4,182.1,56.7
2026-01-01,ECHO,143.4,119.4,182.1,56.7
2026-02-01,ECHO,77.5,119.4,182.1,56.7
2026-03-01,ECHO,176.8,119.4,182.1,56.7
2026-04-01,ECHO,119.8,119.4,182.1,56.7
2026-05-01,ECHO,124.5,119.4,182.1,56.7
2026-06-01,ECHO,289.5,119.4,182.1,56.7
2026-07-01,ECHO,113.4,119.4,182.1,56.7
2026-08-01,ECHO,73.7,119.4,182.1,56.7
2026-09-01,ECHO,66.3,119.4,182.1,56.7
2026-10-01,ECHO,15.7,119.4,182.1,56.7
2025-10-01,ECL,32.2,29.9,35.9,24.0
2025-11-01,ECL,28.3,29.9,35.9,24.0
2025-12-01,ECL,30.4,29.9,35.9,24.0
2026-01-01,ECL,23.0,29.9,35.9,24.0
2026-02-01,ECL,26.8,29.9,35.9,24.0
2026-03-01,ECL,38.2,29.9,35.9,24.0
2026-04-01,ECL,27.8,29.9,35.9,24.0
2026-05-01,ECL,35.1,29.9,35.9,24.0
2026-06-01,ECL,40.0,29.9,35.9,24.0
2026-07-01,ECL,26.4,29.9,35.9,24.0
2026-08-01,ECL,29.8,29.9,35.9,24.0
2026-09-01,ECL,25.2,29.9,35.9,24.0
2026-10-01,ECL,3.9,29.9,35.9,24.0
2025-10-01,ED,37.5,44.9,52.5,37.3
2025-11-01,ED,49.3,44.9,52.5,37.3
2025-12-01,ED,42.9,44.9,52.5,37.3
2026-01-01,ED,38.1,44.9,52.5,37.3
2026-02-01,ED,51.0,44.9,52.5,37.3
2026-03-01,ED,48.2,44.9,52.5,37.3
2026-04-01,ED,34.8,44.9,52.5,37.3
2026-05-01,ED,55.0,44.9,52.5,37.3
2026-06-01,ED,52.0,44.9,52.5,37.3
2026-07-01,ED,47.8,44.9,52.5,37.3
2026-08-01,ED,47.4,44.9,52.5,37.3
2026-09-01,ED,43.6,44.9,52.5,37.3
2026-10-01,ED,8.2,44.9,52.5,37.3
2025-10-01,EDEN,0.1,0.2,0.2,0.1
2025-11-01,EDEN,0.1,0.2,0.2,0.1
2025-12-01,EDEN,0.1,0.2,0.2,0.1
2026-01-01,EDEN,0.2,0.2,0.2,0.1
2026-02-01,EDEN,0.2,0.2,0.2,0.1
2026-03-01,EDEN,0.2,0.2,0.2,0.1
2026-04-01,EDEN,0.1,0.2,0.2,0.1
2026-05-01,EDEN,0.3,0.2,0.2,0.1
2026-06-01,EDEN,0.1,0.2,0.2,0.1
2026-07-01,EDEN,0.2,0.2,0.2,0.1
2026-08-01,EDEN,0.3,0.2,0.2,0.1
2026-09-01,EDEN,0.2,0.2,0.2,0.1
2026-10-01,EDEN,0.1,0.2,0.2,0.1
2025-10-01,EDV,27.7,26.2,33.5,18.8
2025-11-01,EDV,20.5,26.2,33.5,18.8
2025-12-01,EDV,21.5,26.2,33.5,18.8
2026-01-01,EDV,25.4,26.2,33.5,18.8
2026-02-01,EDV,19.6,26.2,33.5,18.8
2026-03-01,EDV,35.3,26.2,33.5,18.8
2026-04-01,EDV,24.2,26.2,33.5,18.8
2026-05-01,EDV,22.9,26.2,33.5,18.8
2026-06-01,EDV,19.0,26.2,33.5,18.8
2026-07-01,EDV,25.4,26.2,33.5,18.8
2026-08-01,EDV,29.5,26.2,33.5,18.8
2026-09-01,EDV,44.7,26.2,33.5,18.8
2026-10-01,EDV,8.4,26.2,33.5,18.8
2025-10-01,EFNL,0.1,0.6,1.4,-0.2
2025-11-01,EFNL,0.1,0.6,1.4,-0.2
2025-12-01,EFNL,0.2,0.6,1.4,-0.2
2026-01-01,EFNL,0.2,0.6,1.4,-0.2
2026-02-01,EFNL,0.1,0.6,1.4,-0.2
2026-03-01,EFNL,0.2,0.6,1.4,-0.2
2026-04-01,EFNL,0.1,0.6,1.4,-0.2
2026-05-01,EFNL,0.4,0.6,1.4,-0.2
2026-06-01,EFNL,2.9,0.6,1.4,-0.2
2026-07-01,EFNL,1.2,0.6,1.4,-0.2
2026-08-01,EFNL,0.3,0.6,1.4,-0.2
2026-09-01,EFNL,1.5,0.6,1.4,-0.2
2026-10-01,EFNL,0.1,0.6,1.4,-0.2
2025-10-01,EFX,32.7,34.0,40.6,27.4
2025-11-01,EFX,26.4,34.0,40.6,27.4
2025-12-01,EFX,32.2,34.0,40.6,27.4
2026-01-01,EFX,33.9,34.0,40.6,27.4
2026-02-01,EFX,44.3,34.0,40.6,27.4
2026-03-01,EFX,34.5,34.0,40.6,27.4
2026-04-01,EFX,37.6,34.0,40.6,27.4
2026-05-01,EFX,31.7,34.0,40.6,27.4
2026-06-01,EFX,40.2,34.0,40.6,27.4
2026-07-01,EFX,41.2,34.0,40.6,27.4
2026-08-01,EFX,22.5,34.0,40.6,27.4
2026-09-01,EFX,36.0,34.0,40.6,27.4
2026-10-01,EFX,8.1,34.0,40.6,27.4
2025-10-01,EG,8.6,7.9,9.4,6.4
2025-11-01,EG,8.7,7.9,9.4,6.4
2025-12-01,EG,8.3,7.9,9.4,6.4
2026-01-01,EG,6.6,7.9,9.4,6.4
2026-02-01,EG,8.3,7.9,9.4,6.4
2026-03-01,EG,7.7,7.9,9.4,6.4
2026-04-01,EG,6.9,7.9,9.4,6.4
2026-05-01,EG,6.8,7.9,9.4,6.4
2026-06-01,EG,10.7,7.9,9.4,6.4
2026-07-01,EG,8.3,7.9,9.4,6.4
2026-08-01,EG,5.9,7.9,9.4,6.4
2026-09-01,EG,8.9,7.9,9.4,6.4
2026-10-01,EG,1.2,7.9,9.4,6.4
2025-10-01,EIDO,9.5,19.5,31.1,7.8
2025-11-01,EIDO,7.7,19.5,31.1,7.8
2025-12-01,EIDO,8.0,19.5,31.1,7.8
2026-01-01,EIDO,18.2,19.5,31.1,7.8
2026-02-01,EIDO,14.0,19.5,31.1,7.8
2026-03-01,EIDO,17.6,19.5,31.1,7.8
2026-04-01,EIDO,12.0,19.5,31.1,7.8
2026-05-01,EIDO,23.6,19.5,31.1,7.8
2026-06-01,EIDO,50.3,19.5,31.1,7.8
2026-07-01,EIDO,29.8,19.5,31.1,7.8
2026-08-01,EIDO,19.7,19.5,31.1,7.8
2026-09-01,EIDO,25.9,19.5,31.1,7.8
2026-10-01,EIDO,3.3,19.5,31.1,7.8
2025-10-01,EIRL,0.1,0.2,0.3,0.0
2025-11-01,EIRL,0.1,0.2,0.3,0.0
2025-12-01,EIRL,0.1,0.2,0.3,0.0
2026-01-01,EIRL,0.1,0.2,0.3,0.0
2026-02-01,EIRL,0.3,0.2,0.3,0.0
2026-03-01,EIRL,0.2,0.2,0.3,0.0
2026-04-01,EIRL,0.1,0.2,0.3,0.0
2026-05-01,EIRL,0.1,0.2,0.3,0.0
2026-06-01,EIRL,0.7,0.2,0.3,0.0
2026-07-01,EIRL,0.2,0.2,0.3,0.0
2026-08-01,EIRL,0.1,0.2,0.3,0.0
2026-09-01,EIRL,0.1,0.2,0.3,0.0
2026-10-01,EIRL,0.0,0.2,0.3,0.0
2025-10-01,EIS,1.5,2.0,3.2,0.7
2025-11-01,EIS,1.3,2.0,3.2,0.7
2025-12-01,EIS,1.4,2.0,3.2,0.7
2026-01-01,EIS,2.8,2.0,3.2,0.7
2026-02-01,EIS,2.8,2.0,3.2,0.7
2026-03-01,EIS,5.2,2.0,3.2,0.7
2026-04-01,EIS,2.2,2.0,3.2,0.7
2026-05-01,EIS,1.8,2.0,3.2,0.7
2026-06-01,EIS,2.1,2.0,3.2,0.7
2026-07-01,EIS,1.6,2.0,3.2,0.7
2026-08-01,EIS,0.6,2.0,3.2,0.7
2026-09-01,EIS,0.6,2.0,3.2,0.7
2026-10-01,EIS,0.2,2.0,3.2,0.7
2025-10-01,EIX,74.1,71.6,96.3,46.9
2025-11-01,EIX,58.1,71.6,96.3,46.9
2025-12-01,EIX,68.9,71.6,96.3,46.9
2026-01-01,EIX,61.2,71.6,96.3,46.9
2026-02-01,EIX,68.2,71.6,96.3,46.9
2026-03-01,EIX,80.8,71.6,96.3,46.9
2026-04-01,EIX,58.0,71.6,96.3,46.9
2026-05-01,EIX,55.4,71.6,96.3,46.9
2026-06-01,EIX,51.0,71.6,96.3,46.9
2026-07-01,EIX,54.3,71.6,96.3,46.9
2026-08-01,EIX,98.8,71.6,96.3,46.9
2026-09-01,EIX,138.5,71.6,96.3,46.9
2026-10-01,EIX,15.1,71.6,96.3,46.9
2025-10-01,EL,80.3,77.9,96.9,58.8
2025-11-01,EL,70.9,77.9,96.9,58.8
2025-12-01,EL,75.1,77.9,96.9,58.8
2026-01-01,EL,67.2,77.9,96.9,58.8
2026-02-01,EL,96.7,77.9,96.9,58.8
2026-03-01,EL,120.5,77.9,96.9,58.8
2026-04-01,EL,86.2,77.9,96.9,58.8
2026-05-01,EL,78.1,77.9,96.9,58.8
2026-06-01,EL,81.5,77.9,96.9,58.8
2026-07-01,EL,50.3,77.9,96.9,58.8
2026-08-01,EL,77.6,77.9,96.9,58.8
2026-09-01,EL,62.8,77.9,96.9,58.8
2026-10-01,EL,9.0,77.9,96.9,58.8
2025-10-01,ELV,42.9,33.9,42.6,25.1
2025-11-01,ELV,28.8,33.9,42.6,25.1
2025-12-01,ELV,34.1,33.9,42.6,25.1
2026-01-01,ELV,35.2,33.9,42.6,25.1
2026-02-01,ELV,31.5,33.9,42.6,25.1
2026-03-01,ELV,51.1,33.9,42.6,25.1
2026-04-01,ELV,37.3,33.9,42.6,25.1
2026-05-01,ELV,31.9,33.9,42.6,25.1
2026-06-01,ELV,38.0,33.9,42.6,25.1
2026-07-01,ELV,34.2,33.9,42.6,25.1
2026-08-01,ELV,18.7,33.9,42.6,25.1
2026-09-01,ELV,26.3,33.9,42.6,25.1
2026-10-01,ELV,2.8,33.9,42.6,25.1
2025-10-01,EME,12.1,8.4,10.2,6.6
2025-11-01,EME,7.9,8.4,10.2,6.6
2025-12-01,EME,7.9,8.4,10.2,6.6
2026-01-01,EME,6.9,8.4,10.2,6.6
2026-02-01,EME,8.0,8.4,10.2,6.6
2026-03-01,EME,8.5,8.4,10.2,6.6
2026-04-01,EME,7.5,8.4,10.2,6.6
2026-05-01,EME,7.2,8.4,10.2,6.6
2026-06-01,EME,9.6,8.4,10.2,6.6
2026-07-01,EME,10.8,8.4,10.2,6.6
2026-08-01,EME,7.8,8.4,10.2,6.6
2026-09-01,EME,7.4,8.4,10.2,6.6
2026-10-01,EME,1.1,8.4,10.2,6.6
2025-10-01,EMR,53.8,58.4,69.2,47.6
2025-11-01,EMR,53.3,58.4,69.2,47.6
2025-12-01,EMR,50.1,58.4,69.2,47.6
2026-01-01,EMR,61.2,58.4,69.2,47.6
2026-02-01,EMR,84.2,58.4,69.2,47.6
2026-03-01,EMR,67.5,58.4,69.2,47.6
2026-04-01,EMR,56.2,58.4,69.2,47.6
2026-05-01,EMR,64.4,58.4,69.2,47.6
2026-06-01,EMR,59.7,58.4,69.2,47.6
2026-07-01,EMR,56.6,58.4,69.2,47.6
2026-08-01,EMR,56.1,58.4,69.2,47.6
2026-09-01,EMR,50.2,58.4,69.2,47.6
2026-10-01,EMR,8.4,58.4,69.2,47.6
2025-10-01,ENZL,0.1,0.9,1.7,0.1
2025-11-01,ENZL,0.1,0.9,1.7,0.1
2025-12-01,ENZL,0.3,0.9,1.7,0.1
2026-01-01,ENZL,0.2,0.9,1.7,0.1
2026-02-01,ENZL,1.9,0.9,1.7,0.1
2026-03-01,ENZL,0.4,0.9,1.7,0.1
2026-04-01,ENZL,0.6,0.9,1.7,0.1
2026-05-01,ENZL,0.6,0.9,1.7,0.1
2026-06-01,ENZL,1.2,0.9,1.7,0.1
2026-07-01,ENZL,2.4,0.9,1.7,0.1
2026-08-01,ENZL,2.3,0.9,1.7,0.1
2026-09-01,ENZL,0.9,0.9,1.7,0.1
2026-10-01,ENZL,0.1,0.9,1.7,0.1
2025-10-01,EOG,93.9,84.1,105.2,63.0
2025-11-01,EOG,74.4,84.1,105.2,63.0
2025-12-01,EOG,82.9,84.1,105.2,63.0
2026-01-01,EOG,94.0,84.1,105.2,63.0
2026-02-01,EOG,103.8,84.1,105.2,63.0
2026-03-01,EOG,131.8,84.1,105.2,63.0
2026-04-01,EOG,85.8,84.1,105.2,63.0
2026-05-01,EOG,72.1,84.1,105.2,63.0
2026-06-01,EOG,88.0,84.1,105.2,63.0
2026-07-01,EOG,64.1,84.1,105.2,63.0
2026-08-01,EOG,61.1,84.1,105.2,63.0
2026-09-01,EOG,70.4,84.1,105.2,63.0
2026-10-01,EOG,9.3,84.1,105.2,63.0
2025-10-01,EPAM,14.8,27.6,38.4,16.7
2025-11-01,EPAM,21.6,27.6,38.4,16.7
2025-12-01,EPAM,17.0,27.6,38.4,16.7
2026-01-01,EPAM,13.8,27.6,38.4,16.7
2026-02-01,EPAM,31.4,27.6,38.4,16.7
2026-03-01,EPAM,27.4,27.6,38.4,16.7
2026-04-01,EPAM,29.4,27.6,38.4,16.7
2026-05-01,EPAM,38.7,27.6,38.4,16.7
2026-06-01,EPAM,51.1,27.6,38.4,16.7
2026-07-01,EPAM,35.3,27.6,38.4,16.7
2026-08-01,EPAM,33.0,27.6,38.4,16.7
2026-09-01,EPAM,23.0,27.6,38.4,16.7
2026-10-01,EPAM,3.7,27.6,38.4,16.7
2025-10-01,EPHE,1.7,3.0,4.2,1.8
2025-11-01,EPHE,3.1,3.0,4.2,1.8
2025-12-01,EPHE,2.9,3.0,4.2,1.8
2026-01-01,EPHE,3.4,3.0,4.2,1.8
2026-02-01,EPHE,2.7,3.0,4.2,1.8
2026-03-01,EPHE,5.1,3.0,4.2,1.8
2026-04-01,EPHE,1.7,3.0,4.2,1.8
2026-05-01,EPHE,2.2,3.0,4.2,1.8
2026-06-01,EPHE,3.2,3.0,4.2,1.8
2026-07-01,EPHE,3.0,3.0,4.2,1.8
2026-08-01,EPHE,5.4,3.0,4.2,1.8
2026-09-01,EPHE,2.3,3.0,4.2,1.8
2026-10-01,EPHE,0.5,3.0,4.2,1.8
2025-10-01,EPOL,6.7,8.8,11.3,6.2
2025-11-01,EPOL,5.5,8.8,11.3,6.2
2025-12-01,EPOL,6.4,8.8,11.3,6.2
2026-01-01,EPOL,11.1,8.8,11.3,6.2
2026-02-01,EPOL,10.8,8.8,11.3,6.2
2026-03-01,EPOL,14.4,8.8,11.3,6.2
2026-04-01,EPOL,9.1,8.8,11.3,6.2
2026-05-01,EPOL,7.1,8.8,11.3,6.2
2026-06-01,EPOL,9.7,8.8,11.3,6.2
2026-07-01,EPOL,9.0,8.8,11.3,6.2
2026-08-01,EPOL,9.4,8.8,11.3,6.2
2026-09-01,EPOL,7.6,8.8,11.3,6.2
2026-10-01,EPOL,1.3,8.8,11.3,6.2
2025-10-01,EPU,1.3,1.7,2.8,0.6
2025-11-01,EPU,0.8,1.7,2.8,0.6
2025-12-01,EPU,1.1,1.7,2.8,0.6
2026-01-01,EPU,4.2,1.7,2.8,0.6
2026-02-01,EPU,3.5,1.7,2.8,0.6
2026-03-01,EPU,2.6,1.7,2.8,0.6
2026-04-01,EPU,1.7,1.7,2.8,0.6
2026-05-01,EPU,1.6,1.7,2.8,0.6
2026-06-01,EPU,2.0,1.7,2.8,0.6
2026-07-01,EPU,1.1,1.7,2.8,0.6
2026-08-01,EPU,0.7,1.7,2.8,0.6
2026-09-01,EPU,0.7,1.7,2.8,0.6
2026-10-01,EPU,0.2,1.7,2.8,0.6
2025-10-01,EQIX,11.1,11.9,13.9,10.0
2025-11-01,EQIX,10.1,11.9,13.9,10.0
2025-12-01,EQIX,12.8,11.9,13.9,10.0
2026-01-01,EQIX,10.9,11.9,13.9,10.0
2026-02-01,EQIX,14.9,11.9,13.9,10.0
2026-03-01,EQIX,14.2,11.9,13.9,10.0
2026-04-01,EQIX,11.2,11.9,13.9,10.0
2026-05-01,EQIX,11.0,11.9,13.9,10.0
2026-06-01,EQIX,13.6,11.9,13.9,10.0
2026-07-01,EQIX,12.4,11.9,13.9,10.0
2026-08-01,EQIX,12.2,11.9,13.9,10.0
2026-09-01,EQIX,10.9,11.9,13.9,10.0
2026-10-01,EQIX,1.3,11.9,13.9,10.0
2025-10-01,EQR,59.5,66.3,91.5,41.1
2025-11-01,EQR,44.1,66.3,91.5,41.1
2025-12-01,EQR,49.5,66.3,91.5,41.1
2026-01-01,EQR,49.8,66.3,91.5,41.1
2026-02-01,EQR,59.9,66.3,91.5,41.1
2026-03-01,EQR,53.9,66.3,91.5,41.1
2026-04-01,EQR,55.0,66.3,91.5,41.1
2026-05-01,EQR,59.8,66.3,91.5,41.1
2026-06-01,EQR,68.4,66.3,91.5,41.1
2026-07-01,EQR,65.1,66.3,91.5,41.1
2026-08-01,EQR,107.8,66.3,91.5,41.1
2026-09-01,EQR,130.4,66.3,91.5,41.1
2026-10-01,EQR,17.9,66.3,91.5,41.1
2025-10-01,EQT,164.1,167.4,202.5,132.4
2025-11-01,EQT,149.5,167.4,202.5,132.4
2025-12-01,EQT,174.7,167.4,202.5,132.4
2026-01-01,EQT,251.4,167.4,202.5,132.4
2026-02-01,EQT,177.3,167.4,202.5,132.4
2026-03-01,EQT,200.4,167.4,202.5,132.4
2026-04-01,EQT,168.2,167.4,202.5,132.4
2026-05-01,EQT,133.4,167.4,202.5,132.4
2026-06-01,EQT,161.2,167.4,202.5,132.4
2026-07-01,EQT,167.7,167.4,202.5,132.4
2026-08-01,EQT,129.5,167.4,202.5,132.4
2026-09-01,EQT,159.0,167.4,202.5,132.4
2026-10-01,EQT,24.6,167.4,202.5,132.4
2025-10-01,ERIE,3.2,4.5,5.8,3.2
2025-11-01,ERIE,2.7,4.5,5.8,3.2
2025-12-01,ERIE,3.8,4.5,5.8,3.2
2026-01-01,ERIE,3.6,4.5,5.8,3.2
2026-02-01,ERIE,4.3,4.5,5.8,3.2
2026-03-01,ERIE,5.8,4.5,5.8,3.2
2026-04-01,ERIE,4.6,4.5,5.8,3.2
2026-05-01,ERIE,4.0,4.5,5.8,3.2
2026-06-01,ERIE,4.6,4.5,5.8,3.2
2026-07-01,ERIE,6.7,4.5,5.8,3.2
2026-08-01,ERIE,6.8,4.5,5.8,3.2
2026-09-01,ERIE,4.2,4.5,5.8,3.2
2026-10-01,ERIE,0.4,4.5,5.8,3.2
2025-10-01,ES,57.7,52.4,61.4,43.4
2025-11-01,ES,60.4,52.4,61.4,43.4
2025-12-01,ES,53.1,52.4,61.4,43.4
2026-01-01,ES,47.5,52.4,61.4,43.4
2026-02-01,ES,56.7,52.4,61.4,43.4
2026-03-01,ES,60.8,52.4,61.4,43.4
2026-04-01,ES,40.6,52.4,61.4,43.4
2026-05-01,ES,51.6,52.4,61.4,43.4
2026-06-01,ES,64.0,52.4,61.4,43.4
2026-07-01,ES,49.8,52.4,61.4,43.4
2026-08-01,ES,42.5,52.4,61.4,43.4
2026-09-01,ES,53.0,52.4,61.4,43.4
2026-10-01,ES,7.2,52.4,61.4,43.4
2025-10-01,ESS,11.5,10.4,12.0,8.8
2025-11-01,ESS,8.5,10.4,12.0,8.8
2025-12-01,ESS,10.8,10.4,12.0,8.8
2026-01-01,ESS,12.0,10.4,12.0,8.8
2026-02-01,ESS,11.1,10.4,12.0,8.8
2026-03-01,ESS,11.2,10.4,12.0,8.8
2026-04-01,ESS,9.7,10.4,12.0,8.8
2026-05-01,ESS,9.2,10.4,12.0,8.8
2026-06-01,ESS,10.4,10.4,12.0,8.8
2026-07-01,ESS,11.1,10.4,12.0,8.8
2026-08-01,ESS,8.5,10.4,12.0,8.8
2026-09-01,ESS,12.2,10.4,12.0,8.8
2026-10-01,ESS,1.5,10.4,12.0,8.8
2025-10-01,ETN,45.7,52.8,62.6,43.0
2025-11-01,ETN,60.6,52.8,62.6,43.0
2025-12-01,ETN,63.5,52.8,62.6,43.0
2026-01-01,ETN,60.5,52.8,62.6,43.0
2026-02-01,ETN,58.3,52.8,62.6,43.0
2026-03-01,ETN,60.8,52.8,62.6,43.0
2026-04-01,ETN,46.6,52.8,62.6,43.0
2026-05-01,ETN,60.3,52.8,62.6,43.0
2026-06-01,ETN,53.2,52.8,62.6,43.0
2026-07-01,ETN,52.2,52.8,62.6,43.0
2026-08-01,ETN,39.6,52.8,62.6,43.0
2026-09-01,ETN,43.7,52.8,62.6,43.0
2026-10-01,ETN,5.1,52.8,62.6,43.0
2025-10-01,ETR,64.3,60.5,73.5,47.4
2025-11-01,ETR,47.4,60.5,73.5,47.4
2025-12-01,ETR,59.9,60.5,73.5,47.4
2026-01-01,ETR,48.9,60.5,73.5,47.4
2026-02-01,ETR,56.9,60.5,73.5,47.4
2026-03-01,ETR,64.5,60.5,73.5,47.4
2026-04-01,ETR,59.9,60.5,73.5,47.4
2026-05-01,ETR,86.7,60.5,73.5,47.4
2026-06-01,ETR,75.5,60.5,73.5,47.4
2026-07-01,ETR,61.6,60.5,73.5,47.4
2026-08-01,ETR,42.7,60.5,73.5,47.4
2026-09-01,ETR,66.0,60.5,73.5,47.4
2026-10-01,ETR,8.8,60.5,73.5,47.4
2025-10-01,EVRG,46.4,42.8,49.0,36.6
2025-11-01,EVRG,40.1,42.8,49.0,36.6
2025-12-01,EVRG,42.6,42.8,49.0,36.6
2026-01-01,EVRG,43.0,42.8,49.0,36.6
2026-02-01,EVRG,45.4,42.8,49.0,36.6
2026-03-01,EVRG,46.7,42.8,49.0,36.6
2026-04-01,EVRG,32.2,42.8,49.0,36.6
2026-05-01,EVRG,43.2,42.8,49.0,36.6
2026-06-01,EVRG,45.0,42.8,49.0,36.6
2026-07-01,EVRG,45.0,42.8,49.0,36.6
2026-08-01,EVRG,40.9,42.8,49.0,36.6
2026-09-01,EVRG,49.7,42.8,49.0,36.6
2026-10-01,EVRG,6.8,42.8,49.0,36.6
2025-10-01,EW,119.6,91.2,114.5,68.0
2025-11-01,EW,71.9,91.2,114.5,68.0
2025-12-01,EW,63.9,91.2,114.5,68.0
2026-01-01,EW,73.6,91.2,114.5,68.0
2026-02-01,EW,103.4,91.2,114.5,68.0
2026-03-01,EW,103.4,91.2,114.5,68.0
2026-04-01,EW,117.2,91.2,114.5,68.0
2026-05-01,EW,96.4,91.2,114.5,68.0
2026-06-01,EW,108.5,91.2,114.5,68.0
2026-07-01,EW,113.4,91.2,114.5,68.0
2026-08-01,EW,63.6,91.2,114.5,68.0
2026-09-01,EW,71.4,91.2,114.5,68.0
2026-10-01,EW,8.8,91.2,114.5,68.0
2025-10-01,EWA,92.0,78.1,111.3,44.9
2025-11-01,EWA,86.2,78.1,111.3,44.9
2025-12-01,EWA,94.4,78.1,111.3,44.9
2026-01-01,EWA,109.8,78.1,111.3,44.9
2026-02-01,EWA,116.3,78.1,111.3,44.9
2026-03-01,EWA,145.3,78.1,111.3,44.9
2026-04-01,EWA,58.3,78.1,111.3,44.9
2026-05-01,EWA,40.5,78.1,111.3,44.9
2026-06-01,EWA,58.5,78.1,111.3,44.9
2026-07-01,EWA,42.7,78.1,111.3,44.9
2026-08-01,EWA,42.0,78.1,111.3,44.9
2026-09-01,EWA,64.9,78.1,111.3,44.9
2026-10-01,EWA,10.5,78.1,111.3,44.9
2025-10-01,EWC,36.2,43.6,57.9,29.4
2025-11-01,EWC,33.5,43.6,57.9,29.4
2025-12-01,EWC,41.9,43.6,57.9,29.4
2026-01-01,EWC,58.1,43.6,57.9,29.4
2026-02-01,EWC,52.4,43.6,57.9,29.4
2026-03-01,EWC,81.0,43.6,57.9,29.4
2026-04-01,EWC,43.1,43.6,57.9,29.4
2026-05-01,EWC,39.1,43.6,57.9,29.4
2026-06-01,EWC,37.4,43.6,57.9,29.4
2026-07-01,EWC,31.5,43.6,57.9,29.4
2026-08-01,EWC,37.0,43.6,57.9,29.4
2026-09-01,EWC,39.9,43.6,57.9,29.4
2026-10-01,EWC,4.4,43.6,57.9,29.4
2025-10-01,EWD,1.8,3.6,5.6,1.5
2025-11-01,EWD,1.0,3.6,5.6,1.5
2025-12-01,EWD,1.8,3.6,5.6,1.5
2026-01-01,EWD,2.3,3.6,5.6,1.5
2026-02-01,EWD,2.8,3.6,5.6,1.5
2026-03-01,EWD,4.3,3.6,5.6,1.5
2026-04-01,EWD,4.0,3.6,5.6,1.5
2026-05-01,EWD,2.9,3.6,5.6,1.5
2026-06-01,EWD,3.0,3.6,5.6,1.5
2026-07-01,EWD,8.3,3.6,5.6,1.5
2026-08-01,EWD,6.6,3.6,5.6,1.5
2026-09-01,EWD,4.6,3.6,5.6,1.5
2026-10-01,EWD,0.6,3.6,5.6,1.5
2025-10-01,EWG,49.8,37.2,54.8,19.7
2025-11-01,EWG,41.9,37.2,54.8,19.7
2025-12-01,EWG,42.5,37.2,54.8,19.7
2026-01-01,EWG,55.8,37.2,54.8,19.7
2026-02-01,EWG,26.4,37.2,54.8,19.7
2026-03-01,EWG,76.8,37.2,54.8,19.7
2026-04-01,EWG,44.2,37.2,54.8,19.7
2026-05-01,EWG,27.5,37.2,54.8,19.7
2026-06-01,EWG,23.8,37.2,54.8,19.7
2026-07-01,EWG,25.4,37.2,54.8,19.7
2026-08-01,EWG,15.5,37.2,54.8,19.7
2026-09-01,EWG,21.1,37.2,54.8,19.7
2026-10-01,EWG,2.9,37.2,54.8,19.7
2025-10-01,EWH,85.9,75.9,112.1,39.6
2025-11-01,EWH,50.4,75.9,112.1,39.6
2025-12-01,EWH,46.1,75.9,112.1,39.6
2026-01-01,EWH,79.4,75.9,112.1,39.6
2026-02-01,EWH,98.8,75.9,112.1,39.6
2026-03-01,EWH,180.7,75.9,112.1,39.6
2026-04-01,EWH,77.5,75.9,112.1,39.6
2026-05-01,EWH,51.8,75.9,112.1,39.6
2026-06-01,EWH,66.8,75.9,112.1,39.6
2026-07-01,EWH,66.8,75.9,112.1,39.6
2026-08-01,EWH,54.1,75.9,112.1,39.6
2026-09-01,EWH,59.6,75.9,112.1,39.6
2026-10-01,EWH,9.1,75.9,112.1,39.6
2025-10-01,EWI,10.2,9.1,11.6,6.7
2025-11-01,EWI,9.3,9.1,11.6,6.7
2025-12-01,EWI,8.5,9.1,11.6,6.7
2026-01-01,EWI,7.1,9.1,11.6,6.7
2026-02-01,EWI,9.3,9.1,11.6,6.7
2026-03-01,EWI,15.9,9.1,11.6,6.7
2026-04-01,EWI,8.6,9.1,11.6,6.7
2026-05-01,EWI,8.9,9.1,11.6,6.7
2026-06-01,EWI,8.4,9.1,11.6,6.7
2026-07-01,EWI,9.5,9.1,11.6,6.7
2026-08-01,EWI,8.5,9.1,11.6,6.7
2026-09-01,EWI,6.7,9.1,11.6,6.7
2026-10-01,EWI,1.2,9.1,11.6,6.7
2025-10-01,EWJ,155.3,139.1,197.1,81.1
2025-11-01,EWJ,115.6,139.1,197.1,81.1
2025-12-01,EWJ,104.9,139.1,197.1,81.1
2026-01-01,EWJ,167.9,139.1,197.1,81.1
2026-02-01,EWJ,203.3,139.1,197.1,81.1
2026-03-01,EWJ,281.2,139.1,197.1,81.1
2026-04-01,EWJ,156.0,139.1,197.1,81.1
2026-05-01,EWJ,107.5,139.1,197.1,81.1
2026-06-01,EWJ,135.4,139.1,197.1,81.1
2026-07-01,EWJ,111.6,139.1,197.1,81.1
2026-08-01,EWJ,71.5,139.1,197.1,81.1
2026-09-01,EWJ,80.4,139.1,197.1,81.1
2026-10-01,EWJ,14.8,139.1,197.1,81.1
2025-10-01,EWK,0.4,0.8,1.2,0.3
2025-11-01,EWK,0.2,0.8,1.2,0.3
2025-12-01,EWK,0.7,0.8,1.2,0.3
2026-01-01,EWK,0.2,0.8,1.2,0.3
2026-02-01,EWK,0.4,0.8,1.2,0.3
2026-03-01,EWK,1.0,0.8,1.2,0.3
2026-04-01,EWK,1.7,0.8,1.2,0.3
2026-05-01,EWK,1.4,0.8,1.2,0.3
2026-06-01,EWK,0.8,0.8,1.2,0.3
2026-07-01,EWK,0.8,0.8,1.2,0.3
2026-08-01,EWK,0.4,0.8,1.2,0.3
2026-09-01,EWK,1.2,0.8,1.2,0.3
2026-10-01,EWK,0.2,0.8,1.2,0.3
2025-10-01,EWL,7.4,11.6,16.3,6.8
2025-11-01,EWL,10.1,11.6,16.3,6.8
2025-12-01,EWL,10.3,11.6,16.3,6.8
2026-01-01,EWL,10.5,11.6,16.3,6.8
2026-02-01,EWL,9.8,11.6,16.3,6.8
2026-03-01,EWL,25.4,11.6,16.3,6.8
2026-04-01,EWL,15.4,11.6,16.3,6.8
2026-05-01,EWL,10.5,11.6,16.3,6.8
2026-06-01,EWL,8.2,11.6,16.3,6.8
2026-07-01,EWL,10.4,11.6,16.3,6.8
2026-08-01,EWL,10.7,11.6,16.3,6.8
2026-09-01,EWL,11.2,11.6,16.3,6.8
2026-10-01,EWL,2.7,11.6,16.3,6.8
2025-10-01,EWM,5.9,6.4,9.0,3.8
2025-11-01,EWM,5.3,6.4,9.0,3.8
2025-12-01,EWM,5.0,6.4,9.0,3.8
2026-01-01,EWM,9.9,6.4,9.0,3.8
2026-02-01,EWM,8.2,6.4,9.0,3.8
2026-03-01,EWM,12.6,6.4,9.0,3.8
2026-04-01,EWM,5.4,6.4,9.0,3.8
2026-05-01,EWM,4.5,6.4,9.0,3.8
2026-06-01,EWM,7.0,6.4,9.0,3.8
2026-07-01,EWM,5.3,6.4,9.0,3.8
2026-08-01,EWM,4.9,6.4,9.0,3.8
2026-09-01,EWM,3.5,6.4,9.0,3.8
2026-10-01,EWM,0.5,6.4,9.0,3.8
2025-10-01,EWN,2.2,3.1,4.7,1.6
2025-11-01,EWN,0.7,3.1,4.7,1.6
2025-12-01,EWN,1.6,3.1,4.7,1.6
2026-01-01,EWN,2.7,3.1,4.7,1.6
2026-02-01,EWN,2.2,3.1,4.7,1.6
2026-03-01,EWN,3.3,3.1,4.7,1.6
2026-04-01,EWN,2.5,3.1,4.7,1.6
2026-05-01,EWN,3.3,3.1,4.7,1.6
2026-06-01,EWN,5.4,3.1,4.7,1.6
2026-07-01,EWN,6.3,3.1,4.7,1.6
2026-08-01,EWN,4.3,3.1,4.7,1.6
2026-09-01,EWN,3.2,3.1,4.7,1.6
2026-10-01,EWN,0.2,3.1,4.7,1.6
2025-10-01,EWO,0.4,1.0,1.4,0.6
2025-11-01,EWO,0.6,1.0,1.4,0.6
2025-12-01,EWO,1.0,1.0,1.4,0.6
2026-01-01,EWO,1.4,1.0,1.4,0.6
2026-02-01,EWO,1.1,1.0,1.4,0.6
2026-03-01,EWO,1.3,1.0,1.4,0.6
2026-04-01,EWO,0.6,1.0,1.4,0.6
2026-05-01,EWO,0.4,1.0,1.4,0.6
2026-06-01,EWO,0.7,1.0,1.4,0.6
2026-07-01,EWO,1.4,1.0,1.4,0.6
2026-08-01,EWO,1.7,1.0,1.4,0.6
2026-09-01,EWO,1.1,1.0,1.4,0.6
2026-10-01,EWO,0.3,1.0,1.4,0.6
2025-10-01,EWP,14.8,11.2,15.1,7.3
2025-11-01,EWP,13.6,11.2,15.1,7.3
2025-12-01,EWP,15.9,11.2,15.1,7.3
2026-01-01,EWP,14.7,11.2,15.1,7.3
2026-02-01,EWP,11.4,11.2,15.1,7.3
2026-03-01,EWP,17.7,11.2,15.1,7.3
2026-04-01,EWP,9.3,11.2,15.1,7.3
2026-05-01,EWP,8.2,11.2,15.1,7.3
2026-06-01,EWP,5.6,11.2,15.1,7.3
2026-07-01,EWP,8.8,11.2,15.1,7.3
2026-08-01,EWP,7.2,11.2,15.1,7.3
2026-09-01,EWP,8.5,11.2,15.1,7.3
2026-10-01,EWP,3.0,11.2,15.1,7.3
2025-10-01,EWQ,6.4,7.7,10.2,5.2
2025-11-01,EWQ,6.9,7.7,10.2,5.2
2025-12-01,EWQ,7.1,7.7,10.2,5.2
2026-01-01,EWQ,8.1,7.7,10.2,5.2
2026-02-01,EWQ,6.6,7.7,10.2,5.2
2026-03-01,EWQ,15.0,7.7,10.2,5.2
2026-04-01,EWQ,8.9,7.7,10.2,5.2
2026-05-01,EWQ,8.0,7.7,10.2,5.2
2026-06-01,EWQ,7.2,7.7,10.2,5.2
2026-07-01,EWQ,6.3,7.7,10.2,5.2
2026-08-01,EWQ,5.7,7.7,10.2,5.2
2026-09-01,EWQ,7.1,7.7,10.2,5.2
2026-10-01,EWQ,1.5,7.7,10.2,5.2
2025-10-01,EWS,19.2,19.9,24.3,15.5
2025-11-01,EWS,19.5,19.9,24.3,15.5
2025-12-01,EWS,17.9,19.9,24.3,15.5
2026-01-01,EWS,17.3,19.9,24.3,15.5
2026-02-01,EWS,15.7,19.9,24.3,15.5
2026-03-01,EWS,27.0,19.9,24.3,15.5
2026-04-01,EWS,16.3,19.9,24.3,15.5
2026-05-01,EWS,14.9,19.9,24.3,15.5
2026-06-01,EWS,22.2,19.9,24.3,15.5
2026-07-01,EWS,23.7,19.9,24.3,15.5
2026-08-01,EWS,19.8,19.9,24.3,15.5
2026-09-01,EWS,27.2,19.9,24.3,15.5
2026-10-01,EWS,4.1,19.9,24.3,15.5
2025-10-01,EWT,82.2,109.8,145.3,74.4
2025-11-01,EWT,80.4,109.8,145.3,74.4
2025-12-01,EWT,67.7,109.8,145.3,74.4
2026-01-01,EWT,109.2,109.8,145.3,74.4
2026-02-01,EWT,103.0,109.8,145.3,74.4
2026-03-01,EWT,183.3,109.8,145.3,74.4
2026-04-01,EWT,122.5,109.8,145.3,74.4
2026-05-01,EWT,126.6,109.8,145.3,74.4
2026-06-01,EWT,142.3,109.8,145.3,74.4
2026-07-01,EWT,147.3,109.8,145.3,74.4
2026-08-01,EWT,84.5,109.8,145.3,74.4
2026-09-01,EWT,84.2,109.8,145.3,74.4
2026-10-01,EWT,13.9,109.8,145.3,74.4
2025-10-01,EWU,57.2,37.8,50.6,25.0
2025-11-01,EWU,43.3,37.8,50.6,25.0
2025-12-01,EWU,42.2,37.8,50.6,25.0
2026-01-01,EWU,34.8,37.8,50.6,25.0
2026-02-01,EWU,45.7,37.8,50.6,25.0
2026-03-01,EWU,62.8,37.8,50.6,25.0
2026-04-01,EWU,35.9,37.8,50.6,25.0
2026-05-01,EWU,28.9,37.8,50.6,25.0
2026-06-01,EWU,28.5,37.8,50.6,25.0
2026-07-01,EWU,30.7,37.8,50.6,25.0
2026-08-01,EWU,24.0,37.8,50.6,25.0
2026-09-01,EWU,23.9,37.8,50.6,25.0
2026-10-01,EWU,5.7,37.8,50.6,25.0
2025-10-01,EWW,40.3,31.7,40.9,22.5
2025-11-01,EWW,30.6,31.7,40.9,22.5
2025-12-01,EWW,27.9,31.7,40.9,22.5
2026-01-01,EWW,32.9,31.7,40.9,22.5
2026-02-01,EWW,39.8,31.7,40.9,22.5
2026-03-01,EWW,52.6,31.7,40.9,22.5
2026-04-01,EWW,34.2,31.7,40.9,22.5
2026-05-01,EWW,25.0,31.7,40.9,22.5
2026-06-01,EWW,29.1,31.7,40.9,22.5
2026-07-01,EWW,22.1,31.7,40.9,22.5
2026-08-01,EWW,28.2,31.7,40.9,22.5
2026-09-01,EWW,22.1,31.7,40.9,22.5
2026-10-01,EWW,4.2,31.7,40.9,22.5
2025-10-01,EWY,133.6,332.8,519.1,146.5
2025-11-01,EWY,161.6,332.8,519.1,146.5
2025-12-01,EWY,126.7,332.8,519.1,146.5
2026-01-01,EWY,185.1,332.8,519.1,146.5
2026-02-01,EWY,315.9,332.8,519.1,146.5
2026-03-01,EWY,736.5,332.8,519.1,146.5
2026-04-01,EWY,337.8,332.8,519.1,146.5
2026-05-01,EWY,363.2,332.8,519.1,146.5
2026-06-01,EWY,463.9,332.8,519.1,146.5
2026-07-01,EWY,600.1,332.8,519.1,146.5
2026-08-01,EWY,329.0,332.8,519.1,146.5
2026-09-01,EWY,270.1,332.8,519.1,146.5
2026-10-01,EWY,36.4,332.8,519.1,146.5
2025-10-01,EWZ,579.0,600.3,747.4,453.1
2025-11-01,EWZ,487.3,600.3,747.4,453.1
2025-12-01,EWZ,765.9,600.3,747.4,453.1
2026-01-01,EWZ,738.9,600.3,747.4,453.1
2026-02-01,EWZ,784.2,600.3,747.4,453.1
2026-03-01,EWZ,860.3,600.3,747.4,453.1
2026-04-01,EWZ,576.5,600.3,747.4,453.1
2026-05-01,EWZ,597.6,600.3,747.4,453.1
2026-06-01,EWZ,466.7,600.3,747.4,453.1
2026-07-01,EWZ,392.7,600.3,747.4,453.1
2026-08-01,EWZ,475.3,600.3,747.4,453.1
2026-09-01,EWZ,543.6,600.3,747.4,453.1
2026-10-01,EWZ,285.3,600.3,747.4,453.1
2025-10-01,EXC,158.8,168.3,196.5,140.1
2025-11-01,EXC,155.6,168.3,196.5,140.1
2025-12-01,EXC,154.6,168.3,196.5,140.1
2026-01-01,EXC,151.3,168.3,196.5,140.1
2026-02-01,EXC,187.3,168.3,196.5,140.1
2026-03-01,EXC,202.5,168.3,196.5,140.1
2026-04-01,EXC,168.5,168.3,196.5,140.1
2026-05-01,EXC,166.6,168.3,196.5,140.1
2026-06-01,EXC,186.3,168.3,196.5,140.1
2026-07-01,EXC,206.5,168.3,196.5,140.1
2026-08-01,EXC,126.0,168.3,196.5,140.1
2026-09-01,EXC,179.5,168.3,196.5,140.1
2026-10-01,EXC,31.4,168.3,196.5,140.1
2025-10-01,EXE,72.9,72.2,86.4,58.0
2025-11-01,EXE,64.5,72.2,86.4,58.0
2025-12-01,EXE,67.5,72.2,86.4,58.0
2026-01-01,EXE,71.2,72.2,86.4,58.0
2026-02-01,EXE,80.1,72.2,86.4,58.0
2026-03-01,EXE,94.2,72.2,86.4,58.0
2026-04-01,EXE,71.9,72.2,86.4,58.0
2026-05-01,EXE,55.8,72.2,86.4,58.0
2026-06-01,EXE,82.9,72.2,86.4,58.0
2026-07-01,EXE,90.1,72.2,86.4,58.0
2026-08-01,EXE,54.3,72.2,86.4,58.0
2026-09-01,EXE,70.4,72.2,86.4,58.0
2026-10-01,EXE,8.9,72.2,86.4,58.0
2025-10-01,EXPD,23.0,26.4,32.6,20.3
2025-11-01,EXPD,35.4,26.4,32.6,20.3
2025-12-01,EXPD,27.0,26.4,32.6,20.3
2026-01-01,EXPD,28.3,26.4,32.6,20.3
2026-02-01,EXPD,39.4,26.4,32.6,20.3
2026-03-01,EXPD,29.0,26.4,32.6,20.3
2026-04-01,EXPD,20.8,26.4,32.6,20.3
2026-05-01,EXPD,22.6,26.4,32.6,20.3
2026-06-01,EXPD,29.2,26.4,32.6,20.3
2026-07-01,EXPD,27.2,26.4,32.6,20.3
2026-08-01,EXPD,20.9,26.4,32.6,20.3
2026-09-01,EXPD,20.8,26.4,32.6,20.3
2026-10-01,EXPD,4.6,26.4,32.6,20.3
2025-10-01,EXPE,39.2,41.9,55.8,28.1
2025-11-01,EXPE,55.2,41.9,55.8,28.1
2025-12-01,EXPE,35.7,41.9,55.8,28.1
2026-01-01,EXPE,34.1,41.9,55.8,28.1
2026-02-01,EXPE,79.0,41.9,55.8,28.1
2026-03-01,EXPE,51.5,41.9,55.8,28.1
2026-04-01,EXPE,33.4,41.9,55.8,28.1
2026-05-01,EXPE,35.6,41.9,55.8,28.1
2026-06-01,EXPE,35.4,41.9,55.8,28.1
2026-07-01,EXPE,31.9,41.9,55.8,28.1
2026-08-01,EXPE,32.4,41.9,55.8,28.1
2026-09-01,EXPE,51.8,41.9,55.8,28.1
2026-10-01,EXPE,4.2,41.9,55.8,28.1
2025-10-01,EXR,25.3,25.4,30.1,20.8
2025-11-01,EXR,21.5,25.4,30.1,20.8
2025-12-01,EXR,27.2,25.4,30.1,20.8
2026-01-01,EXR,28.9,25.4,30.1,20.8
2026-02-01,EXR,27.9,25.4,30.1,20.8
2026-03-01,EXR,27.1,25.4,30.1,20.8
2026-04-01,EXR,26.6,25.4,30.1,20.8
2026-05-01,EXR,19.8,25.4,30.1,20.8
2026-06-01,EXR,27.4,25.4,30.1,20.8
2026-07-01,EXR,26.9,25.4,30.1,20.8
2026-08-01,EXR,18.2,25.4,30.1,20.8
2026-09-01,EXR,32.3,25.4,30.1,20.8
2026-10-01,EXR,3.8,25.4,30.1,20.8
2025-10-01,F,3278.6,1350.5,2011.2,689.7
2025-11-01,F,1278.7,1350.5,2011.2,689.7
2025-12-01,F,977.3,1350.5,2011.2,689.7
2026-01-01,F,1299.8,1350.5,2011.2,689.7
2026-02-01,F,1401.6,1350.5,2011.2,689.7
2026-03-01,F,1310.3,1350.5,2011.2,689.7
2026-04-01,F,813.2,1350.5,2011.2,689.7
2026-05-01,F,1646.5,1350.5,2011.2,689.7
2026-06-01,F,1208.4,1350.5,2011.2,689.7
2026-07-01,F,1195.8,1350.5,2011.2,689.7
2026-08-01,F,852.9,1350.5,2011.2,689.7
2026-09-01,F,1028.2,1350.5,2011.2,689.7
2026-10-01,F,131.5,1350.5,2011.2,689.7
2025-10-01,FANG,39.8,50.1,67.3,32.9
2025-11-01,FANG,31.1,50.1,67.3,32.9
2025-12-01,FANG,38.9,50.1,67.3,32.9
2026-01-01,FANG,41.3,50.1,67.3,32.9
2026-02-01,FANG,44.4,50.1,67.3,32.9
2026-03-01,FANG,91.9,50.1,67.3,32.9
2026-04-01,FANG,62.6,50.1,67.3,32.9
2026-05-01,FANG,47.3,50.1,67.3,32.9
2026-06-01,FANG,59.0,50.1,67.3,32.9
2026-07-01,FANG,43.1,50.1,67.3,32.9
2026-08-01,FANG,39.4,50.1,67.3,32.9
2026-09-01,FANG,67.2,50.1,67.3,32.9
2026-10-01,FANG,6.8,50.1,67.3,32.9
2025-10-01,FAST,158.4,157.2,183.8,130.6
2025-11-01,FAST,128.2,157.2,183.8,130.6
2025-12-01,FAST,154.0,157.2,183.8,130.6
2026-01-01,FAST,191.1,157.2,183.8,130.6
2026-02-01,FAST,164.9,157.2,183.8,130.6
2026-03-01,FAST,181.6,157.2,183.8,130.6
2026-04-01,FAST,154.6,157.2,183.8,130.6
2026-05-01,FAST,135.3,157.2,183.8,130.6
2026-06-01,FAST,156.3,157.2,183.8,130.6
2026-07-01,FAST,195.7,157.2,183.8,130.6
2026-08-01,FAST,142.0,157.2,183.8,130.6
2026-09-01,FAST,146.7,157.2,183.8,130.6
2026-10-01,FAST,18.9,157.2,183.8,130.6
2025-10-01,FCX,399.9,336.8,414.3,259.3
2025-11-01,FCX,285.6,336.8,414.3,259.3
2025-12-01,FCX,328.9,336.8,414.3,259.3
2026-01-01,FCX,497.2,336.8,414.3,259.3
2026-02-01,FCX,353.2,336.8,414.3,259.3
2026-03-01,FCX,423.6,336.8,414.3,259.3
2026-04-01,FCX,345.2,336.8,414.3,259.3
2026-05-01,FCX,264.5,336.8,414.3,259.3
2026-06-01,FCX,316.7,336.8,414.3,259.3
2026-07-01,FCX,333.9,336.8,414.3,259.3
2026-08-01,FCX,301.7,336.8,414.3,259.3
2026-09-01,FCX,239.3,336.8,414.3,259.3
2026-10-01,FCX,37.7,336.8,414.3,259.3
2025-10-01,FDS,19.2,19.0,23.0,15.0
2025-11-01,FDS,17.5,19.0,23.0,15.0
2025-12-01,FDS,17.3,19.0,23.0,15.0
2026-01-01,FDS,12.0,19.0,23.0,15.0
2026-02-01,FDS,26.6,19.0,23.0,15.0
2026-03-01,FDS,21.8,19.0,23.0,15.0
2026-04-01,FDS,19.9,19.0,23.0,15.0
2026-05-01,FDS,17.4,19.0,23.0,15.0
2026-06-01,FDS,21.7,19.0,23.0,15.0
2026-07-01,FDS,22.2,19.0,23.0,15.0
2026-08-01,FDS,16.8,19.0,23.0,15.0
2026-09-01,FDS,18.7,19.0,23.0,15.0
2026-10-01,FDS,2.5,19.0,23.0,15.0
2025-10-01,FDX,42.9,42.2,51.1,33.4
2025-11-01,FDX,38.8,42.2,51.1,33.4
2025-12-01,FDX,46.2,42.2,51.1,33.4
2026-01-01,FDX,47.5,42.2,51.1,33.4
2026-02-01,FDX,46.9,42.2,51.1,33.4
2026-03-01,FDX,57.8,42.2,51.1,33.4
2026-04-01,FDX,38.7,42.2,51.1,33.4
2026-05-01,FDX,41.4,42.2,51.1,33.4
2026-06-01,FDX,52.4,42.2,51.1,33.4
2026-07-01,FDX,35.1,42.2,51.1,33.4
2026-08-01,FDX,30.4,42.2,51.1,33.4
2026-09-01,FDX,35.4,42.2,51.1,33.4
2026-10-01,FDX,5.1,42.2,51.1,33.4
2025-10-01,FE,113.6,96.1,109.7,82.6
2025-11-01,FE,86.5,96.1,109.7,82.6
2025-12-01,FE,98.3,96.1,109.7,82.6
2026-01-01,FE,90.4,96.1,109.7,82.6
2026-02-01,FE,103.3,96.1,109.7,82.6
2026-03-01,FE,97.3,96.1,109.7,82.6
2026-04-01,FE,99.8,96.1,109.7,82.6
2026-05-01,FE,112.8,96.1,109.7,82.6
2026-06-01,FE,96.9,96.1,109.7,82.6
2026-07-01,FE,98.7,96.1,109.7,82.6
2026-08-01,FE,82.4,96.1,109.7,82.6
2026-09-01,FE,87.2,96.1,109.7,82.6
2026-10-01,FE,17.7,96.1,109.7,82.6
2025-10-01,FERG,35.2,34.5,51.4,17.5
2025-11-01,FERG,31.3,34.5,51.4,17.5
2025-12-01,FERG,32.8,34.5,51.4,17.5
2026-01-01,FERG,24.4,34.5,51.4,17.5
2026-02-01,FERG,30.0,34.5,51.4,17.5
2026-03-01,FERG,29.0,34.5,51.4,17.5
2026-04-01,FERG,29.5,34.5,51.4,17.5
2026-05-01,FERG,29.4,34.5,51.4,17.5
2026-06-01,FERG,29.3,34.5,51.4,17.5
2026-07-01,FERG,28.0,34.5,51.4,17.5
2026-08-01,FERG,89.3,34.5,51.4,17.5
2026-09-01,FERG,30.0,34.5,51.4,17.5
2026-10-01,FERG,5.2,34.5,51.4,17.5
2025-10-01,FFIV,23.5,17.4,23.2,11.6
2025-11-01,FFIV,23.6,17.4,23.2,11.6
2025-12-01,FFIV,28.7,17.4,23.2,11.6
2026-01-01,FFIV,23.5,17.4,23.2,11.6
2026-02-01,FFIV,13.8,17.4,23.2,11.6
2026-03-01,FFIV,16.1,17.4,23.2,11.6
2026-04-01,FFIV,16.5,17.4,23.2,11.6
2026-05-01,FFIV,15.0,17.4,23.2,11.6
2026-06-01,FFIV,13.2,17.4,23.2,11.6
2026-07-01,FFIV,14.2,17.4,23.2,11.6
2026-08-01,FFIV,12.0,17.4,23.2,11.6
2026-09-01,FFIV,11.2,17.4,23.2,11.6
2026-10-01,FFIV,1.6,17.4,23.2,11.6
2025-10-01,FICO,9.0,7.5,10.3,4.6
2025-11-01,FICO,4.0,7.5,10.3,4.6
2025-12-01,FICO,4.2,7.5,10.3,4.6
2026-01-01,FICO,6.0,7.5,10.3,4.6
2026-02-01,FICO,6.4,7.5,10.3,4.6
2026-03-01,FICO,8.5,7.5,10.3,4.6
2026-04-01,FICO,8.8,7.5,10.3,4.6
2026-05-01,FICO,6.9,7.5,10.3,4.6
2026-06-01,FICO,6.8,7.5,10.3,4.6
2026-07-01,FICO,6.8,7.5,10.3,4.6
2026-08-01,FICO,6.3,7.5,10.3,4.6
2026-09-01,FICO,15.6,7.5,10.3,4.6
2026-10-01,FICO,5.8,7.5,10.3,4.6
2025-10-01,FIS,90.9,110.7,142.6,78.9
2025-11-01,FIS,66.7,110.7,142.6,78.9
2025-12-01,FIS,58.2,110.7,142.6,78.9
2026-01-01,FIS,74.8,110.7,142.6,78.9
2026-02-01,FIS,116.1,110.7,142.6,78.9
2026-03-01,FIS,133.8,110.7,142.6,78.9
2026-04-01,FIS,121.4,110.7,142.6,78.9
2026-05-01,FIS,155.1,110.7,142.6,78.9
2026-06-01,FIS,138.6,110.7,142.6,78.9
2026-07-01,FIS,126.8,110.7,142.6,78.9
2026-08-01,FIS,128.3,110.7,142.6,78.9
2026-09-01,FIS,134.3,110.7,142.6,78.9
2026-10-01,FIS,21.8,110.7,142.6,78.9
2025-10-01,FISV,281.7,177.3,226.8,127.8
2025-11-01,FISV,180.1,177.3,226.8,127.8
2025-12-01,FISV,241.5,177.3,226.8,127.8
2026-01-01,FISV,186.2,177.3,226.8,127.8
2026-02-01,FISV,192.3,177.3,226.8,127.8
2026-03-01,FISV,140.5,177.3,226.8,127.8
2026-04-01,FISV,114.1,177.3,226.8,127.8
2026-05-01,FISV,145.5,177.3,226.8,127.8
2026-06-01,FISV,194.8,177.3,226.8,127.8
2026-07-01,FISV,143.7,177.3,226.8,127.8
2026-08-01,FISV,169.9,177.3,226.8,127.8
2026-09-01,FISV,158.6,177.3,226.8,127.8
2026-10-01,FISV,18.4,177.3,226.8,127.8
2025-10-01,FITB,228.2,170.3,229.8,110.9
2025-11-01,FITB,131.0,170.3,229.8,110.9
2025-12-01,FITB,146.7,170.3,229.8,110.9
2026-01-01,FITB,292.2,170.3,229.8,110.9
2026-02-01,FITB,236.0,170.3,229.8,110.9
2026-03-01,FITB,236.9,170.3,229.8,110.9
2026-04-01,FITB,141.6,170.3,229.8,110.9
2026-05-01,FITB,119.9,170.3,229.8,110.9
2026-06-01,FITB,165.2,170.3,229.8,110.9
2026-07-01,FITB,143.9,170.3,229.8,110.9
2026-08-01,FITB,105.7,170.3,229.8,110.9
2026-09-01,FITB,124.7,170.3,229.8,110.9
2026-10-01,FITB,22.3,170.3,229.8,110.9
2025-10-01,FIX,9.1,9.7,12.5,6.9
2025-11-01,FIX,10.2,9.7,12.5,6.9
2025-12-01,FIX,16.7,9.7,12.5,6.9
2026-01-01,FIX,8.1,9.7,12.5,6.9
2026-02-01,FIX,9.1,9.7,12.5,6.9
2026-03-01,FIX,9.9,9.7,12.5,6.9
2026-04-01,FIX,8.3,9.7,12.5,6.9
2026-05-01,FIX,8.1,9.7,12.5,6.9
2026-06-01,FIX,11.3,9.7,12.5,6.9
2026-07-01,FIX,11.8,9.7,12.5,6.9
2026-08-01,FIX,8.3,9.7,12.5,6.9
2026-09-01,FIX,6.6,9.7,12.5,6.9
2026-10-01,FIX,0.8,9.7,12.5,6.9
2025-10-01,FLEX,89.4,100.3,142.2,58.4
2025-11-01,FLEX,94.7,100.3,142.2,58.4
2025-12-01,FLEX,141.1,100.3,142.2,58.4
2026-01-01,FLEX,63.8,100.3,142.2,58.4
2026-02-01,FLEX,84.6,100.3,142.2,58.4
2026-03-01,FLEX,75.5,100.3,142.2,58.4
2026-04-01,FLEX,76.3,100.3,142.2,58.4
2026-05-01,FLEX,146.6,100.3,142.2,58.4
2026-06-01,FLEX,202.7,100.3,142.2,58.4
2026-07-01,FLEX,111.8,100.3,142.2,58.4
2026-08-01,FLEX,63.7,100.3,142.2,58.4
2026-09-01,FLEX,69.6,100.3,142.2,58.4
2026-10-01,FLEX,6.7,100.3,142.2,58.4
2025-10-01,FOXA,65.2,91.2,129.1,53.3
2025-11-01,FOXA,64.8,91.2,129.1,53.3
2025-12-01,FOXA,75.6,91.2,129.1,53.3
2026-01-01,FOXA,63.2,91.2,129.1,53.3
2026-02-01,FOXA,96.6,91.2,129.1,53.3
2026-03-01,FOXA,95.7,91.2,129.1,53.3
2026-04-01,FOXA,58.3,91.2,129.1,53.3
2026-05-01,FOXA,60.1,91.2,129.1,53.3
2026-06-01,FOXA,194.0,91.2,129.1,53.3
2026-07-01,FOXA,113.4,91.2,129.1,53.3
2026-08-01,FOXA,116.0,91.2,129.1,53.3
2026-09-01,FOXA,102.9,91.2,129.1,53.3
2026-10-01,FOXA,14.6,91.2,129.1,53.3
2025-10-01,FRO,58.1,65.6,84.2,47.0
2025-11-01,FRO,65.0,65.6,84.2,47.0
2025-12-01,FRO,55.4,65.6,84.2,47.0
2026-01-01,FRO,69.9,65.6,84.2,47.0
2026-02-01,FRO,64.2,65.6,84.2,47.0
2026-03-01,FRO,112.3,65.6,84.2,47.0
2026-04-01,FRO,67.3,65.6,84.2,47.0
2026-05-01,FRO,57.4,65.6,84.2,47.0
2026-06-01,FRO,76.0,65.6,84.2,47.0
2026-07-01,FRO,44.7,65.6,84.2,47.0
2026-08-01,FRO,46.8,65.6,84.2,47.0
2026-09-01,FRO,79.9,65.6,84.2,47.0
2026-10-01,FRO,12.6,65.6,84.2,47.0
2025-10-01,FRT,12.8,16.8,20.0,13.5
2025-11-01,FRT,12.7,16.8,20.0,13.5
2025-12-01,FRT,14.0,16.8,20.0,13.5
2026-01-01,FRT,15.9,16.8,20.0,13.5
2026-02-01,FRT,18.3,16.8,20.0,13.5
2026-03-01,FRT,16.0,16.8,20.0,13.5
2026-04-01,FRT,19.1,16.8,20.0,13.5
2026-05-01,FRT,19.4,16.8,20.0,13.5
2026-06-01,FRT,21.4,16.8,20.0,13.5
2026-07-01,FRT,18.3,16.8,20.0,13.5
2026-08-01,FRT,16.3,16.8,20.0,13.5
2026-09-01,FRT,19.9,16.8,20.0,13.5
2026-10-01,FRT,3.0,16.8,20.0,13.5
2025-10-01,FSLR,54.6,47.7,56.7,38.8
2025-11-01,FSLR,40.2,47.7,56.7,38.8
2025-12-01,FSLR,41.0,47.7,56.7,38.8
2026-01-01,FSLR,50.6,47.7,56.7,38.8
2026-02-01,FSLR,57.4,47.7,56.7,38.8
2026-03-01,FSLR,39.4,47.7,56.7,38.8
2026-04-01,FSLR,42.2,47.7,56.7,38.8
2026-05-01,FSLR,62.8,47.7,56.7,38.8
2026-06-01,FSLR,49.4,47.7,56.7,38.8
2026-07-01,FSLR,41.2,47.7,56.7,38.8
2026-08-01,FSLR,52.3,47.7,56.7,38.8
2026-09-01,FSLR,50.9,47.7,56.7,38.8
2026-10-01,FSLR,6.0,47.7,56.7,38.8
2025-10-01,FTI,98.7,79.6,100.9,58.3
2025-11-01,FTI,53.4,79.6,100.9,58.3
2025-12-01,FTI,64.7,79.6,100.9,58.3
2026-01-01,FTI,65.7,79.6,100.9,58.3
2026-02-01,FTI,83.7,79.6,100.9,58.3
2026-03-01,FTI,100.0,79.6,100.9,58.3
2026-04-01,FTI,73.0,79.6,100.9,58.3
2026-05-01,FTI,122.5,79.6,100.9,58.3
2026-06-01,FTI,93.7,79.6,100.9,58.3
2026-07-01,FTI,85.8,79.6,100.9,58.3
2026-08-01,FTI,61.7,79.6,100.9,58.3
2026-09-01,FTI,63.0,79.6,100.9,58.3
2026-10-01,FTI,8.2,79.6,100.9,58.3
2025-10-01,FTNT,99.8,119.1,142.7,95.4
2025-11-01,FTNT,113.2,119.1,142.7,95.4
2025-12-01,FTNT,122.7,119.1,142.7,95.4
2026-01-01,FTNT,129.7,119.1,142.7,95.4
2026-02-01,FTNT,152.4,119.1,142.7,95.4
2026-03-01,FTNT,135.5,119.1,142.7,95.4
2026-04-01,FTNT,115.9,119.1,142.7,95.4
2026-05-01,FTNT,133.5,119.1,142.7,95.4
2026-06-01,FTNT,149.2,119.1,142.7,95.4
2026-07-01,FTNT,118.4,119.1,142.7,95.4
2026-08-01,FTNT,97.0,119.1,142.7,95.4
2026-09-01,FTNT,87.0,119.1,142.7,95.4
2026-10-01,FTNT,9.4,119.1,142.7,95.4
2025-10-01,FTV,64.4,63.7,78.2,49.3
2025-11-01,FTV,60.1,63.7,78.2,49.3
2025-12-01,FTV,63.1,63.7,78.2,49.3
2026-01-01,FTV,68.9,63.7,78.2,49.3
2026-02-01,FTV,99.7,63.7,78.2,49.3
2026-03-01,FTV,70.9,63.7,78.2,49.3
2026-04-01,FTV,65.4,63.7,78.2,49.3
2026-05-01,FTV,60.9,63.7,78.2,49.3
2026-06-01,FTV,68.8,63.7,78.2,49.3
2026-07-01,FTV,63.9,63.7,78.2,49.3
2026-08-01,FTV,43.9,63.7,78.2,49.3
2026-09-01,FTV,47.9,63.7,78.2,49.3
2026-10-01,FTV,8.4,63.7,78.2,49.3
2025-10-01,FXA,0.2,0.3,0.5,0.1
2025-11-01,FXA,0.2,0.3,0.5,0.1
2025-12-01,FXA,0.3,0.3,0.5,0.1
2026-01-01,FXA,0.7,0.3,0.5,0.1
2026-02-01,FXA,0.6,0.3,0.5,0.1
2026-03-01,FXA,0.7,0.3,0.5,0.1
2026-04-01,FXA,0.3,0.3,0.5,0.1
2026-05-01,FXA,0.2,0.3,0.5,0.1
2026-06-01,FXA,0.2,0.3,0.5,0.1
2026-07-01,FXA,0.2,0.3,0.5,0.1
2026-08-01,FXA,0.2,0.3,0.5,0.1
2026-09-01,FXA,0.2,0.3,0.5,0.1
2026-10-01,FXA,0.0,0.3,0.5,0.1
2025-10-01,FXB,0.4,0.4,0.7,0.2
2025-11-01,FXB,0.3,0.4,0.7,0.2
2025-12-01,FXB,0.2,0.4,0.7,0.2
2026-01-01,FXB,0.3,0.4,0.7,0.2
2026-02-01,FXB,0.2,0.4,0.7,0.2
2026-03-01,FXB,0.6,0.4,0.7,0.2
2026-04-01,FXB,0.6,0.4,0.7,0.2
2026-05-01,FXB,1.0,0.4,0.7,0.2
2026-06-01,FXB,0.2,0.4,0.7,0.2
2026-07-01,FXB,0.9,0.4,0.7,0.2
2026-08-01,FXB,0.1,0.4,0.7,0.2
2026-09-01,FXB,0.6,0.4,0.7,0.2
2026-10-01,FXB,0.1,0.4,0.7,0.2
2025-10-01,FXC,0.7,0.8,1.3,0.3
2025-11-01,FXC,0.3,0.8,1.3,0.3
2025-12-01,FXC,0.6,0.8,1.3,0.3
2026-01-01,FXC,1.6,0.8,1.3,0.3
2026-02-01,FXC,1.7,0.8,1.3,0.3
2026-03-01,FXC,1.5,0.8,1.3,0.3
2026-04-01,FXC,0.5,0.8,1.3,0.3
2026-05-01,FXC,0.2,0.8,1.3,0.3
2026-06-01,FXC,0.4,0.8,1.3,0.3
2026-07-01,FXC,0.9,0.8,1.3,0.3
2026-08-01,FXC,0.5,0.8,1.3,0.3
2026-09-01,FXC,0.7,0.8,1.3,0.3
2026-10-01,FXC,0.1,0.8,1.3,0.3
2025-10-01,FXE,2.4,3.0,4.6,1.4
2025-11-01,FXE,1.6,3.0,4.6,1.4
2025-12-01,FXE,2.1,3.0,4.6,1.4
2026-01-01,FXE,3.5,3.0,4.6,1.4
2026-02-01,FXE,3.0,3.0,4.6,1.4
2026-03-01,FXE,6.3,3.0,4.6,1.4
2026-04-01,FXE,5.1,3.0,4.6,1.4
2026-05-01,FXE,2.3,3.0,4.6,1.4
2026-06-01,FXE,5.2,3.0,4.6,1.4
2026-07-01,FXE,1.7,3.0,4.6,1.4
2026-08-01,FXE,1.6,3.0,4.6,1.4
2026-09-01,FXE,1.9,3.0,4.6,1.4
2026-10-01,FXE,0.6,3.0,4.6,1.4
2025-10-01,FXY,4.2,4.5,5.6,3.3
2025-11-01,FXY,2.6,4.5,5.6,3.3
2025-12-01,FXY,4.6,4.5,5.6,3.3
2026-01-01,FXY,5.1,4.5,5.6,3.3
2026-02-01,FXY,4.0,4.5,5.6,3.3
2026-03-01,FXY,3.7,4.5,5.6,3.3
2026-04-01,FXY,4.3,4.5,5.6,3.3
2026-05-01,FXY,3.9,4.5,5.6,3.3
2026-06-01,FXY,3.7,4.5,5.6,3.3
2026-07-01,FXY,6.4,4.5,5.6,3.3
2026-08-01,FXY,6.2,4.5,5.6,3.3
2026-09-01,FXY,5.5,4.5,5.6,3.3
2026-10-01,FXY,0.4,4.5,5.6,3.3
2025-10-01,GD,24.7,25.7,30.8,20.6
2025-11-01,GD,20.1,25.7,30.8,20.6
2025-12-01,GD,24.8,25.7,30.8,20.6
2026-01-01,GD,32.2,25.7,30.8,20.6
2026-02-01,GD,24.3,25.7,30.8,20.6
2026-03-01,GD,30.6,25.7,30.8,20.6
2026-04-01,GD,31.5,25.7,30.8,20.6
2026-05-01,GD,23.0,25.7,30.8,20.6
2026-06-01,GD,29.4,25.7,30.8,20.6
2026-07-01,GD,26.5,25.7,30.8,20.6
2026-08-01,GD,17.2,25.7,30.8,20.6
2026-09-01,GD,27.6,25.7,30.8,20.6
2026-10-01,GD,4.1,25.7,30.8,20.6
2025-10-01,GDDY,34.4,43.2,55.2,31.1
2025-11-01,GDDY,26.5,43.2,55.2,31.1
2025-12-01,GDDY,30.7,43.2,55.2,31.1
2026-01-01,GDDY,31.3,43.2,55.2,31.1
2026-02-01,GDDY,53.7,43.2,55.2,31.1
2026-03-01,GDDY,49.9,43.2,55.2,31.1
2026-04-01,GDDY,43.4,43.2,55.2,31.1
2026-05-01,GDDY,56.3,43.2,55.2,31.1
2026-06-01,GDDY,61.4,43.2,55.2,31.1
2026-07-01,GDDY,40.8,43.2,55.2,31.1
2026-08-01,GDDY,41.1,43.2,55.2,31.1
2026-09-01,GDDY,56.6,43.2,55.2,31.1
2026-10-01,GDDY,4.6,43.2,55.2,31.1
2025-10-01,GDX,764.9,522.2,655.9,388.5
2025-11-01,GDX,466.9,522.2,655.9,388.5
2025-12-01,GDX,464.5,522.2,655.9,388.5
2026-01-01,GDX,618.8,522.2,655.9,388.5
2026-02-01,GDX,495.9,522.2,655.9,388.5
2026-03-01,GDX,733.6,522.2,655.9,388.5
2026-04-01,GDX,412.1,522.2,655.9,388.5
2026-05-01,GDX,408.2,522.2,655.9,388.5
2026-06-01,GDX,558.2,522.2,655.9,388.5
2026-07-01,GDX,400.3,522.2,655.9,388.5
2026-08-01,GDX,552.6,522.2,655.9,388.5
2026-09-01,GDX,445.4,522.2,655.9,388.5
2026-10-01,GDX,58.7,522.2,655.9,388.5
2025-10-01,GDXJ,186.2,119.5,151.7,87.2
2025-11-01,GDXJ,114.4,119.5,151.7,87.2
2025-12-01,GDXJ,105.7,119.5,151.7,87.2
2026-01-01,GDXJ,144.0,119.5,151.7,87.2
2026-02-01,GDXJ,108.6,119.5,151.7,87.2
2026-03-01,GDXJ,147.4,119.5,151.7,87.2
2026-04-01,GDXJ,86.3,119.5,151.7,87.2
2026-05-01,GDXJ,117.0,119.5,151.7,87.2
2026-06-01,GDXJ,145.1,119.5,151.7,87.2
2026-07-01,GDXJ,100.5,119.5,151.7,87.2
2026-08-01,GDXJ,111.2,119.5,151.7,87.2
2026-09-01,GDXJ,81.4,119.5,151.7,87.2
2026-10-01,GDXJ,9.8,119.5,151.7,87.2
2025-10-01,GE,81.5,100.5,123.4,77.5
2025-11-01,GE,78.9,100.5,123.4,77.5
2025-12-01,GE,100.7,100.5,123.4,77.5
2026-01-01,GE,125.5,100.5,123.4,77.5
2026-02-01,GE,100.7,100.5,123.4,77.5
2026-03-01,GE,124.9,100.5,123.4,77.5
2026-04-01,GE,143.2,100.5,123.4,77.5
2026-05-01,GE,106.5,100.5,123.4,77.5
2026-06-01,GE,109.2,100.5,123.4,77.5
2026-07-01,GE,86.5,100.5,123.4,77.5
2026-08-01,GE,76.0,100.5,123.4,77.5
2026-09-01,GE,89.4,100.5,123.4,77.5
2026-10-01,GE,13.0,100.5,123.4,77.5
2025-10-01,GEHC,73.9,84.0,107.1,61.0
2025-11-01,GEHC,82.5,84.0,107.1,61.0
2025-12-01,GEHC,62.8,84.0,107.1,61.0
2026-01-01,GEHC,69.5,84.0,107.1,61.0
2026-02-01,GEHC,68.8,84.0,107.1,61.0
2026-03-01,GEHC,85.1,84.0,107.1,61.0
2026-04-01,GEHC,95.6,84.0,107.1,61.0
2026-05-01,GEHC,114.0,84.0,107.1,61.0
2026-06-01,GEHC,105.8,84.0,107.1,61.0
2026-07-01,GEHC,129.8,84.0,107.1,61.0
2026-08-01,GEHC,58.3,84.0,107.1,61.0
2026-09-01,GEHC,75.2,84.0,107.1,61.0
2026-10-01,GEHC,10.9,84.0,107.1,61.0
2025-10-01,GEN,75.3,132.7,177.9,87.5
2025-11-01,GEN,104.2,132.7,177.9,87.5
2025-12-01,GEN,104.8,132.7,177.9,87.5
2026-01-01,GEN,97.2,132.7,177.9,87.5
2026-02-01,GEN,148.1,132.7,177.9,87.5
2026-03-01,GEN,165.6,132.7,177.9,87.5
2026-04-01,GEN,133.9,132.7,177.9,87.5
2026-05-01,GEN,182.9,132.7,177.9,87.5
2026-06-01,GEN,155.9,132.7,177.9,87.5
2026-07-01,GEN,93.2,132.7,177.9,87.5
2026-08-01,GEN,121.2,132.7,177.9,87.5
2026-09-01,GEN,235.0,132.7,177.9,87.5
2026-10-01,GEN,35.0,132.7,177.9,87.5
2025-10-01,GEOS,6.0,4.2,5.6,2.7
2025-11-01,GEOS,5.4,4.2,5.6,2.7
2025-12-01,GEOS,4.5,4.2,5.6,2.7
2026-01-01,GEOS,4.5,4.2,5.6,2.7
2026-02-01,GEOS,6.1,4.2,5.6,2.7
2026-03-01,GEOS,4.4,4.2,5.6,2.7
2026-04-01,GEOS,4.2,4.2,5.6,2.7
2026-05-01,GEOS,5.2,4.2,5.6,2.7
2026-06-01,GEOS,3.5,4.2,5.6,2.7
2026-07-01,GEOS,2.1,4.2,5.6,2.7
2026-08-01,GEOS,3.4,4.2,5.6,2.7
2026-09-01,GEOS,1.5,4.2,5.6,2.7
2026-10-01,GEOS,0.4,4.2,5.6,2.7
2025-10-01,GEV,73.7,58.2,70.7,45.6
2025-11-01,GEV,57.6,58.2,70.7,45.6
2025-12-01,GEV,75.4,58.2,70.7,45.6
2026-01-01,GEV,65.7,58.2,70.7,45.6
2026-02-01,GEV,51.7,58.2,70.7,45.6
2026-03-01,GEV,59.6,58.2,70.7,45.6
2026-04-01,GEV,53.6,58.2,70.7,45.6
2026-05-01,GEV,46.4,58.2,70.7,45.6
2026-06-01,GEV,68.3,58.2,70.7,45.6
2026-07-01,GEV,65.3,58.2,70.7,45.6
2026-08-01,GEV,42.7,58.2,70.7,45.6
2026-09-01,GEV,44.5,58.2,70.7,45.6
2026-10-01,GEV,6.8,58.2,70.7,45.6
2025-10-01,GGB,566.4,354.6,460.8,248.5
2025-11-01,GGB,249.8,354.6,460.8,248.5
2025-12-01,GGB,262.5,354.6,460.8,248.5
2026-01-01,GGB,320.2,354.6,460.8,248.5
2026-02-01,GGB,492.5,354.6,460.8,248.5
2026-03-01,GGB,416.3,354.6,460.8,248.5
2026-04-01,GGB,410.9,354.6,460.8,248.5
2026-05-01,GGB,366.2,354.6,460.8,248.5
2026-06-01,GGB,377.5,354.6,460.8,248.5
2026-07-01,GGB,350.5,354.6,460.8,248.5
2026-08-01,GGB,244.5,354.6,460.8,248.5
2026-09-01,GGB,237.4,354.6,460.8,248.5
2026-10-01,GGB,62.6,354.6,460.8,248.5
2025-10-01,GILD,170.8,143.8,170.2,117.3
2025-11-01,GILD,141.2,143.8,170.2,117.3
2025-12-01,GILD,145.3,143.8,170.2,117.3
2026-01-01,GILD,155.0,143.8,170.2,117.3
2026-02-01,GILD,150.4,143.8,170.2,117.3
2026-03-01,GILD,140.6,143.8,170.2,117.3
2026-04-01,GILD,111.6,143.8,170.2,117.3
2026-05-01,GILD,133.5,143.8,170.2,117.3
2026-06-01,GILD,195.8,143.8,170.2,117.3
2026-07-01,GILD,146.6,143.8,170.2,117.3
2026-08-01,GILD,133.4,143.8,170.2,117.3
2026-09-01,GILD,123.2,143.8,170.2,117.3
2026-10-01,GILD,15.6,143.8,170.2,117.3
2025-10-01,GIS,126.8,179.1,221.9,136.4
2025-11-01,GIS,112.6,179.1,221.9,136.4
2025-12-01,GIS,155.3,179.1,221.9,136.4
2026-01-01,GIS,172.0,179.1,221.9,136.4
2026-02-01,GIS,153.2,179.1,221.9,136.4
2026-03-01,GIS,232.7,179.1,221.9,136.4
2026-04-01,GIS,169.7,179.1,221.9,136.4
2026-05-01,GIS,199.1,179.1,221.9,136.4
2026-06-01,GIS,225.5,179.1,221.9,136.4
2026-07-01,GIS,235.8,179.1,221.9,136.4
2026-08-01,GIS,171.4,179.1,221.9,136.4
2026-09-01,GIS,214.2,179.1,221.9,136.4
2026-10-01,GIS,43.2,179.1,221.9,136.4
2025-10-01,GL,14.5,11.4,13.7,9.0
2025-11-01,GL,9.8,11.4,13.7,9.0
2025-12-01,GL,11.0,11.4,13.7,9.0
2026-01-01,GL,10.3,11.4,13.7,9.0
2026-02-01,GL,9.7,11.4,13.7,9.0
2026-03-01,GL,11.0,11.4,13.7,9.0
2026-04-01,GL,10.8,11.4,13.7,9.0
2026-05-01,GL,11.5,11.4,13.7,9.0
2026-06-01,GL,14.0,11.4,13.7,9.0
2026-07-01,GL,15.2,11.4,13.7,9.0
2026-08-01,GL,11.0,11.4,13.7,9.0
2026-09-01,GL,8.6,11.4,13.7,9.0
2026-10-01,GL,1.5,11.4,13.7,9.0
2025-10-01,GLATF,15.9,10.1,14.5,5.6
2025-11-01,GLATF,8.6,10.1,14.5,5.6
2025-12-01,GLATF,12.4,10.1,14.5,5.6
2026-01-01,GLATF,17.2,10.1,14.5,5.6
2026-02-01,GLATF,11.0,10.1,14.5,5.6
2026-03-01,GLATF,12.0,10.1,14.5,5.6
2026-04-01,GLATF,5.9,10.1,14.5,5.6
2026-05-01,GLATF,6.5,10.1,14.5,5.6
2026-06-01,GLATF,7.8,10.1,14.5,5.6
2026-07-01,GLATF,3.9,10.1,14.5,5.6
2026-08-01,GLATF,5.5,10.1,14.5,5.6
2026-09-01,GLATF,15.2,10.1,14.5,5.6
2026-10-01,GLATF,1.2,10.1,14.5,5.6
2025-10-01,GLD,553.0,265.2,405.7,124.7
2025-11-01,GLD,209.3,265.2,405.7,124.7
2025-12-01,GLD,232.1,265.2,405.7,124.7
2026-01-01,GLD,524.0,265.2,405.7,124.7
2026-02-01,GLD,307.0,265.2,405.7,124.7
2026-03-01,GLD,346.7,265.2,405.7,124.7
2026-04-01,GLD,157.1,265.2,405.7,124.7
2026-05-01,GLD,120.4,265.2,405.7,124.7
2026-06-01,GLD,173.4,265.2,405.7,124.7
2026-07-01,GLD,143.9,265.2,405.7,124.7
2026-08-01,GLD,243.1,265.2,405.7,124.7
2026-09-01,GLD,199.6,265.2,405.7,124.7
2026-10-01,GLD,19.7,265.2,405.7,124.7
2025-10-01,GLW,170.2,223.0,301.9,144.2
2025-11-01,GLW,126.3,223.0,301.9,144.2
2025-12-01,GLW,127.9,223.0,301.9,144.2
2026-01-01,GLW,156.1,223.0,301.9,144.2
2026-02-01,GLW,244.0,223.0,301.9,144.2
2026-03-01,GLW,297.3,223.0,301.9,144.2
2026-04-01,GLW,226.6,223.0,301.9,144.2
2026-05-01,GLW,304.2,223.0,301.9,144.2
2026-06-01,GLW,357.4,223.0,301.9,144.2
2026-07-01,GLW,317.9,223.0,301.9,144.2
2026-08-01,GLW,202.2,223.0,301.9,144.2
2026-09-01,GLW,179.5,223.0,301.9,144.2
2026-10-01,GLW,22.0,223.0,301.9,144.2
2025-10-01,GM,247.6,168.1,207.2,129.1
2025-11-01,GM,163.3,168.1,207.2,129.1
2025-12-01,GM,199.4,168.1,207.2,129.1
2026-01-01,GM,189.3,168.1,207.2,129.1
2026-02-01,GM,153.3,168.1,207.2,129.1
2026-03-01,GM,178.0,168.1,207.2,129.1
2026-04-01,GM,138.5,168.1,207.2,129.1
2026-05-01,GM,143.5,168.1,207.2,129.1
2026-06-01,GM,192.4,168.1,207.2,129.1
2026-07-01,GM,163.6,168.1,207.2,129.1
2026-08-01,GM,108.2,168.1,207.2,129.1
2026-09-01,GM,156.4,168.1,207.2,129.1
2026-10-01,GM,24.0,168.1,207.2,129.1
2025-10-01,GNK,11.3,9.4,12.2,6.5
2025-11-01,GNK,11.5,9.4,12.2,6.5
2025-12-01,GNK,9.5,9.4,12.2,6.5
2026-01-01,GNK,7.0,9.4,12.2,6.5
2026-02-01,GNK,8.9,9.4,12.2,6.5
2026-03-01,GNK,12.8,9.4,12.2,6.5
2026-04-01,GNK,6.0,9.4,12.2,6.5
2026-05-01,GNK,7.8,9.4,12.2,6.5
2026-06-01,GNK,7.6,9.4,12.2,6.5
2026-07-01,GNK,5.6,9.4,12.2,6.5
2026-08-01,GNK,12.3,9.4,12.2,6.5
2026-09-01,GNK,13.7,9.4,12.2,6.5
2026-10-01,GNK,1.2,9.4,12.2,6.5
2025-10-01,GNRC,28.7,22.8,27.6,18.0
2025-11-01,GNRC,22.0,22.8,27.6,18.0
2025-12-01,GNRC,22.0,22.8,27.6,18.0
2026-01-01,GNRC,21.7,22.8,27.6,18.0
2026-02-01,GNRC,27.8,22.8,27.6,18.0
2026-03-01,GNRC,23.8,22.8,27.6,18.0
2026-04-01,GNRC,17.1,22.8,27.6,18.0
2026-05-01,GNRC,15.5,22.8,27.6,18.0
2026-06-01,GNRC,20.7,22.8,27.6,18.0
2026-07-01,GNRC,24.9,22.8,27.6,18.0
2026-08-01,GNRC,22.5,22.8,27.6,18.0
2026-09-01,GNRC,29.8,22.8,27.6,18.0
2026-10-01,GNRC,3.0,22.8,27.6,18.0
2025-10-01,GOOGL,729.6,660.7,793.0,528.3
2025-11-01,GOOGL,855.3,660.7,793.0,528.3
2025-12-01,GOOGL,678.2,660.7,793.0,528.3
2026-01-01,GOOGL,621.6,660.7,793.0,528.3
2026-02-01,GOOGL,809.0,660.7,793.0,528.3
2026-03-01,GOOGL,671.0,660.7,793.0,528.3
2026-04-01,GOOGL,564.7,660.7,793.0,528.3
2026-05-01,GOOGL,546.9,660.7,793.0,528.3
2026-06-01,GOOGL,848.3,660.7,793.0,528.3
2026-07-01,GOOGL,653.1,660.7,793.0,528.3
2026-08-01,GOOGL,521.5,660.7,793.0,528.3
2026-09-01,GOOGL,557.0,660.7,793.0,528.3
2026-10-01,GOOGL,82.7,660.7,793.0,528.3
2025-10-01,GPC,25.5,30.6,40.6,20.6
2025-11-01,GPC,22.4,30.6,40.6,20.6
2025-12-01,GPC,23.6,30.6,40.6,20.6
2026-01-01,GPC,22.5,30.6,40.6,20.6
2026-02-01,GPC,31.7,30.6,40.6,20.6
2026-03-01,GPC,48.5,30.6,40.6,20.6
2026-04-01,GPC,39.4,30.6,40.6,20.6
2026-05-01,GPC,30.4,30.6,40.6,20.6
2026-06-01,GPC,37.8,30.6,40.6,20.6
2026-07-01,GPC,45.4,30.6,40.6,20.6
2026-08-01,GPC,23.9,30.6,40.6,20.6
2026-09-01,GPC,19.7,30.6,40.6,20.6
2026-10-01,GPC,2.5,30.6,40.6,20.6
2025-10-01,GPN,42.7,64.7,81.9,47.6
2025-11-01,GPN,44.4,64.7,81.9,47.6
2025-12-01,GPN,57.5,64.7,81.9,47.6
2026-01-01,GPN,66.6,64.7,81.9,47.6
2026-02-01,GPN,87.8,64.7,81.9,47.6
2026-03-01,GPN,78.8,64.7,81.9,47.6
2026-04-01,GPN,60.2,64.7,81.9,47.6
2026-05-01,GPN,69.6,64.7,81.9,47.6
2026-06-01,GPN,96.1,64.7,81.9,47.6
2026-07-01,GPN,70.6,64.7,81.9,47.6
2026-08-01,GPN,65.1,64.7,81.9,47.6
2026-09-01,GPN,50.2,64.7,81.9,47.6
2026-10-01,GPN,7.7,64.7,81.9,47.6
2025-10-01,GREK,2.3,2.0,2.8,1.2
2025-11-01,GREK,1.6,2.0,2.8,1.2
2025-12-01,GREK,1.5,2.0,2.8,1.2
2026-01-01,GREK,2.1,2.0,2.8,1.2
2026-02-01,GREK,2.0,2.0,2.8,1.2
2026-03-01,GREK,3.9,2.0,2.8,1.2
2026-04-01,GREK,2.5,2.0,2.8,1.2
2026-05-01,GREK,2.2,2.0,2.8,1.2
2026-06-01,GREK,1.8,2.0,2.8,1.2
2026-07-01,GREK,2.6,2.0,2.8,1.2
2026-08-01,GREK,1.0,2.0,2.8,1.2
2026-09-01,GREK,0.9,2.0,2.8,1.2
2026-10-01,GREK,0.1,2.0,2.8,1.2
2025-10-01,GRMN,19.0,19.0,22.2,15.9
2025-11-01,GRMN,21.7,19.0,22.2,15.9
2025-12-01,GRMN,22.4,19.0,22.2,15.9
2026-01-01,GRMN,18.2,19.0,22.2,15.9
2026-02-01,GRMN,23.8,19.0,22.2,15.9
2026-03-01,GRMN,18.0,19.0,22.2,15.9
2026-04-01,GRMN,16.3,19.0,22.2,15.9
2026-05-01,GRMN,16.5,19.0,22.2,15.9
2026-06-01,GRMN,18.8,19.0,22.2,15.9
2026-07-01,GRMN,21.8,19.0,22.2,15.9
2026-08-01,GRMN,18.2,19.0,22.2,15.9
2026-09-01,GRMN,17.6,19.0,22.2,15.9
2026-10-01,GRMN,2.2,19.0,22.2,15.9
2025-10-01,GS,49.0,44.8,51.9,37.8
2025-11-01,GS,37.6,44.8,51.9,37.8
2025-12-01,GS,45.3,44.8,51.9,37.8
2026-01-01,GS,49.8,44.8,51.9,37.8
2026-02-01,GS,49.4,44.8,51.9,37.8
2026-03-01,GS,53.0,44.8,51.9,37.8
2026-04-01,GS,41.1,44.8,51.9,37.8
2026-05-01,GS,40.5,44.8,51.9,37.8
2026-06-01,GS,52.8,44.8,51.9,37.8
2026-07-01,GS,43.5,44.8,51.9,37.8
2026-08-01,GS,38.3,44.8,51.9,37.8
2026-09-01,GS,44.4,44.8,51.9,37.8
2026-10-01,GS,6.1,44.8,51.9,37.8
2025-10-01,GWW,6.7,5.8,6.9,4.8
2025-11-01,GWW,5.2,5.8,6.9,4.8
2025-12-01,GWW,6.5,5.8,6.9,4.8
2026-01-01,GWW,4.8,5.8,6.9,4.8
2026-02-01,GWW,6.9,5.8,6.9,4.8
2026-03-01,GWW,5.3,5.8,6.9,4.8
2026-04-01,GWW,5.0,5.8,6.9,4.8
2026-05-01,GWW,5.9,5.8,6.9,4.8
2026-06-01,GWW,7.6,5.8,6.9,4.8
2026-07-01,GWW,5.9,5.8,6.9,4.8
2026-08-01,GWW,5.4,5.8,6.9,4.8
2026-09-01,GWW,5.7,5.8,6.9,4.8
2026-10-01,GWW,0.8,5.8,6.9,4.8
2025-10-01,HAL,327.2,264.9,335.8,194.0
2025-11-01,HAL,183.4,264.9,335.8,194.0
2025-12-01,HAL,215.4,264.9,335.8,194.0
2026-01-01,HAL,341.4,264.9,335.8,194.0
2026-02-01,HAL,221.7,264.9,335.8,194.0
2026-03-01,HAL,413.4,264.9,335.8,194.0
2026-04-01,HAL,305.1,264.9,335.8,194.0
2026-05-01,HAL,217.6,264.9,335.8,194.0
2026-06-01,HAL,263.7,264.9,335.8,194.0
2026-07-01,HAL,262.6,264.9,335.8,194.0
2026-08-01,HAL,228.3,264.9,335.8,194.0
2026-09-01,HAL,223.4,264.9,335.8,194.0
2026-10-01,HAL,26.9,264.9,335.8,194.0
2025-10-01,HAS,44.8,38.9,46.7,31.2
2025-11-01,HAS,36.0,38.9,46.7,31.2
2025-12-01,HAS,32.6,38.9,46.7,31.2
2026-01-01,HAS,34.7,38.9,46.7,31.2
2026-02-01,HAS,46.0,38.9,46.7,31.2
2026-03-01,HAS,34.5,38.9,46.7,31.2
2026-04-01,HAS,39.9,38.9,46.7,31.2
2026-05-01,HAS,42.5,38.9,46.7,31.2
2026-06-01,HAS,40.9,38.9,46.7,31.2
2026-07-01,HAS,55.1,38.9,46.7,31.2
2026-08-01,HAS,31.8,38.9,46.7,31.2
2026-09-01,HAS,34.1,38.9,46.7,31.2
2026-10-01,HAS,7.3,38.9,46.7,31.2
2025-10-01,HBAN,881.9,577.5,736.4,418.7
2025-11-01,HBAN,510.7,577.5,736.4,418.7
2025-12-01,HBAN,475.0,577.5,736.4,418.7
2026-01-01,HBAN,845.1,577.5,736.4,418.7
2026-02-01,HBAN,637.7,577.5,736.4,418.7
2026-03-01,HBAN,635.2,577.5,736.4,418.7
2026-04-01,HBAN,458.0,577.5,736.4,418.7
2026-05-01,HBAN,423.9,577.5,736.4,418.7
2026-06-01,HBAN,484.6,577.5,736.4,418.7
2026-07-01,HBAN,552.2,577.5,736.4,418.7
2026-08-01,HBAN,460.9,577.5,736.4,418.7
2026-09-01,HBAN,641.9,577.5,736.4,418.7
2026-10-01,HBAN,66.2,577.5,736.4,418.7
2025-10-01,HCA,31.8,27.9,34.2,21.6
2025-11-01,HCA,25.2,27.9,34.2,21.6
2025-12-01,HCA,27.4,27.9,34.2,21.6
2026-01-01,HCA,23.0,27.9,34.2,21.6
2026-02-01,HCA,22.3,27.9,34.2,21.6
2026-03-01,HCA,23.7,27.9,34.2,21.6
2026-04-01,HCA,22.8,27.9,34.2,21.6
2026-05-01,HCA,29.3,27.9,34.2,21.6
2026-06-01,HCA,36.7,27.9,34.2,21.6
2026-07-01,HCA,39.3,27.9,34.2,21.6
2026-08-01,HCA,24.8,27.9,34.2,21.6
2026-09-01,HCA,31.9,27.9,34.2,21.6
2026-10-01,HCA,3.2,27.9,34.2,21.6
2025-10-01,HD,68.6,88.7,105.2,72.2
2025-11-01,HD,85.6,88.7,105.2,72.2
2025-12-01,HD,100.8,88.7,105.2,72.2
2026-01-01,HD,90.0,88.7,105.2,72.2
2026-02-01,HD,78.4,88.7,105.2,72.2
2026-03-01,HD,95.0,88.7,105.2,72.2
2026-04-01,HD,74.0,88.7,105.2,72.2
2026-05-01,HD,112.7,88.7,105.2,72.2
2026-06-01,HD,111.6,88.7,105.2,72.2
2026-07-01,HD,85.3,88.7,105.2,72.2
2026-08-01,HD,77.0,88.7,105.2,72.2
2026-09-01,HD,100.3,88.7,105.2,72.2
2026-10-01,HD,16.8,88.7,105.2,72.2
2025-10-01,HIG,35.7,33.0,38.0,28.0
2025-11-01,HIG,25.8,33.0,38.0,28.0
2025-12-01,HIG,34.3,33.0,38.0,28.0
2026-01-01,HIG,29.6,33.0,38.0,28.0
2026-02-01,HIG,33.8,33.0,38.0,28.0
2026-03-01,HIG,34.1,33.0,38.0,28.0
2026-04-01,HIG,29.8,33.0,38.0,28.0
2026-05-01,HIG,33.2,33.0,38.0,28.0
2026-06-01,HIG,40.4,33.0,38.0,28.0
2026-07-01,HIG,37.3,33.0,38.0,28.0
2026-08-01,HIG,29.7,33.0,38.0,28.0
2026-09-01,HIG,35.8,33.0,38.0,28.0
2026-10-01,HIG,6.7,33.0,38.0,28.0
2025-10-01,HII,10.4,10.5,12.1,8.9
2025-11-01,HII,8.4,10.5,12.1,8.9
2025-12-01,HII,10.3,10.5,12.1,8.9
2026-01-01,HII,12.6,10.5,12.1,8.9
2026-02-01,HII,11.5,10.5,12.1,8.9
2026-03-01,HII,11.2,10.5,12.1,8.9
2026-04-01,HII,9.0,10.5,12.1,8.9
2026-05-01,HII,12.0,10.5,12.1,8.9
2026-06-01,HII,11.5,10.5,12.1,8.9
2026-07-01,HII,11.6,10.5,12.1,8.9
2026-08-01,HII,9.1,10.5,12.1,8.9
2026-09-01,HII,10.0,10.5,12.1,8.9
2026-10-01,HII,2.0,10.5,12.1,8.9
2025-10-01,HLT,43.1,38.5,45.5,31.4
2025-11-01,HLT,30.4,38.5,45.5,31.4
2025-12-01,HLT,34.7,38.5,45.5,31.4
2026-01-01,HLT,37.8,38.5,45.5,31.4
2026-02-01,HLT,40.9,38.5,45.5,31.4
2026-03-01,HLT,42.5,38.5,45.5,31.4
2026-04-01,HLT,34.9,38.5,45.5,31.4
2026-05-01,HLT,31.4,38.5,45.5,31.4
2026-06-01,HLT,49.6,38.5,45.5,31.4
2026-07-01,HLT,45.4,38.5,45.5,31.4
2026-08-01,HLT,40.8,38.5,45.5,31.4
2026-09-01,HLT,35.0,38.5,45.5,31.4
2026-10-01,HLT,4.1,38.5,45.5,31.4
2025-10-01,HLX,34.6,37.8,47.6,28.1
2025-11-01,HLX,26.2,37.8,47.6,28.1
2025-12-01,HLX,38.0,37.8,47.6,28.1
2026-01-01,HLX,33.2,37.8,47.6,28.1
2026-02-01,HLX,49.4,37.8,47.6,28.1
2026-03-01,HLX,46.1,37.8,47.6,28.1
2026-04-01,HLX,42.5,37.8,47.6,28.1
2026-05-01,HLX,35.0,37.8,47.6,28.1
2026-06-01,HLX,34.5,37.8,47.6,28.1
2026-07-01,HLX,29.4,37.8,47.6,28.1
2026-08-01,HLX,30.2,37.8,47.6,28.1
2026-09-01,HLX,60.1,37.8,47.6,28.1
2026-10-01,HLX,10.9,37.8,47.6,28.1
2025-10-01,HON,112.6,86.0,107.2,64.7
2025-11-01,HON,76.6,86.0,107.2,64.7
2025-12-01,HON,81.1,86.0,107.2,64.7
2026-01-01,HON,103.2,86.0,107.2,64.7
2026-02-01,HON,73.9,86.0,107.2,64.7
2026-03-01,HON,90.5,86.0,107.2,64.7
2026-04-01,HON,80.2,86.0,107.2,64.7
2026-05-01,HON,85.1,86.0,107.2,64.7
2026-06-01,HON,129.0,86.0,107.2,64.7
2026-07-01,HON,84.1,86.0,107.2,64.7
2026-08-01,HON,63.9,86.0,107.2,64.7
2026-09-01,HON,62.9,86.0,107.2,64.7
2026-10-01,HON,6.0,86.0,107.2,64.7
2025-10-01,HOOD,610.9,560.4,691.0,429.9
2025-11-01,HOOD,600.3,560.4,691.0,429.9
2025-12-01,HOOD,501.8,560.4,691.0,429.9
2026-01-01,HOOD,429.6,560.4,691.0,429.9
2026-02-01,HOOD,763.9,560.4,691.0,429.9
2026-03-01,HOOD,605.4,560.4,691.0,429.9
2026-04-01,HOOD,735.0,560.4,691.0,429.9
2026-05-01,HOOD,498.9,560.4,691.0,429.9
2026-06-01,HOOD,710.9,560.4,691.0,429.9
2026-07-01,HOOD,497.5,560.4,691.0,429.9
2026-08-01,HOOD,385.7,560.4,691.0,429.9
2026-09-01,HOOD,492.2,560.4,691.0,429.9
2026-10-01,HOOD,67.2,560.4,691.0,429.9
2025-10-01,HPE,878.3,497.2,693.7,300.7
2025-11-01,HPE,559.7,497.2,693.7,300.7
2025-12-01,HPE,564.9,497.2,693.7,300.7
2026-01-01,HPE,335.5,497.2,693.7,300.7
2026-02-01,HPE,338.2,497.2,693.7,300.7
2026-03-01,HPE,472.5,497.2,693.7,300.7
2026-04-01,HPE,294.6,497.2,693.7,300.7
2026-05-01,HPE,409.4,497.2,693.7,300.7
2026-06-01,HPE,844.1,497.2,693.7,300.7
2026-07-01,HPE,382.1,497.2,693.7,300.7
2026-08-01,HPE,336.7,497.2,693.7,300.7
2026-09-01,HPE,579.3,497.2,693.7,300.7
2026-10-01,HPE,61.4,497.2,693.7,300.7
2025-10-01,HPQ,290.8,345.9,418.9,272.8
2025-11-01,HPQ,260.1,345.9,418.9,272.8
2025-12-01,HPQ,270.5,345.9,418.9,272.8
2026-01-01,HPQ,356.1,345.9,418.9,272.8
2026-02-01,HPQ,438.8,345.9,418.9,272.8
2026-03-01,HPQ,426.3,345.9,418.9,272.8
2026-04-01,HPQ,344.0,345.9,418.9,272.8
2026-05-01,HPQ,447.8,345.9,418.9,272.8
2026-06-01,HPQ,408.8,345.9,418.9,272.8
2026-07-01,HPQ,325.8,345.9,418.9,272.8
2026-08-01,HPQ,315.7,345.9,418.9,272.8
2026-09-01,HPQ,337.4,345.9,418.9,272.8
2026-10-01,HPQ,32.9,345.9,418.9,272.8
2025-10-01,HRL,113.5,101.5,118.8,84.3
2025-11-01,HRL,89.2,101.5,118.8,84.3
2025-12-01,HRL,115.6,101.5,118.8,84.3
2026-01-01,HRL,99.4,101.5,118.8,84.3
2026-02-01,HRL,96.4,101.5,118.8,84.3
2026-03-01,HRL,92.9,101.5,118.8,84.3
2026-04-01,HRL,105.9,101.5,118.8,84.3
2026-05-01,HRL,138.4,101.5,118.8,84.3
2026-06-01,HRL,96.8,101.5,118.8,84.3
2026-07-01,HRL,83.9,101.5,118.8,84.3
2026-08-01,HRL,103.6,101.5,118.8,84.3
2026-09-01,HRL,98.2,101.5,118.8,84.3
2026-10-01,HRL,18.6,101.5,118.8,84.3
2025-10-01,HSIC,32.0,27.8,33.0,22.5
2025-11-01,HSIC,31.5,27.8,33.0,22.5
2025-12-01,HSIC,26.3,27.8,33.0,22.5
2026-01-01,HSIC,24.5,27.8,33.0,22.5
2026-02-01,HSIC,31.9,27.8,33.0,22.5
2026-03-01,HSIC,27.5,27.8,33.0,22.5
2026-04-01,HSIC,21.5,27.8,33.0,22.5
2026-05-01,HSIC,37.6,27.8,33.0,22.5
2026-06-01,HSIC,28.7,27.8,33.0,22.5
2026-07-01,HSIC,29.5,27.8,33.0,22.5
2026-08-01,HSIC,24.2,27.8,33.0,22.5
2026-09-01,HSIC,23.3,27.8,33.0,22.5
2026-10-01,HSIC,4.1,27.8,33.0,22.5
2025-10-01,HST,142.6,177.3,205.4,149.3
2025-11-01,HST,182.9,177.3,205.4,149.3
2025-12-01,HST,156.1,177.3,205.4,149.3
2026-01-01,HST,165.4,177.3,205.4,149.3
2026-02-01,HST,172.0,177.3,205.4,149.3
2026-03-01,HST,203.4,177.3,205.4,149.3
2026-04-01,HST,174.1,177.3,205.4,149.3
2026-05-01,HST,165.6,177.3,205.4,149.3
2026-06-01,HST,211.7,177.3,205.4,149.3
2026-07-01,HST,205.6,177.3,205.4,149.3
2026-08-01,HST,202.8,177.3,205.4,149.3
2026-09-01,HST,174.4,177.3,205.4,149.3
2026-10-01,HST,32.0,177.3,205.4,149.3
2025-10-01,HSY,38.6,37.4,45.2,29.6
2025-11-01,HSY,35.1,37.4,45.2,29.6
2025-12-01,HSY,31.6,37.4,45.2,29.6
2026-01-01,HSY,36.8,37.4,45.2,29.6
2026-02-01,HSY,48.4,37.4,45.2,29.6
2026-03-01,HSY,38.3,37.4,45.2,29.6
2026-04-01,HSY,41.8,37.4,45.2,29.6
2026-05-01,HSY,38.5,37.4,45.2,29.6
2026-06-01,HSY,48.6,37.4,45.2,29.6
2026-07-01,HSY,42.5,37.4,45.2,29.6
2026-08-01,HSY,24.5,37.4,45.2,29.6
2026-09-01,HSY,31.1,37.4,45.2,29.6
2026-10-01,HSY,4.9,37.4,45.2,29.6
2025-10-01,HUBB,13.5,11.5,13.7,9.4
2025-11-01,HUBB,9.8,11.5,13.7,9.4
2025-12-01,HUBB,9.8,11.5,13.7,9.4
2026-01-01,HUBB,10.0,11.5,13.7,9.4
2026-02-01,HUBB,11.0,11.5,13.7,9.4
2026-03-01,HUBB,13.0,11.5,13.7,9.4
2026-04-01,HUBB,11.1,11.5,13.7,9.4
2026-05-01,HUBB,14.4,11.5,13.7,9.4
2026-06-01,HUBB,13.9,11.5,13.7,9.4
2026-07-01,HUBB,13.3,11.5,13.7,9.4
2026-08-01,HUBB,9.9,11.5,13.7,9.4
2026-09-01,HUBB,10.2,11.5,13.7,9.4
2026-10-01,HUBB,1.4,11.5,13.7,9.4
2025-10-01,HUM,43.7,34.1,42.4,25.8
2025-11-01,HUM,32.7,34.1,42.4,25.8
2025-12-01,HUM,30.3,34.1,42.4,25.8
2026-01-01,HUM,41.8,34.1,42.4,25.8
2026-02-01,HUM,47.0,34.1,42.4,25.8
2026-03-01,HUM,35.4,34.1,42.4,25.8
2026-04-01,HUM,41.2,34.1,42.4,25.8
2026-05-01,HUM,32.3,34.1,42.4,25.8
2026-06-01,HUM,32.3,34.1,42.4,25.8
2026-07-01,HUM,33.4,34.1,42.4,25.8
2026-08-01,HUM,23.0,34.1,42.4,25.8
2026-09-01,HUM,22.3,34.1,42.4,25.8
2026-10-01,HUM,3.2,34.1,42.4,25.8
2025-10-01,HWM,44.8,52.7,65.5,39.8
2025-11-01,HWM,40.1,52.7,65.5,39.8
2025-12-01,HWM,46.1,52.7,65.5,39.8
2026-01-01,HWM,54.1,52.7,65.5,39.8
2026-02-01,HWM,56.2,52.7,65.5,39.8
2026-03-01,HWM,53.6,52.7,65.5,39.8
2026-04-01,HWM,43.1,52.7,65.5,39.8
2026-05-01,HWM,52.8,52.7,65.5,39.8
2026-06-01,HWM,76.9,52.7,65.5,39.8
2026-07-01,HWM,44.8,52.7,65.5,39.8
2026-08-01,HWM,51.9,52.7,65.5,39.8
2026-09-01,HWM,76.8,52.7,65.5,39.8
2026-10-01,HWM,7.2,52.7,65.5,39.8
2025-10-01,HYD,9.6,18.8,27.5,10.0
2025-11-01,HYD,11.7,18.8,27.5,10.0
2025-12-01,HYD,21.2,18.8,27.5,10.0
2026-01-01,HYD,21.0,18.8,27.5,10.0
2026-02-01,HYD,12.1,18.8,27.5,10.0
2026-03-01,HYD,22.1,18.8,27.5,10.0
2026-04-01,HYD,17.4,18.8,27.5,10.0
2026-05-01,HYD,12.8,18.8,27.5,10.0
2026-06-01,HYD,15.7,18.8,27.5,10.0
2026-07-01,HYD,20.6,18.8,27.5,10.0
2026-08-01,HYD,17.9,18.8,27.5,10.0
2026-09-01,HYD,44.3,18.8,27.5,10.0
2026-10-01,HYD,8.1,18.8,27.5,10.0
2025-10-01,HYG,1092.1,879.8,1166.6,593.0
2025-11-01,HYG,848.5,879.8,1166.6,593.0
2025-12-01,HYG,724.9,879.8,1166.6,593.0
2026-01-01,HYG,706.4,879.8,1166.6,593.0
2026-02-01,HYG,807.7,879.8,1166.6,593.0
2026-03-01,HYG,1636.2,879.8,1166.6,593.0
2026-04-01,HYG,933.3,879.8,1166.6,593.0
2026-05-01,HYG,729.2,879.8,1166.6,593.0
2026-06-01,HYG,702.4,879.8,1166.6,593.0
2026-07-01,HYG,698.6,879.8,1166.6,593.0
2026-08-01,HYG,625.2,879.8,1166.6,593.0
2026-09-01,HYG,1110.2,879.8,1166.6,593.0
2026-10-01,HYG,237.1,879.8,1166.6,593.0
2025-10-01,IBKR,110.6,95.0,110.3,79.6
2025-11-01,IBKR,82.6,95.0,110.3,79.6
2025-12-01,IBKR,75.3,95.0,110.3,79.6
2026-01-01,IBKR,106.6,95.0,110.3,79.6
2026-02-01,IBKR,93.9,95.0,110.3,79.6
2026-03-01,IBKR,109.7,95.0,110.3,79.6
2026-04-01,IBKR,97.3,95.0,110.3,79.6
2026-05-01,IBKR,102.4,95.0,110.3,79.6
2026-06-01,IBKR,105.0,95.0,110.3,79.6
2026-07-01,IBKR,99.5,95.0,110.3,79.6
2026-08-01,IBKR,90.2,95.0,110.3,79.6
2026-09-01,IBKR,80.0,95.0,110.3,79.6
2026-10-01,IBKR,13.5,95.0,110.3,79.6
2025-10-01,IBM,140.5,142.9,205.9,79.8
2025-11-01,IBM,85.9,142.9,205.9,79.8
2025-12-01,IBM,78.4,142.9,205.9,79.8
2026-01-01,IBM,93.2,142.9,205.9,79.8
2026-02-01,IBM,143.5,142.9,205.9,79.8
2026-03-01,IBM,123.0,142.9,205.9,79.8
2026-04-01,IBM,133.5,142.9,205.9,79.8
2026-05-01,IBM,184.4,142.9,205.9,79.8
2026-06-01,IBM,220.6,142.9,205.9,79.8
2026-07-01,IBM,299.5,142.9,205.9,79.8
2026-08-01,IBM,111.4,142.9,205.9,79.8
2026-09-01,IBM,114.2,142.9,205.9,79.8
2026-10-01,IBM,23.0,142.9,205.9,79.8
2025-10-01,ICE,103.0,78.9,98.5,59.3
2025-11-01,ICE,65.2,78.9,98.5,59.3
2025-12-01,ICE,67.6,78.9,98.5,59.3
2026-01-01,ICE,65.5,78.9,98.5,59.3
2026-02-01,ICE,98.2,78.9,98.5,59.3
2026-03-01,ICE,76.5,78.9,98.5,59.3
2026-04-01,ICE,63.0,78.9,98.5,59.3
2026-05-01,ICE,69.5,78.9,98.5,59.3
2026-06-01,ICE,114.6,78.9,98.5,59.3
2026-07-01,ICE,97.4,78.9,98.5,59.3
2026-08-01,ICE,72.5,78.9,98.5,59.3
2026-09-01,ICE,64.1,78.9,98.5,59.3
2026-10-01,ICE,7.5,78.9,98.5,59.3
2025-10-01,ICL,13.6,26.6,35.4,17.8
2025-11-01,ICL,17.6,26.6,35.4,17.8
2025-12-01,ICL,23.2,26.6,35.4,17.8
2026-01-01,ICL,27.2,26.6,35.4,17.8
2026-02-01,ICL,29.3,26.6,35.4,17.8
2026-03-01,ICL,48.4,26.6,35.4,17.8
2026-04-01,ICL,26.8,26.6,35.4,17.8
2026-05-01,ICL,28.4,26.6,35.4,17.8
2026-06-01,ICL,33.4,26.6,35.4,17.8
2026-07-01,ICL,24.9,26.6,35.4,17.8
2026-08-01,ICL,23.7,26.6,35.4,17.8
2026-09-01,ICL,27.1,26.6,35.4,17.8
2026-10-01,ICL,3.0,26.6,35.4,17.8
2025-10-01,IDXX,10.0,11.6,13.5,9.7
2025-11-01,IDXX,12.9,11.6,13.5,9.7
2025-12-01,IDXX,11.5,11.6,13.5,9.7
2026-01-01,IDXX,9.5,11.6,13.5,9.7
2026-02-01,IDXX,10.5,11.6,13.5,9.7
2026-03-01,IDXX,11.5,11.6,13.5,9.7
2026-04-01,IDXX,11.3,11.6,13.5,9.7
2026-05-01,IDXX,13.4,11.6,13.5,9.7
2026-06-01,IDXX,14.1,11.6,13.5,9.7
2026-07-01,IDXX,13.1,11.6,13.5,9.7
2026-08-01,IDXX,12.9,11.6,13.5,9.7
2026-09-01,IDXX,10.7,11.6,13.5,9.7
2026-10-01,IDXX,1.2,11.6,13.5,9.7
2025-10-01,IEF,183.2,179.2,230.9,127.6
2025-11-01,IEF,206.3,179.2,230.9,127.6
2025-12-01,IEF,161.3,179.2,230.9,127.6
2026-01-01,IEF,189.7,179.2,230.9,127.6
2026-02-01,IEF,174.1,179.2,230.9,127.6
2026-03-01,IEF,318.5,179.2,230.9,127.6
2026-04-01,IEF,147.5,179.2,230.9,127.6
2026-05-01,IEF,146.4,179.2,230.9,127.6
2026-06-01,IEF,152.4,179.2,230.9,127.6
2026-07-01,IEF,116.7,179.2,230.9,127.6
2026-08-01,IEF,181.7,179.2,230.9,127.6
2026-09-01,IEF,197.1,179.2,230.9,127.6
2026-10-01,IEF,41.5,179.2,230.9,127.6
2025-10-01,IEX,14.5,14.6,17.6,11.5
2025-11-01,IEX,11.8,14.6,17.6,11.5
2025-12-01,IEX,13.4,14.6,17.6,11.5
2026-01-01,IEX,13.6,14.6,17.6,11.5
2026-02-01,IEX,19.5,14.6,17.6,11.5
2026-03-01,IEX,19.9,14.6,17.6,11.5
2026-04-01,IEX,15.1,14.6,17.6,11.5
2026-05-01,IEX,13.6,14.6,17.6,11.5
2026-06-01,IEX,15.1,14.6,17.6,11.5
2026-07-01,IEX,16.8,14.6,17.6,11.5
2026-08-01,IEX,11.5,14.6,17.6,11.5
2026-09-01,IEX,12.5,14.6,17.6,11.5
2026-10-01,IEX,2.0,14.6,17.6,11.5
2025-10-01,IFF,48.2,39.9,47.7,32.1
2025-11-01,IFF,49.9,39.9,47.7,32.1
2025-12-01,IFF,47.9,39.9,47.7,32.1
2026-01-01,IFF,33.0,39.9,47.7,32.1
2026-02-01,IFF,36.5,39.9,47.7,32.1
2026-03-01,IFF,41.8,39.9,47.7,32.1
2026-04-01,IFF,29.6,39.9,47.7,32.1
2026-05-01,IFF,45.2,39.9,47.7,32.1
2026-06-01,IFF,43.0,39.9,47.7,32.1
2026-07-01,IFF,40.8,39.9,47.7,32.1
2026-08-01,IFF,32.8,39.9,47.7,32.1
2026-09-01,IFF,35.7,39.9,47.7,32.1
2026-10-01,IFF,5.3,39.9,47.7,32.1
2025-10-01,INCY,50.8,38.2,47.0,29.4
2025-11-01,INCY,44.6,38.2,47.0,29.4
2025-12-01,INCY,46.1,38.2,47.0,29.4
2026-01-01,INCY,41.2,38.2,47.0,29.4
2026-02-01,INCY,37.3,38.2,47.0,29.4
2026-03-01,INCY,36.9,38.2,47.0,29.4
2026-04-01,INCY,30.4,38.2,47.0,29.4
2026-05-01,INCY,25.4,38.2,47.0,29.4
2026-06-01,INCY,47.0,38.2,47.0,29.4
2026-07-01,INCY,42.5,38.2,47.0,29.4
2026-08-01,INCY,27.9,38.2,47.0,29.4
2026-09-01,INCY,32.3,38.2,47.0,29.4
2026-10-01,INCY,6.5,38.2,47.0,29.4
2025-10-01,INDA,120.6,137.6,186.4,88.9
2025-11-01,INDA,100.9,137.6,186.4,88.9
2025-12-01,INDA,118.3,137.6,186.4,88.9
2026-01-01,INDA,129.7,137.6,186.4,88.9
2026-02-01,INDA,175.5,137.6,186.4,88.9
2026-03-01,INDA,268.0,137.6,186.4,88.9
2026-04-01,INDA,163.7,137.6,186.4,88.9
2026-05-01,INDA,124.9,137.6,186.4,88.9
2026-06-01,INDA,145.5,137.6,186.4,88.9
2026-07-01,INDA,132.9,137.6,186.4,88.9
2026-08-01,INDA,84.7,137.6,186.4,88.9
2026-09-01,INDA,106.0,137.6,186.4,88.9
2026-10-01,INDA,13.5,137.6,186.4,88.9
2025-10-01,INTC,2783.0,2296.5,2866.7,1726.2
2025-11-01,INTC,1483.7,2296.5,2866.7,1726.2
2025-12-01,INTC,1627.5,2296.5,2866.7,1726.2
2026-01-01,INTC,2945.8,2296.5,2866.7,1726.2
2026-02-01,INTC,1719.7,2296.5,2866.7,1726.2
2026-03-01,INTC,1882.9,2296.5,2866.7,1726.2
2026-04-01,INTC,2876.5,2296.5,2866.7,1726.2
2026-05-01,INTC,2841.5,2296.5,2866.7,1726.2
2026-06-01,INTC,2759.4,2296.5,2866.7,1726.2
2026-07-01,INTC,2573.3,2296.5,2866.7,1726.2
2026-08-01,INTC,2105.7,2296.5,2866.7,1726.2
2026-09-01,INTC,2259.0,2296.5,2866.7,1726.2
2026-10-01,INTC,280.3,2296.5,2866.7,1726.2
2025-10-01,INTU,37.3,74.9,104.8,45.0
2025-11-01,INTU,35.1,74.9,104.8,45.0
2025-12-01,INTU,37.7,74.9,104.8,45.0
2026-01-01,INTU,58.5,74.9,104.8,45.0
2026-02-01,INTU,102.9,74.9,104.8,45.0
2026-03-01,INTU,80.4,74.9,104.8,45.0
2026-04-01,INTU,69.3,74.9,104.8,45.0
2026-05-01,INTU,108.8,74.9,104.8,45.0
2026-06-01,INTU,128.8,74.9,104.8,45.0
2026-07-01,INTU,95.1,74.9,104.8,45.0
2026-08-01,INTU,85.0,74.9,104.8,45.0
2026-09-01,INTU,76.2,74.9,104.8,45.0
2026-10-01,INTU,10.3,74.9,104.8,45.0
2025-10-01,INVH,114.1,115.8,143.9,87.7
2025-11-01,INVH,89.6,115.8,143.9,87.7
2025-12-01,INVH,115.0,115.8,143.9,87.7
2026-01-01,INVH,154.1,115.8,143.9,87.7
2026-02-01,INVH,132.9,115.8,143.9,87.7
2026-03-01,INVH,163.4,115.8,143.9,87.7
2026-04-01,INVH,111.2,115.8,143.9,87.7
2026-05-01,INVH,109.0,115.8,143.9,87.7
2026-06-01,INVH,140.9,115.8,143.9,87.7
2026-07-01,INVH,87.5,115.8,143.9,87.7
2026-08-01,INVH,78.2,115.8,143.9,87.7
2026-09-01,INVH,112.6,115.8,143.9,87.7
2026-10-01,INVH,15.3,115.8,143.9,87.7
2025-10-01,IP,114.6,122.0,148.7,95.3
2025-11-01,IP,97.7,122.0,148.7,95.3
2025-12-01,IP,95.5,122.0,148.7,95.3
2026-01-01,IP,149.5,122.0,148.7,95.3
2026-02-01,IP,145.5,122.0,148.7,95.3
2026-03-01,IP,146.2,122.0,148.7,95.3
2026-04-01,IP,154.9,122.0,148.7,95.3
2026-05-01,IP,131.5,122.0,148.7,95.3
2026-06-01,IP,134.0,122.0,148.7,95.3
2026-07-01,IP,126.2,122.0,148.7,95.3
2026-08-01,IP,77.4,122.0,148.7,95.3
2026-09-01,IP,113.0,122.0,148.7,95.3
2026-10-01,IP,18.8,122.0,148.7,95.3
2025-10-01,IQV,41.4,34.4,45.5,23.4
2025-11-01,IQV,26.8,34.4,45.5,23.4
2025-12-01,IQV,29.2,34.4,45.5,23.4
2026-01-01,IQV,25.0,34.4,45.5,23.4
2026-02-01,IQV,67.4,34.4,45.5,23.4
2026-03-01,IQV,35.6,34.4,45.5,23.4
2026-04-01,IQV,30.2,34.4,45.5,23.4
2026-05-01,IQV,38.5,34.4,45.5,23.4
2026-06-01,IQV,34.1,34.4,45.5,23.4
2026-07-01,IQV,32.6,34.4,45.5,23.4
2026-08-01,IQV,26.3,34.4,45.5,23.4
2026-09-01,IQV,33.8,34.4,45.5,23.4
2026-10-01,IQV,4.5,34.4,45.5,23.4
2025-10-01,IR,74.0,77.2,94.3,60.0
2025-11-01,IR,60.7,77.2,94.3,60.0
2025-12-01,IR,51.0,77.2,94.3,60.0
2026-01-01,IR,62.9,77.2,94.3,60.0
2026-02-01,IR,102.1,77.2,94.3,60.0
2026-03-01,IR,69.5,77.2,94.3,60.0
2026-04-01,IR,78.3,77.2,94.3,60.0
2026-05-01,IR,78.5,77.2,94.3,60.0
2026-06-01,IR,92.9,77.2,94.3,60.0
2026-07-01,IR,91.1,77.2,94.3,60.0
2026-08-01,IR,78.0,77.2,94.3,60.0
2026-09-01,IR,100.6,77.2,94.3,60.0
2026-10-01,IR,14.0,77.2,94.3,60.0
2025-10-01,IRM,27.3,36.7,44.9,28.6
2025-11-01,IRM,50.7,36.7,44.9,28.6
2025-12-01,IRM,44.6,36.7,44.9,28.6
2026-01-01,IRM,39.4,36.7,44.9,28.6
2026-02-01,IRM,44.4,36.7,44.9,28.6
2026-03-01,IRM,32.2,36.7,44.9,28.6
2026-04-01,IRM,33.2,36.7,44.9,28.6
2026-05-01,IRM,29.6,36.7,44.9,28.6
2026-06-01,IRM,32.8,36.7,44.9,28.6
2026-07-01,IRM,46.7,36.7,44.9,28.6
2026-08-01,IRM,33.2,36.7,44.9,28.6
2026-09-01,IRM,35.1,36.7,44.9,28.6
2026-10-01,IRM,5.5,36.7,44.9,28.6
2025-10-01,ISRG,59.4,48.5,63.4,33.7
2025-11-01,ISRG,38.8,48.5,63.4,33.7
2025-12-01,ISRG,32.3,48.5,63.4,33.7
2026-01-01,ISRG,41.7,48.5,63.4,33.7
2026-02-01,ISRG,40.2,48.5,63.4,33.7
2026-03-01,ISRG,37.2,48.5,63.4,33.7
2026-04-01,ISRG,45.6,48.5,63.4,33.7
2026-05-01,ISRG,46.3,48.5,63.4,33.7
2026-06-01,ISRG,55.1,48.5,63.4,33.7
2026-07-01,ISRG,86.3,48.5,63.4,33.7
2026-08-01,ISRG,53.7,48.5,63.4,33.7
2026-09-01,ISRG,50.7,48.5,63.4,33.7
2026-10-01,ISRG,5.0,48.5,63.4,33.7
2025-10-01,IT,25.0,28.4,36.7,20.0
2025-11-01,IT,19.1,28.4,36.7,20.0
2025-12-01,IT,21.0,28.4,36.7,20.0
2026-01-01,IT,19.8,28.4,36.7,20.0
2026-02-01,IT,45.2,28.4,36.7,20.0
2026-03-01,IT,33.8,28.4,36.7,20.0
2026-04-01,IT,27.1,28.4,36.7,20.0
2026-05-01,IT,40.7,28.4,36.7,20.0
2026-06-01,IT,32.1,28.4,36.7,20.0
2026-07-01,IT,28.7,28.4,36.7,20.0
2026-08-01,IT,31.7,28.4,36.7,20.0
2026-09-01,IT,22.2,28.4,36.7,20.0
2026-10-01,IT,2.4,28.4,36.7,20.0
2025-10-01,ITW,29.6,27.5,32.6,22.3
2025-11-01,ITW,21.8,27.5,32.6,22.3
2025-12-01,ITW,23.6,27.5,32.6,22.3
2026-01-01,ITW,27.4,27.5,32.6,22.3
2026-02-01,ITW,34.7,27.5,32.6,22.3
2026-03-01,ITW,28.4,27.5,32.6,22.3
2026-04-01,ITW,27.0,27.5,32.6,22.3
2026-05-01,ITW,27.7,27.5,32.6,22.3
2026-06-01,ITW,31.0,27.5,32.6,22.3
2026-07-01,ITW,33.8,27.5,32.6,22.3
2026-08-01,ITW,20.0,27.5,32.6,22.3
2026-09-01,ITW,29.0,27.5,32.6,22.3
2026-10-01,ITW,3.9,27.5,32.6,22.3
2025-10-01,IVZ,139.6,109.4,133.2,85.7
2025-11-01,IVZ,72.6,109.4,133.2,85.7
2025-12-01,IVZ,118.2,109.4,133.2,85.7
2026-01-01,IVZ,128.2,109.4,133.2,85.7
2026-02-01,IVZ,110.7,109.4,133.2,85.7
2026-03-01,IVZ,114.8,109.4,133.2,85.7
2026-04-01,IVZ,140.8,109.4,133.2,85.7
2026-05-01,IVZ,89.1,109.4,133.2,85.7
2026-06-01,IVZ,122.6,109.4,133.2,85.7
2026-07-01,IVZ,109.2,109.4,133.2,85.7
2026-08-01,IVZ,87.6,109.4,133.2,85.7
2026-09-01,IVZ,91.2,109.4,133.2,85.7
2026-10-01,IVZ,12.6,109.4,133.2,85.7
2025-10-01,IWD,78.6,63.0,89.0,37.1
2025-11-01,IWD,87.6,63.0,89.0,37.1
2025-12-01,IWD,93.6,63.0,89.0,37.1
2026-01-01,IWD,84.3,63.0,89.0,37.1
2026-02-01,IWD,61.7,63.0,89.0,37.1
2026-03-01,IWD,105.9,63.0,89.0,37.1
2026-04-01,IWD,49.9,63.0,89.0,37.1
2026-05-01,IWD,32.9,63.0,89.0,37.1
2026-06-01,IWD,63.2,63.0,89.0,37.1
2026-07-01,IWD,43.3,63.0,89.0,37.1
2026-08-01,IWD,31.1,63.0,89.0,37.1
2026-09-01,IWD,33.0,63.0,89.0,37.1
2026-10-01,IWD,6.0,63.0,89.0,37.1
2025-10-01,IWF,125.3,149.9,231.1,68.7
2025-11-01,IWF,109.1,149.9,231.1,68.7
2025-12-01,IWF,161.4,149.9,231.1,68.7
2026-01-01,IWF,185.7,149.9,231.1,68.7
2026-02-01,IWF,284.7,149.9,231.1,68.7
2026-03-01,IWF,344.6,149.9,231.1,68.7
2026-04-01,IWF,134.4,149.9,231.1,68.7
2026-05-01,IWF,100.3,149.9,231.1,68.7
2026-06-01,IWF,125.6,149.9,231.1,68.7
2026-07-01,IWF,108.7,149.9,231.1,68.7
2026-08-01,IWF,68.2,149.9,231.1,68.7
2026-09-01,IWF,79.5,149.9,231.1,68.7
2026-10-01,IWF,14.4,149.9,231.1,68.7
2025-10-01,IWM,871.4,690.7,929.7,451.6
2025-11-01,IWM,921.3,690.7,929.7,451.6
2025-12-01,IWM,773.0,690.7,929.7,451.6
2026-01-01,IWM,777.1,690.7,929.7,451.6
2026-02-01,IWM,761.1,690.7,929.7,451.6
2026-03-01,IWM,1206.1,690.7,929.7,451.6
2026-04-01,IWM,617.7,690.7,929.7,451.6
2026-05-01,IWM,522.0,690.7,929.7,451.6
2026-06-01,IWM,629.6,690.7,929.7,451.6
2026-07-01,IWM,473.5,690.7,929.7,451.6
2026-08-01,IWM,355.0,690.7,929.7,451.6
2026-09-01,IWM,484.4,690.7,929.7,451.6
2026-10-01,IWM,86.6,690.7,929.7,451.6
2025-10-01,J,28.4,21.7,27.5,15.8
2025-11-01,J,22.8,21.7,27.5,15.8
2025-12-01,J,22.5,21.7,27.5,15.8
2026-01-01,J,13.9,21.7,27.5,15.8
2026-02-01,J,22.6,21.7,27.5,15.8
2026-03-01,J,20.7,21.7,27.5,15.8
2026-04-01,J,16.0,21.7,27.5,15.8
2026-05-01,J,32.5,21.7,27.5,15.8
2026-06-01,J,28.9,21.7,27.5,15.8
2026-07-01,J,19.4,21.7,27.5,15.8
2026-08-01,J,19.1,21.7,27.5,15.8
2026-09-01,J,16.8,21.7,27.5,15.8
2026-10-01,J,2.4,21.7,27.5,15.8
2025-10-01,JBHT,38.1,23.0,29.0,17.0
2025-11-01,JBHT,22.8,23.0,29.0,17.0
2025-12-01,JBHT,26.2,23.0,29.0,17.0
2026-01-01,JBHT,21.4,23.0,29.0,17.0
2026-02-01,JBHT,22.0,23.0,29.0,17.0
2026-03-01,JBHT,20.9,23.0,29.0,17.0
2026-04-01,JBHT,19.7,23.0,29.0,17.0
2026-05-01,JBHT,19.4,23.0,29.0,17.0
2026-06-01,JBHT,21.4,23.0,29.0,17.0
2026-07-01,JBHT,24.2,23.0,29.0,17.0
2026-08-01,JBHT,15.9,23.0,29.0,17.0
2026-09-01,JBHT,25.8,23.0,29.0,17.0
2026-10-01,JBHT,2.6,23.0,29.0,17.0
2025-10-01,JBL,28.7,25.5,30.5,20.5
2025-11-01,JBL,21.4,25.5,30.5,20.5
2025-12-01,JBL,29.6,25.5,30.5,20.5
2026-01-01,JBL,22.9,25.5,30.5,20.5
2026-02-01,JBL,21.1,25.5,30.5,20.5
2026-03-01,JBL,29.4,25.5,30.5,20.5
2026-04-01,JBL,21.4,25.5,30.5,20.5
2026-05-01,JBL,25.4,25.5,30.5,20.5
2026-06-01,JBL,34.4,25.5,30.5,20.5
2026-07-01,JBL,25.0,25.5,30.5,20.5
2026-08-01,JBL,20.2,25.5,30.5,20.5
2026-09-01,JBL,28.8,25.5,30.5,20.5
2026-10-01,JBL,4.9,25.5,30.5,20.5
2025-10-01,JCI,80.7,88.0,109.6,66.4
2025-11-01,JCI,102.0,88.0,109.6,66.4
2025-12-01,JCI,112.1,88.0,109.6,66.4
2026-01-01,JCI,122.6,88.0,109.6,66.4
2026-02-01,JCI,108.0,88.0,109.6,66.4
2026-03-01,JCI,90.2,88.0,109.6,66.4
2026-04-01,JCI,61.8,88.0,109.6,66.4
2026-05-01,JCI,73.7,88.0,109.6,66.4
2026-06-01,JCI,105.5,88.0,109.6,66.4
2026-07-01,JCI,85.1,88.0,109.6,66.4
2026-08-01,JCI,64.1,88.0,109.6,66.4
2026-09-01,JCI,69.6,88.0,109.6,66.4
2026-10-01,JCI,8.9,88.0,109.6,66.4
2025-10-01,JKHY,26.4,23.0,30.1,15.8
2025-11-01,JKHY,17.2,23.0,30.1,15.8
2025-12-01,JKHY,17.4,23.0,30.1,15.8
2026-01-01,JKHY,13.9,23.0,30.1,15.8
2026-02-01,JKHY,25.3,23.0,30.1,15.8
2026-03-01,JKHY,21.4,23.0,30.1,15.8
2026-04-01,JKHY,17.8,23.0,30.1,15.8
2026-05-01,JKHY,35.0,23.0,30.1,15.8
2026-06-01,JKHY,37.0,23.0,30.1,15.8
2026-07-01,JKHY,25.8,23.0,30.1,15.8
2026-08-01,JKHY,20.2,23.0,30.1,15.8
2026-09-01,JKHY,21.9,23.0,30.1,15.8
2026-10-01,JKHY,2.5,23.0,30.1,15.8
2025-10-01,JNJ,195.1,167.7,193.8,141.6
2025-11-01,JNJ,174.2,167.7,193.8,141.6
2025-12-01,JNJ,176.4,167.7,193.8,141.6
2026-01-01,JNJ,191.4,167.7,193.8,141.6
2026-02-01,JNJ,181.3,167.7,193.8,141.6
2026-03-01,JNJ,170.4,167.7,193.8,141.6
2026-04-01,JNJ,160.3,167.7,193.8,141.6
2026-05-01,JNJ,154.3,167.7,193.8,141.6
2026-06-01,JNJ,188.6,167.7,193.8,141.6
2026-07-01,JNJ,176.7,167.7,193.8,141.6
2026-08-01,JNJ,136.9,167.7,193.8,141.6
2026-09-01,JNJ,132.4,167.7,193.8,141.6
2026-10-01,JNJ,29.3,167.7,193.8,141.6
2025-10-01,JNK,110.3,88.7,131.5,45.8
2025-11-01,JNK,99.3,88.7,131.5,45.8
2025-12-01,JNK,95.7,88.7,131.5,45.8
2026-01-01,JNK,69.1,88.7,131.5,45.8
2026-02-01,JNK,78.0,88.7,131.5,45.8
2026-03-01,JNK,212.0,88.7,131.5,45.8
2026-04-01,JNK,82.7,88.7,131.5,45.8
2026-05-01,JNK,55.3,88.7,131.5,45.8
2026-06-01,JNK,64.2,88.7,131.5,45.8
2026-07-01,JNK,52.3,88.7,131.5,45.8
2026-08-01,JNK,55.6,88.7,131.5,45.8
2026-09-01,JNK,93.9,88.7,131.5,45.8
2026-10-01,JNK,18.2,88.7,131.5,45.8
2025-10-01,JPM,189.4,188.7,229.5,147.9
2025-11-01,JPM,150.2,188.7,229.5,147.9
2025-12-01,JPM,211.6,188.7,229.5,147.9
2026-01-01,JPM,243.5,188.7,229.5,147.9
2026-02-01,JPM,203.1,188.7,229.5,147.9
2026-03-01,JPM,244.2,188.7,229.5,147.9
2026-04-01,JPM,172.9,188.7,229.5,147.9
2026-05-01,JPM,171.1,188.7,229.5,147.9
2026-06-01,JPM,206.0,188.7,229.5,147.9
2026-07-01,JPM,211.0,188.7,229.5,147.9
2026-08-01,JPM,119.0,188.7,229.5,147.9
2026-09-01,JPM,169.2,188.7,229.5,147.9
2026-10-01,JPM,20.2,188.7,229.5,147.9
2025-10-01,KDP,450.1,271.3,348.5,194.1
2025-11-01,KDP,307.6,271.3,348.5,194.1
2025-12-01,KDP,310.7,271.3,348.5,194.1
2026-01-01,KDP,215.4,271.3,348.5,194.1
2026-02-01,KDP,213.3,271.3,348.5,194.1
2026-03-01,KDP,221.3,271.3,348.5,194.1
2026-04-01,KDP,263.3,271.3,348.5,194.1
2026-05-01,KDP,200.6,271.3,348.5,194.1
2026-06-01,KDP,348.1,271.3,348.5,194.1
2026-07-01,KDP,290.8,271.3,348.5,194.1
2026-08-01,KDP,238.2,271.3,348.5,194.1
2026-09-01,KDP,214.9,271.3,348.5,194.1
2026-10-01,KDP,39.4,271.3,348.5,194.1
2025-10-01,KEY,494.6,305.8,391.4,220.2
2025-11-01,KEY,346.8,305.8,391.4,220.2
2025-12-01,KEY,340.0,305.8,391.4,220.2
2026-01-01,KEY,325.7,305.8,391.4,220.2
2026-02-01,KEY,333.0,305.8,391.4,220.2
2026-03-01,KEY,359.8,305.8,391.4,220.2
2026-04-01,KEY,278.1,305.8,391.4,220.2
2026-05-01,KEY,212.6,305.8,391.4,220.2
2026-06-01,KEY,269.3,305.8,391.4,220.2
2026-07-01,KEY,241.6,305.8,391.4,220.2
2026-08-01,KEY,185.5,305.8,391.4,220.2
2026-09-01,KEY,317.0,305.8,391.4,220.2
2026-10-01,KEY,39.7,305.8,391.4,220.2
2025-10-01,KEYS,26.5,28.1,34.3,21.8
2025-11-01,KEYS,28.1,28.1,34.3,21.8
2025-12-01,KEYS,23.6,28.1,34.3,21.8
2026-01-01,KEYS,20.6,28.1,34.3,21.8
2026-02-01,KEYS,34.8,28.1,34.3,21.8
2026-03-01,KEYS,34.9,28.1,34.3,21.8
2026-04-01,KEYS,23.0,28.1,34.3,21.8
2026-05-01,KEYS,35.1,28.1,34.3,21.8
2026-06-01,KEYS,35.4,28.1,34.3,21.8
2026-07-01,KEYS,28.7,28.1,34.3,21.8
2026-08-01,KEYS,30.5,28.1,34.3,21.8
2026-09-01,KEYS,20.9,28.1,34.3,21.8
2026-10-01,KEYS,3.4,28.1,34.3,21.8
2025-10-01,KHC,346.6,322.8,383.7,261.9
2025-11-01,KHC,313.6,322.8,383.7,261.9
2025-12-01,KHC,279.1,322.8,383.7,261.9
2026-01-01,KHC,339.4,322.8,383.7,261.9
2026-02-01,KHC,306.6,322.8,383.7,261.9
2026-03-01,KHC,386.6,322.8,383.7,261.9
2026-04-01,KHC,274.0,322.8,383.7,261.9
2026-05-01,KHC,304.4,322.8,383.7,261.9
2026-06-01,KHC,300.1,322.8,383.7,261.9
2026-07-01,KHC,291.3,322.8,383.7,261.9
2026-08-01,KHC,321.4,322.8,383.7,261.9
2026-09-01,KHC,459.1,322.8,383.7,261.9
2026-10-01,KHC,46.8,322.8,383.7,261.9
2025-10-01,KIM,107.6,104.9,123.4,86.4
2025-11-01,KIM,101.6,104.9,123.4,86.4
2025-12-01,KIM,95.9,104.9,123.4,86.4
2026-01-01,KIM,108.4,104.9,123.4,86.4
2026-02-01,KIM,129.4,104.9,123.4,86.4
2026-03-01,KIM,125.7,104.9,123.4,86.4
2026-04-01,KIM,94.1,104.9,123.4,86.4
2026-05-01,KIM,87.6,104.9,123.4,86.4
2026-06-01,KIM,127.5,104.9,123.4,86.4
2026-07-01,KIM,89.0,104.9,123.4,86.4
2026-08-01,KIM,92.2,104.9,123.4,86.4
2026-09-01,KIM,117.8,104.9,123.4,86.4
2026-10-01,KIM,15.5,104.9,123.4,86.4
2025-10-01,KKR,105.8,108.5,147.2,69.7
2025-11-01,KKR,95.0,108.5,147.2,69.7
2025-12-01,KKR,84.2,108.5,147.2,69.7
2026-01-01,KKR,88.5,108.5,147.2,69.7
2026-02-01,KKR,207.0,108.5,147.2,69.7
2026-03-01,KKR,176.8,108.5,147.2,69.7
2026-04-01,KKR,102.3,108.5,147.2,69.7
2026-05-01,KKR,95.5,108.5,147.2,69.7
2026-06-01,KKR,106.7,108.5,147.2,69.7
2026-07-01,KKR,82.4,108.5,147.2,69.7
2026-08-01,KKR,98.6,108.5,147.2,69.7
2026-09-01,KKR,82.5,108.5,147.2,69.7
2026-10-01,KKR,16.2,108.5,147.2,69.7
2025-10-01,KLAC,256.8,225.2,273.5,176.9
2025-11-01,KLAC,207.5,225.2,273.5,176.9
2025-12-01,KLAC,176.5,225.2,273.5,176.9
2026-01-01,KLAC,252.8,225.2,273.5,176.9
2026-02-01,KLAC,210.2,225.2,273.5,176.9
2026-03-01,KLAC,230.0,225.2,273.5,176.9
2026-04-01,KLAC,190.5,225.2,273.5,176.9
2026-05-01,KLAC,202.6,225.2,273.5,176.9
2026-06-01,KLAC,308.5,225.2,273.5,176.9
2026-07-01,KLAC,299.2,225.2,273.5,176.9
2026-08-01,KLAC,199.9,225.2,273.5,176.9
2026-09-01,KLAC,198.9,225.2,273.5,176.9
2026-10-01,KLAC,24.0,225.2,273.5,176.9
2025-10-01,KMB,57.3,101.3,131.4,71.1
2025-11-01,KMB,167.7,101.3,131.4,71.1
2025-12-01,KMB,116.2,101.3,131.4,71.1
2026-01-01,KMB,140.2,101.3,131.4,71.1
2026-02-01,KMB,104.0,101.3,131.4,71.1
2026-03-01,KMB,111.5,101.3,131.4,71.1
2026-04-01,KMB,101.8,101.3,131.4,71.1
2026-05-01,KMB,87.2,101.3,131.4,71.1
2026-06-01,KMB,108.6,101.3,131.4,71.1
2026-07-01,KMB,79.7,101.3,131.4,71.1
2026-08-01,KMB,71.6,101.3,131.4,71.1
2026-09-01,KMB,98.0,101.3,131.4,71.1
2026-10-01,KMB,13.6,101.3,131.4,71.1
2025-10-01,KMI,336.9,258.4,310.1,206.7
2025-11-01,KMI,279.2,258.4,310.1,206.7
2025-12-01,KMI,243.8,258.4,310.1,206.7
2026-01-01,KMI,316.7,258.4,310.1,206.7
2026-02-01,KMI,257.0,258.4,310.1,206.7
2026-03-01,KMI,321.1,258.4,310.1,206.7
2026-04-01,KMI,261.2,258.4,310.1,206.7
2026-05-01,KMI,210.0,258.4,310.1,206.7
2026-06-01,KMI,219.3,258.4,310.1,206.7
2026-07-01,KMI,208.3,258.4,310.1,206.7
2026-08-01,KMI,220.7,258.4,310.1,206.7
2026-09-01,KMI,264.8,258.4,310.1,206.7
2026-10-01,KMI,32.6,258.4,310.1,206.7
2025-10-01,KO,360.0,344.3,398.5,290.1
2025-11-01,KO,312.9,344.3,398.5,290.1
2025-12-01,KO,346.2,344.3,398.5,290.1
2026-01-01,KO,369.9,344.3,398.5,290.1
2026-02-01,KO,390.4,344.3,398.5,290.1
2026-03-01,KO,371.6,344.3,398.5,290.1
2026-04-01,KO,292.3,344.3,398.5,290.1
2026-05-01,KO,294.6,344.3,398.5,290.1
2026-06-01,KO,426.7,344.3,398.5,290.1
2026-07-01,KO,386.9,344.3,398.5,290.1
2026-08-01,KO,304.7,344.3,398.5,290.1
2026-09-01,KO,324.8,344.3,398.5,290.1
2026-10-01,KO,60.3,344.3,398.5,290.1
2025-10-01,KR,141.5,141.9,173.0,110.9
2025-11-01,KR,114.4,141.9,173.0,110.9
2025-12-01,KR,149.6,141.9,173.0,110.9
2026-01-01,KR,137.3,141.9,173.0,110.9
2026-02-01,KR,128.7,141.9,173.0,110.9
2026-03-01,KR,167.5,141.9,173.0,110.9
2026-04-01,KR,101.3,141.9,173.0,110.9
2026-05-01,KR,116.5,141.9,173.0,110.9
2026-06-01,KR,197.2,141.9,173.0,110.9
2026-07-01,KR,167.6,141.9,173.0,110.9
2026-08-01,KR,125.3,141.9,173.0,110.9
2026-09-01,KR,171.7,141.9,173.0,110.9
2026-10-01,KR,19.1,141.9,173.0,110.9
2025-10-01,KVUE,749.1,622.6,864.6,380.6
2025-11-01,KVUE,1006.8,622.6,864.6,380.6
2025-12-01,KVUE,714.3,622.6,864.6,380.6
2026-01-01,KVUE,983.5,622.6,864.6,380.6
2026-02-01,KVUE,1014.6,622.6,864.6,380.6
2026-03-01,KVUE,533.7,622.6,864.6,380.6
2026-04-01,KVUE,361.9,622.6,864.6,380.6
2026-05-01,KVUE,421.8,622.6,864.6,380.6
2026-06-01,KVUE,467.2,622.6,864.6,380.6
2026-07-01,KVUE,408.9,622.6,864.6,380.6
2026-08-01,KVUE,444.6,622.6,864.6,380.6
2026-09-01,KVUE,553.7,622.6,864.6,380.6
2026-10-01,KVUE,50.1,622.6,864.6,380.6
2025-10-01,L,16.5,16.4,19.5,13.3
2025-11-01,L,15.2,16.4,19.5,13.3
2025-12-01,L,18.5,16.4,19.5,13.3
2026-01-01,L,14.1,16.4,19.5,13.3
2026-02-01,L,15.2,16.4,19.5,13.3
2026-03-01,L,15.0,16.4,19.5,13.3
2026-04-01,L,12.6,16.4,19.5,13.3
2026-05-01,L,18.9,16.4,19.5,13.3
2026-06-01,L,20.2,16.4,19.5,13.3
2026-07-01,L,17.5,16.4,19.5,13.3
2026-08-01,L,13.5,16.4,19.5,13.3
2026-09-01,L,21.8,16.4,19.5,13.3
2026-10-01,L,3.9,16.4,19.5,13.3
2025-10-01,LDOS,16.6,24.5,32.4,16.6
2025-11-01,LDOS,16.2,24.5,32.4,16.6
2025-12-01,LDOS,17.6,24.5,32.4,16.6
2026-01-01,LDOS,18.7,24.5,32.4,16.6
2026-02-01,LDOS,23.9,24.5,32.4,16.6
2026-03-01,LDOS,27.1,24.5,32.4,16.6
2026-04-01,LDOS,16.9,24.5,32.4,16.6
2026-05-01,LDOS,30.3,24.5,32.4,16.6
2026-06-01,LDOS,40.4,24.5,32.4,16.6
2026-07-01,LDOS,31.4,24.5,32.4,16.6
2026-08-01,LDOS,31.5,24.5,32.4,16.6
2026-09-01,LDOS,27.0,24.5,32.4,16.6
2026-10-01,LDOS,3.6,24.5,32.4,16.6
2025-10-01,LEN,83.3,77.8,111.9,43.7
2025-11-01,LEN,165.7,77.8,111.9,43.7
2025-12-01,LEN,122.6,77.8,111.9,43.7
2026-01-01,LEN,67.7,77.8,111.9,43.7
2026-02-01,LEN,47.8,77.8,111.9,43.7
2026-03-01,LEN,78.4,77.8,111.9,43.7
2026-04-01,LEN,58.3,77.8,111.9,43.7
2026-05-01,LEN,51.3,77.8,111.9,43.7
2026-06-01,LEN,64.5,77.8,111.9,43.7
2026-07-01,LEN,54.5,77.8,111.9,43.7
2026-08-01,LEN,46.3,77.8,111.9,43.7
2026-09-01,LEN,104.8,77.8,111.9,43.7
2026-10-01,LEN,28.6,77.8,111.9,43.7
2025-10-01,LH,18.0,14.9,17.7,12.1
2025-11-01,LH,19.4,14.9,17.7,12.1
2025-12-01,LH,13.8,14.9,17.7,12.1
2026-01-01,LH,16.0,14.9,17.7,12.1
2026-02-01,LH,14.7,14.9,17.7,12.1
2026-03-01,LH,12.1,14.9,17.7,12.1
2026-04-01,LH,13.8,14.9,17.7,12.1
2026-05-01,LH,13.2,14.9,17.7,12.1
2026-06-01,LH,13.4,14.9,17.7,12.1
2026-07-01,LH,17.3,14.9,17.7,12.1
2026-08-01,LH,12.3,14.9,17.7,12.1
2026-09-01,LH,17.2,14.9,17.7,12.1
2026-10-01,LH,1.9,14.9,17.7,12.1
2025-10-01,LHX,26.1,29.0,34.9,23.0
2025-11-01,LHX,22.3,29.0,34.9,23.0
2025-12-01,LHX,21.1,29.0,34.9,23.0
2026-01-01,LHX,38.3,29.0,34.9,23.0
2026-02-01,LHX,24.0,29.0,34.9,23.0
2026-03-01,LHX,32.9,29.0,34.9,23.0
2026-04-01,LHX,29.4,29.0,34.9,23.0
2026-05-01,LHX,26.9,29.0,34.9,23.0
2026-06-01,LHX,30.8,29.0,34.9,23.0
2026-07-01,LHX,31.1,29.0,34.9,23.0
2026-08-01,LHX,34.8,29.0,34.9,23.0
2026-09-01,LHX,34.4,29.0,34.9,23.0
2026-10-01,LHX,4.1,29.0,34.9,23.0
2025-10-01,LII,12.3,9.9,11.5,8.2
2025-11-01,LII,8.3,9.9,11.5,8.2
2025-12-01,LII,9.0,9.9,11.5,8.2
2026-01-01,LII,10.1,9.9,11.5,8.2
2026-02-01,LII,10.0,9.9,11.5,8.2
2026-03-01,LII,9.8,9.9,11.5,8.2
2026-04-01,LII,10.7,9.9,11.5,8.2
2026-05-01,LII,8.3,9.9,11.5,8.2
2026-06-01,LII,8.3,9.9,11.5,8.2
2026-07-01,LII,11.8,9.9,11.5,8.2
2026-08-01,LII,10.6,9.9,11.5,8.2
2026-09-01,LII,10.4,9.9,11.5,8.2
2026-10-01,LII,1.5,9.9,11.5,8.2
2025-10-01,LIN,47.9,50.0,60.0,40.0
2025-11-01,LIN,55.2,50.0,60.0,40.0
2025-12-01,LIN,67.9,50.0,60.0,40.0
2026-01-01,LIN,47.5,50.0,60.0,40.0
2026-02-01,LIN,56.4,50.0,60.0,40.0
2026-03-01,LIN,62.6,50.0,60.0,40.0
2026-04-01,LIN,40.8,50.0,60.0,40.0
2026-05-01,LIN,42.1,50.0,60.0,40.0
2026-06-01,LIN,55.4,50.0,60.0,40.0
2026-07-01,LIN,47.0,50.0,60.0,40.0
2026-08-01,LIN,42.8,50.0,60.0,40.0
2026-09-01,LIN,42.5,50.0,60.0,40.0
2026-10-01,LIN,7.5,50.0,60.0,40.0
2025-10-01,LITE,70.4,106.4,133.1,79.7
2025-11-01,LITE,112.5,106.4,133.1,79.7
2025-12-01,LITE,81.5,106.4,133.1,79.7
2026-01-01,LITE,90.8,106.4,133.1,79.7
2026-02-01,LITE,110.0,106.4,133.1,79.7
2026-03-01,LITE,163.9,106.4,133.1,79.7
2026-04-01,LITE,120.6,106.4,133.1,79.7
2026-05-01,LITE,124.1,106.4,133.1,79.7
2026-06-01,LITE,128.6,106.4,133.1,79.7
2026-07-01,LITE,95.9,106.4,133.1,79.7
2026-08-01,LITE,103.2,106.4,133.1,79.7
2026-09-01,LITE,95.7,106.4,133.1,79.7
2026-10-01,LITE,15.3,106.4,133.1,79.7
2025-10-01,LLY,78.6,64.9,77.4,52.4
2025-11-01,LLY,87.1,64.9,77.4,52.4
2025-12-01,LLY,65.9,64.9,77.4,52.4
2026-01-01,LLY,59.1,64.9,77.4,52.4
2026-02-01,LLY,72.5,64.9,77.4,52.4
2026-03-01,LLY,62.1,64.9,77.4,52.4
2026-04-01,LLY,67.2,64.9,77.4,52.4
2026-05-01,LLY,66.4,64.9,77.4,52.4
2026-06-01,LLY,71.6,64.9,77.4,52.4
2026-07-01,LLY,53.1,64.9,77.4,52.4
2026-08-01,LLY,60.1,64.9,77.4,52.4
2026-09-01,LLY,48.5,64.9,77.4,52.4
2026-10-01,LLY,6.2,64.9,77.4,52.4
2025-10-01,LMT,30.1,29.4,36.5,22.4
2025-11-01,LMT,24.8,29.4,36.5,22.4
2025-12-01,LMT,29.2,29.4,36.5,22.4
2026-01-01,LMT,45.2,29.4,36.5,22.4
2026-02-01,LMT,30.2,29.4,36.5,22.4
2026-03-01,LMT,39.3,29.4,36.5,22.4
2026-04-01,LMT,30.9,29.4,36.5,22.4
2026-05-01,LMT,26.6,29.4,36.5,22.4
2026-06-01,LMT,28.7,29.4,36.5,22.4
2026-07-01,LMT,26.7,29.4,36.5,22.4
2026-08-01,LMT,20.8,29.4,36.5,22.4
2026-09-01,LMT,25.6,29.4,36.5,22.4
2026-10-01,LMT,3.0,29.4,36.5,22.4
2025-10-01,LNT,47.4,48.8,57.3,40.4
2025-11-01,LNT,42.1,48.8,57.3,40.4
2025-12-01,LNT,39.3,48.8,57.3,40.4
2026-01-01,LNT,46.4,48.8,57.3,40.4
2026-02-01,LNT,66.0,48.8,57.3,40.4
2026-03-01,LNT,48.3,48.8,57.3,40.4
2026-04-01,LNT,39.5,48.8,57.3,40.4
2026-05-01,LNT,53.0,48.8,57.3,40.4
2026-06-01,LNT,55.1,48.8,57.3,40.4
2026-07-01,LNT,53.0,48.8,57.3,40.4
2026-08-01,LNT,50.1,48.8,57.3,40.4
2026-09-01,LNT,54.3,48.8,57.3,40.4
2026-10-01,LNT,11.6,48.8,57.3,40.4
2025-10-01,LOW,54.9,60.4,68.6,52.1
2025-11-01,LOW,67.4,60.4,68.6,52.1
2025-12-01,LOW,60.5,60.4,68.6,52.1
2026-01-01,LOW,59.6,60.4,68.6,52.1
2026-02-01,LOW,55.7,60.4,68.6,52.1
2026-03-01,LOW,59.7,60.4,68.6,52.1
2026-04-01,LOW,51.8,60.4,68.6,52.1
2026-05-01,LOW,60.4,60.4,68.6,52.1
2026-06-01,LOW,66.3,60.4,68.6,52.1
2026-07-01,LOW,68.2,60.4,68.6,52.1
2026-08-01,LOW,61.3,60.4,68.6,52.1
2026-09-01,LOW,68.8,60.4,68.6,52.1
2026-10-01,LOW,9.9,60.4,68.6,52.1
2025-10-01,LQD,733.3,677.2,870.5,484.0
2025-11-01,LQD,711.4,677.2,870.5,484.0
2025-12-01,LQD,555.5,677.2,870.5,484.0
2026-01-01,LQD,645.7,677.2,870.5,484.0
2026-02-01,LQD,652.3,677.2,870.5,484.0
2026-03-01,LQD,1239.4,677.2,870.5,484.0
2026-04-01,LQD,638.1,677.2,870.5,484.0
2026-05-01,LQD,535.1,677.2,870.5,484.0
2026-06-01,LQD,587.4,677.2,870.5,484.0
2026-07-01,LQD,646.0,677.2,870.5,484.0
2026-08-01,LQD,568.2,677.2,870.5,484.0
2026-09-01,LQD,686.6,677.2,870.5,484.0
2026-10-01,LQD,129.8,677.2,870.5,484.0
2025-10-01,LRCX,270.7,225.1,271.9,178.3
2025-11-01,LRCX,215.3,225.1,271.9,178.3
2025-12-01,LRCX,219.9,225.1,271.9,178.3
2026-01-01,LRCX,283.7,225.1,271.9,178.3
2026-02-01,LRCX,203.7,225.1,271.9,178.3
2026-03-01,LRCX,244.5,225.1,271.9,178.3
2026-04-01,LRCX,190.9,225.1,271.9,178.3
2026-05-01,LRCX,183.5,225.1,271.9,178.3
2026-06-01,LRCX,280.5,225.1,271.9,178.3
2026-07-01,LRCX,272.7,225.1,271.9,178.3
2026-08-01,LRCX,170.0,225.1,271.9,178.3
2026-09-01,LRCX,195.5,225.1,271.9,178.3
2026-10-01,LRCX,22.3,225.1,271.9,178.3
2025-10-01,LULU,91.3,79.5,113.1,46.0
2025-11-01,LULU,62.3,79.5,113.1,46.0
2025-12-01,LULU,123.1,79.5,113.1,46.0
2026-01-01,LULU,59.1,79.5,113.1,46.0
2026-02-01,LULU,39.7,79.5,113.1,46.0
2026-03-01,LULU,70.2,79.5,113.1,46.0
2026-04-01,LULU,57.3,79.5,113.1,46.0
2026-05-01,LULU,64.9,79.5,113.1,46.0
2026-06-01,LULU,102.3,79.5,113.1,46.0
2026-07-01,LULU,55.7,79.5,113.1,46.0
2026-08-01,LULU,70.0,79.5,113.1,46.0
2026-09-01,LULU,161.2,79.5,113.1,46.0
2026-10-01,LULU,18.7,79.5,113.1,46.0
2025-10-01,LUV,226.7,166.0,215.8,116.2
2025-11-01,LUV,141.2,166.0,215.8,116.2
2025-12-01,LUV,240.6,166.0,215.8,116.2
2026-01-01,LUV,205.0,166.0,215.8,116.2
2026-02-01,LUV,200.5,166.0,215.8,116.2
2026-03-01,LUV,215.9,166.0,215.8,116.2
2026-04-01,LUV,160.7,166.0,215.8,116.2
2026-05-01,LUV,135.3,166.0,215.8,116.2
2026-06-01,LUV,144.8,166.0,215.8,116.2
2026-07-01,LUV,121.0,166.0,215.8,116.2
2026-08-01,LUV,94.2,166.0,215.8,116.2
2026-09-01,LUV,126.5,166.0,215.8,116.2
2026-10-01,LUV,17.1,166.0,215.8,116.2
2025-10-01,LVS,137.4,106.2,127.5,84.8
2025-11-01,LVS,103.2,106.2,127.5,84.8
2025-12-01,LVS,108.7,106.2,127.5,84.8
2026-01-01,LVS,146.0,106.2,127.5,84.8
2026-02-01,LVS,100.2,106.2,127.5,84.8
2026-03-01,LVS,84.6,106.2,127.5,84.8
2026-04-01,LVS,86.4,106.2,127.5,84.8
2026-05-01,LVS,93.6,106.2,127.5,84.8
2026-06-01,LVS,95.3,106.2,127.5,84.8
2026-07-01,LVS,113.2,106.2,127.5,84.8
2026-08-01,LVS,99.7,106.2,127.5,84.8
2026-09-01,LVS,120.4,106.2,127.5,84.8
2026-10-01,LVS,19.5,106.2,127.5,84.8
2025-10-01,LYB,105.1,120.4,161.0,79.8
2025-11-01,LYB,102.0,120.4,161.0,79.8
2025-12-01,LYB,123.0,120.4,161.0,79.8
2026-01-01,LYB,130.1,120.4,161.0,79.8
2026-02-01,LYB,128.3,120.4,161.0,79.8
2026-03-01,LYB,228.0,120.4,161.0,79.8
2026-04-01,LYB,153.3,120.4,161.0,79.8
2026-05-01,LYB,106.5,120.4,161.0,79.8
2026-06-01,LYB,115.0,120.4,161.0,79.8
2026-07-01,LYB,111.1,120.4,161.0,79.8
2026-08-01,LYB,84.1,120.4,161.0,79.8
2026-09-01,LYB,75.1,120.4,161.0,79.8
2026-10-01,LYB,10.0,120.4,161.0,79.8
2025-10-01,LYV,56.5,55.0,66.5,43.5
2025-11-01,LYV,72.3,55.0,66.5,43.5
2025-12-01,LYV,60.0,55.0,66.5,43.5
2026-01-01,LYV,53.0,55.0,66.5,43.5
2026-02-01,LYV,61.4,55.0,66.5,43.5
2026-03-01,LYV,69.9,55.0,66.5,43.5
2026-04-01,LYV,57.9,55.0,66.5,43.5
2026-05-01,LYV,55.7,55.0,66.5,43.5
2026-06-01,LYV,58.6,55.0,66.5,43.5
2026-07-01,LYV,45.8,55.0,66.5,43.5
2026-08-01,LYV,37.7,55.0,66.5,43.5
2026-09-01,LYV,41.7,55.0,66.5,43.5
2026-10-01,LYV,7.6,55.0,66.5,43.5
2025-10-01,MA,63.2,68.6,82.6,54.6
2025-11-01,MA,51.7,68.6,82.6,54.6
2025-12-01,MA,56.7,68.6,82.6,54.6
2026-01-01,MA,86.9,68.6,82.6,54.6
2026-02-01,MA,79.0,68.6,82.6,54.6
2026-03-01,MA,75.1,68.6,82.6,54.6
2026-04-01,MA,70.8,68.6,82.6,54.6
2026-05-01,MA,73.1,68.6,82.6,54.6
2026-06-01,MA,92.0,68.6,82.6,54.6
2026-07-01,MA,69.4,68.6,82.6,54.6
2026-08-01,MA,60.5,68.6,82.6,54.6
2026-09-01,MA,57.6,68.6,82.6,54.6
2026-10-01,MA,7.8,68.6,82.6,54.6
2025-10-01,MAA,22.6,20.9,24.2,17.6
2025-11-01,MAA,19.7,20.9,24.2,17.6
2025-12-01,MAA,22.6,20.9,24.2,17.6
2026-01-01,MAA,18.7,20.9,24.2,17.6
2026-02-01,MAA,21.0,20.9,24.2,17.6
2026-03-01,MAA,20.5,20.9,24.2,17.6
2026-04-01,MAA,20.6,20.9,24.2,17.6
2026-05-01,MAA,17.2,20.9,24.2,17.6
2026-06-01,MAA,23.1,20.9,24.2,17.6
2026-07-01,MAA,25.4,20.9,24.2,17.6
2026-08-01,MAA,17.1,20.9,24.2,17.6
2026-09-01,MAA,24.8,20.9,24.2,17.6
2026-10-01,MAA,4.4,20.9,24.2,17.6
2025-10-01,MAR,33.4,32.5,36.9,28.0
2025-11-01,MAR,32.1,32.5,36.9,28.0
2025-12-01,MAR,34.3,32.5,36.9,28.0
2026-01-01,MAR,30.2,32.5,36.9,28.0
2026-02-01,MAR,36.2,32.5,36.9,28.0
2026-03-01,MAR,35.5,32.5,36.9,28.0
2026-04-01,MAR,29.5,32.5,36.9,28.0
2026-05-01,MAR,28.3,32.5,36.9,28.0
2026-06-01,MAR,34.1,32.5,36.9,28.0
2026-07-01,MAR,30.9,32.5,36.9,28.0
2026-08-01,MAR,36.4,32.5,36.9,28.0
2026-09-01,MAR,34.1,32.5,36.9,28.0
2026-10-01,MAR,3.5,32.5,36.9,28.0
2025-10-01,MAS,46.9,52.7,62.3,43.0
2025-11-01,MAS,51.3,52.7,62.3,43.0
2025-12-01,MAS,52.6,52.7,62.3,43.0
2026-01-01,MAS,45.2,52.7,62.3,43.0
2026-02-01,MAS,60.2,52.7,62.3,43.0
2026-03-01,MAS,56.6,52.7,62.3,43.0
2026-04-01,MAS,71.3,52.7,62.3,43.0
2026-05-01,MAS,54.2,52.7,62.3,43.0
2026-06-01,MAS,50.8,52.7,62.3,43.0
2026-07-01,MAS,60.2,52.7,62.3,43.0
2026-08-01,MAS,41.4,52.7,62.3,43.0
2026-09-01,MAS,50.8,52.7,62.3,43.0
2026-10-01,MAS,5.1,52.7,62.3,43.0
2025-10-01,MCD,62.4,80.3,100.6,59.9
2025-11-01,MCD,63.0,80.3,100.6,59.9
2025-12-01,MCD,72.8,80.3,100.6,59.9
2026-01-01,MCD,62.8,80.3,100.6,59.9
2026-02-01,MCD,70.7,80.3,100.6,59.9
2026-03-01,MCD,71.0,80.3,100.6,59.9
2026-04-01,MCD,65.9,80.3,100.6,59.9
2026-05-01,MCD,87.3,80.3,100.6,59.9
2026-06-01,MCD,101.0,80.3,100.6,59.9
2026-07-01,MCD,98.6,80.3,100.6,59.9
2026-08-01,MCD,95.0,80.3,100.6,59.9
2026-09-01,MCD,123.4,80.3,100.6,59.9
2026-10-01,MCD,18.0,80.3,100.6,59.9
2025-10-01,MCHI,77.9,62.2,84.2,40.2
2025-11-01,MCHI,44.0,62.2,84.2,40.2
2025-12-01,MCHI,52.1,62.2,84.2,40.2
2026-01-01,MCHI,62.5,62.2,84.2,40.2
2026-02-01,MCHI,65.3,62.2,84.2,40.2
2026-03-01,MCHI,118.1,62.2,84.2,40.2
2026-04-01,MCHI,54.9,62.2,84.2,40.2
2026-05-01,MCHI,60.7,62.2,84.2,40.2
2026-06-01,MCHI,72.0,62.2,84.2,40.2
2026-07-01,MCHI,66.3,62.2,84.2,40.2
2026-08-01,MCHI,44.3,62.2,84.2,40.2
2026-09-01,MCHI,33.8,62.2,84.2,40.2
2026-10-01,MCHI,5.7,62.2,84.2,40.2
2025-10-01,MCHP,164.0,199.9,239.7,160.1
2025-11-01,MCHP,176.9,199.9,239.7,160.1
2025-12-01,MCHP,188.6,199.9,239.7,160.1
2026-01-01,MCHP,186.8,199.9,239.7,160.1
2026-02-01,MCHP,186.9,199.9,239.7,160.1
2026-03-01,MCHP,198.9,199.9,239.7,160.1
2026-04-01,MCHP,198.0,199.9,239.7,160.1
2026-05-01,MCHP,228.4,199.9,239.7,160.1
2026-06-01,MCHP,286.8,199.9,239.7,160.1
2026-07-01,MCHP,240.9,199.9,239.7,160.1
2026-08-01,MCHP,201.2,199.9,239.7,160.1
2026-09-01,MCHP,174.8,199.9,239.7,160.1
2026-10-01,MCHP,20.5,199.9,239.7,160.1
2025-10-01,MCK,14.1,18.2,23.1,13.2
2025-11-01,MCK,14.8,18.2,23.1,13.2
2025-12-01,MCK,16.2,18.2,23.1,13.2
2026-01-01,MCK,11.7,18.2,23.1,13.2
2026-02-01,MCK,17.4,18.2,23.1,13.2
2026-03-01,MCK,17.3,18.2,23.1,13.2
2026-04-01,MCK,16.3,18.2,23.1,13.2
2026-05-01,MCK,29.8,18.2,23.1,13.2
2026-06-01,MCK,23.5,18.2,23.1,13.2
2026-07-01,MCK,20.7,18.2,23.1,13.2
2026-08-01,MCK,21.6,18.2,23.1,13.2
2026-09-01,MCK,18.1,18.2,23.1,13.2
2026-10-01,MCK,2.7,18.2,23.1,13.2
2025-10-01,MCO,22.1,20.8,27.8,13.7
2025-11-01,MCO,14.2,20.8,27.8,13.7
2025-12-01,MCO,17.1,20.8,27.8,13.7
2026-01-01,MCO,14.5,20.8,27.8,13.7
2026-02-01,MCO,38.0,20.8,27.8,13.7
2026-03-01,MCO,31.3,20.8,27.8,13.7
2026-04-01,MCO,21.8,20.8,27.8,13.7
2026-05-01,MCO,21.1,20.8,27.8,13.7
2026-06-01,MCO,22.9,20.8,27.8,13.7
2026-07-01,MCO,19.6,20.8,27.8,13.7
2026-08-01,MCO,14.6,20.8,27.8,13.7
2026-09-01,MCO,15.4,20.8,27.8,13.7
2026-10-01,MCO,4.1,20.8,27.8,13.7
2025-10-01,MDLZ,184.9,194.5,235.6,153.3
2025-11-01,MDLZ,172.9,194.5,235.6,153.3
2025-12-01,MDLZ,257.0,194.5,235.6,153.3
2026-01-01,MDLZ,231.7,194.5,235.6,153.3
2026-02-01,MDLZ,217.3,194.5,235.6,153.3
2026-03-01,MDLZ,240.7,194.5,235.6,153.3
2026-04-01,MDLZ,170.9,194.5,235.6,153.3
2026-05-01,MDLZ,142.0,194.5,235.6,153.3
2026-06-01,MDLZ,208.3,194.5,235.6,153.3
2026-07-01,MDLZ,213.7,194.5,235.6,153.3
2026-08-01,MDLZ,150.2,194.5,235.6,153.3
2026-09-01,MDLZ,170.9,194.5,235.6,153.3
2026-10-01,MDLZ,23.6,194.5,235.6,153.3
2025-10-01,MDT,145.3,177.5,215.2,139.8
2025-11-01,MDT,157.4,177.5,215.2,139.8
2025-12-01,MDT,127.1,177.5,215.2,139.8
2026-01-01,MDT,158.5,177.5,215.2,139.8
2026-02-01,MDT,176.5,177.5,215.2,139.8
2026-03-01,MDT,184.9,177.5,215.2,139.8
2026-04-01,MDT,181.8,177.5,215.2,139.8
2026-05-01,MDT,210.1,177.5,215.2,139.8
2026-06-01,MDT,244.0,177.5,215.2,139.8
2026-07-01,MDT,169.5,177.5,215.2,139.8
2026-08-01,MDT,143.7,177.5,215.2,139.8
2026-09-01,MDT,248.7,177.5,215.2,139.8
2026-10-01,MDT,108.3,177.5,215.2,139.8
2025-10-01,MDY,19.4,18.0,25.3,10.7
2025-11-01,MDY,20.8,18.0,25.3,10.7
2025-12-01,MDY,19.1,18.0,25.3,10.7
2026-01-01,MDY,19.8,18.0,25.3,10.7
2026-02-01,MDY,19.0,18.0,25.3,10.7
2026-03-01,MDY,38.5,18.0,25.3,10.7
2026-04-01,MDY,14.4,18.0,25.3,10.7
2026-05-01,MDY,11.2,18.0,25.3,10.7
2026-06-01,MDY,18.8,18.0,25.3,10.7
2026-07-01,MDY,13.3,18.0,25.3,10.7
2026-08-01,MDY,11.3,18.0,25.3,10.7
2026-09-01,MDY,12.9,18.0,25.3,10.7
2026-10-01,MDY,3.1,18.0,25.3,10.7
2025-10-01,MET,66.4,73.8,85.3,62.4
2025-11-01,MET,76.3,73.8,85.3,62.4
2025-12-01,MET,73.3,73.8,85.3,62.4
2026-01-01,MET,70.4,73.8,85.3,62.4
2026-02-01,MET,85.6,73.8,85.3,62.4
2026-03-01,MET,89.6,73.8,85.3,62.4
2026-04-01,MET,69.0,73.8,85.3,62.4
2026-05-01,MET,68.7,73.8,85.3,62.4
2026-06-01,MET,83.9,73.8,85.3,62.4
2026-07-01,MET,83.5,73.8,85.3,62.4
2026-08-01,MET,67.0,73.8,85.3,62.4
2026-09-01,MET,64.7,73.8,85.3,62.4
2026-10-01,MET,11.1,73.8,85.3,62.4
2025-10-01,META,411.8,367.2,442.6,291.8
2025-11-01,META,416.3,367.2,442.6,291.8
2025-12-01,META,335.3,367.2,442.6,291.8
2026-01-01,META,364.7,367.2,442.6,291.8
2026-02-01,META,255.2,367.2,442.6,291.8
2026-03-01,META,352.5,367.2,442.6,291.8
2026-04-01,META,339.3,367.2,442.6,291.8
2026-05-01,META,300.4,367.2,442.6,291.8
2026-06-01,META,397.2,367.2,442.6,291.8
2026-07-01,META,447.5,367.2,442.6,291.8
2026-08-01,META,333.9,367.2,442.6,291.8
2026-09-01,META,500.0,367.2,442.6,291.8
2026-10-01,META,40.6,367.2,442.6,291.8
2025-10-01,MGM,118.5,90.3,113.7,66.9
2025-11-01,MGM,94.1,90.3,113.7,66.9
2025-12-01,MGM,79.9,90.3,113.7,66.9
2026-01-01,MGM,92.4,90.3,113.7,66.9
2026-02-01,MGM,108.7,90.3,113.7,66.9
2026-03-01,MGM,108.6,90.3,113.7,66.9
2026-04-01,MGM,89.5,90.3,113.7,66.9
2026-05-01,MGM,103.2,90.3,113.7,66.9
2026-06-01,MGM,109.3,90.3,113.7,66.9
2026-07-01,MGM,54.7,90.3,113.7,66.9
2026-08-01,MGM,45.7,90.3,113.7,66.9
2026-09-01,MGM,94.5,90.3,113.7,66.9
2026-10-01,MGM,14.2,90.3,113.7,66.9
2025-10-01,MKC,65.9,74.8,95.4,54.3
2025-11-01,MKC,44.7,74.8,95.4,54.3
2025-12-01,MKC,57.6,74.8,95.4,54.3
2026-01-01,MKC,94.2,74.8,95.4,54.3
2026-02-01,MKC,66.9,74.8,95.4,54.3
2026-03-01,MKC,91.2,74.8,95.4,54.3
2026-04-01,MKC,99.5,74.8,95.4,54.3
2026-05-01,MKC,75.8,74.8,95.4,54.3
2026-06-01,MKC,110.9,74.8,95.4,54.3
2026-07-01,MKC,80.6,74.8,95.4,54.3
2026-08-01,MKC,50.1,74.8,95.4,54.3
2026-09-01,MKC,69.5,74.8,95.4,54.3
2026-10-01,MKC,18.7,74.8,95.4,54.3
2025-10-01,MLM,7.3,11.1,14.4,7.8
2025-11-01,MLM,8.7,11.1,14.4,7.8
2025-12-01,MLM,8.6,11.1,14.4,7.8
2026-01-01,MLM,8.3,11.1,14.4,7.8
2026-02-01,MLM,11.3,11.1,14.4,7.8
2026-03-01,MLM,13.3,11.1,14.4,7.8
2026-04-01,MLM,9.1,11.1,14.4,7.8
2026-05-01,MLM,11.2,11.1,14.4,7.8
2026-06-01,MLM,13.0,11.1,14.4,7.8
2026-07-01,MLM,13.6,11.1,14.4,7.8
2026-08-01,MLM,11.6,11.1,14.4,7.8
2026-09-01,MLM,19.0,11.1,14.4,7.8
2026-10-01,MLM,2.3,11.1,14.4,7.8
2025-10-01,MMM,74.6,72.6,87.6,57.6
2025-11-01,MMM,58.8,72.6,87.6,57.6
2025-12-01,MMM,52.1,72.6,87.6,57.6
2026-01-01,MMM,85.4,72.6,87.6,57.6
2026-02-01,MMM,78.3,72.6,87.6,57.6
2026-03-01,MMM,94.0,72.6,87.6,57.6
2026-04-01,MMM,75.8,72.6,87.6,57.6
2026-05-01,MMM,80.0,72.6,87.6,57.6
2026-06-01,MMM,84.8,72.6,87.6,57.6
2026-07-01,MMM,80.8,72.6,87.6,57.6
2026-08-01,MMM,55.1,72.6,87.6,57.6
2026-09-01,MMM,63.4,72.6,87.6,57.6
2026-10-01,MMM,8.6,72.6,87.6,57.6
2025-10-01,MNST,231.8,230.6,265.5,195.7
2025-11-01,MNST,236.3,230.6,265.5,195.7
2025-12-01,MNST,221.0,230.6,265.5,195.7
2026-01-01,MNST,220.6,230.6,265.5,195.7
2026-02-01,MNST,281.5,230.6,265.5,195.7
2026-03-01,MNST,259.7,230.6,265.5,195.7
2026-04-01,MNST,183.9,230.6,265.5,195.7
2026-05-01,MNST,233.0,230.6,265.5,195.7
2026-06-01,MNST,258.2,230.6,265.5,195.7
2026-07-01,MNST,244.6,230.6,265.5,195.7
2026-08-01,MNST,224.5,230.6,265.5,195.7
2026-09-01,MNST,213.9,230.6,265.5,195.7
2026-10-01,MNST,28.2,230.6,265.5,195.7
2025-10-01,MO,197.4,187.3,216.7,157.8
2025-11-01,MO,159.5,187.3,216.7,157.8
2025-12-01,MO,198.6,187.3,216.7,157.8
2026-01-01,MO,229.1,187.3,216.7,157.8
2026-02-01,MO,175.8,187.3,216.7,157.8
2026-03-01,MO,226.4,187.3,216.7,157.8
2026-04-01,MO,192.1,187.3,216.7,157.8
2026-05-01,MO,176.4,187.3,216.7,157.8
2026-06-01,MO,181.5,187.3,216.7,157.8
2026-07-01,MO,170.4,187.3,216.7,157.8
2026-08-01,MO,198.2,187.3,216.7,157.8
2026-09-01,MO,168.5,187.3,216.7,157.8
2026-10-01,MO,21.8,187.3,216.7,157.8
2025-10-01,MOS,119.5,170.0,215.6,124.4
2025-11-01,MOS,146.3,170.0,215.6,124.4
2025-12-01,MOS,160.9,170.0,215.6,124.4
2026-01-01,MOS,150.7,170.0,215.6,124.4
2026-02-01,MOS,121.2,170.0,215.6,124.4
2026-03-01,MOS,281.8,170.0,215.6,124.4
2026-04-01,MOS,178.3,170.0,215.6,124.4
2026-05-01,MOS,177.0,170.0,215.6,124.4
2026-06-01,MOS,216.7,170.0,215.6,124.4
2026-07-01,MOS,165.5,170.0,215.6,124.4
2026-08-01,MOS,167.5,170.0,215.6,124.4
2026-09-01,MOS,174.5,170.0,215.6,124.4
2026-10-01,MOS,28.6,170.0,215.6,124.4
2025-10-01,MP,454.8,167.6,266.2,69.0
2025-11-01,MP,224.4,167.6,266.2,69.0
2025-12-01,MP,132.5,167.6,266.2,69.0
2026-01-01,MP,216.0,167.6,266.2,69.0
2026-02-01,MP,115.7,167.6,266.2,69.0
2026-03-01,MP,128.5,167.6,266.2,69.0
2026-04-01,MP,113.3,167.6,266.2,69.0
2026-05-01,MP,144.0,167.6,266.2,69.0
2026-06-01,MP,118.0,167.6,266.2,69.0
2026-07-01,MP,120.2,167.6,266.2,69.0
2026-08-01,MP,146.1,167.6,266.2,69.0
2026-09-01,MP,107.0,167.6,266.2,69.0
2026-10-01,MP,15.1,167.6,266.2,69.0
2025-10-01,MPC,35.9,49.3,59.7,38.8
2025-11-01,MPC,42.4,49.3,59.7,38.8
2025-12-01,MPC,50.3,49.3,59.7,38.8
2026-01-01,MPC,45.5,49.3,59.7,38.8
2026-02-01,MPC,46.0,49.3,59.7,38.8
2026-03-01,MPC,69.6,49.3,59.7,38.8
2026-04-01,MPC,45.3,49.3,59.7,38.8
2026-05-01,MPC,48.4,49.3,59.7,38.8
2026-06-01,MPC,54.0,49.3,59.7,38.8
2026-07-01,MPC,44.2,49.3,59.7,38.8
2026-08-01,MPC,54.0,49.3,59.7,38.8
2026-09-01,MPC,63.0,49.3,59.7,38.8
2026-10-01,MPC,6.4,49.3,59.7,38.8
2025-10-01,MPWR,14.6,14.9,18.8,11.0
2025-11-01,MPWR,13.4,14.9,18.8,11.0
2025-12-01,MPWR,16.0,14.9,18.8,11.0
2026-01-01,MPWR,11.5,14.9,18.8,11.0
2026-02-01,MPWR,13.0,14.9,18.8,11.0
2026-03-01,MPWR,12.2,14.9,18.8,11.0
2026-04-01,MPWR,12.4,14.9,18.8,11.0
2026-05-01,MPWR,13.7,14.9,18.8,11.0
2026-06-01,MPWR,23.5,14.9,18.8,11.0
2026-07-01,MPWR,21.5,14.9,18.8,11.0
2026-08-01,MPWR,13.6,14.9,18.8,11.0
2026-09-01,MPWR,15.1,14.9,18.8,11.0
2026-10-01,MPWR,1.9,14.9,18.8,11.0
2025-10-01,MRK,262.4,235.7,283.0,188.4
2025-11-01,MRK,290.9,235.7,283.0,188.4
2025-12-01,MRK,309.0,235.7,283.0,188.4
2026-01-01,MRK,252.5,235.7,283.0,188.4
2026-02-01,MRK,258.5,235.7,283.0,188.4
2026-03-01,MRK,226.8,235.7,283.0,188.4
2026-04-01,MRK,196.0,235.7,283.0,188.4
2026-05-01,MRK,178.0,235.7,283.0,188.4
2026-06-01,MRK,266.1,235.7,283.0,188.4
2026-07-01,MRK,190.1,235.7,283.0,188.4
2026-08-01,MRK,235.6,235.7,283.0,188.4
2026-09-01,MRK,204.5,235.7,283.0,188.4
2026-10-01,MRK,27.0,235.7,283.0,188.4
2025-10-01,MRNA,251.7,239.4,369.8,109.0
2025-11-01,MRNA,201.2,239.4,369.8,109.0
2025-12-01,MRNA,223.9,239.4,369.8,109.0
2026-01-01,MRNA,295.0,239.4,369.8,109.0
2026-02-01,MRNA,196.5,239.4,369.8,109.0
2026-03-01,MRNA,190.3,239.4,369.8,109.0
2026-04-01,MRNA,116.3,239.4,369.8,109.0
2026-05-01,MRNA,158.4,239.4,369.8,109.0
2026-06-01,MRNA,180.1,239.4,369.8,109.0
2026-07-01,MRNA,146.9,239.4,369.8,109.0
2026-08-01,MRNA,625.6,239.4,369.8,109.0
2026-09-01,MRNA,321.1,239.4,369.8,109.0
2026-10-01,MRNA,45.0,239.4,369.8,109.0
2025-10-01,MRSH,72.8,58.5,69.0,48.0
2025-11-01,MRSH,52.5,58.5,69.0,48.0
2025-12-01,MRSH,57.2,58.5,69.0,48.0
2026-01-01,MRSH,55.5,58.5,69.0,48.0
2026-02-01,MRSH,67.0,58.5,69.0,48.0
2026-03-01,MRSH,70.8,58.5,69.0,48.0
2026-04-01,MRSH,59.6,58.5,69.0,48.0
2026-05-01,MRSH,57.7,58.5,69.0,48.0
2026-06-01,MRSH,58.3,58.5,69.0,48.0
2026-07-01,MRSH,60.2,58.5,69.0,48.0
2026-08-01,MRSH,40.1,58.5,69.0,48.0
2026-09-01,MRSH,58.6,58.5,69.0,48.0
2026-10-01,MRSH,7.3,58.5,69.0,48.0
2025-10-01,MRVL,393.5,522.6,833.2,212.0
2025-11-01,MRVL,318.7,522.6,833.2,212.0
2025-12-01,MRVL,411.5,522.6,833.2,212.0
2026-01-01,MRVL,291.6,522.6,833.2,212.0
2026-02-01,MRVL,251.0,522.6,833.2,212.0
2026-03-01,MRVL,541.5,522.6,833.2,212.0
2026-04-01,MRVL,623.4,522.6,833.2,212.0
2026-05-01,MRVL,555.0,522.6,833.2,212.0
2026-06-01,MRVL,1472.4,522.6,833.2,212.0
2026-07-01,MRVL,567.4,522.6,833.2,212.0
2026-08-01,MRVL,520.2,522.6,833.2,212.0
2026-09-01,MRVL,375.2,522.6,833.2,212.0
2026-10-01,MRVL,47.8,522.6,833.2,212.0
2025-10-01,MS,133.1,124.0,148.7,99.3
2025-11-01,MS,107.1,124.0,148.7,99.3
2025-12-01,MS,112.7,124.0,148.7,99.3
2026-01-01,MS,141.5,124.0,148.7,99.3
2026-02-01,MS,157.6,124.0,148.7,99.3
2026-03-01,MS,163.5,124.0,148.7,99.3
2026-04-01,MS,122.0,124.0,148.7,99.3
2026-05-01,MS,110.7,124.0,148.7,99.3
2026-06-01,MS,136.7,124.0,148.7,99.3
2026-07-01,MS,126.9,124.0,148.7,99.3
2026-08-01,MS,88.7,124.0,148.7,99.3
2026-09-01,MS,106.6,124.0,148.7,99.3
2026-10-01,MS,20.2,124.0,148.7,99.3
2025-10-01,MSCI,14.1,13.2,15.7,10.6
2025-11-01,MSCI,11.2,13.2,15.7,10.6
2025-12-01,MSCI,14.9,13.2,15.7,10.6
2026-01-01,MSCI,9.3,13.2,15.7,10.6
2026-02-01,MSCI,17.0,13.2,15.7,10.6
2026-03-01,MSCI,12.1,13.2,15.7,10.6
2026-04-01,MSCI,12.3,13.2,15.7,10.6
2026-05-01,MSCI,13.4,13.2,15.7,10.6
2026-06-01,MSCI,15.4,13.2,15.7,10.6
2026-07-01,MSCI,16.2,13.2,15.7,10.6
2026-08-01,MSCI,12.5,13.2,15.7,10.6
2026-09-01,MSCI,11.7,13.2,15.7,10.6
2026-10-01,MSCI,1.6,13.2,15.7,10.6
2025-10-01,MSFT,468.5,653.5,834.8,472.2
2025-11-01,MSFT,479.5,653.5,834.8,472.2
2025-12-01,MSFT,496.6,653.5,834.8,472.2
2026-01-01,MSFT,684.1,653.5,834.8,472.2
2026-02-01,MSFT,800.3,653.5,834.8,472.2
2026-03-01,MSFT,745.3,653.5,834.8,472.2
2026-04-01,MSFT,716.5,653.5,834.8,472.2
2026-05-01,MSFT,699.0,653.5,834.8,472.2
2026-06-01,MSFT,1018.0,653.5,834.8,472.2
2026-07-01,MSFT,815.2,653.5,834.8,472.2
2026-08-01,MSFT,597.2,653.5,834.8,472.2
2026-09-01,MSFT,448.1,653.5,834.8,472.2
2026-10-01,MSFT,64.2,653.5,834.8,472.2
2025-10-01,MSI,17.5,23.1,29.0,17.3
2025-11-01,MSI,31.3,23.1,29.0,17.3
2025-12-01,MSI,34.6,23.1,29.0,17.3
2026-01-01,MSI,23.0,23.1,29.0,17.3
2026-02-01,MSI,24.0,23.1,29.0,17.3
2026-03-01,MSI,24.4,23.1,29.0,17.3
2026-04-01,MSI,17.3,23.1,29.0,17.3
2026-05-01,MSI,27.3,23.1,29.0,17.3
2026-06-01,MSI,24.5,23.1,29.0,17.3
2026-07-01,MSI,18.8,23.1,29.0,17.3
2026-08-01,MSI,21.2,23.1,29.0,17.3
2026-09-01,MSI,19.2,23.1,29.0,17.3
2026-10-01,MSI,2.2,23.1,29.0,17.3
2025-10-01,MTB,31.6,23.2,28.0,18.3
2025-11-01,MTB,16.7,23.2,28.0,18.3
2025-12-01,MTB,20.5,23.2,28.0,18.3
2026-01-01,MTB,25.0,23.2,28.0,18.3
2026-02-01,MTB,25.9,23.2,28.0,18.3
2026-03-01,MTB,28.1,23.2,28.0,18.3
2026-04-01,MTB,20.9,23.2,28.0,18.3
2026-05-01,MTB,18.9,23.2,28.0,18.3
2026-06-01,MTB,25.2,23.2,28.0,18.3
2026-07-01,MTB,25.7,23.2,28.0,18.3
2026-08-01,MTB,19.3,23.2,28.0,18.3
2026-09-01,MTB,22.4,23.2,28.0,18.3
2026-10-01,MTB,3.2,23.2,28.0,18.3
2025-10-01,MTD,3.4,3.6,4.4,2.7
2025-11-01,MTD,3.0,3.6,4.4,2.7
2025-12-01,MTD,2.9,3.6,4.4,2.7
2026-01-01,MTD,2.7,3.6,4.4,2.7
2026-02-01,MTD,2.9,3.6,4.4,2.7
2026-03-01,MTD,4.1,3.6,4.4,2.7
2026-04-01,MTD,2.8,3.6,4.4,2.7
2026-05-01,MTD,4.7,3.6,4.4,2.7
2026-06-01,MTD,4.9,3.6,4.4,2.7
2026-07-01,MTD,3.8,3.6,4.4,2.7
2026-08-01,MTD,3.6,3.6,4.4,2.7
2026-09-01,MTD,4.4,3.6,4.4,2.7
2026-10-01,MTD,0.5,3.6,4.4,2.7
2025-10-01,MTUM,17.5,23.6,33.4,13.9
2025-11-01,MTUM,22.5,23.6,33.4,13.9
2025-12-01,MTUM,13.2,23.6,33.4,13.9
2026-01-01,MTUM,15.2,23.6,33.4,13.9
2026-02-01,MTUM,15.3,23.6,33.4,13.9
2026-03-01,MTUM,21.2,23.6,33.4,13.9
2026-04-01,MTUM,15.7,23.6,33.4,13.9
2026-05-01,MTUM,28.1,23.6,33.4,13.9
2026-06-01,MTUM,33.9,23.6,33.4,13.9
2026-07-01,MTUM,45.3,23.6,33.4,13.9
2026-08-01,MTUM,24.9,23.6,33.4,13.9
2026-09-01,MTUM,33.9,23.6,33.4,13.9
2026-10-01,MTUM,3.3,23.6,33.4,13.9
2025-10-01,MU,551.2,782.6,1035.7,529.6
2025-11-01,MU,537.1,782.6,1035.7,529.6
2025-12-01,MU,579.4,782.6,1035.7,529.6
2026-01-01,MU,749.9,782.6,1035.7,529.6
2026-02-01,MU,671.7,782.6,1035.7,529.6
2026-03-01,MU,1023.3,782.6,1035.7,529.6
2026-04-01,MU,871.4,782.6,1035.7,529.6
2026-05-01,MU,1117.3,782.6,1035.7,529.6
2026-06-01,MU,1206.0,782.6,1035.7,529.6
2026-07-01,MU,1045.5,782.6,1035.7,529.6
2026-08-01,MU,630.7,782.6,1035.7,529.6
2026-09-01,MU,527.7,782.6,1035.7,529.6
2026-10-01,MU,91.3,782.6,1035.7,529.6
2025-10-01,MUB,78.3,96.9,159.5,34.3
2025-11-01,MUB,82.5,96.9,159.5,34.3
2025-12-01,MUB,72.5,96.9,159.5,34.3
2026-01-01,MUB,86.1,96.9,159.5,34.3
2026-02-01,MUB,57.8,96.9,159.5,34.3
2026-03-01,MUB,99.0,96.9,159.5,34.3
2026-04-01,MUB,71.6,96.9,159.5,34.3
2026-05-01,MUB,68.6,96.9,159.5,34.3
2026-06-01,MUB,69.6,96.9,159.5,34.3
2026-07-01,MUB,89.9,96.9,159.5,34.3
2026-08-01,MUB,87.5,96.9,159.5,34.3
2026-09-01,MUB,302.4,96.9,159.5,34.3
2026-10-01,MUB,61.3,96.9,159.5,34.3
2025-10-01,NCLH,311.5,392.7,477.8,307.7
2025-11-01,NCLH,373.2,392.7,477.8,307.7
2025-12-01,NCLH,359.0,392.7,477.8,307.7
2026-01-01,NCLH,377.9,392.7,477.8,307.7
2026-02-01,NCLH,446.9,392.7,477.8,307.7
2026-03-01,NCLH,526.8,392.7,477.8,307.7
2026-04-01,NCLH,415.5,392.7,477.8,307.7
2026-05-01,NCLH,540.3,392.7,477.8,307.7
2026-06-01,NCLH,424.5,392.7,477.8,307.7
2026-07-01,NCLH,323.2,392.7,477.8,307.7
2026-08-01,NCLH,288.4,392.7,477.8,307.7
2026-09-01,NCLH,401.2,392.7,477.8,307.7
2026-10-01,NCLH,79.1,392.7,477.8,307.7
2025-10-01,NDAQ,72.8,75.7,97.5,53.9
2025-11-01,NDAQ,45.9,75.7,97.5,53.9
2025-12-01,NDAQ,83.8,75.7,97.5,53.9
2026-01-01,NDAQ,69.4,75.7,97.5,53.9
2026-02-01,NDAQ,128.5,75.7,97.5,53.9
2026-03-01,NDAQ,73.3,75.7,97.5,53.9
2026-04-01,NDAQ,68.4,75.7,97.5,53.9
2026-05-01,NDAQ,62.4,75.7,97.5,53.9
2026-06-01,NDAQ,100.3,75.7,97.5,53.9
2026-07-01,NDAQ,90.8,75.7,97.5,53.9
2026-08-01,NDAQ,56.4,75.7,97.5,53.9
2026-09-01,NDAQ,69.2,75.7,97.5,53.9
2026-10-01,NDAQ,10.2,75.7,97.5,53.9
2025-10-01,NDSN,6.4,8.0,9.9,6.2
2025-11-01,NDSN,5.8,8.0,9.9,6.2
2025-12-01,NDSN,12.2,8.0,9.9,6.2
2026-01-01,NDSN,8.4,8.0,9.9,6.2
2026-02-01,NDSN,9.4,8.0,9.9,6.2
2026-03-01,NDSN,7.2,8.0,9.9,6.2
2026-04-01,NDSN,7.0,8.0,9.9,6.2
2026-05-01,NDSN,8.4,8.0,9.9,6.2
2026-06-01,NDSN,9.2,8.0,9.9,6.2
2026-07-01,NDSN,7.6,8.0,9.9,6.2
2026-08-01,NDSN,8.8,8.0,9.9,6.2
2026-09-01,NDSN,7.6,8.0,9.9,6.2
2026-10-01,NDSN,1.0,8.0,9.9,6.2
2025-10-01,NEE,239.0,217.1,249.2,185.0
2025-11-01,NEE,179.5,217.1,249.2,185.0
2025-12-01,NEE,210.5,217.1,249.2,185.0
2026-01-01,NEE,196.5,217.1,249.2,185.0
2026-02-01,NEE,198.3,217.1,249.2,185.0
2026-03-01,NEE,214.4,217.1,249.2,185.0
2026-04-01,NEE,184.0,217.1,249.2,185.0
2026-05-01,NEE,248.7,217.1,249.2,185.0
2026-06-01,NEE,252.7,217.1,249.2,185.0
2026-07-01,NEE,231.5,217.1,249.2,185.0
2026-08-01,NEE,223.6,217.1,249.2,185.0
2026-09-01,NEE,250.8,217.1,249.2,185.0
2026-10-01,NEE,52.4,217.1,249.2,185.0
2025-10-01,NEM,287.4,190.2,239.1,141.3
2025-11-01,NEM,177.4,190.2,239.1,141.3
2025-12-01,NEM,192.5,190.2,239.1,141.3
2026-01-01,NEM,206.4,190.2,239.1,141.3
2026-02-01,NEM,184.8,190.2,239.1,141.3
2026-03-01,NEM,267.8,190.2,239.1,141.3
2026-04-01,NEM,168.6,190.2,239.1,141.3
2026-05-01,NEM,141.9,190.2,239.1,141.3
2026-06-01,NEM,194.4,190.2,239.1,141.3
2026-07-01,NEM,161.7,190.2,239.1,141.3
2026-08-01,NEM,173.6,190.2,239.1,141.3
2026-09-01,NEM,144.9,190.2,239.1,141.3
2026-10-01,NEM,13.7,190.2,239.1,141.3
2025-10-01,NFLX,1021.0,886.2,1075.5,696.9
2025-11-01,NFLX,726.0,886.2,1075.5,696.9
2025-12-01,NFLX,1021.7,886.2,1075.5,696.9
2026-01-01,NFLX,1048.0,886.2,1075.5,696.9
2026-02-01,NFLX,1039.2,886.2,1075.5,696.9
2026-03-01,NFLX,948.6,886.2,1075.5,696.9
2026-04-01,NFLX,875.4,886.2,1075.5,696.9
2026-05-01,NFLX,665.2,886.2,1075.5,696.9
2026-06-01,NFLX,1004.1,886.2,1075.5,696.9
2026-07-01,NFLX,1080.8,886.2,1075.5,696.9
2026-08-01,NFLX,613.0,886.2,1075.5,696.9
2026-09-01,NFLX,703.2,886.2,1075.5,696.9
2026-10-01,NFLX,117.1,886.2,1075.5,696.9
2025-10-01,NI,103.5,92.4,113.2,71.6
2025-11-01,NI,69.7,92.4,113.2,71.6
2025-12-01,NI,68.5,92.4,113.2,71.6
2026-01-01,NI,76.7,92.4,113.2,71.6
2026-02-01,NI,93.1,92.4,113.2,71.6
2026-03-01,NI,77.6,92.4,113.2,71.6
2026-04-01,NI,98.3,92.4,113.2,71.6
2026-05-01,NI,90.7,92.4,113.2,71.6
2026-06-01,NI,92.1,92.4,113.2,71.6
2026-07-01,NI,99.5,92.4,113.2,71.6
2026-08-01,NI,131.1,92.4,113.2,71.6
2026-09-01,NI,120.7,92.4,113.2,71.6
2026-10-01,NI,14.1,92.4,113.2,71.6
2025-10-01,NKE,352.3,454.7,582.1,327.4
2025-11-01,NKE,289.9,454.7,582.1,327.4
2025-12-01,NKE,504.7,454.7,582.1,327.4
2026-01-01,NKE,323.2,454.7,582.1,327.4
2026-02-01,NKE,286.6,454.7,582.1,327.4
2026-03-01,NKE,367.4,454.7,582.1,327.4
2026-04-01,NKE,605.3,454.7,582.1,327.4
2026-05-01,NKE,436.9,454.7,582.1,327.4
2026-06-01,NKE,541.9,454.7,582.1,327.4
2026-07-01,NKE,473.5,454.7,582.1,327.4
2026-08-01,NKE,573.8,454.7,582.1,327.4
2026-09-01,NKE,697.7,454.7,582.1,327.4
2026-10-01,NKE,324.7,454.7,582.1,327.4
2025-10-01,NOC,17.7,17.7,21.4,14.1
2025-11-01,NOC,13.8,17.7,21.4,14.1
2025-12-01,NOC,13.9,17.7,21.4,14.1
2026-01-01,NOC,23.8,17.7,21.4,14.1
2026-02-01,NOC,17.4,17.7,21.4,14.1
2026-03-01,NOC,18.7,17.7,21.4,14.1
2026-04-01,NOC,17.2,17.7,21.4,14.1
2026-05-01,NOC,16.4,17.7,21.4,14.1
2026-06-01,NOC,23.3,17.7,21.4,14.1
2026-07-01,NOC,21.5,17.7,21.4,14.1
2026-08-01,NOC,13.6,17.7,21.4,14.1
2026-09-01,NOC,17.8,17.7,21.4,14.1
2026-10-01,NOC,4.9,17.7,21.4,14.1
2025-10-01,NORW,0.2,1.4,3.3,-0.4
2025-11-01,NORW,0.2,1.4,3.3,-0.4
2025-12-01,NORW,0.1,1.4,3.3,-0.4
2026-01-01,NORW,0.3,1.4,3.3,-0.4
2026-02-01,NORW,0.4,1.4,3.3,-0.4
2026-03-01,NORW,6.3,1.4,3.3,-0.4
2026-04-01,NORW,3.7,1.4,3.3,-0.4
2026-05-01,NORW,1.6,1.4,3.3,-0.4
2026-06-01,NORW,2.4,1.4,3.3,-0.4
2026-07-01,NORW,0.9,1.4,3.3,-0.4
2026-08-01,NORW,0.7,1.4,3.3,-0.4
2026-09-01,NORW,0.4,1.4,3.3,-0.4
2026-10-01,NORW,0.1,1.4,3.3,-0.4
2025-10-01,NOV,98.8,87.3,104.6,70.0
2025-11-01,NOV,84.0,87.3,104.6,70.0
2025-12-01,NOV,75.7,87.3,104.6,70.0
2026-01-01,NOV,93.9,87.3,104.6,70.0
2026-02-01,NOV,99.0,87.3,104.6,70.0
2026-03-01,NOV,113.1,87.3,104.6,70.0
2026-04-01,NOV,105.0,87.3,104.6,70.0
2026-05-01,NOV,83.1,87.3,104.6,70.0
2026-06-01,NOV,96.2,87.3,104.6,70.0
2026-07-01,NOV,79.9,87.3,104.6,70.0
2026-08-01,NOV,67.1,87.3,104.6,70.0
2026-09-01,NOV,65.6,87.3,104.6,70.0
2026-10-01,NOV,11.3,87.3,104.6,70.0
2025-10-01,NOW,154.6,382.7,554.7,210.8
2025-11-01,NOW,147.5,382.7,554.7,210.8
2025-12-01,NOW,209.3,382.7,554.7,210.8
2026-01-01,NOW,323.8,382.7,554.7,210.8
2026-02-01,NOW,460.5,382.7,554.7,210.8
2026-03-01,NOW,368.3,382.7,554.7,210.8
2026-04-01,NOW,591.1,382.7,554.7,210.8
2026-05-01,NOW,615.9,382.7,554.7,210.8
2026-06-01,NOW,613.0,382.7,554.7,210.8
2026-07-01,NOW,535.0,382.7,554.7,210.8
2026-08-01,NOW,391.0,382.7,554.7,210.8
2026-09-01,NOW,267.0,382.7,554.7,210.8
2026-10-01,NOW,26.9,382.7,554.7,210.8
2025-10-01,NRG,50.1,52.4,64.5,40.2
2025-11-01,NRG,40.3,52.4,64.5,40.2
2025-12-01,NRG,37.1,52.4,64.5,40.2
2026-01-01,NRG,40.0,52.4,64.5,40.2
2026-02-01,NRG,44.3,52.4,64.5,40.2
2026-03-01,NRG,73.5,52.4,64.5,40.2
2026-04-01,NRG,53.7,52.4,64.5,40.2
2026-05-01,NRG,59.4,52.4,64.5,40.2
2026-06-01,NRG,57.9,52.4,64.5,40.2
2026-07-01,NRG,51.3,52.4,64.5,40.2
2026-08-01,NRG,68.4,52.4,64.5,40.2
2026-09-01,NRG,58.8,52.4,64.5,40.2
2026-10-01,NRG,9.2,52.4,64.5,40.2
2025-10-01,NSC,27.0,25.3,29.0,21.7
2025-11-01,NSC,26.1,25.3,29.0,21.7
2025-12-01,NSC,28.4,25.3,29.0,21.7
2026-01-01,NSC,21.7,25.3,29.0,21.7
2026-02-01,NSC,27.1,25.3,29.0,21.7
2026-03-01,NSC,29.5,25.3,29.0,21.7
2026-04-01,NSC,27.9,25.3,29.0,21.7
2026-05-01,NSC,25.1,25.3,29.0,21.7
2026-06-01,NSC,23.6,25.3,29.0,21.7
2026-07-01,NSC,25.1,25.3,29.0,21.7
2026-08-01,NSC,24.1,25.3,29.0,21.7
2026-09-01,NSC,22.7,25.3,29.0,21.7
2026-10-01,NSC,2.9,25.3,29.0,21.7
2025-10-01,NTAP,40.4,51.3,63.0,39.6
2025-11-01,NTAP,44.5,51.3,63.0,39.6
2025-12-01,NTAP,37.6,51.3,63.0,39.6
2026-01-01,NTAP,52.0,51.3,63.0,39.6
2026-02-01,NTAP,48.4,51.3,63.0,39.6
2026-03-01,NTAP,51.6,51.3,63.0,39.6
2026-04-01,NTAP,42.4,51.3,63.0,39.6
2026-05-01,NTAP,74.6,51.3,63.0,39.6
2026-06-01,NTAP,68.6,51.3,63.0,39.6
2026-07-01,NTAP,58.9,51.3,63.0,39.6
2026-08-01,NTAP,50.4,51.3,63.0,39.6
2026-09-01,NTAP,55.3,51.3,63.0,39.6
2026-10-01,NTAP,10.8,51.3,63.0,39.6
2025-10-01,NTRS,26.7,22.2,25.4,18.9
2025-11-01,NTRS,17.7,22.2,25.4,18.9
2025-12-01,NTRS,21.4,22.2,25.4,18.9
2026-01-01,NTRS,21.0,22.2,25.4,18.9
2026-02-01,NTRS,22.3,22.2,25.4,18.9
2026-03-01,NTRS,23.9,22.2,25.4,18.9
2026-04-01,NTRS,25.3,22.2,25.4,18.9
2026-05-01,NTRS,20.6,22.2,25.4,18.9
2026-06-01,NTRS,23.5,22.2,25.4,18.9
2026-07-01,NTRS,23.4,22.2,25.4,18.9
2026-08-01,NTRS,21.2,22.2,25.4,18.9
2026-09-01,NTRS,21.3,22.2,25.4,18.9
2026-10-01,NTRS,3.2,22.2,25.4,18.9
2025-10-01,NUE,36.3,32.0,37.4,26.6
2025-11-01,NUE,25.4,32.0,37.4,26.6
2025-12-01,NUE,33.4,32.0,37.4,26.6
2026-01-01,NUE,37.9,32.0,37.4,26.6
2026-02-01,NUE,35.5,32.0,37.4,26.6
2026-03-01,NUE,31.6,32.0,37.4,26.6
2026-04-01,NUE,34.0,32.0,37.4,26.6
2026-05-01,NUE,28.1,32.0,37.4,26.6
2026-06-01,NUE,39.1,32.0,37.4,26.6
2026-07-01,NUE,30.1,32.0,37.4,26.6
2026-08-01,NUE,31.1,32.0,37.4,26.6
2026-09-01,NUE,26.3,32.0,37.4,26.6
2026-10-01,NUE,4.2,32.0,37.4,26.6
2025-10-01,NVDA,4031.0,3339.6,3997.5,2681.8
2025-11-01,NVDA,4160.2,3339.6,3997.5,2681.8
2025-12-01,NVDA,3629.7,3339.6,3997.5,2681.8
2026-01-01,NVDA,3292.2,3339.6,3997.5,2681.8
2026-02-01,NVDA,3745.5,3339.6,3997.5,2681.8
2026-03-01,NVDA,4027.2,3339.6,3997.5,2681.8
2026-04-01,NVDA,3129.6,3339.6,3997.5,2681.8
2026-05-01,NVDA,3324.8,3339.6,3997.5,2681.8
2026-06-01,NVDA,3425.0,3339.6,3997.5,2681.8
2026-07-01,NVDA,2852.9,3339.6,3997.5,2681.8
2026-08-01,NVDA,2682.6,3339.6,3997.5,2681.8
2026-09-01,NVDA,2367.1,3339.6,3997.5,2681.8
2026-10-01,NVDA,360.9,3339.6,3997.5,2681.8
2025-10-01,NVR,0.5,0.6,0.7,0.4
2025-11-01,NVR,0.4,0.6,0.7,0.4
2025-12-01,NVR,0.5,0.6,0.7,0.4
2026-01-01,NVR,0.7,0.6,0.7,0.4
2026-02-01,NVR,0.5,0.6,0.7,0.4
2026-03-01,NVR,0.6,0.6,0.7,0.4
2026-04-01,NVR,0.5,0.6,0.7,0.4
2026-05-01,NVR,0.5,0.6,0.7,0.4
2026-06-01,NVR,0.7,0.6,0.7,0.4
2026-07-01,NVR,0.7,0.6,0.7,0.4
2026-08-01,NVR,0.7,0.6,0.7,0.4
2026-09-01,NVR,0.9,0.6,0.7,0.4
2026-10-01,NVR,0.2,0.6,0.7,0.4
2025-10-01,NWSA,77.9,88.6,111.4,65.9
2025-11-01,NWSA,84.0,88.6,111.4,65.9
2025-12-01,NWSA,78.7,88.6,111.4,65.9
2026-01-01,NWSA,60.7,88.6,111.4,65.9
2026-02-01,NWSA,96.4,88.6,111.4,65.9
2026-03-01,NWSA,112.5,88.6,111.4,65.9
2026-04-01,NWSA,71.6,88.6,111.4,65.9
2026-05-01,NWSA,95.7,88.6,111.4,65.9
2026-06-01,NWSA,142.9,88.6,111.4,65.9
2026-07-01,NWSA,78.9,88.6,111.4,65.9
2026-08-01,NWSA,84.0,88.6,111.4,65.9
2026-09-01,NWSA,95.3,88.6,111.4,65.9
2026-10-01,NWSA,10.2,88.6,111.4,65.9
2025-10-01,NXPI,63.1,69.7,85.4,53.9
2025-11-01,NXPI,49.7,69.7,85.4,53.9
2025-12-01,NXPI,66.0,69.7,85.4,53.9
2026-01-01,NXPI,54.7,69.7,85.4,53.9
2026-02-01,NXPI,62.2,69.7,85.4,53.9
2026-03-01,NXPI,61.0,69.7,85.4,53.9
2026-04-01,NXPI,74.0,69.7,85.4,53.9
2026-05-01,NXPI,77.3,69.7,85.4,53.9
2026-06-01,NXPI,95.4,69.7,85.4,53.9
2026-07-01,NXPI,95.7,69.7,85.4,53.9
2026-08-01,NXPI,71.0,69.7,85.4,53.9
2026-09-01,NXPI,75.1,69.7,85.4,53.9
2026-10-01,NXPI,7.0,69.7,85.4,53.9
2025-10-01,O,113.6,127.5,149.4,105.7
2025-11-01,O,123.5,127.5,149.4,105.7
2025-12-01,O,138.4,127.5,149.4,105.7
2026-01-01,O,131.0,127.5,149.4,105.7
2026-02-01,O,134.1,127.5,149.4,105.7
2026-03-01,O,139.3,127.5,149.4,105.7
2026-04-01,O,109.3,127.5,149.4,105.7
2026-05-01,O,119.9,127.5,149.4,105.7
2026-06-01,O,139.7,127.5,149.4,105.7
2026-07-01,O,111.6,127.5,149.4,105.7
2026-08-01,O,114.1,127.5,149.4,105.7
2026-09-01,O,175.9,127.5,149.4,105.7
2026-10-01,O,27.2,127.5,149.4,105.7
2025-10-01,ODFL,47.3,42.6,51.0,34.3
2025-11-01,ODFL,39.4,42.6,51.0,34.3
2025-12-01,ODFL,54.0,42.6,51.0,34.3
2026-01-01,ODFL,38.2,42.6,51.0,34.3
2026-02-01,ODFL,53.7,42.6,51.0,34.3
2026-03-01,ODFL,51.6,42.6,51.0,34.3
2026-04-01,ODFL,42.8,42.6,51.0,34.3
2026-05-01,ODFL,37.7,42.6,51.0,34.3
2026-06-01,ODFL,44.0,42.6,51.0,34.3
2026-07-01,ODFL,36.5,42.6,51.0,34.3
2026-08-01,ODFL,30.9,42.6,51.0,34.3
2026-09-01,ODFL,41.7,42.6,51.0,34.3
2026-10-01,ODFL,6.0,42.6,51.0,34.3
2025-10-01,OEF,11.2,13.9,31.0,-3.3
2025-11-01,OEF,10.9,13.9,31.0,-3.3
2025-12-01,OEF,9.0,13.9,31.0,-3.3
2026-01-01,OEF,11.1,13.9,31.0,-3.3
2026-02-01,OEF,14.3,13.9,31.0,-3.3
2026-03-01,OEF,68.5,13.9,31.0,-3.3
2026-04-01,OEF,12.8,13.9,31.0,-3.3
2026-05-01,OEF,6.7,13.9,31.0,-3.3
2026-06-01,OEF,7.7,13.9,31.0,-3.3
2026-07-01,OEF,5.8,13.9,31.0,-3.3
2026-08-01,OEF,4.2,13.9,31.0,-3.3
2026-09-01,OEF,4.3,13.9,31.0,-3.3
2026-10-01,OEF,0.8,13.9,31.0,-3.3
2025-10-01,OKE,87.7,86.7,102.1,71.4
2025-11-01,OKE,86.3,86.7,102.1,71.4
2025-12-01,OKE,82.4,86.7,102.1,71.4
2026-01-01,OKE,92.9,86.7,102.1,71.4
2026-02-01,OKE,97.9,86.7,102.1,71.4
2026-03-01,OKE,120.6,86.7,102.1,71.4
2026-04-01,OKE,93.1,86.7,102.1,71.4
2026-05-01,OKE,82.4,86.7,102.1,71.4
2026-06-01,OKE,81.5,86.7,102.1,71.4
2026-07-01,OKE,74.2,86.7,102.1,71.4
2026-08-01,OKE,77.5,86.7,102.1,71.4
2026-09-01,OKE,79.3,86.7,102.1,71.4
2026-10-01,OKE,10.5,86.7,102.1,71.4
2025-10-01,OMC,93.8,88.7,114.0,63.4
2025-11-01,OMC,77.5,88.7,114.0,63.4
2025-12-01,OMC,126.1,88.7,114.0,63.4
2026-01-01,OMC,75.1,88.7,114.0,63.4
2026-02-01,OMC,125.4,88.7,114.0,63.4
2026-03-01,OMC,115.1,88.7,114.0,63.4
2026-04-01,OMC,90.5,88.7,114.0,63.4
2026-05-01,OMC,78.5,88.7,114.0,63.4
2026-06-01,OMC,105.1,88.7,114.0,63.4
2026-07-01,OMC,75.3,88.7,114.0,63.4
2026-08-01,OMC,45.6,88.7,114.0,63.4
2026-09-01,OMC,70.2,88.7,114.0,63.4
2026-10-01,OMC,7.4,88.7,114.0,63.4
2025-10-01,ON,212.3,209.6,253.0,166.3
2025-11-01,ON,174.2,209.6,253.0,166.3
2025-12-01,ON,197.3,209.6,253.0,166.3
2026-01-01,ON,184.2,209.6,253.0,166.3
2026-02-01,ON,188.1,209.6,253.0,166.3
2026-03-01,ON,166.4,209.6,253.0,166.3
2026-04-01,ON,212.0,209.6,253.0,166.3
2026-05-01,ON,267.0,209.6,253.0,166.3
2026-06-01,ON,302.7,209.6,253.0,166.3
2026-07-01,ON,219.3,209.6,253.0,166.3
2026-08-01,ON,185.0,209.6,253.0,166.3
2026-09-01,ON,236.6,209.6,253.0,166.3
2026-10-01,ON,45.2,209.6,253.0,166.3
2025-10-01,ORCL,483.2,590.2,732.7,447.7
2025-11-01,ORCL,447.1,590.2,732.7,447.7
2025-12-01,ORCL,691.0,590.2,732.7,447.7
2026-01-01,ORCL,470.0,590.2,732.7,447.7
2026-02-01,ORCL,578.7,590.2,732.7,447.7
2026-03-01,ORCL,621.1,590.2,732.7,447.7
2026-04-01,ORCL,651.5,590.2,732.7,447.7
2026-05-01,ORCL,423.8,590.2,732.7,447.7
2026-06-01,ORCL,657.4,590.2,732.7,447.7
2026-07-01,ORCL,862.8,590.2,732.7,447.7
2026-08-01,ORCL,518.4,590.2,732.7,447.7
2026-09-01,ORCL,737.3,590.2,732.7,447.7
2026-10-01,ORCL,78.9,590.2,732.7,447.7
2025-10-01,ORLY,113.2,127.7,160.3,95.1
2025-11-01,ORLY,99.9,127.7,160.3,95.1
2025-12-01,ORLY,117.8,127.7,160.3,95.1
2026-01-01,ORLY,120.8,127.7,160.3,95.1
2026-02-01,ORLY,131.8,127.7,160.3,95.1
2026-03-01,ORLY,131.2,127.7,160.3,95.1
2026-04-01,ORLY,102.1,127.7,160.3,95.1
2026-05-01,ORLY,126.1,127.7,160.3,95.1
2026-06-01,ORLY,178.5,127.7,160.3,95.1
2026-07-01,ORLY,198.3,127.7,160.3,95.1
2026-08-01,ORLY,97.6,127.7,160.3,95.1
2026-09-01,ORLY,132.2,127.7,160.3,95.1
2026-10-01,ORLY,16.4,127.7,160.3,95.1
2025-10-01,OTIS,50.0,71.7,88.6,54.8
2025-11-01,OTIS,44.7,71.7,88.6,54.8
2025-12-01,OTIS,56.5,71.7,88.6,54.8
2026-01-01,OTIS,68.5,71.7,88.6,54.8
2026-02-01,OTIS,81.2,71.7,88.6,54.8
2026-03-01,OTIS,89.7,71.7,88.6,54.8
2026-04-01,OTIS,70.2,71.7,88.6,54.8
2026-05-01,OTIS,78.9,71.7,88.6,54.8
2026-06-01,OTIS,80.8,71.7,88.6,54.8
2026-07-01,OTIS,85.2,71.7,88.6,54.8
2026-08-01,OTIS,66.1,71.7,88.6,54.8
2026-09-01,OTIS,98.6,71.7,88.6,54.8
2026-10-01,OTIS,18.3,71.7,88.6,54.8
2025-10-01,OXY,274.1,243.5,335.3,151.7
2025-11-01,OXY,172.1,243.5,335.3,151.7
2025-12-01,OXY,200.0,243.5,335.3,151.7
2026-01-01,OXY,240.8,243.5,335.3,151.7
2026-02-01,OXY,241.8,243.5,335.3,151.7
2026-03-01,OXY,500.6,243.5,335.3,151.7
2026-04-01,OXY,306.0,243.5,335.3,151.7
2026-05-01,OXY,248.9,243.5,335.3,151.7
2026-06-01,OXY,208.3,243.5,335.3,151.7
2026-07-01,OXY,197.6,243.5,335.3,151.7
2026-08-01,OXY,167.6,243.5,335.3,151.7
2026-09-01,OXY,187.4,243.5,335.3,151.7
2026-10-01,OXY,29.3,243.5,335.3,151.7
2025-10-01,PAM,10.6,4.9,6.9,2.8
2025-11-01,PAM,5.3,4.9,6.9,2.8
2025-12-01,PAM,2.8,4.9,6.9,2.8
2026-01-01,PAM,4.1,4.9,6.9,2.8
2026-02-01,PAM,3.9,4.9,6.9,2.8
2026-03-01,PAM,6.1,4.9,6.9,2.8
2026-04-01,PAM,5.0,4.9,6.9,2.8
2026-05-01,PAM,5.6,4.9,6.9,2.8
2026-06-01,PAM,4.4,4.9,6.9,2.8
2026-07-01,PAM,3.4,4.9,6.9,2.8
2026-08-01,PAM,3.5,4.9,6.9,2.8
2026-09-01,PAM,4.1,4.9,6.9,2.8
2026-10-01,PAM,0.6,4.9,6.9,2.8
2025-10-01,PANW,107.4,155.8,214.6,97.0
2025-11-01,PANW,125.0,155.8,214.6,97.0
2025-12-01,PANW,116.2,155.8,214.6,97.0
2026-01-01,PANW,129.8,155.8,214.6,97.0
2026-02-01,PANW,335.0,155.8,214.6,97.0
2026-03-01,PANW,178.8,155.8,214.6,97.0
2026-04-01,PANW,155.3,155.8,214.6,97.0
2026-05-01,PANW,169.3,155.8,214.6,97.0
2026-06-01,PANW,188.2,155.8,214.6,97.0
2026-07-01,PANW,146.6,155.8,214.6,97.0
2026-08-01,PANW,119.8,155.8,214.6,97.0
2026-09-01,PANW,144.7,155.8,214.6,97.0
2026-10-01,PANW,14.7,155.8,214.6,97.0
2025-10-01,PAYX,64.4,70.9,86.1,55.7
2025-11-01,PAYX,56.8,70.9,86.1,55.7
2025-12-01,PAYX,81.4,70.9,86.1,55.7
2026-01-01,PAYX,64.8,70.9,86.1,55.7
2026-02-01,PAYX,87.3,70.9,86.1,55.7
2026-03-01,PAYX,97.4,70.9,86.1,55.7
2026-04-01,PAYX,72.3,70.9,86.1,55.7
2026-05-01,PAYX,63.3,70.9,86.1,55.7
2026-06-01,PAYX,79.1,70.9,86.1,55.7
2026-07-01,PAYX,73.0,70.9,86.1,55.7
2026-08-01,PAYX,47.3,70.9,86.1,55.7
2026-09-01,PAYX,74.0,70.9,86.1,55.7
2026-10-01,PAYX,9.2,70.9,86.1,55.7
2025-10-01,PBR,564.9,458.5,614.0,303.0
2025-11-01,PBR,394.5,458.5,614.0,303.0
2025-12-01,PBR,366.0,458.5,614.0,303.0
2026-01-01,PBR,553.8,458.5,614.0,303.0
2026-02-01,PBR,422.3,458.5,614.0,303.0
2026-03-01,PBR,865.8,458.5,614.0,303.0
2026-04-01,PBR,529.8,458.5,614.0,303.0
2026-05-01,PBR,350.5,458.5,614.0,303.0
2026-06-01,PBR,303.1,458.5,614.0,303.0
2026-07-01,PBR,336.0,458.5,614.0,303.0
2026-08-01,PBR,388.7,458.5,614.0,303.0
2026-09-01,PBR,463.2,458.5,614.0,303.0
2026-10-01,PBR,111.8,458.5,614.0,303.0
2025-10-01,PCAR,66.1,65.5,75.1,55.8
2025-11-01,PCAR,60.1,65.5,75.1,55.8
2025-12-01,PCAR,72.3,65.5,75.1,55.8
2026-01-01,PCAR,66.4,65.5,75.1,55.8
2026-02-01,PCAR,69.8,65.5,75.1,55.8
2026-03-01,PCAR,61.4,65.5,75.1,55.8
2026-04-01,PCAR,60.9,65.5,75.1,55.8
2026-05-01,PCAR,52.1,65.5,75.1,55.8
2026-06-01,PCAR,73.3,65.5,75.1,55.8
2026-07-01,PCAR,77.1,65.5,75.1,55.8
2026-08-01,PCAR,61.7,65.5,75.1,55.8
2026-09-01,PCAR,73.2,65.5,75.1,55.8
2026-10-01,PCAR,11.3,65.5,75.1,55.8
2025-10-01,PCG,503.3,524.1,722.0,326.2
2025-11-01,PCG,525.0,524.1,722.0,326.2
2025-12-01,PCG,430.7,524.1,722.0,326.2
2026-01-01,PCG,450.0,524.1,722.0,326.2
2026-02-01,PCG,409.4,524.1,722.0,326.2
2026-03-01,PCG,531.8,524.1,722.0,326.2
2026-04-01,PCG,477.1,524.1,722.0,326.2
2026-05-01,PCG,374.8,524.1,722.0,326.2
2026-06-01,PCG,405.7,524.1,722.0,326.2
2026-07-01,PCG,418.2,524.1,722.0,326.2
2026-08-01,PCG,749.3,524.1,722.0,326.2
2026-09-01,PCG,1083.8,524.1,722.0,326.2
2026-10-01,PCG,103.7,524.1,722.0,326.2
2025-10-01,PEG,61.7,60.1,69.5,50.8
2025-11-01,PEG,48.7,60.1,69.5,50.8
2025-12-01,PEG,65.0,60.1,69.5,50.8
2026-01-01,PEG,66.9,60.1,69.5,50.8
2026-02-01,PEG,51.1,60.1,69.5,50.8
2026-03-01,PEG,67.0,60.1,69.5,50.8
2026-04-01,PEG,47.5,60.1,69.5,50.8
2026-05-01,PEG,64.7,60.1,69.5,50.8
2026-06-01,PEG,61.6,60.1,69.5,50.8
2026-07-01,PEG,64.9,60.1,69.5,50.8
2026-08-01,PEG,56.9,60.1,69.5,50.8
2026-09-01,PEG,72.0,60.1,69.5,50.8
2026-10-01,PEG,15.4,60.1,69.5,50.8
2025-10-01,PEP,162.0,161.4,192.7,130.0
2025-11-01,PEP,137.9,161.4,192.7,130.0
2025-12-01,PEP,171.4,161.4,192.7,130.0
2026-01-01,PEP,168.6,161.4,192.7,130.0
2026-02-01,PEP,180.0,161.4,192.7,130.0
2026-03-01,PEP,144.3,161.4,192.7,130.0
2026-04-01,PEP,122.4,161.4,192.7,130.0
2026-05-01,PEP,139.2,161.4,192.7,130.0
2026-06-01,PEP,204.5,161.4,192.7,130.0
2026-07-01,PEP,200.2,161.4,192.7,130.0
2026-08-01,PEP,137.0,161.4,192.7,130.0
2026-09-01,PEP,192.7,161.4,192.7,130.0
2026-10-01,PEP,23.5,161.4,192.7,130.0
2025-10-01,PFE,1410.2,971.2,1282.3,660.1
2025-11-01,PFE,1760.4,971.2,1282.3,660.1
2025-12-01,PFE,1038.2,971.2,1282.3,660.1
2026-01-01,PFE,990.5,971.2,1282.3,660.1
2026-02-01,PFE,896.9,971.2,1282.3,660.1
2026-03-01,PFE,921.3,971.2,1282.3,660.1
2026-04-01,PFE,719.2,971.2,1282.3,660.1
2026-05-01,PFE,715.4,971.2,1282.3,660.1
2026-06-01,PFE,996.3,971.2,1282.3,660.1
2026-07-01,PFE,891.2,971.2,1282.3,660.1
2026-08-01,PFE,807.8,971.2,1282.3,660.1
2026-09-01,PFE,690.9,971.2,1282.3,660.1
2026-10-01,PFE,98.5,971.2,1282.3,660.1
2025-10-01,PFF,69.8,66.7,81.7,51.7
2025-11-01,PFF,67.9,66.7,81.7,51.7
2025-12-01,PFF,76.7,66.7,81.7,51.7
2026-01-01,PFF,70.1,66.7,81.7,51.7
2026-02-01,PFF,64.3,66.7,81.7,51.7
2026-03-01,PFF,101.2,66.7,81.7,51.7
2026-04-01,PFF,57.3,66.7,81.7,51.7
2026-05-01,PFF,51.0,66.7,81.7,51.7
2026-06-01,PFF,77.0,66.7,81.7,51.7
2026-07-01,PFF,59.8,66.7,81.7,51.7
2026-08-01,PFF,50.2,66.7,81.7,51.7
2026-09-01,PFF,63.0,66.7,81.7,51.7
2026-10-01,PFF,11.0,66.7,81.7,51.7
2025-10-01,PFG,26.1,29.2,35.2,23.1
2025-11-01,PFG,26.4,29.2,35.2,23.1
2025-12-01,PFG,26.7,29.2,35.2,23.1
2026-01-01,PFG,31.2,29.2,35.2,23.1
2026-02-01,PFG,36.9,29.2,35.2,23.1
2026-03-01,PFG,37.4,29.2,35.2,23.1
2026-04-01,PFG,29.6,29.2,35.2,23.1
2026-05-01,PFG,22.3,29.2,35.2,23.1
2026-06-01,PFG,29.8,29.2,35.2,23.1
2026-07-01,PFG,35.7,29.2,35.2,23.1
2026-08-01,PFG,21.0,29.2,35.2,23.1
2026-09-01,PFG,31.7,29.2,35.2,23.1
2026-10-01,PFG,3.8,29.2,35.2,23.1
2025-10-01,PG,169.4,197.0,233.8,160.1
2025-11-01,PG,176.4,197.0,233.8,160.1
2025-12-01,PG,234.4,197.0,233.8,160.1
2026-01-01,PG,242.0,197.0,233.8,160.1
2026-02-01,PG,222.0,197.0,233.8,160.1
2026-03-01,PG,252.6,197.0,233.8,160.1
2026-04-01,PG,182.0,197.0,233.8,160.1
2026-05-01,PG,164.8,197.0,233.8,160.1
2026-06-01,PG,201.4,197.0,233.8,160.1
2026-07-01,PG,191.6,197.0,233.8,160.1
2026-08-01,PG,191.9,197.0,233.8,160.1
2026-09-01,PG,168.2,197.0,233.8,160.1
2026-10-01,PG,20.6,197.0,233.8,160.1
2025-10-01,PGR,88.8,66.0,79.3,52.8
2025-11-01,PGR,66.1,66.0,79.3,52.8
2025-12-01,PGR,65.5,66.0,79.3,52.8
2026-01-01,PGR,79.4,66.0,79.3,52.8
2026-02-01,PGR,64.6,66.0,79.3,52.8
2026-03-01,PGR,69.6,66.0,79.3,52.8
2026-04-01,PGR,54.5,66.0,79.3,52.8
2026-05-01,PGR,61.6,66.0,79.3,52.8
2026-06-01,PGR,78.2,66.0,79.3,52.8
2026-07-01,PGR,67.8,66.0,79.3,52.8
2026-08-01,PGR,46.9,66.0,79.3,52.8
2026-09-01,PGR,58.7,66.0,79.3,52.8
2026-10-01,PGR,8.0,66.0,79.3,52.8
2025-10-01,PH,11.4,13.9,16.9,11.0
2025-11-01,PH,16.0,13.9,16.9,11.0
2025-12-01,PH,11.8,13.9,16.9,11.0
2026-01-01,PH,13.5,13.9,16.9,11.0
2026-02-01,PH,12.9,13.9,16.9,11.0
2026-03-01,PH,19.7,13.9,16.9,11.0
2026-04-01,PH,12.7,13.9,16.9,11.0
2026-05-01,PH,16.0,13.9,16.9,11.0
2026-06-01,PH,16.9,13.9,16.9,11.0
2026-07-01,PH,12.0,13.9,16.9,11.0
2026-08-01,PH,14.5,13.9,16.9,11.0
2026-09-01,PH,12.5,13.9,16.9,11.0
2026-10-01,PH,1.2,13.9,16.9,11.0
2025-10-01,PHM,56.9,38.2,46.4,30.1
2025-11-01,PHM,33.0,38.2,46.4,30.1
2025-12-01,PHM,38.8,38.2,46.4,30.1
2026-01-01,PHM,38.9,38.2,46.4,30.1
2026-02-01,PHM,35.5,38.2,46.4,30.1
2026-03-01,PHM,39.9,38.2,46.4,30.1
2026-04-01,PHM,42.5,38.2,46.4,30.1
2026-05-01,PHM,37.1,38.2,46.4,30.1
2026-06-01,PHM,38.2,38.2,46.4,30.1
2026-07-01,PHM,40.6,38.2,46.4,30.1
2026-08-01,PHM,26.4,38.2,46.4,30.1
2026-09-01,PHM,34.6,38.2,46.4,30.1
2026-10-01,PHM,5.8,38.2,46.4,30.1
2025-10-01,PKG,17.7,16.7,21.1,12.3
2025-11-01,PKG,14.3,16.7,21.1,12.3
2025-12-01,PKG,17.9,16.7,21.1,12.3
2026-01-01,PKG,21.8,16.7,21.1,12.3
2026-02-01,PKG,20.2,16.7,21.1,12.3
2026-03-01,PKG,24.9,16.7,21.1,12.3
2026-04-01,PKG,19.2,16.7,21.1,12.3
2026-05-01,PKG,14.0,16.7,21.1,12.3
2026-06-01,PKG,13.6,16.7,21.1,12.3
2026-07-01,PKG,16.1,16.7,21.1,12.3
2026-08-01,PKG,10.3,16.7,21.1,12.3
2026-09-01,PKG,13.1,16.7,21.1,12.3
2026-10-01,PKG,1.6,16.7,21.1,12.3
2025-10-01,PLD,78.5,76.0,88.7,63.3
2025-11-01,PLD,68.9,76.0,88.7,63.3
2025-12-01,PLD,71.1,76.0,88.7,63.3
2026-01-01,PLD,76.7,76.0,88.7,63.3
2026-02-01,PLD,60.6,76.0,88.7,63.3
2026-03-01,PLD,78.0,76.0,88.7,63.3
2026-04-01,PLD,78.0,76.0,88.7,63.3
2026-05-01,PLD,62.6,76.0,88.7,63.3
2026-06-01,PLD,88.4,76.0,88.7,63.3
2026-07-01,PLD,94.4,76.0,88.7,63.3
2026-08-01,PLD,90.1,76.0,88.7,63.3
2026-09-01,PLD,73.2,76.0,88.7,63.3
2026-10-01,PLD,12.0,76.0,88.7,63.3
2025-10-01,PLTR,1088.1,915.0,1129.6,700.3
2025-11-01,PLTR,1195.9,915.0,1129.6,700.3
2025-12-01,PLTR,758.8,915.0,1129.6,700.3
2026-01-01,PLTR,790.6,915.0,1129.6,700.3
2026-02-01,PLTR,1207.2,915.0,1129.6,700.3
2026-03-01,PLTR,1054.8,915.0,1129.6,700.3
2026-04-01,PLTR,994.9,915.0,1129.6,700.3
2026-05-01,PLTR,901.2,915.0,1129.6,700.3
2026-06-01,PLTR,894.4,915.0,1129.6,700.3
2026-07-01,PLTR,800.6,915.0,1129.6,700.3
2026-08-01,PLTR,967.8,915.0,1129.6,700.3
2026-09-01,PLTR,527.4,915.0,1129.6,700.3
2026-10-01,PLTR,53.5,915.0,1129.6,700.3
2025-10-01,PM,185.9,112.3,139.9,84.7
2025-11-01,PM,105.6,112.3,139.9,84.7
2025-12-01,PM,128.4,112.3,139.9,84.7
2026-01-01,PM,108.4,112.3,139.9,84.7
2026-02-01,PM,105.6,112.3,139.9,84.7
2026-03-01,PM,111.6,112.3,139.9,84.7
2026-04-01,PM,103.4,112.3,139.9,84.7
2026-05-01,PM,98.3,112.3,139.9,84.7
2026-06-01,PM,109.3,112.3,139.9,84.7
2026-07-01,PM,113.2,112.3,139.9,84.7
2026-08-01,PM,94.3,112.3,139.9,84.7
2026-09-01,PM,92.6,112.3,139.9,84.7
2026-10-01,PM,12.0,112.3,139.9,84.7
2025-10-01,PNC,54.3,44.6,55.7,33.4
2025-11-01,PNC,35.0,44.6,55.7,33.4
2025-12-01,PNC,38.2,44.6,55.7,33.4
2026-01-01,PNC,61.4,44.6,55.7,33.4
2026-02-01,PNC,49.5,44.6,55.7,33.4
2026-03-01,PNC,60.6,44.6,55.7,33.4
2026-04-01,PNC,47.0,44.6,55.7,33.4
2026-05-01,PNC,32.6,44.6,55.7,33.4
2026-06-01,PNC,51.1,44.6,55.7,33.4
2026-07-01,PNC,43.9,44.6,55.7,33.4
2026-08-01,PNC,30.6,44.6,55.7,33.4
2026-09-01,PNC,36.4,44.6,55.7,33.4
2026-10-01,PNC,7.1,44.6,55.7,33.4
2025-10-01,PNR,28.9,43.8,62.2,25.4
2025-11-01,PNR,23.2,43.8,62.2,25.4
2025-12-01,PNR,23.4,43.8,62.2,25.4
2026-01-01,PNR,35.2,43.8,62.2,25.4
2026-02-01,PNR,41.6,43.8,62.2,25.4
2026-03-01,PNR,34.3,43.8,62.2,25.4
2026-04-01,PNR,39.7,43.8,62.2,25.4
2026-05-01,PNR,43.6,43.8,62.2,25.4
2026-06-01,PNR,47.1,43.8,62.2,25.4
2026-07-01,PNR,79.2,43.8,62.2,25.4
2026-08-01,PNR,76.4,43.8,62.2,25.4
2026-09-01,PNR,58.2,43.8,62.2,25.4
2026-10-01,PNR,7.4,43.8,62.2,25.4
2025-10-01,PNW,26.3,25.4,28.9,21.9
2025-11-01,PNW,28.4,25.4,28.9,21.9
2025-12-01,PNW,24.9,25.4,28.9,21.9
2026-01-01,PNW,26.2,25.4,28.9,21.9
2026-02-01,PNW,26.2,25.4,28.9,21.9
2026-03-01,PNW,29.5,25.4,28.9,21.9
2026-04-01,PNW,20.5,25.4,28.9,21.9
2026-05-01,PNW,25.3,25.4,28.9,21.9
2026-06-01,PNW,28.4,25.4,28.9,21.9
2026-07-01,PNW,26.5,25.4,28.9,21.9
2026-08-01,PNW,22.4,25.4,28.9,21.9
2026-09-01,PNW,23.7,25.4,28.9,21.9
2026-10-01,PNW,5.6,25.4,28.9,21.9
2025-10-01,PODD,11.3,24.5,33.9,15.1
2025-11-01,PODD,15.1,24.5,33.9,15.1
2025-12-01,PODD,14.8,24.5,33.9,15.1
2026-01-01,PODD,18.3,24.5,33.9,15.1
2026-02-01,PODD,22.1,24.5,33.9,15.1
2026-03-01,PODD,21.5,24.5,33.9,15.1
2026-04-01,PODD,22.6,24.5,33.9,15.1
2026-05-01,PODD,35.7,24.5,33.9,15.1
2026-06-01,PODD,33.4,24.5,33.9,15.1
2026-07-01,PODD,28.5,24.5,33.9,15.1
2026-08-01,PODD,42.6,24.5,33.9,15.1
2026-09-01,PODD,31.7,24.5,33.9,15.1
2026-10-01,PODD,8.3,24.5,33.9,15.1
2025-10-01,POWA,0.1,0.1,0.1,0.0
2025-11-01,POWA,0.1,0.1,0.1,0.0
2025-12-01,POWA,0.1,0.1,0.1,0.0
2026-01-01,POWA,0.1,0.1,0.1,0.0
2026-02-01,POWA,0.1,0.1,0.1,0.0
2026-03-01,POWA,0.1,0.1,0.1,0.0
2026-04-01,POWA,0.1,0.1,0.1,0.0
2026-05-01,POWA,0.1,0.1,0.1,0.0
2026-06-01,POWA,0.1,0.1,0.1,0.0
2026-07-01,POWA,0.1,0.1,0.1,0.0
2026-08-01,POWA,0.1,0.1,0.1,0.0
2026-09-01,POWA,0.1,0.1,0.1,0.0
2026-10-01,POWA,0.0,0.1,0.1,0.0
2025-10-01,PPG,40.5,40.8,48.5,33.2
2025-11-01,PPG,43.1,40.8,48.5,33.2
2025-12-01,PPG,40.2,40.8,48.5,33.2
2026-01-01,PPG,47.1,40.8,48.5,33.2
2026-02-01,PPG,39.3,40.8,48.5,33.2
2026-03-01,PPG,53.3,40.8,48.5,33.2
2026-04-01,PPG,44.3,40.8,48.5,33.2
2026-05-01,PPG,37.1,40.8,48.5,33.2
2026-06-01,PPG,41.6,40.8,48.5,33.2
2026-07-01,PPG,45.8,40.8,48.5,33.2
2026-08-01,PPG,27.4,40.8,48.5,33.2
2026-09-01,PPG,36.7,40.8,48.5,33.2
2026-10-01,PPG,4.6,40.8,48.5,33.2
2025-10-01,PPL,115.5,163.0,205.2,120.8
2025-11-01,PPL,133.2,163.0,205.2,120.8
2025-12-01,PPL,144.0,163.0,205.2,120.8
2026-01-01,PPL,129.4,163.0,205.2,120.8
2026-02-01,PPL,249.4,163.0,205.2,120.8
2026-03-01,PPL,167.9,163.0,205.2,120.8
2026-04-01,PPL,159.9,163.0,205.2,120.8
2026-05-01,PPL,170.6,163.0,205.2,120.8
2026-06-01,PPL,240.8,163.0,205.2,120.8
2026-07-01,PPL,164.1,163.0,205.2,120.8
2026-08-01,PPL,167.7,163.0,205.2,120.8
2026-09-01,PPL,149.6,163.0,205.2,120.8
2026-10-01,PPL,23.2,163.0,205.2,120.8
2025-10-01,PPLT,114.2,106.3,193.7,19.0
2025-11-01,PPLT,55.2,106.3,193.7,19.0
2025-12-01,PPLT,264.1,106.3,193.7,19.0
2026-01-01,PPLT,322.1,106.3,193.7,19.0
2026-02-01,PPLT,117.8,106.3,193.7,19.0
2026-03-01,PPLT,100.9,106.3,193.7,19.0
2026-04-01,PPLT,60.9,106.3,193.7,19.0
2026-05-01,PPLT,42.9,106.3,193.7,19.0
2026-06-01,PPLT,62.6,106.3,193.7,19.0
2026-07-01,PPLT,43.3,106.3,193.7,19.0
2026-08-01,PPLT,62.0,106.3,193.7,19.0
2026-09-01,PPLT,47.5,106.3,193.7,19.0
2026-10-01,PPLT,6.5,106.3,193.7,19.0
2025-10-01,PRU,33.9,39.8,48.1,31.4
2025-11-01,PRU,34.2,39.8,48.1,31.4
2025-12-01,PRU,34.0,39.8,48.1,31.4
2026-01-01,PRU,36.8,39.8,48.1,31.4
2026-02-01,PRU,54.0,39.8,48.1,31.4
2026-03-01,PRU,52.8,39.8,48.1,31.4
2026-04-01,PRU,48.3,39.8,48.1,31.4
2026-05-01,PRU,40.7,39.8,48.1,31.4
2026-06-01,PRU,40.8,39.8,48.1,31.4
2026-07-01,PRU,38.9,39.8,48.1,31.4
2026-08-01,PRU,38.1,39.8,48.1,31.4
2026-09-01,PRU,32.3,39.8,48.1,31.4
2026-10-01,PRU,4.9,39.8,48.1,31.4
2025-10-01,PSA,22.3,22.1,27.0,17.2
2025-11-01,PSA,17.7,22.1,27.0,17.2
2025-12-01,PSA,27.1,22.1,27.0,17.2
2026-01-01,PSA,24.3,22.1,27.0,17.2
2026-02-01,PSA,23.6,22.1,27.0,17.2
2026-03-01,PSA,29.6,22.1,27.0,17.2
2026-04-01,PSA,22.7,22.1,27.0,17.2
2026-05-01,PSA,16.9,22.1,27.0,17.2
2026-06-01,PSA,21.3,22.1,27.0,17.2
2026-07-01,PSA,27.7,22.1,27.0,17.2
2026-08-01,PSA,15.6,22.1,27.0,17.2
2026-09-01,PSA,18.8,22.1,27.0,17.2
2026-10-01,PSA,2.6,22.1,27.0,17.2
2025-10-01,PSKY,115.7,232.6,328.0,137.2
2025-11-01,PSKY,157.5,232.6,328.0,137.2
2025-12-01,PSKY,247.1,232.6,328.0,137.2
2026-01-01,PSKY,137.5,232.6,328.0,137.2
2026-02-01,PSKY,259.7,232.6,328.0,137.2
2026-03-01,PSKY,320.1,232.6,328.0,137.2
2026-04-01,PSKY,232.8,232.6,328.0,137.2
2026-05-01,PSKY,194.8,232.6,328.0,137.2
2026-06-01,PSKY,189.0,232.6,328.0,137.2
2026-07-01,PSKY,229.4,232.6,328.0,137.2
2026-08-01,PSKY,235.2,232.6,328.0,137.2
2026-09-01,PSKY,490.7,232.6,328.0,137.2
2026-10-01,PSKY,113.3,232.6,328.0,137.2
2025-10-01,PSX,49.2,56.4,69.1,43.6
2025-11-01,PSX,42.5,56.4,69.1,43.6
2025-12-01,PSX,51.6,56.4,69.1,43.6
2026-01-01,PSX,49.5,56.4,69.1,43.6
2026-02-01,PSX,52.1,56.4,69.1,43.6
2026-03-01,PSX,85.6,56.4,69.1,43.6
2026-04-01,PSX,62.5,56.4,69.1,43.6
2026-05-01,PSX,48.9,56.4,69.1,43.6
2026-06-01,PSX,56.4,56.4,69.1,43.6
2026-07-01,PSX,55.0,56.4,69.1,43.6
2026-08-01,PSX,59.4,56.4,69.1,43.6
2026-09-01,PSX,70.4,56.4,69.1,43.6
2026-10-01,PSX,6.6,56.4,69.1,43.6
2025-10-01,PTC,14.9,27.1,36.2,17.9
2025-11-01,PTC,20.3,27.1,36.2,17.9
2025-12-01,PTC,18.5,27.1,36.2,17.9
2026-01-01,PTC,17.7,27.1,36.2,17.9
2026-02-01,PTC,27.5,27.1,36.2,17.9
2026-03-01,PTC,24.7,27.1,36.2,17.9
2026-04-01,PTC,23.2,27.1,36.2,17.9
2026-05-01,PTC,32.9,27.1,36.2,17.9
2026-06-01,PTC,47.3,27.1,36.2,17.9
2026-07-01,PTC,37.2,27.1,36.2,17.9
2026-08-01,PTC,25.1,27.1,36.2,17.9
2026-09-01,PTC,35.1,27.1,36.2,17.9
2026-10-01,PTC,32.6,27.1,36.2,17.9
2025-10-01,PWR,25.3,22.8,27.2,18.4
2025-11-01,PWR,19.9,22.8,27.2,18.4
2025-12-01,PWR,19.2,22.8,27.2,18.4
2026-01-01,PWR,20.6,22.8,27.2,18.4
2026-02-01,PWR,23.0,22.8,27.2,18.4
2026-03-01,PWR,26.3,22.8,27.2,18.4
2026-04-01,PWR,20.4,22.8,27.2,18.4
2026-05-01,PWR,25.1,22.8,27.2,18.4
2026-06-01,PWR,30.6,22.8,27.2,18.4
2026-07-01,PWR,25.7,22.8,27.2,18.4
2026-08-01,PWR,22.8,22.8,27.2,18.4
2026-09-01,PWR,17.4,22.8,27.2,18.4
2026-10-01,PWR,2.7,22.8,27.2,18.4
2025-10-01,PYPL,445.2,361.1,496.6,225.6
2025-11-01,PYPL,294.7,361.1,496.6,225.6
2025-12-01,PYPL,332.9,361.1,496.6,225.6
2026-01-01,PYPL,312.2,361.1,496.6,225.6
2026-02-01,PYPL,763.2,361.1,496.6,225.6
2026-03-01,PYPL,396.8,361.1,496.6,225.6
2026-04-01,PYPL,266.3,361.1,496.6,225.6
2026-05-01,PYPL,315.2,361.1,496.6,225.6
2026-06-01,PYPL,363.7,361.1,496.6,225.6
2026-07-01,PYPL,419.1,361.1,496.6,225.6
2026-08-01,PYPL,243.1,361.1,496.6,225.6
2026-09-01,PYPL,260.2,361.1,496.6,225.6
2026-10-01,PYPL,29.0,361.1,496.6,225.6
2025-10-01,Q,0.7,43.4,56.5,30.2
2025-11-01,Q,72.0,43.4,56.5,30.2
2025-12-01,Q,43.9,43.4,56.5,30.2
2026-01-01,Q,47.7,43.4,56.5,30.2
2026-02-01,Q,56.9,43.4,56.5,30.2
2026-03-01,Q,47.5,43.4,56.5,30.2
2026-04-01,Q,32.1,43.4,56.5,30.2
2026-05-01,Q,39.2,43.4,56.5,30.2
2026-06-01,Q,46.3,43.4,56.5,30.2
2026-07-01,Q,42.2,43.4,56.5,30.2
2026-08-01,Q,36.8,43.4,56.5,30.2
2026-09-01,Q,33.8,43.4,56.5,30.2
2026-10-01,Q,4.4,43.4,56.5,30.2
2025-10-01,QAT,0.3,0.6,1.1,0.1
2025-11-01,QAT,0.3,0.6,1.1,0.1
2025-12-01,QAT,0.2,0.6,1.1,0.1
2026-01-01,QAT,0.2,0.6,1.1,0.1
2026-02-01,QAT,0.2,0.6,1.1,0.1
2026-03-01,QAT,1.3,0.6,1.1,0.1
2026-04-01,QAT,0.4,0.6,1.1,0.1
2026-05-01,QAT,1.0,0.6,1.1,0.1
2026-06-01,QAT,2.0,0.6,1.1,0.1
2026-07-01,QAT,0.7,0.6,1.1,0.1
2026-08-01,QAT,0.4,0.6,1.1,0.1
2026-09-01,QAT,0.2,0.6,1.1,0.1
2026-10-01,QAT,0.1,0.6,1.1,0.1
2025-10-01,QCOM,267.4,291.2,412.0,170.4
2025-11-01,QCOM,196.5,291.2,412.0,170.4
2025-12-01,QCOM,164.0,291.2,412.0,170.4
2026-01-01,QCOM,186.6,291.2,412.0,170.4
2026-02-01,QCOM,228.2,291.2,412.0,170.4
2026-03-01,QCOM,284.5,291.2,412.0,170.4
2026-04-01,QCOM,342.0,291.2,412.0,170.4
2026-05-01,QCOM,583.2,291.2,412.0,170.4
2026-06-01,QCOM,471.9,291.2,412.0,170.4
2026-07-01,QCOM,309.3,291.2,412.0,170.4
2026-08-01,QCOM,206.7,291.2,412.0,170.4
2026-09-01,QCOM,305.0,291.2,412.0,170.4
2026-10-01,QCOM,33.3,291.2,412.0,170.4
2025-10-01,QQQ,1324.9,1047.3,1343.2,751.4
2025-11-01,QQQ,1227.8,1047.3,1343.2,751.4
2025-12-01,QQQ,1064.4,1047.3,1343.2,751.4
2026-01-01,QQQ,1085.3,1047.3,1343.2,751.4
2026-02-01,QQQ,1306.7,1047.3,1343.2,751.4
2026-03-01,QQQ,1630.1,1047.3,1343.2,751.4
2026-04-01,QQQ,918.2,1047.3,1343.2,751.4
2026-05-01,QQQ,787.5,1047.3,1343.2,751.4
2026-06-01,QQQ,1099.8,1047.3,1343.2,751.4
2026-07-01,QQQ,895.0,1047.3,1343.2,751.4
2026-08-01,QQQ,697.2,1047.3,1343.2,751.4
2026-09-01,QQQ,695.5,1047.3,1343.2,751.4
2026-10-01,QQQ,95.8,1047.3,1343.2,751.4
2025-10-01,QUAL,34.4,35.0,49.3,20.7
2025-11-01,QUAL,63.6,35.0,49.3,20.7
2025-12-01,QUAL,31.7,35.0,49.3,20.7
2026-01-01,QUAL,33.9,35.0,49.3,20.7
2026-02-01,QUAL,36.7,35.0,49.3,20.7
2026-03-01,QUAL,56.5,35.0,49.3,20.7
2026-04-01,QUAL,23.5,35.0,49.3,20.7
2026-05-01,QUAL,52.9,35.0,49.3,20.7
2026-06-01,QUAL,33.5,35.0,49.3,20.7
2026-07-01,QUAL,24.6,35.0,49.3,20.7
2026-08-01,QUAL,17.6,35.0,49.3,20.7
2026-09-01,QUAL,21.1,35.0,49.3,20.7
2026-10-01,QUAL,3.7,35.0,49.3,20.7
2025-10-01,RCL,48.5,51.5,61.8,41.1
2025-11-01,RCL,45.6,51.5,61.8,41.1
2025-12-01,RCL,48.1,51.5,61.8,41.1
2026-01-01,RCL,52.8,51.5,61.8,41.1
2026-02-01,RCL,41.4,51.5,61.8,41.1
2026-03-01,RCL,60.4,51.5,61.8,41.1
2026-04-01,RCL,55.8,51.5,61.8,41.1
2026-05-01,RCL,62.0,51.5,61.8,41.1
2026-06-01,RCL,57.0,51.5,61.8,41.1
2026-07-01,RCL,54.3,51.5,61.8,41.1
2026-08-01,RCL,32.5,51.5,61.8,41.1
2026-09-01,RCL,66.0,51.5,61.8,41.1
2026-10-01,RCL,9.5,51.5,61.8,41.1
2025-10-01,RDDT,145.1,110.5,137.2,83.8
2025-11-01,RDDT,92.3,110.5,137.2,83.8
2025-12-01,RDDT,86.7,110.5,137.2,83.8
2026-01-01,RDDT,87.5,110.5,137.2,83.8
2026-02-01,RDDT,143.3,110.5,137.2,83.8
2026-03-01,RDDT,110.5,110.5,137.2,83.8
2026-04-01,RDDT,84.2,110.5,137.2,83.8
2026-05-01,RDDT,121.8,110.5,137.2,83.8
2026-06-01,RDDT,92.1,110.5,137.2,83.8
2026-07-01,RDDT,125.9,110.5,137.2,83.8
2026-08-01,RDDT,150.9,110.5,137.2,83.8
2026-09-01,RDDT,102.6,110.5,137.2,83.8
2026-10-01,RDDT,12.4,110.5,137.2,83.8
2025-10-01,REG,23.1,27.4,31.8,23.0
2025-11-01,REG,22.4,27.4,31.8,23.0
2025-12-01,REG,26.6,27.4,31.8,23.0
2026-01-01,REG,26.5,27.4,31.8,23.0
2026-02-01,REG,26.9,27.4,31.8,23.0
2026-03-01,REG,29.4,27.4,31.8,23.0
2026-04-01,REG,30.7,27.4,31.8,23.0
2026-05-01,REG,29.0,27.4,31.8,23.0
2026-06-01,REG,35.0,27.4,31.8,23.0
2026-07-01,REG,29.0,27.4,31.8,23.0
2026-08-01,REG,25.6,27.4,31.8,23.0
2026-09-01,REG,28.8,27.4,31.8,23.0
2026-10-01,REG,3.8,27.4,31.8,23.0
2025-10-01,REGN,25.5,18.2,22.5,14.0
2025-11-01,REGN,21.4,18.2,22.5,14.0
2025-12-01,REGN,19.2,18.2,22.5,14.0
2026-01-01,REGN,18.5,18.2,22.5,14.0
2026-02-01,REGN,14.3,18.2,22.5,14.0
2026-03-01,REGN,13.3,18.2,22.5,14.0
2026-04-01,REGN,15.6,18.2,22.5,14.0
2026-05-01,REGN,22.5,18.2,22.5,14.0
2026-06-01,REGN,22.9,18.2,22.5,14.0
2026-07-01,REGN,18.0,18.2,22.5,14.0
2026-08-01,REGN,15.0,18.2,22.5,14.0
2026-09-01,REGN,15.4,18.2,22.5,14.0
2026-10-01,REGN,2.4,18.2,22.5,14.0
2025-10-01,RF,854.7,298.0,484.5,111.4
2025-11-01,RF,333.5,298.0,484.5,111.4
2025-12-01,RF,221.1,298.0,484.5,111.4
2026-01-01,RF,320.3,298.0,484.5,111.4
2026-02-01,RF,269.6,298.0,484.5,111.4
2026-03-01,RF,350.5,298.0,484.5,111.4
2026-04-01,RF,202.8,298.0,484.5,111.4
2026-05-01,RF,221.1,298.0,484.5,111.4
2026-06-01,RF,239.9,298.0,484.5,111.4
2026-07-01,RF,218.9,298.0,484.5,111.4
2026-08-01,RF,159.6,298.0,484.5,111.4
2026-09-01,RF,184.0,298.0,484.5,111.4
2026-10-01,RF,33.8,298.0,484.5,111.4
2025-10-01,RIG,1372.6,856.5,1106.1,607.0
2025-11-01,RIG,760.9,856.5,1106.1,607.0
2025-12-01,RIG,629.9,856.5,1106.1,607.0
2026-01-01,RIG,693.9,856.5,1106.1,607.0
2026-02-01,RIG,1306.9,856.5,1106.1,607.0
2026-03-01,RIG,847.5,856.5,1106.1,607.0
2026-04-01,RIG,680.0,856.5,1106.1,607.0
2026-05-01,RIG,709.0,856.5,1106.1,607.0
2026-06-01,RIG,694.0,856.5,1106.1,607.0
2026-07-01,RIG,932.2,856.5,1106.1,607.0
2026-08-01,RIG,831.6,856.5,1106.1,607.0
2026-09-01,RIG,935.2,856.5,1106.1,607.0
2026-10-01,RIG,133.8,856.5,1106.1,607.0
2025-10-01,RJF,30.2,27.6,32.3,22.8
2025-11-01,RJF,21.3,27.6,32.3,22.8
2025-12-01,RJF,28.1,27.6,32.3,22.8
2026-01-01,RJF,25.0,27.6,32.3,22.8
2026-02-01,RJF,31.5,27.6,32.3,22.8
2026-03-01,RJF,30.4,27.6,32.3,22.8
2026-04-01,RJF,30.7,27.6,32.3,22.8
2026-05-01,RJF,26.8,27.6,32.3,22.8
2026-06-01,RJF,33.3,27.6,32.3,22.8
2026-07-01,RJF,28.4,27.6,32.3,22.8
2026-08-01,RJF,20.9,27.6,32.3,22.8
2026-09-01,RJF,28.3,27.6,32.3,22.8
2026-10-01,RJF,3.0,27.6,32.3,22.8
2025-10-01,RL,10.7,13.2,15.7,10.8
2025-11-01,RL,13.4,13.2,15.7,10.8
2025-12-01,RL,15.3,13.2,15.7,10.8
2026-01-01,RL,9.7,13.2,15.7,10.8
2026-02-01,RL,14.8,13.2,15.7,10.8
2026-03-01,RL,14.4,13.2,15.7,10.8
2026-04-01,RL,11.2,13.2,15.7,10.8
2026-05-01,RL,16.0,13.2,15.7,10.8
2026-06-01,RL,15.5,13.2,15.7,10.8
2026-07-01,RL,12.0,13.2,15.7,10.8
2026-08-01,RL,13.5,13.2,15.7,10.8
2026-09-01,RL,14.8,13.2,15.7,10.8
2026-10-01,RL,1.6,13.2,15.7,10.8
2025-10-01,RMD,24.6,25.7,31.3,20.1
2025-11-01,RMD,22.3,25.7,31.3,20.1
2025-12-01,RMD,20.2,25.7,31.3,20.1
2026-01-01,RMD,20.4,25.7,31.3,20.1
2026-02-01,RMD,23.3,25.7,31.3,20.1
2026-03-01,RMD,23.3,25.7,31.3,20.1
2026-04-01,RMD,22.2,25.7,31.3,20.1
2026-05-01,RMD,32.3,25.7,31.3,20.1
2026-06-01,RMD,33.5,25.7,31.3,20.1
2026-07-01,RMD,30.5,25.7,31.3,20.1
2026-08-01,RMD,33.4,25.7,31.3,20.1
2026-09-01,RMD,26.3,25.7,31.3,20.1
2026-10-01,RMD,2.8,25.7,31.3,20.1
2025-10-01,ROK,15.6,17.5,21.7,13.4
2025-11-01,ROK,23.0,17.5,21.7,13.4
2025-12-01,ROK,16.6,17.5,21.7,13.4
2026-01-01,ROK,13.6,17.5,21.7,13.4
2026-02-01,ROK,26.5,17.5,21.7,13.4
2026-03-01,ROK,21.9,17.5,21.7,13.4
2026-04-01,ROK,13.9,17.5,21.7,13.4
2026-05-01,ROK,17.1,17.5,21.7,13.4
2026-06-01,ROK,18.2,17.5,21.7,13.4
2026-07-01,ROK,15.7,17.5,21.7,13.4
2026-08-01,ROK,17.8,17.5,21.7,13.4
2026-09-01,ROK,14.6,17.5,21.7,13.4
2026-10-01,ROK,2.3,17.5,21.7,13.4
2025-10-01,ROKU,76.6,68.3,99.3,37.3
2025-11-01,ROKU,54.7,68.3,99.3,37.3
2025-12-01,ROKU,64.8,68.3,99.3,37.3
2026-01-01,ROKU,58.3,68.3,99.3,37.3
2026-02-01,ROKU,91.7,68.3,99.3,37.3
2026-03-01,ROKU,63.2,68.3,99.3,37.3
2026-04-01,ROKU,53.8,68.3,99.3,37.3
2026-05-01,ROKU,48.8,68.3,99.3,37.3
2026-06-01,ROKU,160.5,68.3,99.3,37.3
2026-07-01,ROKU,63.0,68.3,99.3,37.3
2026-08-01,ROKU,50.6,68.3,99.3,37.3
2026-09-01,ROKU,44.8,68.3,99.3,37.3
2026-10-01,ROKU,5.3,68.3,99.3,37.3
2025-10-01,ROL,42.4,79.9,115.5,44.3
2025-11-01,ROL,62.9,79.9,115.5,44.3
2025-12-01,ROL,53.9,79.9,115.5,44.3
2026-01-01,ROL,43.2,79.9,115.5,44.3
2026-02-01,ROL,79.0,79.9,115.5,44.3
2026-03-01,ROL,66.3,79.9,115.5,44.3
2026-04-01,ROL,57.7,79.9,115.5,44.3
2026-05-01,ROL,69.4,79.9,115.5,44.3
2026-06-01,ROL,105.9,79.9,115.5,44.3
2026-07-01,ROL,132.6,79.9,115.5,44.3
2026-08-01,ROL,97.0,79.9,115.5,44.3
2026-09-01,ROL,158.5,79.9,115.5,44.3
2026-10-01,ROL,20.1,79.9,115.5,44.3
2025-10-01,ROP,26.1,24.3,31.6,17.0
2025-11-01,ROP,17.4,24.3,31.6,17.0
2025-12-01,ROP,23.0,24.3,31.6,17.0
2026-01-01,ROP,31.6,24.3,31.6,17.0
2026-02-01,ROP,40.6,24.3,31.6,17.0
2026-03-01,ROP,31.0,24.3,31.6,17.0
2026-04-01,ROP,24.7,24.3,31.6,17.0
2026-05-01,ROP,22.5,24.3,31.6,17.0
2026-06-01,ROP,27.9,24.3,31.6,17.0
2026-07-01,ROP,19.7,24.3,31.6,17.0
2026-08-01,ROP,14.7,24.3,31.6,17.0
2026-09-01,ROP,17.8,24.3,31.6,17.0
2026-10-01,ROP,2.6,24.3,31.6,17.0
2025-10-01,ROST,46.7,54.1,66.4,41.9
2025-11-01,ROST,56.7,54.1,66.4,41.9
2025-12-01,ROST,57.2,54.1,66.4,41.9
2026-01-01,ROST,48.0,54.1,66.4,41.9
2026-02-01,ROST,45.6,54.1,66.4,41.9
2026-03-01,ROST,67.5,54.1,66.4,41.9
2026-04-01,ROST,42.3,54.1,66.4,41.9
2026-05-01,ROST,70.6,54.1,66.4,41.9
2026-06-01,ROST,74.6,54.1,66.4,41.9
2026-07-01,ROST,50.7,54.1,66.4,41.9
2026-08-01,ROST,57.9,54.1,66.4,41.9
2026-09-01,ROST,40.8,54.1,66.4,41.9
2026-10-01,ROST,6.7,54.1,66.4,41.9
2025-10-01,RSG,30.6,31.6,36.4,26.8
2025-11-01,RSG,30.6,31.6,36.4,26.8
2025-12-01,RSG,33.3,31.6,36.4,26.8
2026-01-01,RSG,29.0,31.6,36.4,26.8
2026-02-01,RSG,29.8,31.6,36.4,26.8
2026-03-01,RSG,28.2,31.6,36.4,26.8
2026-04-01,RSG,34.2,31.6,36.4,26.8
2026-05-01,RSG,39.9,31.6,36.4,26.8
2026-06-01,RSG,36.3,31.6,36.4,26.8
2026-07-01,RSG,29.3,31.6,36.4,26.8
2026-08-01,RSG,30.0,31.6,36.4,26.8
2026-09-01,RSG,33.9,31.6,36.4,26.8
2026-10-01,RSG,3.9,31.6,36.4,26.8
2025-10-01,RSP,350.8,273.1,385.9,160.2
2025-11-01,RSP,438.3,273.1,385.9,160.2
2025-12-01,RSP,283.2,273.1,385.9,160.2
2026-01-01,RSP,359.9,273.1,385.9,160.2
2026-02-01,RSP,443.2,273.1,385.9,160.2
2026-03-01,RSP,399.0,273.1,385.9,160.2
2026-04-01,RSP,184.7,273.1,385.9,160.2
2026-05-01,RSP,203.9,273.1,385.9,160.2
2026-06-01,RSP,225.3,273.1,385.9,160.2
2026-07-01,RSP,194.3,273.1,385.9,160.2
2026-08-01,RSP,126.9,273.1,385.9,160.2
2026-09-01,RSP,136.3,273.1,385.9,160.2
2026-10-01,RSP,29.3,273.1,385.9,160.2
2025-10-01,RTX,119.3,107.1,127.8,86.4
2025-11-01,RTX,77.8,107.1,127.8,86.4
2025-12-01,RTX,96.2,107.1,127.8,86.4
2026-01-01,RTX,123.7,107.1,127.8,86.4
2026-02-01,RTX,129.8,107.1,127.8,86.4
2026-03-01,RTX,131.7,107.1,127.8,86.4
2026-04-01,RTX,105.6,107.1,127.8,86.4
2026-05-01,RTX,115.7,107.1,127.8,86.4
2026-06-01,RTX,114.8,107.1,127.8,86.4
2026-07-01,RTX,112.2,107.1,127.8,86.4
2026-08-01,RTX,91.4,107.1,127.8,86.4
2026-09-01,RTX,83.3,107.1,127.8,86.4
2026-10-01,RTX,10.4,107.1,127.8,86.4
2025-10-01,RVTY,30.3,30.3,37.5,23.0
2025-11-01,RVTY,33.8,30.3,37.5,23.0
2025-12-01,RVTY,24.9,30.3,37.5,23.0
2026-01-01,RVTY,29.5,30.3,37.5,23.0
2026-02-01,RVTY,27.8,30.3,37.5,23.0
2026-03-01,RVTY,24.5,30.3,37.5,23.0
2026-04-01,RVTY,21.3,30.3,37.5,23.0
2026-05-01,RVTY,34.3,30.3,37.5,23.0
2026-06-01,RVTY,32.5,30.3,37.5,23.0
2026-07-01,RVTY,29.2,30.3,37.5,23.0
2026-08-01,RVTY,32.3,30.3,37.5,23.0
2026-09-01,RVTY,48.3,30.3,37.5,23.0
2026-10-01,RVTY,5.3,30.3,37.5,23.0
2025-10-01,SBAC,25.0,20.8,26.5,15.1
2025-11-01,SBAC,17.7,20.8,26.5,15.1
2025-12-01,SBAC,16.1,20.8,26.5,15.1
2026-01-01,SBAC,15.7,20.8,26.5,15.1
2026-02-01,SBAC,20.1,20.8,26.5,15.1
2026-03-01,SBAC,21.4,20.8,26.5,15.1
2026-04-01,SBAC,35.7,20.8,26.5,15.1
2026-05-01,SBAC,15.7,20.8,26.5,15.1
2026-06-01,SBAC,21.7,20.8,26.5,15.1
2026-07-01,SBAC,22.9,20.8,26.5,15.1
2026-08-01,SBAC,19.9,20.8,26.5,15.1
2026-09-01,SBAC,20.3,20.8,26.5,15.1
2026-10-01,SBAC,2.5,20.8,26.5,15.1
2025-10-01,SBLK,19.2,28.3,36.3,20.4
2025-11-01,SBLK,19.4,28.3,36.3,20.4
2025-12-01,SBLK,30.4,28.3,36.3,20.4
2026-01-01,SBLK,28.2,28.3,36.3,20.4
2026-02-01,SBLK,30.2,28.3,36.3,20.4
2026-03-01,SBLK,42.6,28.3,36.3,20.4
2026-04-01,SBLK,18.2,28.3,36.3,20.4
2026-05-01,SBLK,28.9,28.3,36.3,20.4
2026-06-01,SBLK,27.4,28.3,36.3,20.4
2026-07-01,SBLK,26.7,28.3,36.3,20.4
2026-08-01,SBLK,32.1,28.3,36.3,20.4
2026-09-01,SBLK,40.9,28.3,36.3,20.4
2026-10-01,SBLK,4.7,28.3,36.3,20.4
2025-10-01,SBUX,225.8,173.8,211.7,135.8
2025-11-01,SBUX,199.2,173.8,211.7,135.8
2025-12-01,SBUX,195.1,173.8,211.7,135.8
2026-01-01,SBUX,238.5,173.8,211.7,135.8
2026-02-01,SBUX,145.3,173.8,211.7,135.8
2026-03-01,SBUX,189.6,173.8,211.7,135.8
2026-04-01,SBUX,155.1,173.8,211.7,135.8
2026-05-01,SBUX,147.0,173.8,211.7,135.8
2026-06-01,SBUX,171.7,173.8,211.7,135.8
2026-07-01,SBUX,169.3,173.8,211.7,135.8
2026-08-01,SBUX,129.5,173.8,211.7,135.8
2026-09-01,SBUX,143.4,173.8,211.7,135.8
2026-10-01,SBUX,20.3,173.8,211.7,135.8
2025-10-01,SCHP,83.9,93.0,115.3,70.6
2025-11-01,SCHP,58.2,93.0,115.3,70.6
2025-12-01,SCHP,95.1,93.0,115.3,70.6
2026-01-01,SCHP,118.7,93.0,115.3,70.6
2026-02-01,SCHP,71.3,93.0,115.3,70.6
2026-03-01,SCHP,102.2,93.0,115.3,70.6
2026-04-01,SCHP,86.6,93.0,115.3,70.6
2026-05-01,SCHP,72.9,93.0,115.3,70.6
2026-06-01,SCHP,97.5,93.0,115.3,70.6
2026-07-01,SCHP,84.4,93.0,115.3,70.6
2026-08-01,SCHP,126.8,93.0,115.3,70.6
2026-09-01,SCHP,127.0,93.0,115.3,70.6
2026-10-01,SCHP,24.5,93.0,115.3,70.6
2025-10-01,SCHW,200.3,201.3,243.9,158.7
2025-11-01,SCHW,157.3,201.3,243.9,158.7
2025-12-01,SCHW,193.2,201.3,243.9,158.7
2026-01-01,SCHW,185.5,201.3,243.9,158.7
2026-02-01,SCHW,270.7,201.3,243.9,158.7
2026-03-01,SCHW,188.3,201.3,243.9,158.7
2026-04-01,SCHW,254.5,201.3,243.9,158.7
2026-05-01,SCHW,222.1,201.3,243.9,158.7
2026-06-01,SCHW,257.3,201.3,243.9,158.7
2026-07-01,SCHW,191.1,201.3,243.9,158.7
2026-08-01,SCHW,155.8,201.3,243.9,158.7
2026-09-01,SCHW,178.3,201.3,243.9,158.7
2026-10-01,SCHW,20.3,201.3,243.9,158.7
2025-10-01,SD,6.1,7.2,8.8,5.6
2025-11-01,SD,7.5,7.2,8.8,5.6
2025-12-01,SD,7.2,7.2,8.8,5.6
2026-01-01,SD,6.2,7.2,8.8,5.6
2026-02-01,SD,6.0,7.2,8.8,5.6
2026-03-01,SD,11.4,7.2,8.8,5.6
2026-04-01,SD,7.5,7.2,8.8,5.6
2026-05-01,SD,7.7,7.2,8.8,5.6
2026-06-01,SD,7.3,7.2,8.8,5.6
2026-07-01,SD,6.1,7.2,8.8,5.6
2026-08-01,SD,7.0,7.2,8.8,5.6
2026-09-01,SD,7.7,7.2,8.8,5.6
2026-10-01,SD,0.8,7.2,8.8,5.6
2025-10-01,SDY,5.2,5.0,6.5,3.5
2025-11-01,SDY,5.6,5.0,6.5,3.5
2025-12-01,SDY,5.6,5.0,6.5,3.5
2026-01-01,SDY,9.2,5.0,6.5,3.5
2026-02-01,SDY,3.9,5.0,6.5,3.5
2026-03-01,SDY,5.0,5.0,6.5,3.5
2026-04-01,SDY,4.4,5.0,6.5,3.5
2026-05-01,SDY,4.3,5.0,6.5,3.5
2026-06-01,SDY,5.3,5.0,6.5,3.5
2026-07-01,SDY,4.3,5.0,6.5,3.5
2026-08-01,SDY,4.4,5.0,6.5,3.5
2026-09-01,SDY,3.8,5.0,6.5,3.5
2026-10-01,SDY,0.7,5.0,6.5,3.5
2025-10-01,SHW,50.9,40.6,49.5,31.7
2025-11-01,SHW,37.8,40.6,49.5,31.7
2025-12-01,SHW,35.2,40.6,49.5,31.7
2026-01-01,SHW,37.7,40.6,49.5,31.7
2026-02-01,SHW,34.6,40.6,49.5,31.7
2026-03-01,SHW,39.1,40.6,49.5,31.7
2026-04-01,SHW,34.9,40.6,49.5,31.7
2026-05-01,SHW,43.8,40.6,49.5,31.7
2026-06-01,SHW,60.4,40.6,49.5,31.7
2026-07-01,SHW,46.5,40.6,49.5,31.7
2026-08-01,SHW,35.5,40.6,49.5,31.7
2026-09-01,SHW,35.7,40.6,49.5,31.7
2026-10-01,SHW,4.5,40.6,49.5,31.7
2025-10-01,SHY,99.4,88.1,112.7,63.5
2025-11-01,SHY,87.0,88.1,112.7,63.5
2025-12-01,SHY,79.4,88.1,112.7,63.5
2026-01-01,SHY,85.7,88.1,112.7,63.5
2026-02-01,SHY,85.6,88.1,112.7,63.5
2026-03-01,SHY,152.7,88.1,112.7,63.5
2026-04-01,SHY,83.7,88.1,112.7,63.5
2026-05-01,SHY,62.6,88.1,112.7,63.5
2026-06-01,SHY,75.3,88.1,112.7,63.5
2026-07-01,SHY,72.1,88.1,112.7,63.5
2026-08-01,SHY,74.7,88.1,112.7,63.5
2026-09-01,SHY,108.5,88.1,112.7,63.5
2026-10-01,SHY,14.5,88.1,112.7,63.5
2025-10-01,SILJ,194.1,141.4,210.1,72.8
2025-11-01,SILJ,119.8,141.4,210.1,72.8
2025-12-01,SILJ,214.4,141.4,210.1,72.8
2026-01-01,SILJ,292.4,141.4,210.1,72.8
2026-02-01,SILJ,203.2,141.4,210.1,72.8
2026-03-01,SILJ,171.7,141.4,210.1,72.8
2026-04-01,SILJ,76.3,141.4,210.1,72.8
2026-05-01,SILJ,105.6,141.4,210.1,72.8
2026-06-01,SILJ,108.2,141.4,210.1,72.8
2026-07-01,SILJ,69.8,141.4,210.1,72.8
2026-08-01,SILJ,95.9,141.4,210.1,72.8
2026-09-01,SILJ,73.5,141.4,210.1,72.8
2026-10-01,SILJ,10.3,141.4,210.1,72.8
2025-10-01,SJM,34.3,35.3,42.9,27.6
2025-11-01,SJM,35.0,35.3,42.9,27.6
2025-12-01,SJM,31.4,35.3,42.9,27.6
2026-01-01,SJM,31.5,35.3,42.9,27.6
2026-02-01,SJM,51.1,35.3,42.9,27.6
2026-03-01,SJM,44.6,35.3,42.9,27.6
2026-04-01,SJM,40.2,35.3,42.9,27.6
2026-05-01,SJM,36.0,35.3,42.9,27.6
2026-06-01,SJM,37.6,35.3,42.9,27.6
2026-07-01,SJM,34.7,35.3,42.9,27.6
2026-08-01,SJM,26.2,35.3,42.9,27.6
2026-09-01,SJM,27.9,35.3,42.9,27.6
2026-10-01,SJM,3.3,35.3,42.9,27.6
2025-10-01,SLB,402.4,329.0,416.5,241.6
2025-11-01,SLB,266.0,329.0,416.5,241.6
2025-12-01,SLB,290.8,329.0,416.5,241.6
2026-01-01,SLB,481.6,329.0,416.5,241.6
2026-02-01,SLB,335.1,329.0,416.5,241.6
2026-03-01,SLB,482.4,329.0,416.5,241.6
2026-04-01,SLB,315.5,329.0,416.5,241.6
2026-05-01,SLB,253.6,329.0,416.5,241.6
2026-06-01,SLB,351.3,329.0,416.5,241.6
2026-07-01,SLB,285.4,329.0,416.5,241.6
2026-08-01,SLB,234.8,329.0,416.5,241.6
2026-09-01,SLB,293.0,329.0,416.5,241.6
2026-10-01,SLB,35.7,329.0,416.5,241.6
2025-10-01,SLV,1115.7,957.0,1786.4,127.7
2025-11-01,SLV,499.6,957.0,1786.4,127.7
2025-12-01,SLV,1458.1,957.0,1786.4,127.7
2026-01-01,SLV,3287.4,957.0,1786.4,127.7
2026-02-01,SLV,1818.5,957.0,1786.4,127.7
2026-03-01,SLV,1104.6,957.0,1786.4,127.7
2026-04-01,SLV,517.1,957.0,1786.4,127.7
2026-05-01,SLV,471.0,957.0,1786.4,127.7
2026-06-01,SLV,486.5,957.0,1786.4,127.7
2026-07-01,SLV,323.6,957.0,1786.4,127.7
2026-08-01,SLV,363.4,957.0,1786.4,127.7
2026-09-01,SLV,324.1,957.0,1786.4,127.7
2026-10-01,SLV,40.5,957.0,1786.4,127.7
2025-10-01,SM,60.1,92.9,126.7,59.1
2025-11-01,SM,70.5,92.9,126.7,59.1
2025-12-01,SM,58.3,92.9,126.7,59.1
2026-01-01,SM,111.4,92.9,126.7,59.1
2026-02-01,SM,167.0,92.9,126.7,59.1
2026-03-01,SM,151.7,92.9,126.7,59.1
2026-04-01,SM,103.3,92.9,126.7,59.1
2026-05-01,SM,85.3,92.9,126.7,59.1
2026-06-01,SM,82.7,92.9,126.7,59.1
2026-07-01,SM,78.3,92.9,126.7,59.1
2026-08-01,SM,84.6,92.9,126.7,59.1
2026-09-01,SM,86.6,92.9,126.7,59.1
2026-10-01,SM,7.1,92.9,126.7,59.1
2025-10-01,SMCI,727.2,827.2,1130.5,523.9
2025-11-01,SMCI,574.1,827.2,1130.5,523.9
2025-12-01,SMCI,451.6,827.2,1130.5,523.9
2026-01-01,SMCI,643.3,827.2,1130.5,523.9
2026-02-01,SMCI,656.3,827.2,1130.5,523.9
2026-03-01,SMCI,991.9,827.2,1130.5,523.9
2026-04-01,SMCI,628.2,827.2,1130.5,523.9
2026-05-01,SMCI,911.4,827.2,1130.5,523.9
2026-06-01,SMCI,1569.9,827.2,1130.5,523.9
2026-07-01,SMCI,962.1,827.2,1130.5,523.9
2026-08-01,SMCI,1123.9,827.2,1130.5,523.9
2026-09-01,SMCI,793.9,827.2,1130.5,523.9
2026-10-01,SMCI,93.1,827.2,1130.5,523.9
2025-10-01,SMH,185.0,184.8,241.3,128.2
2025-11-01,SMH,184.6,184.8,241.3,128.2
2025-12-01,SMH,118.9,184.8,241.3,128.2
2026-01-01,SMH,143.2,184.8,241.3,128.2
2026-02-01,SMH,160.3,184.8,241.3,128.2
2026-03-01,SMH,241.6,184.8,241.3,128.2
2026-04-01,SMH,170.6,184.8,241.3,128.2
2026-05-01,SMH,202.4,184.8,241.3,128.2
2026-06-01,SMH,256.5,184.8,241.3,128.2
2026-07-01,SMH,298.0,184.8,241.3,128.2
2026-08-01,SMH,145.7,184.8,241.3,128.2
2026-09-01,SMH,134.1,184.8,241.3,128.2
2026-10-01,SMH,16.0,184.8,241.3,128.2
2025-10-01,SNA,8.6,7.1,8.7,5.6
2025-11-01,SNA,5.2,7.1,8.7,5.6
2025-12-01,SNA,6.4,7.1,8.7,5.6
2026-01-01,SNA,5.6,7.1,8.7,5.6
2026-02-01,SNA,8.0,7.1,8.7,5.6
2026-03-01,SNA,9.4,7.1,8.7,5.6
2026-04-01,SNA,8.6,7.1,8.7,5.6
2026-05-01,SNA,6.9,7.1,8.7,5.6
2026-06-01,SNA,7.3,7.1,8.7,5.6
2026-07-01,SNA,8.4,7.1,8.7,5.6
2026-08-01,SNA,6.1,7.1,8.7,5.6
2026-09-01,SNA,6.0,7.1,8.7,5.6
2026-10-01,SNA,0.7,7.1,8.7,5.6
2025-10-01,SNDK,187.9,292.4,379.2,205.5
2025-11-01,SNDK,319.8,292.4,379.2,205.5
2025-12-01,SNDK,176.3,292.4,379.2,205.5
2026-01-01,SNDK,355.7,292.4,379.2,205.5
2026-02-01,SNDK,426.9,292.4,379.2,205.5
2026-03-01,SNDK,411.1,292.4,379.2,205.5
2026-04-01,SNDK,324.8,292.4,379.2,205.5
2026-05-01,SNDK,291.9,292.4,379.2,205.5
2026-06-01,SNDK,240.9,292.4,379.2,205.5
2026-07-01,SNDK,350.6,292.4,379.2,205.5
2026-08-01,SNDK,298.8,292.4,379.2,205.5
2026-09-01,SNDK,200.3,292.4,379.2,205.5
2026-10-01,SNDK,23.9,292.4,379.2,205.5
2025-10-01,SNPS,47.7,42.3,49.2,35.5
2025-11-01,SNPS,42.4,42.3,49.2,35.5
2025-12-01,SNPS,49.2,42.3,49.2,35.5
2026-01-01,SNPS,36.6,42.3,49.2,35.5
2026-02-01,SNPS,53.0,42.3,49.2,35.5
2026-03-01,SNPS,46.9,42.3,49.2,35.5
2026-04-01,SNPS,34.6,42.3,49.2,35.5
2026-05-01,SNPS,37.2,42.3,49.2,35.5
2026-06-01,SNPS,46.5,42.3,49.2,35.5
2026-07-01,SNPS,42.5,42.3,49.2,35.5
2026-08-01,SNPS,34.5,42.3,49.2,35.5
2026-09-01,SNPS,42.2,42.3,49.2,35.5
2026-10-01,SNPS,12.8,42.3,49.2,35.5
2025-10-01,SO,115.3,119.7,140.7,98.8
2025-11-01,SO,122.1,119.7,140.7,98.8
2025-12-01,SO,133.0,119.7,140.7,98.8
2026-01-01,SO,106.4,119.7,140.7,98.8
2026-02-01,SO,146.9,119.7,140.7,98.8
2026-03-01,SO,121.1,119.7,140.7,98.8
2026-04-01,SO,90.2,119.7,140.7,98.8
2026-05-01,SO,113.5,119.7,140.7,98.8
2026-06-01,SO,152.4,119.7,140.7,98.8
2026-07-01,SO,102.8,119.7,140.7,98.8
2026-08-01,SO,121.7,119.7,140.7,98.8
2026-09-01,SO,132.7,119.7,140.7,98.8
2026-10-01,SO,21.9,119.7,140.7,98.8
2025-10-01,SOLV,20.3,25.9,34.0,17.7
2025-11-01,SOLV,24.0,25.9,34.0,17.7
2025-12-01,SOLV,23.4,25.9,34.0,17.7
2026-01-01,SOLV,19.3,25.9,34.0,17.7
2026-02-01,SOLV,23.0,25.9,34.0,17.7
2026-03-01,SOLV,32.3,25.9,34.0,17.7
2026-04-01,SOLV,24.0,25.9,34.0,17.7
2026-05-01,SOLV,46.5,25.9,34.0,17.7
2026-06-01,SOLV,36.1,25.9,34.0,17.7
2026-07-01,SOLV,23.4,25.9,34.0,17.7
2026-08-01,SOLV,24.6,25.9,34.0,17.7
2026-09-01,SOLV,18.5,25.9,34.0,17.7
2026-10-01,SOLV,2.7,25.9,34.0,17.7
2025-10-01,SOYB,2.7,2.2,3.1,1.4
2025-11-01,SOYB,3.4,2.2,3.1,1.4
2025-12-01,SOYB,3.3,2.2,3.1,1.4
2026-01-01,SOYB,1.0,2.2,3.1,1.4
2026-02-01,SOYB,1.3,2.2,3.1,1.4
2026-03-01,SOYB,3.1,2.2,3.1,1.4
2026-04-01,SOYB,2.3,2.2,3.1,1.4
2026-05-01,SOYB,2.9,2.2,3.1,1.4
2026-06-01,SOYB,2.3,2.2,3.1,1.4
2026-07-01,SOYB,1.8,2.2,3.1,1.4
2026-08-01,SOYB,1.9,2.2,3.1,1.4
2026-09-01,SOYB,1.3,2.2,3.1,1.4
2026-10-01,SOYB,0.2,2.2,3.1,1.4
2025-10-01,SPG,30.5,32.3,41.1,23.5
2025-11-01,SPG,25.1,32.3,41.1,23.5
2025-12-01,SPG,30.9,32.3,41.1,23.5
2026-01-01,SPG,31.8,32.3,41.1,23.5
2026-02-01,SPG,32.2,32.3,41.1,23.5
2026-03-01,SPG,41.2,32.3,41.1,23.5
2026-04-01,SPG,27.4,32.3,41.1,23.5
2026-05-01,SPG,29.7,32.3,41.1,23.5
2026-06-01,SPG,55.6,32.3,41.1,23.5
2026-07-01,SPG,34.4,32.3,41.1,23.5
2026-08-01,SPG,27.3,32.3,41.1,23.5
2026-09-01,SPG,26.2,32.3,41.1,23.5
2026-10-01,SPG,3.4,32.3,41.1,23.5
2025-10-01,SPGI,40.0,42.6,56.2,29.1
2025-11-01,SPGI,29.9,42.6,56.2,29.1
2025-12-01,SPGI,33.1,42.6,56.2,29.1
2026-01-01,SPGI,29.6,42.6,56.2,29.1
2026-02-01,SPGI,81.6,42.6,56.2,29.1
2026-03-01,SPGI,48.8,42.6,56.2,29.1
2026-04-01,SPGI,36.7,42.6,56.2,29.1
2026-05-01,SPGI,42.5,42.6,56.2,29.1
2026-06-01,SPGI,50.7,42.6,56.2,29.1
2026-07-01,SPGI,48.8,42.6,56.2,29.1
2026-08-01,SPGI,37.7,42.6,56.2,29.1
2026-09-01,SPGI,41.0,42.6,56.2,29.1
2026-10-01,SPGI,7.4,42.6,56.2,29.1
2025-10-01,SPHB,8.4,7.4,9.2,5.5
2025-11-01,SPHB,7.1,7.4,9.2,5.5
2025-12-01,SPHB,8.0,7.4,9.2,5.5
2026-01-01,SPHB,5.5,7.4,9.2,5.5
2026-02-01,SPHB,6.1,7.4,9.2,5.5
2026-03-01,SPHB,11.3,7.4,9.2,5.5
2026-04-01,SPHB,7.9,7.4,9.2,5.5
2026-05-01,SPHB,7.8,7.4,9.2,5.5
2026-06-01,SPHB,7.5,7.4,9.2,5.5
2026-07-01,SPHB,8.6,7.4,9.2,5.5
2026-08-01,SPHB,5.0,7.4,9.2,5.5
2026-09-01,SPHB,5.8,7.4,9.2,5.5
2026-10-01,SPHB,1.0,7.4,9.2,5.5
2025-10-01,SPLV,68.6,61.5,78.9,44.1
2025-11-01,SPLV,77.9,61.5,78.9,44.1
2025-12-01,SPLV,77.5,61.5,78.9,44.1
2026-01-01,SPLV,83.0,61.5,78.9,44.1
2026-02-01,SPLV,71.5,61.5,78.9,44.1
2026-03-01,SPLV,85.4,61.5,78.9,44.1
2026-04-01,SPLV,46.7,61.5,78.9,44.1
2026-05-01,SPLV,49.5,61.5,78.9,44.1
2026-06-01,SPLV,61.0,61.5,78.9,44.1
2026-07-01,SPLV,46.0,61.5,78.9,44.1
2026-08-01,SPLV,43.9,61.5,78.9,44.1
2026-09-01,SPLV,39.0,61.5,78.9,44.1
2026-10-01,SPLV,7.7,61.5,78.9,44.1
2025-10-01,SPY,1781.8,1387.8,1824.0,951.5
2025-11-01,SPY,1664.7,1387.8,1824.0,951.5
2025-12-01,SPY,1656.2,1387.8,1824.0,951.5
2026-01-01,SPY,1600.5,1387.8,1824.0,951.5
2026-02-01,SPY,1615.0,1387.8,1824.0,951.5
2026-03-01,SPY,2237.6,1387.8,1824.0,951.5
2026-04-01,SPY,1196.5,1387.8,1824.0,951.5
2026-05-01,SPY,945.1,1387.8,1824.0,951.5
2026-06-01,SPY,1315.0,1387.8,1824.0,951.5
2026-07-01,SPY,1065.0,1387.8,1824.0,951.5
2026-08-01,SPY,834.0,1387.8,1824.0,951.5
2026-09-01,SPY,941.1,1387.8,1824.0,951.5
2026-10-01,SPY,138.9,1387.8,1824.0,951.5
2025-10-01,SRE,71.1,76.4,88.9,63.9
2025-11-01,SRE,78.7,76.4,88.9,63.9
2025-12-01,SRE,73.9,76.4,88.9,63.9
2026-01-01,SRE,85.6,76.4,88.9,63.9
2026-02-01,SRE,77.7,76.4,88.9,63.9
2026-03-01,SRE,78.9,76.4,88.9,63.9
2026-04-01,SRE,67.0,76.4,88.9,63.9
2026-05-01,SRE,72.4,76.4,88.9,63.9
2026-06-01,SRE,93.7,76.4,88.9,63.9
2026-07-01,SRE,60.7,76.4,88.9,63.9
2026-08-01,SRE,91.7,76.4,88.9,63.9
2026-09-01,SRE,80.2,76.4,88.9,63.9
2026-10-01,SRE,9.8,76.4,88.9,63.9
2025-10-01,STE,13.6,15.2,18.6,11.8
2025-11-01,STE,14.8,15.2,18.6,11.8
2025-12-01,STE,12.8,15.2,18.6,11.8
2026-01-01,STE,10.0,15.2,18.6,11.8
2026-02-01,STE,20.5,15.2,18.6,11.8
2026-03-01,STE,20.2,15.2,18.6,11.8
2026-04-01,STE,13.3,15.2,18.6,11.8
2026-05-01,STE,17.3,15.2,18.6,11.8
2026-06-01,STE,18.6,15.2,18.6,11.8
2026-07-01,STE,15.9,15.2,18.6,11.8
2026-08-01,STE,14.6,15.2,18.6,11.8
2026-09-01,STE,13.7,15.2,18.6,11.8
2026-10-01,STE,2.1,15.2,18.6,11.8
2025-10-01,STIP,14.8,22.6,28.9,16.3
2025-11-01,STIP,21.8,22.6,28.9,16.3
2025-12-01,STIP,16.9,22.6,28.9,16.3
2026-01-01,STIP,26.6,22.6,28.9,16.3
2026-02-01,STIP,25.9,22.6,28.9,16.3
2026-03-01,STIP,37.6,22.6,28.9,16.3
2026-04-01,STIP,23.4,22.6,28.9,16.3
2026-05-01,STIP,22.7,22.6,28.9,16.3
2026-06-01,STIP,21.8,22.6,28.9,16.3
2026-07-01,STIP,18.0,22.6,28.9,16.3
2026-08-01,STIP,19.4,22.6,28.9,16.3
2026-09-01,STIP,26.9,22.6,28.9,16.3
2026-10-01,STIP,3.3,22.6,28.9,16.3
2025-10-01,STLA,442.1,390.3,484.4,296.2
2025-11-01,STLA,270.2,390.3,484.4,296.2
2025-12-01,STLA,221.5,390.3,484.4,296.2
2026-01-01,STLA,281.2,390.3,484.4,296.2
2026-02-01,STLA,391.1,390.3,484.4,296.2
2026-03-01,STLA,495.7,390.3,484.4,296.2
2026-04-01,STLA,443.9,390.3,484.4,296.2
2026-05-01,STLA,380.1,390.3,484.4,296.2
2026-06-01,STLA,383.5,390.3,484.4,296.2
2026-07-01,STLA,465.5,390.3,484.4,296.2
2026-08-01,STLA,431.3,390.3,484.4,296.2
2026-09-01,STLA,506.8,390.3,484.4,296.2
2026-10-01,STLA,118.8,390.3,484.4,296.2
2025-10-01,STLD,29.5,25.3,29.2,21.4
2025-11-01,STLD,21.8,25.3,29.2,21.4
2025-12-01,STLD,27.6,25.3,29.2,21.4
2026-01-01,STLD,27.5,25.3,29.2,21.4
2026-02-01,STLD,26.1,25.3,29.2,21.4
2026-03-01,STLD,27.5,25.3,29.2,21.4
2026-04-01,STLD,24.6,25.3,29.2,21.4
2026-05-01,STLD,21.4,25.3,29.2,21.4
2026-06-01,STLD,28.0,25.3,29.2,21.4
2026-07-01,STLD,26.3,25.3,29.2,21.4
2026-08-01,STLD,25.5,25.3,29.2,21.4
2026-09-01,STLD,21.3,25.3,29.2,21.4
2026-10-01,STLD,2.7,25.3,29.2,21.4
2025-10-01,STNG,17.4,20.4,25.2,15.6
2025-11-01,STNG,17.1,20.4,25.2,15.6
2025-12-01,STNG,20.8,20.4,25.2,15.6
2026-01-01,STNG,22.4,20.4,25.2,15.6
2026-02-01,STNG,20.3,20.4,25.2,15.6
2026-03-01,STNG,31.8,20.4,25.2,15.6
2026-04-01,STNG,23.3,20.4,25.2,15.6
2026-05-01,STNG,23.6,20.4,25.2,15.6
2026-06-01,STNG,17.8,20.4,25.2,15.6
2026-07-01,STNG,16.2,20.4,25.2,15.6
2026-08-01,STNG,15.4,20.4,25.2,15.6
2026-09-01,STNG,21.8,20.4,25.2,15.6
2026-10-01,STNG,4.5,20.4,25.2,15.6
2025-10-01,STT,53.0,43.3,52.8,33.8
2025-11-01,STT,28.8,43.3,52.8,33.8
2025-12-01,STT,45.5,43.3,52.8,33.8
2026-01-01,STT,47.9,43.3,52.8,33.8
2026-02-01,STT,36.8,43.3,52.8,33.8
2026-03-01,STT,48.6,43.3,52.8,33.8
2026-04-01,STT,47.1,43.3,52.8,33.8
2026-05-01,STT,38.0,43.3,52.8,33.8
2026-06-01,STT,52.1,43.3,52.8,33.8
2026-07-01,STT,53.5,43.3,52.8,33.8
2026-08-01,STT,28.5,43.3,52.8,33.8
2026-09-01,STT,43.1,43.3,52.8,33.8
2026-10-01,STT,5.8,43.3,52.8,33.8
2025-10-01,STX,123.9,90.4,108.2,72.5
2025-11-01,STX,75.4,90.4,108.2,72.5
2025-12-01,STX,84.9,90.4,108.2,72.5
2026-01-01,STX,99.4,90.4,108.2,72.5
2026-02-01,STX,74.9,90.4,108.2,72.5
2026-03-01,STX,81.4,90.4,108.2,72.5
2026-04-01,STX,85.9,90.4,108.2,72.5
2026-05-01,STX,84.4,90.4,108.2,72.5
2026-06-01,STX,95.4,90.4,108.2,72.5
2026-07-01,STX,119.3,90.4,108.2,72.5
2026-08-01,STX,88.0,90.4,108.2,72.5
2026-09-01,STX,78.0,90.4,108.2,72.5
2026-10-01,STX,21.7,90.4,108.2,72.5
2025-10-01,STZ,65.3,47.7,57.8,37.7
2025-11-01,STZ,42.6,47.7,57.8,37.7
2025-12-01,STZ,54.9,47.7,57.8,37.7
2026-01-01,STZ,60.8,47.7,57.8,37.7
2026-02-01,STZ,45.5,47.7,57.8,37.7
2026-03-01,STZ,39.0,47.7,57.8,37.7
2026-04-01,STZ,46.3,47.7,57.8,37.7
2026-05-01,STZ,40.2,47.7,57.8,37.7
2026-06-01,STZ,50.7,47.7,57.8,37.7
2026-07-01,STZ,49.5,47.7,57.8,37.7
2026-08-01,STZ,35.3,47.7,57.8,37.7
2026-09-01,STZ,48.6,47.7,57.8,37.7
2026-10-01,STZ,6.5,47.7,57.8,37.7
2025-10-01,SW,122.5,112.7,134.3,91.1
2025-11-01,SW,102.8,112.7,134.3,91.1
2025-12-01,SW,108.9,112.7,134.3,91.1
2026-01-01,SW,107.7,112.7,134.3,91.1
2026-02-01,SW,147.0,112.7,134.3,91.1
2026-03-01,SW,140.2,112.7,134.3,91.1
2026-04-01,SW,105.3,112.7,134.3,91.1
2026-05-01,SW,96.4,112.7,134.3,91.1
2026-06-01,SW,134.1,112.7,134.3,91.1
2026-07-01,SW,121.2,112.7,134.3,91.1
2026-08-01,SW,91.4,112.7,134.3,91.1
2026-09-01,SW,93.1,112.7,134.3,91.1
2026-10-01,SW,13.7,112.7,134.3,91.1
2025-10-01,SWK,43.5,37.9,44.5,31.3
2025-11-01,SWK,34.7,37.9,44.5,31.3
2025-12-01,SWK,33.9,37.9,44.5,31.3
2026-01-01,SWK,33.8,37.9,44.5,31.3
2026-02-01,SWK,42.0,37.9,44.5,31.3
2026-03-01,SWK,38.5,37.9,44.5,31.3
2026-04-01,SWK,52.3,37.9,44.5,31.3
2026-05-01,SWK,33.5,37.9,44.5,31.3
2026-06-01,SWK,36.7,37.9,44.5,31.3
2026-07-01,SWK,38.7,37.9,44.5,31.3
2026-08-01,SWK,36.0,37.9,44.5,31.3
2026-09-01,SWK,36.3,37.9,44.5,31.3
2026-10-01,SWK,5.3,37.9,44.5,31.3
2025-10-01,SWKS,65.4,91.4,122.6,60.2
2025-11-01,SWKS,63.7,91.4,122.6,60.2
2025-12-01,SWKS,52.6,91.4,122.6,60.2
2026-01-01,SWKS,90.5,91.4,122.6,60.2
2026-02-01,SWKS,70.8,91.4,122.6,60.2
2026-03-01,SWKS,72.0,91.4,122.6,60.2
2026-04-01,SWKS,66.2,91.4,122.6,60.2
2026-05-01,SWKS,111.2,91.4,122.6,60.2
2026-06-01,SWKS,117.0,91.4,122.6,60.2
2026-07-01,SWKS,131.3,91.4,122.6,60.2
2026-08-01,SWKS,112.4,91.4,122.6,60.2
2026-09-01,SWKS,152.7,91.4,122.6,60.2
2026-10-01,SWKS,43.2,91.4,122.6,60.2
2025-10-01,SYF,82.0,78.4,93.9,63.0
2025-11-01,SYF,69.9,78.4,93.9,63.0
2025-12-01,SYF,64.2,78.4,93.9,63.0
2026-01-01,SYF,104.4,78.4,93.9,63.0
2026-02-01,SYF,97.9,78.4,93.9,63.0
2026-03-01,SYF,87.2,78.4,93.9,63.0
2026-04-01,SYF,79.0,78.4,93.9,63.0
2026-05-01,SYF,79.4,78.4,93.9,63.0
2026-06-01,SYF,74.0,78.4,93.9,63.0
2026-07-01,SYF,90.0,78.4,93.9,63.0
2026-08-01,SYF,66.8,78.4,93.9,63.0
2026-09-01,SYF,61.2,78.4,93.9,63.0
2026-10-01,SYF,8.2,78.4,93.9,63.0
2025-10-01,SYK,35.3,46.3,58.2,34.4
2025-11-01,SYK,34.6,46.3,58.2,34.4
2025-12-01,SYK,35.0,46.3,58.2,34.4
2026-01-01,SYK,39.9,46.3,58.2,34.4
2026-02-01,SYK,39.3,46.3,58.2,34.4
2026-03-01,SYK,49.9,46.3,58.2,34.4
2026-04-01,SYK,39.9,46.3,58.2,34.4
2026-05-01,SYK,65.4,46.3,58.2,34.4
2026-06-01,SYK,55.7,46.3,58.2,34.4
2026-07-01,SYK,55.1,46.3,58.2,34.4
2026-08-01,SYK,46.8,46.3,58.2,34.4
2026-09-01,SYK,66.1,46.3,58.2,34.4
2026-10-01,SYK,7.8,46.3,58.2,34.4
2025-10-01,SYY,69.5,79.0,99.2,58.7
2025-11-01,SYY,58.6,79.0,99.2,58.7
2025-12-01,SYY,62.6,79.0,99.2,58.7
2026-01-01,SYY,88.2,79.0,99.2,58.7
2026-02-01,SYY,75.0,79.0,99.2,58.7
2026-03-01,SYY,102.7,79.0,99.2,58.7
2026-04-01,SYY,123.7,79.0,99.2,58.7
2026-05-01,SYY,70.9,79.0,99.2,58.7
2026-06-01,SYY,75.4,79.0,99.2,58.7
2026-07-01,SYY,65.8,79.0,99.2,58.7
2026-08-01,SYY,68.7,79.0,99.2,58.7
2026-09-01,SYY,98.0,79.0,99.2,58.7
2026-10-01,SYY,14.0,79.0,99.2,58.7
2025-10-01,T,1441.9,1010.5,1370.9,650.0
2025-11-01,T,953.5,1010.5,1370.9,650.0
2025-12-01,T,748.2,1010.5,1370.9,650.0
2026-01-01,T,985.7,1010.5,1370.9,650.0
2026-02-01,T,836.9,1010.5,1370.9,650.0
2026-03-01,T,973.6,1010.5,1370.9,650.0
2026-04-01,T,792.2,1010.5,1370.9,650.0
2026-05-01,T,737.0,1010.5,1370.9,650.0
2026-06-01,T,1279.8,1010.5,1370.9,650.0
2026-07-01,T,1886.4,1010.5,1370.9,650.0
2026-08-01,T,756.3,1010.5,1370.9,650.0
2026-09-01,T,804.6,1010.5,1370.9,650.0
2026-10-01,T,90.2,1010.5,1370.9,650.0
2025-10-01,TAGS,0.1,0.4,0.9,-0.0
2025-11-01,TAGS,0.1,0.4,0.9,-0.0
2025-12-01,TAGS,0.1,0.4,0.9,-0.0
2026-01-01,TAGS,0.1,0.4,0.9,-0.0
2026-02-01,TAGS,0.2,0.4,0.9,-0.0
2026-03-01,TAGS,1.6,0.4,0.9,-0.0
2026-04-01,TAGS,1.1,0.4,0.9,-0.0
2026-05-01,TAGS,0.8,0.4,0.9,-0.0
2026-06-01,TAGS,0.4,0.4,0.9,-0.0
2026-07-01,TAGS,0.3,0.4,0.9,-0.0
2026-08-01,TAGS,0.4,0.4,0.9,-0.0
2026-09-01,TAGS,0.5,0.4,0.9,-0.0
2026-10-01,TAGS,0.0,0.4,0.9,-0.0
2025-10-01,TAP,49.4,68.1,85.6,50.6
2025-11-01,TAP,82.1,68.1,85.6,50.6
2025-12-01,TAP,67.1,68.1,85.6,50.6
2026-01-01,TAP,58.2,68.1,85.6,50.6
2026-02-01,TAP,66.3,68.1,85.6,50.6
2026-03-01,TAP,64.2,68.1,85.6,50.6
2026-04-01,TAP,65.2,68.1,85.6,50.6
2026-05-01,TAP,66.1,68.1,85.6,50.6
2026-06-01,TAP,72.4,68.1,85.6,50.6
2026-07-01,TAP,68.9,68.1,85.6,50.6
2026-08-01,TAP,55.7,68.1,85.6,50.6
2026-09-01,TAP,115.3,68.1,85.6,50.6
2026-10-01,TAP,10.5,68.1,85.6,50.6
2025-10-01,TDG,6.5,7.7,9.0,6.3
2025-11-01,TDG,6.1,7.7,9.0,6.3
2025-12-01,TDG,6.8,7.7,9.0,6.3
2026-01-01,TDG,6.8,7.7,9.0,6.3
2026-02-01,TDG,8.5,7.7,9.0,6.3
2026-03-01,TDG,9.1,7.7,9.0,6.3
2026-04-01,TDG,7.8,7.7,9.0,6.3
2026-05-01,TDG,8.3,7.7,9.0,6.3
2026-06-01,TDG,8.6,7.7,9.0,6.3
2026-07-01,TDG,7.3,7.7,9.0,6.3
2026-08-01,TDG,9.6,7.7,9.0,6.3
2026-09-01,TDG,8.2,7.7,9.0,6.3
2026-10-01,TDG,1.0,7.7,9.0,6.3
2025-10-01,TDW,16.3,15.6,18.4,12.7
2025-11-01,TDW,18.3,15.6,18.4,12.7
2025-12-01,TDW,14.0,15.6,18.4,12.7
2026-01-01,TDW,14.2,15.6,18.4,12.7
2026-02-01,TDW,15.3,15.6,18.4,12.7
2026-03-01,TDW,21.3,15.6,18.4,12.7
2026-04-01,TDW,16.6,15.6,18.4,12.7
2026-05-01,TDW,15.6,15.6,18.4,12.7
2026-06-01,TDW,17.4,15.6,18.4,12.7
2026-07-01,TDW,14.3,15.6,18.4,12.7
2026-08-01,TDW,13.7,15.6,18.4,12.7
2026-09-01,TDW,12.9,15.6,18.4,12.7
2026-10-01,TDW,1.7,15.6,18.4,12.7
2025-10-01,TDY,6.9,7.0,8.4,5.6
2025-11-01,TDY,8.0,7.0,8.4,5.6
2025-12-01,TDY,6.3,7.0,8.4,5.6
2026-01-01,TDY,9.0,7.0,8.4,5.6
2026-02-01,TDY,6.8,7.0,8.4,5.6
2026-03-01,TDY,6.7,7.0,8.4,5.6
2026-04-01,TDY,7.7,7.0,8.4,5.6
2026-05-01,TDY,6.0,7.0,8.4,5.6
2026-06-01,TDY,7.1,7.0,8.4,5.6
2026-07-01,TDY,9.5,7.0,8.4,5.6
2026-08-01,TDY,5.9,7.0,8.4,5.6
2026-09-01,TDY,5.7,7.0,8.4,5.6
2026-10-01,TDY,0.6,7.0,8.4,5.6
2025-10-01,TECH,51.2,62.2,92.8,31.6
2025-11-01,TECH,40.0,62.2,92.8,31.6
2025-12-01,TECH,35.4,62.2,92.8,31.6
2026-01-01,TECH,47.0,62.2,92.8,31.6
2026-02-01,TECH,50.8,62.2,92.8,31.6
2026-03-01,TECH,51.1,62.2,92.8,31.6
2026-04-01,TECH,42.2,62.2,92.8,31.6
2026-05-01,TECH,70.4,62.2,92.8,31.6
2026-06-01,TECH,144.0,62.2,92.8,31.6
2026-07-01,TECH,102.8,62.2,92.8,31.6
2026-08-01,TECH,55.3,62.2,92.8,31.6
2026-09-01,TECH,64.8,62.2,92.8,31.6
2026-10-01,TECH,6.7,62.2,92.8,31.6
2025-10-01,TECK,94.8,77.1,95.3,59.0
2025-11-01,TECK,68.8,77.1,95.3,59.0
2025-12-01,TECK,93.6,77.1,95.3,59.0
2026-01-01,TECK,91.9,77.1,95.3,59.0
2026-02-01,TECK,78.4,77.1,95.3,59.0
2026-03-01,TECK,111.5,77.1,95.3,59.0
2026-04-01,TECK,64.1,77.1,95.3,59.0
2026-05-01,TECK,63.6,77.1,95.3,59.0
2026-06-01,TECK,65.9,77.1,95.3,59.0
2026-07-01,TECK,78.6,77.1,95.3,59.0
2026-08-01,TECK,60.5,77.1,95.3,59.0
2026-09-01,TECK,62.5,77.1,95.3,59.0
2026-10-01,TECK,8.9,77.1,95.3,59.0
2025-10-01,TEL,41.1,46.8,55.6,37.9
2025-11-01,TEL,39.6,46.8,55.6,37.9
2025-12-01,TEL,41.4,46.8,55.6,37.9
2026-01-01,TEL,42.1,46.8,55.6,37.9
2026-02-01,TEL,45.2,46.8,55.6,37.9
2026-03-01,TEL,52.2,46.8,55.6,37.9
2026-04-01,TEL,52.6,46.8,55.6,37.9
2026-05-01,TEL,58.4,46.8,55.6,37.9
2026-06-01,TEL,54.1,46.8,55.6,37.9
2026-07-01,TEL,59.1,46.8,55.6,37.9
2026-08-01,TEL,40.6,46.8,55.6,37.9
2026-09-01,TEL,42.2,46.8,55.6,37.9
2026-10-01,TEL,4.0,46.8,55.6,37.9
2025-10-01,TER,83.9,72.6,90.9,54.4
2025-11-01,TER,66.4,72.6,90.9,54.4
2025-12-01,TER,61.6,72.6,90.9,54.4
2026-01-01,TER,57.5,72.6,90.9,54.4
2026-02-01,TER,80.9,72.6,90.9,54.4
2026-03-01,TER,74.0,72.6,90.9,54.4
2026-04-01,TER,75.6,72.6,90.9,54.4
2026-05-01,TER,74.2,72.6,90.9,54.4
2026-06-01,TER,112.1,72.6,90.9,54.4
2026-07-01,TER,89.6,72.6,90.9,54.4
2026-08-01,TER,54.7,72.6,90.9,54.4
2026-09-01,TER,51.9,72.6,90.9,54.4
2026-10-01,TER,6.8,72.6,90.9,54.4
2025-10-01,TFC,196.8,177.6,215.8,139.5
2025-11-01,TFC,154.4,177.6,215.8,139.5
2025-12-01,TFC,160.7,177.6,215.8,139.5
2026-01-01,TFC,208.6,177.6,215.8,139.5
2026-02-01,TFC,178.8,177.6,215.8,139.5
2026-03-01,TFC,224.0,177.6,215.8,139.5
2026-04-01,TFC,186.5,177.6,215.8,139.5
2026-05-01,TFC,140.4,177.6,215.8,139.5
2026-06-01,TFC,245.1,177.6,215.8,139.5
2026-07-01,TFC,172.8,177.6,215.8,139.5
2026-08-01,TFC,125.1,177.6,215.8,139.5
2026-09-01,TFC,161.3,177.6,215.8,139.5
2026-10-01,TFC,28.5,177.6,215.8,139.5
2025-10-01,TGT,168.1,119.1,151.8,86.5
2025-11-01,TGT,150.5,119.1,151.8,86.5
2025-12-01,TGT,155.9,119.1,151.8,86.5
2026-01-01,TGT,126.3,119.1,151.8,86.5
2026-02-01,TGT,122.5,119.1,151.8,86.5
2026-03-01,TGT,148.1,119.1,151.8,86.5
2026-04-01,TGT,97.4,119.1,151.8,86.5
2026-05-01,TGT,123.0,119.1,151.8,86.5
2026-06-01,TGT,99.4,119.1,151.8,86.5
2026-07-01,TGT,83.1,119.1,151.8,86.5
2026-08-01,TGT,103.6,119.1,151.8,86.5
2026-09-01,TGT,69.5,119.1,151.8,86.5
2026-10-01,TGT,14.1,119.1,151.8,86.5
2025-10-01,THD,2.0,2.0,2.9,1.0
2025-11-01,THD,0.9,2.0,2.9,1.0
2025-12-01,THD,1.4,2.0,2.9,1.0
2026-01-01,THD,3.1,2.0,2.9,1.0
2026-02-01,THD,2.5,2.0,2.9,1.0
2026-03-01,THD,3.7,2.0,2.9,1.0
2026-04-01,THD,2.8,2.0,2.9,1.0
2026-05-01,THD,1.4,2.0,2.9,1.0
2026-06-01,THD,2.7,2.0,2.9,1.0
2026-07-01,THD,0.8,2.0,2.9,1.0
2026-08-01,THD,0.9,2.0,2.9,1.0
2026-09-01,THD,1.9,2.0,2.9,1.0
2026-10-01,THD,0.2,2.0,2.9,1.0
2025-10-01,TIP,63.7,49.7,62.8,36.6
2025-11-01,TIP,59.5,49.7,62.8,36.6
2025-12-01,TIP,61.4,49.7,62.8,36.6
2026-01-01,TIP,55.8,49.7,62.8,36.6
2026-02-01,TIP,47.2,49.7,62.8,36.6
2026-03-01,TIP,74.4,49.7,62.8,36.6
2026-04-01,TIP,37.1,49.7,62.8,36.6
2026-05-01,TIP,44.1,49.7,62.8,36.6
2026-06-01,TIP,42.9,49.7,62.8,36.6
2026-07-01,TIP,36.8,49.7,62.8,36.6
2026-08-01,TIP,37.3,49.7,62.8,36.6
2026-09-01,TIP,42.9,49.7,62.8,36.6
2026-10-01,TIP,6.7,49.7,62.8,36.6
2025-10-01,TJX,102.1,118.6,149.2,88.0
2025-11-01,TJX,122.5,118.6,149.2,88.0
2025-12-01,TJX,98.1,118.6,149.2,88.0
2026-01-01,TJX,112.4,118.6,149.2,88.0
2026-02-01,TJX,107.9,118.6,149.2,88.0
2026-03-01,TJX,100.0,118.6,149.2,88.0
2026-04-01,TJX,84.1,118.6,149.2,88.0
2026-05-01,TJX,131.6,118.6,149.2,88.0
2026-06-01,TJX,135.3,118.6,149.2,88.0
2026-07-01,TJX,108.2,118.6,149.2,88.0
2026-08-01,TJX,149.2,118.6,149.2,88.0
2026-09-01,TJX,193.6,118.6,149.2,88.0
2026-10-01,TJX,22.5,118.6,149.2,88.0
2025-10-01,TKO,25.3,25.5,31.3,19.8
2025-11-01,TKO,25.7,25.5,31.3,19.8
2025-12-01,TKO,24.7,25.5,31.3,19.8
2026-01-01,TKO,19.5,25.5,31.3,19.8
2026-02-01,TKO,16.1,25.5,31.3,19.8
2026-03-01,TKO,34.3,25.5,31.3,19.8
2026-04-01,TKO,26.2,25.5,31.3,19.8
2026-05-01,TKO,29.5,25.5,31.3,19.8
2026-06-01,TKO,35.1,25.5,31.3,19.8
2026-07-01,TKO,24.0,25.5,31.3,19.8
2026-08-01,TKO,23.8,25.5,31.3,19.8
2026-09-01,TKO,24.7,25.5,31.3,19.8
2026-10-01,TKO,3.7,25.5,31.3,19.8
2025-10-01,TLT,732.5,683.9,862.8,505.0
2025-11-01,TLT,612.8,683.9,862.8,505.0
2025-12-01,TLT,708.8,683.9,862.8,505.0
2026-01-01,TLT,823.7,683.9,862.8,505.0
2026-02-01,TLT,700.4,683.9,862.8,505.0
2026-03-01,TLT,1062.7,683.9,862.8,505.0
2026-04-01,TLT,433.2,683.9,862.8,505.0
2026-05-01,TLT,552.5,683.9,862.8,505.0
2026-06-01,TLT,530.5,683.9,862.8,505.0
2026-07-01,TLT,534.2,683.9,862.8,505.0
2026-08-01,TLT,710.3,683.9,862.8,505.0
2026-09-01,TLT,877.0,683.9,862.8,505.0
2026-10-01,TLT,194.2,683.9,862.8,505.0
2025-10-01,TMO,51.5,44.2,53.0,35.4
2025-11-01,TMO,31.3,44.2,53.0,35.4
2025-12-01,TMO,32.9,44.2,53.0,35.4
2026-01-01,TMO,54.1,44.2,53.0,35.4
2026-02-01,TMO,46.0,44.2,53.0,35.4
2026-03-01,TMO,47.4,44.2,53.0,35.4
2026-04-01,TMO,41.9,44.2,53.0,35.4
2026-05-01,TMO,52.9,44.2,53.0,35.4
2026-06-01,TMO,48.1,44.2,53.0,35.4
2026-07-01,TMO,49.3,44.2,53.0,35.4
2026-08-01,TMO,35.0,44.2,53.0,35.4
2026-09-01,TMO,47.0,44.2,53.0,35.4
2026-10-01,TMO,6.2,44.2,53.0,35.4
2025-10-01,TMUS,116.4,113.0,133.9,92.2
2025-11-01,TMUS,99.4,113.0,133.9,92.2
2025-12-01,TMUS,111.1,113.0,133.9,92.2
2026-01-01,TMUS,119.9,113.0,133.9,92.2
2026-02-01,TMUS,137.1,113.0,133.9,92.2
2026-03-01,TMUS,121.8,113.0,133.9,92.2
2026-04-01,TMUS,140.3,113.0,133.9,92.2
2026-05-01,TMUS,90.1,113.0,133.9,92.2
2026-06-01,TMUS,132.0,113.0,133.9,92.2
2026-07-01,TMUS,114.3,113.0,133.9,92.2
2026-08-01,TMUS,84.0,113.0,133.9,92.2
2026-09-01,TMUS,109.0,113.0,133.9,92.2
2026-10-01,TMUS,11.7,113.0,133.9,92.2
2025-10-01,TPL,8.1,9.0,10.9,7.0
2025-11-01,TPL,7.7,9.0,10.9,7.0
2025-12-01,TPL,10.0,9.0,10.9,7.0
2026-01-01,TPL,7.3,9.0,10.9,7.0
2026-02-01,TPL,13.1,9.0,10.9,7.0
2026-03-01,TPL,11.1,9.0,10.9,7.0
2026-04-01,TPL,10.1,9.0,10.9,7.0
2026-05-01,TPL,8.7,9.0,10.9,7.0
2026-06-01,TPL,9.8,9.0,10.9,7.0
2026-07-01,TPL,6.5,9.0,10.9,7.0
2026-08-01,TPL,8.7,9.0,10.9,7.0
2026-09-01,TPL,8.2,9.0,10.9,7.0
2026-10-01,TPL,0.9,9.0,10.9,7.0
2025-10-01,TPR,52.3,54.9,67.9,41.8
2025-11-01,TPR,72.5,54.9,67.9,41.8
2025-12-01,TPR,60.5,54.9,67.9,41.8
2026-01-01,TPR,43.1,54.9,67.9,41.8
2026-02-01,TPR,53.3,54.9,67.9,41.8
2026-03-01,TPR,44.2,54.9,67.9,41.8
2026-04-01,TPR,34.1,54.9,67.9,41.8
2026-05-01,TPR,55.5,54.9,67.9,41.8
2026-06-01,TPR,63.2,54.9,67.9,41.8
2026-07-01,TPR,48.8,54.9,67.9,41.8
2026-08-01,TPR,75.3,54.9,67.9,41.8
2026-09-01,TPR,66.5,54.9,67.9,41.8
2026-10-01,TPR,9.4,54.9,67.9,41.8
2025-10-01,TRGP,33.5,28.3,33.4,23.3
2025-11-01,TRGP,32.0,28.3,33.4,23.3
2025-12-01,TRGP,33.1,28.3,33.4,23.3
2026-01-01,TRGP,25.7,28.3,33.4,23.3
2026-02-01,TRGP,28.8,28.3,33.4,23.3
2026-03-01,TRGP,36.5,28.3,33.4,23.3
2026-04-01,TRGP,26.2,28.3,33.4,23.3
2026-05-01,TRGP,25.1,28.3,33.4,23.3
2026-06-01,TRGP,26.3,28.3,33.4,23.3
2026-07-01,TRGP,25.5,28.3,33.4,23.3
2026-08-01,TRGP,27.5,28.3,33.4,23.3
2026-09-01,TRGP,23.4,28.3,33.4,23.3
2026-10-01,TRGP,4.0,28.3,33.4,23.3
2025-10-01,TRMB,27.6,46.0,63.8,28.2
2025-11-01,TRMB,25.5,46.0,63.8,28.2
2025-12-01,TRMB,26.9,46.0,63.8,28.2
2026-01-01,TRMB,40.5,46.0,63.8,28.2
2026-02-01,TRMB,45.9,46.0,63.8,28.2
2026-03-01,TRMB,42.3,46.0,63.8,28.2
2026-04-01,TRMB,32.1,46.0,63.8,28.2
2026-05-01,TRMB,56.7,46.0,63.8,28.2
2026-06-01,TRMB,71.3,46.0,63.8,28.2
2026-07-01,TRMB,59.0,46.0,63.8,28.2
2026-08-01,TRMB,81.2,46.0,63.8,28.2
2026-09-01,TRMB,51.3,46.0,63.8,28.2
2026-10-01,TRMB,8.4,46.0,63.8,28.2
2025-10-01,TROW,36.8,40.8,50.6,31.1
2025-11-01,TROW,31.2,40.8,50.6,31.1
2025-12-01,TROW,40.1,40.8,50.6,31.1
2026-01-01,TROW,34.8,40.8,50.6,31.1
2026-02-01,TROW,48.3,40.8,50.6,31.1
2026-03-01,TROW,61.2,40.8,50.6,31.1
2026-04-01,TROW,45.4,40.8,50.6,31.1
2026-05-01,TROW,39.4,40.8,50.6,31.1
2026-06-01,TROW,49.6,40.8,50.6,31.1
2026-07-01,TROW,45.8,40.8,50.6,31.1
2026-08-01,TROW,31.8,40.8,50.6,31.1
2026-09-01,TROW,31.1,40.8,50.6,31.1
2026-10-01,TROW,5.6,40.8,50.6,31.1
2025-10-01,TRV,28.9,32.7,39.8,25.6
2025-11-01,TRV,26.1,32.7,39.8,25.6
2025-12-01,TRV,30.2,32.7,39.8,25.6
2026-01-01,TRV,35.7,32.7,39.8,25.6
2026-02-01,TRV,32.5,32.7,39.8,25.6
2026-03-01,TRV,32.8,32.7,39.8,25.6
2026-04-01,TRV,30.3,32.7,39.8,25.6
2026-05-01,TRV,26.9,32.7,39.8,25.6
2026-06-01,TRV,44.8,32.7,39.8,25.6
2026-07-01,TRV,45.4,32.7,39.8,25.6
2026-08-01,TRV,34.1,32.7,39.8,25.6
2026-09-01,TRV,29.7,32.7,39.8,25.6
2026-10-01,TRV,3.0,32.7,39.8,25.6
2025-10-01,TS,36.3,30.7,40.1,21.4
2025-11-01,TS,19.7,30.7,40.1,21.4
2025-12-01,TS,22.9,30.7,40.1,21.4
2026-01-01,TS,28.4,30.7,40.1,21.4
2026-02-01,TS,30.1,30.7,40.1,21.4
2026-03-01,TS,49.9,30.7,40.1,21.4
2026-04-01,TS,40.6,30.7,40.1,21.4
2026-05-01,TS,38.7,30.7,40.1,21.4
2026-06-01,TS,24.8,30.7,40.1,21.4
2026-07-01,TS,22.7,30.7,40.1,21.4
2026-08-01,TS,34.7,30.7,40.1,21.4
2026-09-01,TS,23.7,30.7,40.1,21.4
2026-10-01,TS,4.0,30.7,40.1,21.4
2025-10-01,TSCO,118.2,179.9,246.2,113.5
2025-11-01,TSCO,110.8,179.9,246.2,113.5
2025-12-01,TSCO,107.9,179.9,246.2,113.5
2026-01-01,TSCO,183.7,179.9,246.2,113.5
2026-02-01,TSCO,113.4,179.9,246.2,113.5
2026-03-01,TSCO,130.5,179.9,246.2,113.5
2026-04-01,TSCO,195.9,179.9,246.2,113.5
2026-05-01,TSCO,280.7,179.9,246.2,113.5
2026-06-01,TSCO,301.8,179.9,246.2,113.5
2026-07-01,TSCO,219.8,179.9,246.2,113.5
2026-08-01,TSCO,229.2,179.9,246.2,113.5
2026-09-01,TSCO,194.5,179.9,246.2,113.5
2026-10-01,TSCO,42.3,179.9,246.2,113.5
2025-10-01,TSLA,2032.1,1237.8,1636.3,839.3
2025-11-01,TSLA,1628.4,1237.8,1636.3,839.3
2025-12-01,TSLA,1635.9,1237.8,1636.3,839.3
2026-01-01,TSLA,1275.0,1237.8,1636.3,839.3
2026-02-01,TSLA,1123.5,1237.8,1636.3,839.3
2026-03-01,TSLA,1362.7,1237.8,1636.3,839.3
2026-04-01,TSLA,1416.3,1237.8,1636.3,839.3
2026-05-01,TSLA,1051.6,1237.8,1636.3,839.3
2026-06-01,TSLA,1002.4,1237.8,1636.3,839.3
2026-07-01,TSLA,934.9,1237.8,1636.3,839.3
2026-08-01,TSLA,725.3,1237.8,1636.3,839.3
2026-09-01,TSLA,809.8,1237.8,1636.3,839.3
2026-10-01,TSLA,128.6,1237.8,1636.3,839.3
2025-10-01,TSN,62.0,64.9,76.5,53.2
2025-11-01,TSN,68.6,64.9,76.5,53.2
2025-12-01,TSN,62.9,64.9,76.5,53.2
2026-01-01,TSN,61.7,64.9,76.5,53.2
2026-02-01,TSN,57.8,64.9,76.5,53.2
2026-03-01,TSN,70.6,64.9,76.5,53.2
2026-04-01,TSN,50.7,64.9,76.5,53.2
2026-05-01,TSN,60.4,64.9,76.5,53.2
2026-06-01,TSN,86.2,64.9,76.5,53.2
2026-07-01,TSN,64.3,64.9,76.5,53.2
2026-08-01,TSN,61.6,64.9,76.5,53.2
2026-09-01,TSN,81.2,64.9,76.5,53.2
2026-10-01,TSN,10.5,64.9,76.5,53.2
2025-10-01,TT,29.5,27.6,33.8,21.3
2025-11-01,TT,21.9,27.6,33.8,21.3
2025-12-01,TT,27.1,27.6,33.8,21.3
2026-01-01,TT,43.4,27.6,33.8,21.3
2026-02-01,TT,26.9,27.6,33.8,21.3
2026-03-01,TT,29.7,27.6,33.8,21.3
2026-04-01,TT,26.6,27.6,33.8,21.3
2026-05-01,TT,28.1,27.6,33.8,21.3
2026-06-01,TT,31.0,27.6,33.8,21.3
2026-07-01,TT,27.9,27.6,33.8,21.3
2026-08-01,TT,20.0,27.6,33.8,21.3
2026-09-01,TT,23.5,27.6,33.8,21.3
2026-10-01,TT,3.8,27.6,33.8,21.3
2025-10-01,TTD,241.2,383.0,513.6,252.5
2025-11-01,TTD,267.4,383.0,513.6,252.5
2025-12-01,TTD,298.3,383.0,513.6,252.5
2026-01-01,TTD,243.1,383.0,513.6,252.5
2026-02-01,TTD,359.7,383.0,513.6,252.5
2026-03-01,TTD,527.3,383.0,513.6,252.5
2026-04-01,TTD,341.6,383.0,513.6,252.5
2026-05-01,TTD,430.6,383.0,513.6,252.5
2026-06-01,TTD,471.2,383.0,513.6,252.5
2026-07-01,TTD,302.4,383.0,513.6,252.5
2026-08-01,TTD,625.5,383.0,513.6,252.5
2026-09-01,TTD,546.2,383.0,513.6,252.5
2026-10-01,TTD,62.0,383.0,513.6,252.5
2025-10-01,TTWO,29.4,43.6,56.6,30.7
2025-11-01,TTWO,38.2,43.6,56.6,30.7
2025-12-01,TTWO,29.7,43.6,56.6,30.7
2026-01-01,TTWO,34.1,43.6,56.6,30.7
2026-02-01,TTWO,61.5,43.6,56.6,30.7
2026-03-01,TTWO,43.6,43.6,56.6,30.7
2026-04-01,TTWO,30.5,43.6,56.6,30.7
2026-05-01,TTWO,53.7,43.6,56.6,30.7
2026-06-01,TTWO,64.0,43.6,56.6,30.7
2026-07-01,TTWO,40.1,43.6,56.6,30.7
2026-08-01,TTWO,56.2,43.6,56.6,30.7
2026-09-01,TTWO,52.9,43.6,56.6,30.7
2026-10-01,TTWO,6.5,43.6,56.6,30.7
2025-10-01,TUR,3.0,5.1,8.0,2.2
2025-11-01,TUR,2.1,5.1,8.0,2.2
2025-12-01,TUR,3.2,5.1,8.0,2.2
2026-01-01,TUR,7.0,5.1,8.0,2.2
2026-02-01,TUR,8.3,5.1,8.0,2.2
2026-03-01,TUR,10.8,5.1,8.0,2.2
2026-04-01,TUR,5.7,5.1,8.0,2.2
2026-05-01,TUR,8.2,5.1,8.0,2.2
2026-06-01,TUR,4.2,5.1,8.0,2.2
2026-07-01,TUR,2.2,5.1,8.0,2.2
2026-08-01,TUR,1.5,5.1,8.0,2.2
2026-09-01,TUR,5.9,5.1,8.0,2.2
2026-10-01,TUR,0.5,5.1,8.0,2.2
2025-10-01,TXN,199.6,158.6,192.4,124.7
2025-11-01,TXN,145.0,158.6,192.4,124.7
2025-12-01,TXN,140.6,158.6,192.4,124.7
2026-01-01,TXN,173.3,158.6,192.4,124.7
2026-02-01,TXN,159.6,158.6,192.4,124.7
2026-03-01,TXN,143.9,158.6,192.4,124.7
2026-04-01,TXN,164.6,158.6,192.4,124.7
2026-05-01,TXN,151.3,158.6,192.4,124.7
2026-06-01,TXN,221.9,158.6,192.4,124.7
2026-07-01,TXN,179.7,158.6,192.4,124.7
2026-08-01,TXN,123.0,158.6,192.4,124.7
2026-09-01,TXN,123.9,158.6,192.4,124.7
2026-10-01,TXN,12.5,158.6,192.4,124.7
2025-10-01,TXT,34.5,32.6,39.0,26.1
2025-11-01,TXT,22.4,32.6,39.0,26.1
2025-12-01,TXT,32.0,32.6,39.0,26.1
2026-01-01,TXT,39.9,32.6,39.0,26.1
2026-02-01,TXT,35.3,32.6,39.0,26.1
2026-03-01,TXT,36.1,32.6,39.0,26.1
2026-04-01,TXT,26.3,32.6,39.0,26.1
2026-05-01,TXT,25.7,32.6,39.0,26.1
2026-06-01,TXT,34.8,32.6,39.0,26.1
2026-07-01,TXT,37.9,32.6,39.0,26.1
2026-08-01,TXT,29.2,32.6,39.0,26.1
2026-09-01,TXT,40.5,32.6,39.0,26.1
2026-10-01,TXT,5.3,32.6,39.0,26.1
2025-10-01,TYL,8.7,13.6,18.8,8.4
2025-11-01,TYL,8.2,13.6,18.8,8.4
2025-12-01,TYL,8.2,13.6,18.8,8.4
2026-01-01,TYL,7.9,13.6,18.8,8.4
2026-02-01,TYL,21.0,13.6,18.8,8.4
2026-03-01,TYL,11.3,13.6,18.8,8.4
2026-04-01,TYL,10.3,13.6,18.8,8.4
2026-05-01,TYL,16.1,13.6,18.8,8.4
2026-06-01,TYL,20.5,13.6,18.8,8.4
2026-07-01,TYL,17.7,13.6,18.8,8.4
2026-08-01,TYL,20.1,13.6,18.8,8.4
2026-09-01,TYL,15.9,13.6,18.8,8.4
2026-10-01,TYL,1.7,13.6,18.8,8.4
2025-10-01,UAL,157.3,119.9,159.9,80.0
2025-11-01,UAL,112.4,119.9,159.9,80.0
2025-12-01,UAL,105.1,119.9,159.9,80.0
2026-01-01,UAL,102.9,119.9,159.9,80.0
2026-02-01,UAL,112.8,119.9,159.9,80.0
2026-03-01,UAL,202.9,119.9,159.9,80.0
2026-04-01,UAL,171.5,119.9,159.9,80.0
2026-05-01,UAL,122.5,119.9,159.9,80.0
2026-06-01,UAL,120.0,119.9,159.9,80.0
2026-07-01,UAL,99.2,119.9,159.9,80.0
2026-08-01,UAL,62.7,119.9,159.9,80.0
2026-09-01,UAL,82.6,119.9,159.9,80.0
2026-10-01,UAL,13.3,119.9,159.9,80.0
2025-10-01,UBER,321.7,387.6,456.7,318.6
2025-11-01,UBER,405.0,387.6,456.7,318.6
2025-12-01,UBER,412.3,387.6,456.7,318.6
2026-01-01,UBER,385.8,387.6,456.7,318.6
2026-02-01,UBER,473.5,387.6,456.7,318.6
2026-03-01,UBER,395.4,387.6,456.7,318.6
2026-04-01,UBER,289.5,387.6,456.7,318.6
2026-05-01,UBER,411.9,387.6,456.7,318.6
2026-06-01,UBER,495.8,387.6,456.7,318.6
2026-07-01,UBER,350.0,387.6,456.7,318.6
2026-08-01,UBER,404.1,387.6,456.7,318.6
2026-09-01,UBER,388.5,387.6,456.7,318.6
2026-10-01,UBER,50.4,387.6,456.7,318.6
2025-10-01,UDR,68.2,76.4,94.6,58.3
2025-11-01,UDR,52.2,76.4,94.6,58.3
2025-12-01,UDR,58.6,76.4,94.6,58.3
2026-01-01,UDR,99.6,76.4,94.6,58.3
2026-02-01,UDR,85.8,76.4,94.6,58.3
2026-03-01,UDR,77.2,76.4,94.6,58.3
2026-04-01,UDR,72.1,76.4,94.6,58.3
2026-05-01,UDR,102.8,76.4,94.6,58.3
2026-06-01,UDR,98.7,76.4,94.6,58.3
2026-07-01,UDR,71.2,76.4,94.6,58.3
2026-08-01,UDR,59.0,76.4,94.6,58.3
2026-09-01,UDR,87.0,76.4,94.6,58.3
2026-10-01,UDR,10.7,76.4,94.6,58.3
2025-10-01,UHS,14.1,16.8,20.8,12.8
2025-11-01,UHS,12.6,16.8,20.8,12.8
2025-12-01,UHS,15.9,16.8,20.8,12.8
2026-01-01,UHS,14.6,16.8,20.8,12.8
2026-02-01,UHS,15.4,16.8,20.8,12.8
2026-03-01,UHS,17.7,16.8,20.8,12.8
2026-04-01,UHS,15.1,16.8,20.8,12.8
2026-05-01,UHS,23.8,16.8,20.8,12.8
2026-06-01,UHS,21.8,16.8,20.8,12.8
2026-07-01,UHS,22.7,16.8,20.8,12.8
2026-08-01,UHS,13.7,16.8,20.8,12.8
2026-09-01,UHS,16.4,16.8,20.8,12.8
2026-10-01,UHS,1.8,16.8,20.8,12.8
2025-10-01,ULTA,12.2,14.0,18.1,9.9
2025-11-01,ULTA,9.9,14.0,18.1,9.9
2025-12-01,ULTA,19.2,14.0,18.1,9.9
2026-01-01,ULTA,11.4,14.0,18.1,9.9
2026-02-01,ULTA,9.4,14.0,18.1,9.9
2026-03-01,ULTA,20.1,14.0,18.1,9.9
2026-04-01,ULTA,13.6,14.0,18.1,9.9
2026-05-01,ULTA,14.0,14.0,18.1,9.9
2026-06-01,ULTA,21.1,14.0,18.1,9.9
2026-07-01,ULTA,12.3,14.0,18.1,9.9
2026-08-01,ULTA,14.8,14.0,18.1,9.9
2026-09-01,ULTA,11.1,14.0,18.1,9.9
2026-10-01,ULTA,1.1,14.0,18.1,9.9
2025-10-01,UNG,321.2,289.7,437.8,141.5
2025-11-01,UNG,224.4,289.7,437.8,141.5
2025-12-01,UNG,388.7,289.7,437.8,141.5
2026-01-01,UNG,631.4,289.7,437.8,141.5
2026-02-01,UNG,236.9,289.7,437.8,141.5
2026-03-01,UNG,293.9,289.7,437.8,141.5
2026-04-01,UNG,187.3,289.7,437.8,141.5
2026-05-01,UNG,193.1,289.7,437.8,141.5
2026-06-01,UNG,125.8,289.7,437.8,141.5
2026-07-01,UNG,166.8,289.7,437.8,141.5
2026-08-01,UNG,207.6,289.7,437.8,141.5
2026-09-01,UNG,535.3,289.7,437.8,141.5
2026-10-01,UNG,91.9,289.7,437.8,141.5
2025-10-01,UNH,199.6,154.3,198.8,109.9
2025-11-01,UNH,155.6,154.3,198.8,109.9
2025-12-01,UNH,135.7,154.3,198.8,109.9
2026-01-01,UNH,232.6,154.3,198.8,109.9
2026-02-01,UNH,174.5,154.3,198.8,109.9
2026-03-01,UNH,191.7,154.3,198.8,109.9
2026-04-01,UNH,191.7,154.3,198.8,109.9
2026-05-01,UNH,131.7,154.3,198.8,109.9
2026-06-01,UNH,151.4,154.3,198.8,109.9
2026-07-01,UNH,122.0,154.3,198.8,109.9
2026-08-01,UNH,86.6,154.3,198.8,109.9
2026-09-01,UNH,107.0,154.3,198.8,109.9
2026-10-01,UNH,13.1,154.3,198.8,109.9
2025-10-01,UNP,74.2,62.6,72.9,52.3
2025-11-01,UNP,59.7,62.6,72.9,52.3
2025-12-01,UNP,62.4,62.6,72.9,52.3
2026-01-01,UNP,69.0,62.6,72.9,52.3
2026-02-01,UNP,76.6,62.6,72.9,52.3
2026-03-01,UNP,64.4,62.6,72.9,52.3
2026-04-01,UNP,65.6,62.6,72.9,52.3
2026-05-01,UNP,60.8,62.6,72.9,52.3
2026-06-01,UNP,58.2,62.6,72.9,52.3
2026-07-01,UNP,68.6,62.6,72.9,52.3
2026-08-01,UNP,50.5,62.6,72.9,52.3
2026-09-01,UNP,51.5,62.6,72.9,52.3
2026-10-01,UNP,7.6,62.6,72.9,52.3
2025-10-01,UPS,186.8,124.1,153.3,95.0
2025-11-01,UPS,124.3,124.1,153.3,95.0
2025-12-01,UPS,126.5,124.1,153.3,95.0
2026-01-01,UPS,124.2,124.1,153.3,95.0
2026-02-01,UPS,115.8,124.1,153.3,95.0
2026-03-01,UPS,165.1,124.1,153.3,95.0
2026-04-01,UPS,109.0,124.1,153.3,95.0
2026-05-01,UPS,128.2,124.1,153.3,95.0
2026-06-01,UPS,113.9,124.1,153.3,95.0
2026-07-01,UPS,112.9,124.1,153.3,95.0
2026-08-01,UPS,97.5,124.1,153.3,95.0
2026-09-01,UPS,98.5,124.1,153.3,95.0
2026-10-01,UPS,14.3,124.1,153.3,95.0
2025-10-01,URA,170.9,94.0,128.6,59.4
2025-11-01,URA,103.7,94.0,128.6,59.4
2025-12-01,URA,84.5,94.0,128.6,59.4
2026-01-01,URA,154.3,94.0,128.6,59.4
2026-02-01,URA,100.2,94.0,128.6,59.4
2026-03-01,URA,89.6,94.0,128.6,59.4
2026-04-01,URA,76.8,94.0,128.6,59.4
2026-05-01,URA,80.1,94.0,128.6,59.4
2026-06-01,URA,82.4,94.0,128.6,59.4
2026-07-01,URA,64.9,94.0,128.6,59.4
2026-08-01,URA,72.4,94.0,128.6,59.4
2026-09-01,URA,62.9,94.0,128.6,59.4
2026-10-01,URA,8.7,94.0,128.6,59.4
2025-10-01,URI,11.9,11.8,14.0,9.6
2025-11-01,URI,12.2,11.8,14.0,9.6
2025-12-01,URI,13.9,11.8,14.0,9.6
2026-01-01,URI,14.7,11.8,14.0,9.6
2026-02-01,URI,13.6,11.8,14.0,9.6
2026-03-01,URI,14.0,11.8,14.0,9.6
2026-04-01,URI,12.1,11.8,14.0,9.6
2026-05-01,URI,10.0,11.8,14.0,9.6
2026-06-01,URI,11.7,11.8,14.0,9.6
2026-07-01,URI,10.6,11.8,14.0,9.6
2026-08-01,URI,9.1,11.8,14.0,9.6
2026-09-01,URI,10.0,11.8,14.0,9.6
2026-10-01,URI,1.6,11.8,14.0,9.6
2025-10-01,URNM,21.3,15.3,20.5,10.2
2025-11-01,URNM,14.2,15.3,20.5,10.2
2025-12-01,URNM,10.5,15.3,20.5,10.2
2026-01-01,URNM,27.5,15.3,20.5,10.2
2026-02-01,URNM,18.2,15.3,20.5,10.2
2026-03-01,URNM,17.2,15.3,20.5,10.2
2026-04-01,URNM,14.3,15.3,20.5,10.2
2026-05-01,URNM,17.0,15.3,20.5,10.2
2026-06-01,URNM,12.3,15.3,20.5,10.2
2026-07-01,URNM,9.3,15.3,20.5,10.2
2026-08-01,URNM,12.9,15.3,20.5,10.2
2026-09-01,URNM,12.6,15.3,20.5,10.2
2026-10-01,URNM,1.4,15.3,20.5,10.2
2025-10-01,USB,225.5,189.0,230.6,147.4
2025-11-01,USB,135.4,189.0,230.6,147.4
2025-12-01,USB,193.3,189.0,230.6,147.4
2026-01-01,USB,241.7,189.0,230.6,147.4
2026-02-01,USB,209.3,189.0,230.6,147.4
2026-03-01,USB,244.4,189.0,230.6,147.4
2026-04-01,USB,187.4,189.0,230.6,147.4
2026-05-01,USB,164.2,189.0,230.6,147.4
2026-06-01,USB,214.5,189.0,230.6,147.4
2026-07-01,USB,182.2,189.0,230.6,147.4
2026-08-01,USB,129.1,189.0,230.6,147.4
2026-09-01,USB,164.3,189.0,230.6,147.4
2026-10-01,USB,25.1,189.0,230.6,147.4
2025-10-01,USO,143.6,276.7,649.7,-96.2
2025-11-01,USO,81.8,276.7,649.7,-96.2
2025-12-01,USO,100.7,276.7,649.7,-96.2
2026-01-01,USO,140.7,276.7,649.7,-96.2
2026-02-01,USO,178.1,276.7,649.7,-96.2
2026-03-01,USO,1430.0,276.7,649.7,-96.2
2026-04-01,USO,532.6,276.7,649.7,-96.2
2026-05-01,USO,177.4,276.7,649.7,-96.2
2026-06-01,USO,130.6,276.7,649.7,-96.2
2026-07-01,USO,153.1,276.7,649.7,-96.2
2026-08-01,USO,99.8,276.7,649.7,-96.2
2026-09-01,USO,134.7,276.7,649.7,-96.2
2026-10-01,USO,17.3,276.7,649.7,-96.2
2025-10-01,UUP,24.7,38.1,54.9,21.2
2025-11-01,UUP,23.3,38.1,54.9,21.2
2025-12-01,UUP,25.6,38.1,54.9,21.2
2026-01-01,UUP,25.9,38.1,54.9,21.2
2026-02-01,UUP,24.1,38.1,54.9,21.2
2026-03-01,UUP,79.4,38.1,54.9,21.2
2026-04-01,UUP,58.3,38.1,54.9,21.2
2026-05-01,UUP,42.9,38.1,54.9,21.2
2026-06-01,UUP,45.0,38.1,54.9,21.2
2026-07-01,UUP,45.5,38.1,54.9,21.2
2026-08-01,UUP,28.8,38.1,54.9,21.2
2026-09-01,UUP,35.1,38.1,54.9,21.2
2026-10-01,UUP,9.8,38.1,54.9,21.2
2025-10-01,V,128.8,149.6,176.2,123.0
2025-11-01,V,120.1,149.6,176.2,123.0
2025-12-01,V,139.5,149.6,176.2,123.0
2026-01-01,V,170.6,149.6,176.2,123.0
2026-02-01,V,165.2,149.6,176.2,123.0
2026-03-01,V,162.9,149.6,176.2,123.0
2026-04-01,V,143.7,149.6,176.2,123.0
2026-05-01,V,154.3,149.6,176.2,123.0
2026-06-01,V,188.1,149.6,176.2,123.0
2026-07-01,V,177.4,149.6,176.2,123.0
2026-08-01,V,141.7,149.6,176.2,123.0
2026-09-01,V,128.7,149.6,176.2,123.0
2026-10-01,V,13.8,149.6,176.2,123.0
2025-10-01,VAL,28.5,24.2,33.5,14.8
2025-11-01,VAL,16.1,24.2,33.5,14.8
2025-12-01,VAL,23.9,24.2,33.5,14.8
2026-01-01,VAL,21.5,24.2,33.5,14.8
2026-02-01,VAL,53.6,24.2,33.5,14.8
2026-03-01,VAL,23.9,24.2,33.5,14.8
2026-04-01,VAL,20.3,24.2,33.5,14.8
2026-05-01,VAL,17.6,24.2,33.5,14.8
2026-06-01,VAL,20.5,24.2,33.5,14.8
2026-07-01,VAL,20.7,24.2,33.5,14.8
2026-08-01,VAL,21.2,24.2,33.5,14.8
2026-09-01,VAL,27.6,24.2,33.5,14.8
2026-10-01,VAL,3.5,24.2,33.5,14.8
2025-10-01,VEEV,24.9,43.5,61.2,25.8
2025-11-01,VEEV,28.6,43.5,61.2,25.8
2025-12-01,VEEV,34.3,43.5,61.2,25.8
2026-01-01,VEEV,36.9,43.5,61.2,25.8
2026-02-01,VEEV,48.5,43.5,61.2,25.8
2026-03-01,VEEV,47.6,43.5,61.2,25.8
2026-04-01,VEEV,44.7,43.5,61.2,25.8
2026-05-01,VEEV,91.3,43.5,61.2,25.8
2026-06-01,VEEV,63.1,43.5,61.2,25.8
2026-07-01,VEEV,37.0,43.5,61.2,25.8
2026-08-01,VEEV,43.9,43.5,61.2,25.8
2026-09-01,VEEV,32.4,43.5,61.2,25.8
2026-10-01,VEEV,3.4,43.5,61.2,25.8
2025-10-01,VICI,200.9,207.9,253.0,162.8
2025-11-01,VICI,214.1,207.9,253.0,162.8
2025-12-01,VICI,314.7,207.9,253.0,162.8
2026-01-01,VICI,222.1,207.9,253.0,162.8
2026-02-01,VICI,191.1,207.9,253.0,162.8
2026-03-01,VICI,211.4,207.9,253.0,162.8
2026-04-01,VICI,156.8,207.9,253.0,162.8
2026-05-01,VICI,160.3,207.9,253.0,162.8
2026-06-01,VICI,223.0,207.9,253.0,162.8
2026-07-01,VICI,198.7,207.9,253.0,162.8
2026-08-01,VICI,196.5,207.9,253.0,162.8
2026-09-01,VICI,232.8,207.9,253.0,162.8
2026-10-01,VICI,26.4,207.9,253.0,162.8
2025-10-01,VLO,53.1,65.7,84.1,47.4
2025-11-01,VLO,49.5,65.7,84.1,47.4
2025-12-01,VLO,62.8,65.7,84.1,47.4
2026-01-01,VLO,80.3,65.7,84.1,47.4
2026-02-01,VLO,50.2,65.7,84.1,47.4
2026-03-01,VLO,110.1,65.7,84.1,47.4
2026-04-01,VLO,66.1,65.7,84.1,47.4
2026-05-01,VLO,61.7,65.7,84.1,47.4
2026-06-01,VLO,69.6,65.7,84.1,47.4
2026-07-01,VLO,58.5,65.7,84.1,47.4
2026-08-01,VLO,52.6,65.7,84.1,47.4
2026-09-01,VLO,82.4,65.7,84.1,47.4
2026-10-01,VLO,7.8,65.7,84.1,47.4
2025-10-01,VLTO,33.0,39.2,48.2,30.2
2025-11-01,VLTO,35.5,39.2,48.2,30.2
2025-12-01,VLTO,37.8,39.2,48.2,30.2
2026-01-01,VLTO,26.6,39.2,48.2,30.2
2026-02-01,VLTO,52.5,39.2,48.2,30.2
2026-03-01,VLTO,43.4,39.2,48.2,30.2
2026-04-01,VLTO,39.8,39.2,48.2,30.2
2026-05-01,VLTO,47.5,39.2,48.2,30.2
2026-06-01,VLTO,54.1,39.2,48.2,30.2
2026-07-01,VLTO,41.2,39.2,48.2,30.2
2026-08-01,VLTO,29.4,39.2,48.2,30.2
2026-09-01,VLTO,37.0,39.2,48.2,30.2
2026-10-01,VLTO,5.9,39.2,48.2,30.2
2025-10-01,VMC,19.3,23.1,28.2,17.9
2025-11-01,VMC,23.4,23.1,28.2,17.9
2025-12-01,VMC,19.7,23.1,28.2,17.9
2026-01-01,VMC,18.1,23.1,28.2,17.9
2026-02-01,VMC,26.1,23.1,28.2,17.9
2026-03-01,VMC,34.0,23.1,28.2,17.9
2026-04-01,VMC,21.5,23.1,28.2,17.9
2026-05-01,VMC,21.9,23.1,28.2,17.9
2026-06-01,VMC,28.0,23.1,28.2,17.9
2026-07-01,VMC,23.8,23.1,28.2,17.9
2026-08-01,VMC,18.1,23.1,28.2,17.9
2026-09-01,VMC,26.5,23.1,28.2,17.9
2026-10-01,VMC,4.1,23.1,28.2,17.9
2025-10-01,VNM,25.6,16.5,21.6,11.5
2025-11-01,VNM,15.0,16.5,21.6,11.5
2025-12-01,VNM,17.4,16.5,21.6,11.5
2026-01-01,VNM,18.2,16.5,21.6,11.5
2026-02-01,VNM,16.7,16.5,21.6,11.5
2026-03-01,VNM,25.7,16.5,21.6,11.5
2026-04-01,VNM,17.2,16.5,21.6,11.5
2026-05-01,VNM,10.9,16.5,21.6,11.5
2026-06-01,VNM,15.4,16.5,21.6,11.5
2026-07-01,VNM,14.1,16.5,21.6,11.5
2026-08-01,VNM,11.3,16.5,21.6,11.5
2026-09-01,VNM,12.4,16.5,21.6,11.5
2026-10-01,VNM,1.9,16.5,21.6,11.5
2025-10-01,VRSK,34.7,37.6,51.0,24.2
2025-11-01,VRSK,28.6,37.6,51.0,24.2
2025-12-01,VRSK,28.7,37.6,51.0,24.2
2026-01-01,VRSK,24.4,37.6,51.0,24.2
2026-02-01,VRSK,57.9,37.6,51.0,24.2
2026-03-01,VRSK,40.3,37.6,51.0,24.2
2026-04-01,VRSK,43.5,37.6,51.0,24.2
2026-05-01,VRSK,37.4,37.6,51.0,24.2
2026-06-01,VRSK,67.9,37.6,51.0,24.2
2026-07-01,VRSK,42.1,37.6,51.0,24.2
2026-08-01,VRSK,26.6,37.6,51.0,24.2
2026-09-01,VRSK,26.7,37.6,51.0,24.2
2026-10-01,VRSK,3.1,37.6,51.0,24.2
2025-10-01,VRSN,22.3,17.2,20.2,14.2
2025-11-01,VRSN,19.4,17.2,20.2,14.2
2025-12-01,VRSN,16.1,17.2,20.2,14.2
2026-01-01,VRSN,12.4,17.2,20.2,14.2
2026-02-01,VRSN,18.8,17.2,20.2,14.2
2026-03-01,VRSN,17.0,17.2,20.2,14.2
2026-04-01,VRSN,19.4,17.2,20.2,14.2
2026-05-01,VRSN,16.7,17.2,20.2,14.2
2026-06-01,VRSN,18.4,17.2,20.2,14.2
2026-07-01,VRSN,17.9,17.2,20.2,14.2
2026-08-01,VRSN,15.0,17.2,20.2,14.2
2026-09-01,VRSN,15.3,17.2,20.2,14.2
2026-10-01,VRSN,3.0,17.2,20.2,14.2
2025-10-01,VRT,189.2,138.5,182.1,94.8
2025-11-01,VRT,141.1,138.5,182.1,94.8
2025-12-01,VRT,139.0,138.5,182.1,94.8
2026-01-01,VRT,101.6,138.5,182.1,94.8
2026-02-01,VRT,134.8,138.5,182.1,94.8
2026-03-01,VRT,245.3,138.5,182.1,94.8
2026-04-01,VRT,115.2,138.5,182.1,94.8
2026-05-01,VRT,114.3,138.5,182.1,94.8
2026-06-01,VRT,151.5,138.5,182.1,94.8
2026-07-01,VRT,134.7,138.5,182.1,94.8
2026-08-01,VRT,95.3,138.5,182.1,94.8
2026-09-01,VRT,111.2,138.5,182.1,94.8
2026-10-01,VRT,11.2,138.5,182.1,94.8
2025-10-01,VRTX,30.4,28.4,34.0,22.9
2025-11-01,VRTX,27.8,28.4,34.0,22.9
2025-12-01,VRTX,28.8,28.4,34.0,22.9
2026-01-01,VRTX,30.7,28.4,34.0,22.9
2026-02-01,VRTX,29.0,28.4,34.0,22.9
2026-03-01,VRTX,32.8,28.4,34.0,22.9
2026-04-01,VRTX,22.4,28.4,34.0,22.9
2026-05-01,VRTX,26.5,28.4,34.0,22.9
2026-06-01,VRTX,38.3,28.4,34.0,22.9
2026-07-01,VRTX,32.4,28.4,34.0,22.9
2026-08-01,VRTX,25.2,28.4,34.0,22.9
2026-09-01,VRTX,21.3,28.4,34.0,22.9
2026-10-01,VRTX,3.1,28.4,34.0,22.9
2025-10-01,VST,106.8,98.2,114.4,82.1
2025-11-01,VST,82.1,98.2,114.4,82.1
2025-12-01,VST,91.6,98.2,114.4,82.1
2026-01-01,VST,125.7,98.2,114.4,82.1
2026-02-01,VST,111.5,98.2,114.4,82.1
2026-03-01,VST,103.8,98.2,114.4,82.1
2026-04-01,VST,76.0,98.2,114.4,82.1
2026-05-01,VST,117.6,98.2,114.4,82.1
2026-06-01,VST,92.2,98.2,114.4,82.1
2026-07-01,VST,90.6,98.2,114.4,82.1
2026-08-01,VST,95.8,98.2,114.4,82.1
2026-09-01,VST,100.1,98.2,114.4,82.1
2026-10-01,VST,28.3,98.2,114.4,82.1
2025-10-01,VTR,59.0,71.1,85.3,56.8
2025-11-01,VTR,59.2,71.1,85.3,56.8
2025-12-01,VTR,68.1,71.1,85.3,56.8
2026-01-01,VTR,55.2,71.1,85.3,56.8
2026-02-01,VTR,63.6,71.1,85.3,56.8
2026-03-01,VTR,67.5,71.1,85.3,56.8
2026-04-01,VTR,90.0,71.1,85.3,56.8
2026-05-01,VTR,90.9,71.1,85.3,56.8
2026-06-01,VTR,87.7,71.1,85.3,56.8
2026-07-01,VTR,80.6,71.1,85.3,56.8
2026-08-01,VTR,62.7,71.1,85.3,56.8
2026-09-01,VTR,78.7,71.1,85.3,56.8
2026-10-01,VTR,13.6,71.1,85.3,56.8
2025-10-01,VTRS,168.3,200.4,235.8,165.0
2025-11-01,VTRS,181.3,200.4,235.8,165.0
2025-12-01,VTRS,184.6,200.4,235.8,165.0
2026-01-01,VTRS,170.1,200.4,235.8,165.0
2026-02-01,VTRS,226.5,200.4,235.8,165.0
2026-03-01,VTRS,234.5,200.4,235.8,165.0
2026-04-01,VTRS,197.8,200.4,235.8,165.0
2026-05-01,VTRS,267.9,200.4,235.8,165.0
2026-06-01,VTRS,208.9,200.4,235.8,165.0
2026-07-01,VTRS,208.8,200.4,235.8,165.0
2026-08-01,VTRS,207.5,200.4,235.8,165.0
2026-09-01,VTRS,186.4,200.4,235.8,165.0
2026-10-01,VTRS,22.9,200.4,235.8,165.0
2025-10-01,VZ,762.9,565.9,698.1,433.8
2025-11-01,VZ,507.3,565.9,698.1,433.8
2025-12-01,VZ,518.7,565.9,698.1,433.8
2026-01-01,VZ,685.5,565.9,698.1,433.8
2026-02-01,VZ,685.8,565.9,698.1,433.8
2026-03-01,VZ,596.8,565.9,698.1,433.8
2026-04-01,VZ,558.0,565.9,698.1,433.8
2026-05-01,VZ,406.3,565.9,698.1,433.8
2026-06-01,VZ,615.4,565.9,698.1,433.8
2026-07-01,VZ,691.8,565.9,698.1,433.8
2026-08-01,VZ,394.5,565.9,698.1,433.8
2026-09-01,VZ,443.3,565.9,698.1,433.8
2026-10-01,VZ,64.7,565.9,698.1,433.8
2025-10-01,WAB,20.7,18.6,21.9,15.3
2025-11-01,WAB,17.5,18.6,21.9,15.3
2025-12-01,WAB,17.3,18.6,21.9,15.3
2026-01-01,WAB,13.2,18.6,21.9,15.3
2026-02-01,WAB,19.5,18.6,21.9,15.3
2026-03-01,WAB,19.1,18.6,21.9,15.3
2026-04-01,WAB,23.8,18.6,21.9,15.3
2026-05-01,WAB,19.5,18.6,21.9,15.3
2026-06-01,WAB,18.2,18.6,21.9,15.3
2026-07-01,WAB,22.2,18.6,21.9,15.3
2026-08-01,WAB,18.3,18.6,21.9,15.3
2026-09-01,WAB,16.5,18.6,21.9,15.3
2026-10-01,WAB,2.8,18.6,21.9,15.3
2025-10-01,WAT,15.3,18.0,24.4,11.6
2025-11-01,WAT,12.5,18.0,24.4,11.6
2025-12-01,WAT,11.6,18.0,24.4,11.6
2026-01-01,WAT,10.0,18.0,24.4,11.6
2026-02-01,WAT,32.7,18.0,24.4,11.6
2026-03-01,WAT,24.6,18.0,24.4,11.6
2026-04-01,WAT,18.8,18.0,24.4,11.6
2026-05-01,WAT,24.5,18.0,24.4,11.6
2026-06-01,WAT,20.9,18.0,24.4,11.6
2026-07-01,WAT,17.4,18.0,24.4,11.6
2026-08-01,WAT,17.4,18.0,24.4,11.6
2026-09-01,WAT,14.3,18.0,24.4,11.6
2026-10-01,WAT,2.4,18.0,24.4,11.6
2025-10-01,WBD,700.2,638.0,927.9,348.0
2025-11-01,WBD,742.5,638.0,927.9,348.0
2025-12-01,WBD,1414.6,638.0,927.9,348.0
2026-01-01,WBD,485.0,638.0,927.9,348.0
2026-02-01,WBD,488.0,638.0,927.9,348.0
2026-03-01,WBD,639.1,638.0,927.9,348.0
2026-04-01,WBD,406.5,638.0,927.9,348.0
2026-05-01,WBD,347.5,638.0,927.9,348.0
2026-06-01,WBD,510.4,638.0,927.9,348.0
2026-07-01,WBD,507.3,638.0,927.9,348.0
2026-08-01,WBD,408.3,638.0,927.9,348.0
2026-09-01,WBD,962.7,638.0,927.9,348.0
2026-10-01,WBD,539.6,638.0,927.9,348.0
2025-10-01,WDAY,48.1,87.7,116.6,58.7
2025-11-01,WDAY,62.7,87.7,116.6,58.7
2025-12-01,WDAY,58.7,87.7,116.6,58.7
2026-01-01,WDAY,70.3,87.7,116.6,58.7
2026-02-01,WDAY,134.0,87.7,116.6,58.7
2026-03-01,WDAY,109.2,87.7,116.6,58.7
2026-04-01,WDAY,106.3,87.7,116.6,58.7
2026-05-01,WDAY,109.0,87.7,116.6,58.7
2026-06-01,WDAY,113.5,87.7,116.6,58.7
2026-07-01,WDAY,102.4,87.7,116.6,58.7
2026-08-01,WDAY,104.0,87.7,116.6,58.7
2026-09-01,WDAY,55.0,87.7,116.6,58.7
2026-10-01,WDAY,6.1,87.7,116.6,58.7
2025-10-01,WDC,240.6,179.1,213.7,144.5
2025-11-01,WDC,171.8,179.1,213.7,144.5
2025-12-01,WDC,163.6,179.1,213.7,144.5
2026-01-01,WDC,205.8,179.1,213.7,144.5
2026-02-01,WDC,207.7,179.1,213.7,144.5
2026-03-01,WDC,194.7,179.1,213.7,144.5
2026-04-01,WDC,153.7,179.1,213.7,144.5
2026-05-01,WDC,153.0,179.1,213.7,144.5
2026-06-01,WDC,216.1,179.1,213.7,144.5
2026-07-01,WDC,164.0,179.1,213.7,144.5
2026-08-01,WDC,162.4,179.1,213.7,144.5
2026-09-01,WDC,139.2,179.1,213.7,144.5
2026-10-01,WDC,42.2,179.1,213.7,144.5
2025-10-01,WEAT,3.2,11.1,19.0,3.3
2025-11-01,WEAT,2.6,11.1,19.0,3.3
2025-12-01,WEAT,3.8,11.1,19.0,3.3
2026-01-01,WEAT,3.5,11.1,19.0,3.3
2026-02-01,WEAT,5.6,11.1,19.0,3.3
2026-03-01,WEAT,27.4,11.1,19.0,3.3
2026-04-01,WEAT,21.3,11.1,19.0,3.3
2026-05-01,WEAT,18.5,11.1,19.0,3.3
2026-06-01,WEAT,10.9,11.1,19.0,3.3
2026-07-01,WEAT,11.1,11.1,19.0,3.3
2026-08-01,WEAT,14.7,11.1,19.0,3.3
2026-09-01,WEAT,11.9,11.1,19.0,3.3
2026-10-01,WEAT,1.1,11.1,19.0,3.3
2025-10-01,WEC,49.9,45.6,53.1,38.1
2025-11-01,WEC,39.5,45.6,53.1,38.1
2025-12-01,WEC,45.3,45.6,53.1,38.1
2026-01-01,WEC,44.4,45.6,53.1,38.1
2026-02-01,WEC,48.9,45.6,53.1,38.1
2026-03-01,WEC,45.9,45.6,53.1,38.1
2026-04-01,WEC,35.7,45.6,53.1,38.1
2026-05-01,WEC,42.0,45.6,53.1,38.1
2026-06-01,WEC,50.5,45.6,53.1,38.1
2026-07-01,WEC,41.5,45.6,53.1,38.1
2026-08-01,WEC,51.3,45.6,53.1,38.1
2026-09-01,WEC,58.7,45.6,53.1,38.1
2026-10-01,WEC,8.5,45.6,53.1,38.1
2025-10-01,WELL,65.7,65.9,76.5,55.3
2025-11-01,WELL,65.6,65.9,76.5,55.3
2025-12-01,WELL,79.2,65.9,76.5,55.3
2026-01-01,WELL,61.8,65.9,76.5,55.3
2026-02-01,WELL,65.1,65.9,76.5,55.3
2026-03-01,WELL,71.1,65.9,76.5,55.3
2026-04-01,WELL,56.3,65.9,76.5,55.3
2026-05-01,WELL,73.3,65.9,76.5,55.3
2026-06-01,WELL,80.7,65.9,76.5,55.3
2026-07-01,WELL,64.3,65.9,76.5,55.3
2026-08-01,WELL,61.7,65.9,76.5,55.3
2026-09-01,WELL,55.7,65.9,76.5,55.3
2026-10-01,WELL,8.0,65.9,76.5,55.3
2025-10-01,WFC,366.3,323.6,381.6,265.7
2025-11-01,WFC,276.8,323.6,381.6,265.7
2025-12-01,WFC,282.6,323.6,381.6,265.7
2026-01-01,WFC,349.9,323.6,381.6,265.7
2026-02-01,WFC,304.9,323.6,381.6,265.7
2026-03-01,WFC,420.2,323.6,381.6,265.7
2026-04-01,WFC,341.1,323.6,381.6,265.7
2026-05-01,WFC,344.6,323.6,381.6,265.7
2026-06-01,WFC,336.8,323.6,381.6,265.7
2026-07-01,WFC,357.0,323.6,381.6,265.7
2026-08-01,WFC,244.8,323.6,381.6,265.7
2026-09-01,WFC,300.1,323.6,381.6,265.7
2026-10-01,WFC,40.4,323.6,381.6,265.7
2025-10-01,WM,39.8,43.2,49.1,37.4
2025-11-01,WM,42.7,43.2,49.1,37.4
2025-12-01,WM,38.7,43.2,49.1,37.4
2026-01-01,WM,45.2,43.2,49.1,37.4
2026-02-01,WM,45.4,43.2,49.1,37.4
2026-03-01,WM,48.4,43.2,49.1,37.4
2026-04-01,WM,42.1,43.2,49.1,37.4
2026-05-01,WM,43.3,43.2,49.1,37.4
2026-06-01,WM,52.1,43.2,49.1,37.4
2026-07-01,WM,39.8,43.2,49.1,37.4
2026-08-01,WM,42.7,43.2,49.1,37.4
2026-09-01,WM,46.2,43.2,49.1,37.4
2026-10-01,WM,7.7,43.2,49.1,37.4
2025-10-01,WMB,159.7,145.5,164.7,126.2
2025-11-01,WMB,149.8,145.5,164.7,126.2
2025-12-01,WMB,138.2,145.5,164.7,126.2
2026-01-01,WMB,146.1,145.5,164.7,126.2
2026-02-01,WMB,161.3,145.5,164.7,126.2
2026-03-01,WMB,143.7,145.5,164.7,126.2
2026-04-01,WMB,122.4,145.5,164.7,126.2
2026-05-01,WMB,137.4,145.5,164.7,126.2
2026-06-01,WMB,161.7,145.5,164.7,126.2
2026-07-01,WMB,143.8,145.5,164.7,126.2
2026-08-01,WMB,147.9,145.5,164.7,126.2
2026-09-01,WMB,157.9,145.5,164.7,126.2
2026-10-01,WMB,21.3,145.5,164.7,126.2
2025-10-01,WMT,348.8,485.1,634.5,335.7
2025-11-01,WMT,391.4,485.1,634.5,335.7
2025-12-01,WMT,442.9,485.1,634.5,335.7
2026-01-01,WMT,909.1,485.1,634.5,335.7
2026-02-01,WMT,540.1,485.1,634.5,335.7
2026-03-01,WMT,459.8,485.1,634.5,335.7
2026-04-01,WMT,349.8,485.1,634.5,335.7
2026-05-01,WMT,428.5,485.1,634.5,335.7
2026-06-01,WMT,512.5,485.1,634.5,335.7
2026-07-01,WMT,492.2,485.1,634.5,335.7
2026-08-01,WMT,582.2,485.1,634.5,335.7
2026-09-01,WMT,473.2,485.1,634.5,335.7
2026-10-01,WMT,65.6,485.1,634.5,335.7
2025-10-01,WRB,71.7,52.4,69.1,35.6
2025-11-01,WRB,43.2,52.4,69.1,35.6
2025-12-01,WRB,84.7,52.4,69.1,35.6
2026-01-01,WRB,52.5,52.4,69.1,35.6
2026-02-01,WRB,40.9,52.4,69.1,35.6
2026-03-01,WRB,50.4,52.4,69.1,35.6
2026-04-01,WRB,43.6,52.4,69.1,35.6
2026-05-01,WRB,42.3,52.4,69.1,35.6
2026-06-01,WRB,46.0,52.4,69.1,35.6
2026-07-01,WRB,44.1,52.4,69.1,35.6
2026-08-01,WRB,33.9,52.4,69.1,35.6
2026-09-01,WRB,78.2,52.4,69.1,35.6
2026-10-01,WRB,7.1,52.4,69.1,35.6
2025-10-01,WSM,22.8,23.8,28.3,19.4
2025-11-01,WSM,25.2,23.8,28.3,19.4
2025-12-01,WSM,26.4,23.8,28.3,19.4
2026-01-01,WSM,21.2,23.8,28.3,19.4
2026-02-01,WSM,18.9,23.8,28.3,19.4
2026-03-01,WSM,33.2,23.8,28.3,19.4
2026-04-01,WSM,21.6,23.8,28.3,19.4
2026-05-01,WSM,26.4,23.8,28.3,19.4
2026-06-01,WSM,26.4,23.8,28.3,19.4
2026-07-01,WSM,20.2,23.8,28.3,19.4
2026-08-01,WSM,22.8,23.8,28.3,19.4
2026-09-01,WSM,24.3,23.8,28.3,19.4
2026-10-01,WSM,3.6,23.8,28.3,19.4
2025-10-01,WST,16.6,16.4,20.2,12.6
2025-11-01,WST,13.0,16.4,20.2,12.6
2025-12-01,WST,14.6,16.4,20.2,12.6
2026-01-01,WST,20.5,16.4,20.2,12.6
2026-02-01,WST,20.6,16.4,20.2,12.6
2026-03-01,WST,19.8,16.4,20.2,12.6
2026-04-01,WST,20.3,16.4,20.2,12.6
2026-05-01,WST,15.8,16.4,20.2,12.6
2026-06-01,WST,17.1,16.4,20.2,12.6
2026-07-01,WST,18.4,16.4,20.2,12.6
2026-08-01,WST,10.1,16.4,20.2,12.6
2026-09-01,WST,12.7,16.4,20.2,12.6
2026-10-01,WST,1.8,16.4,20.2,12.6
2025-10-01,WTW,13.1,13.9,18.0,9.9
2025-11-01,WTW,13.2,13.9,18.0,9.9
2025-12-01,WTW,14.6,13.9,18.0,9.9
2026-01-01,WTW,9.9,13.9,18.0,9.9
2026-02-01,WTW,25.4,13.9,18.0,9.9
2026-03-01,WTW,12.3,13.9,18.0,9.9
2026-04-01,WTW,14.1,13.9,18.0,9.9
2026-05-01,WTW,18.0,13.9,18.0,9.9
2026-06-01,WTW,15.0,13.9,18.0,9.9
2026-07-01,WTW,13.1,13.9,18.0,9.9
2026-08-01,WTW,10.8,13.9,18.0,9.9
2026-09-01,WTW,11.3,13.9,18.0,9.9
2026-10-01,WTW,1.7,13.9,18.0,9.9
2025-10-01,WY,113.8,123.4,147.3,99.6
2025-11-01,WY,118.9,123.4,147.3,99.6
2025-12-01,WY,155.9,123.4,147.3,99.6
2026-01-01,WY,165.7,123.4,147.3,99.6
2026-02-01,WY,122.2,123.4,147.3,99.6
2026-03-01,WY,134.7,123.4,147.3,99.6
2026-04-01,WY,91.1,123.4,147.3,99.6
2026-05-01,WY,110.4,123.4,147.3,99.6
2026-06-01,WY,125.5,123.4,147.3,99.6
2026-07-01,WY,112.2,123.4,147.3,99.6
2026-08-01,WY,105.8,123.4,147.3,99.6
2026-09-01,WY,143.5,123.4,147.3,99.6
2026-10-01,WY,27.8,123.4,147.3,99.6
2025-10-01,WYNN,38.2,33.9,41.1,26.6
2025-11-01,WYNN,33.9,33.9,41.1,26.6
2025-12-01,WYNN,30.6,33.9,41.1,26.6
2026-01-01,WYNN,23.5,33.9,41.1,26.6
2026-02-01,WYNN,35.2,33.9,41.1,26.6
2026-03-01,WYNN,44.5,33.9,41.1,26.6
2026-04-01,WYNN,28.0,33.9,41.1,26.6
2026-05-01,WYNN,31.3,33.9,41.1,26.6
2026-06-01,WYNN,32.5,33.9,41.1,26.6
2026-07-01,WYNN,31.0,33.9,41.1,26.6
2026-08-01,WYNN,34.0,33.9,41.1,26.6
2026-09-01,WYNN,47.8,33.9,41.1,26.6
2026-10-01,WYNN,7.2,33.9,41.1,26.6
2025-10-01,XEL,99.8,107.0,125.6,88.3
2025-11-01,XEL,87.3,107.0,125.6,88.3
2025-12-01,XEL,128.8,107.0,125.6,88.3
2026-01-01,XEL,105.5,107.0,125.6,88.3
2026-02-01,XEL,101.3,107.0,125.6,88.3
2026-03-01,XEL,97.6,107.0,125.6,88.3
2026-04-01,XEL,94.2,107.0,125.6,88.3
2026-05-01,XEL,112.7,107.0,125.6,88.3
2026-06-01,XEL,135.1,107.0,125.6,88.3
2026-07-01,XEL,109.8,107.0,125.6,88.3
2026-08-01,XEL,99.4,107.0,125.6,88.3
2026-09-01,XEL,127.9,107.0,125.6,88.3
2026-10-01,XEL,13.2,107.0,125.6,88.3
2025-10-01,XES,1.9,2.1,2.8,1.3
2025-11-01,XES,1.2,2.1,2.8,1.3
2025-12-01,XES,1.5,2.1,2.8,1.3
2026-01-01,XES,2.3,2.1,2.8,1.3
2026-02-01,XES,2.6,2.1,2.8,1.3
2026-03-01,XES,3.4,2.1,2.8,1.3
2026-04-01,XES,3.0,2.1,2.8,1.3
2026-05-01,XES,2.4,2.1,2.8,1.3
2026-06-01,XES,2.3,2.1,2.8,1.3
2026-07-01,XES,2.1,2.1,2.8,1.3
2026-08-01,XES,1.2,2.1,2.8,1.3
2026-09-01,XES,1.3,2.1,2.8,1.3
2026-10-01,XES,0.3,2.1,2.8,1.3
2025-10-01,XLB,301.0,274.0,341.6,206.5
2025-11-01,XLB,312.6,274.0,341.6,206.5
2025-12-01,XLB,203.2,274.0,341.6,206.5
2026-01-01,XLB,324.9,274.0,341.6,206.5
2026-02-01,XLB,380.3,274.0,341.6,206.5
2026-03-01,XLB,397.0,274.0,341.6,206.5
2026-04-01,XLB,231.0,274.0,341.6,206.5
2026-05-01,XLB,211.5,274.0,341.6,206.5
2026-06-01,XLB,264.1,274.0,341.6,206.5
2026-07-01,XLB,252.3,274.0,341.6,206.5
2026-08-01,XLB,225.8,274.0,341.6,206.5
2026-09-01,XLB,236.2,274.0,341.6,206.5
2026-10-01,XLB,53.1,274.0,341.6,206.5
2025-10-01,XLC,118.2,127.1,161.8,92.4
2025-11-01,XLC,113.1,127.1,161.8,92.4
2025-12-01,XLC,108.6,127.1,161.8,92.4
2026-01-01,XLC,136.4,127.1,161.8,92.4
2026-02-01,XLC,150.6,127.1,161.8,92.4
2026-03-01,XLC,205.3,127.1,161.8,92.4
2026-04-01,XLC,94.4,127.1,161.8,92.4
2026-05-01,XLC,99.4,127.1,161.8,92.4
2026-06-01,XLC,153.6,127.1,161.8,92.4
2026-07-01,XLC,153.5,127.1,161.8,92.4
2026-08-01,XLC,89.5,127.1,161.8,92.4
2026-09-01,XLC,120.1,127.1,161.8,92.4
2026-10-01,XLC,18.5,127.1,161.8,92.4
2025-10-01,XLE,613.2,810.7,1102.0,519.5
2025-11-01,XLE,610.0,810.7,1102.0,519.5
2025-12-01,XLE,595.7,810.7,1102.0,519.5
2026-01-01,XLE,1054.0,810.7,1102.0,519.5
2026-02-01,XLE,1015.7,810.7,1102.0,519.5
2026-03-01,XLE,1542.3,810.7,1102.0,519.5
2026-04-01,XLE,1007.6,810.7,1102.0,519.5
2026-05-01,XLE,778.4,810.7,1102.0,519.5
2026-06-01,XLE,737.0,810.7,1102.0,519.5
2026-07-01,XLE,668.7,810.7,1102.0,519.5
2026-08-01,XLE,545.9,810.7,1102.0,519.5
2026-09-01,XLE,706.7,810.7,1102.0,519.5
2026-10-01,XLE,100.4,810.7,1102.0,519.5
2025-10-01,XLF,972.4,854.8,1082.9,626.7
2025-11-01,XLF,892.2,854.8,1082.9,626.7
2025-12-01,XLF,760.1,854.8,1082.9,626.7
2026-01-01,XLF,924.7,854.8,1082.9,626.7
2026-02-01,XLF,1141.9,854.8,1082.9,626.7
2026-03-01,XLF,1372.5,854.8,1082.9,626.7
2026-04-01,XLF,716.4,854.8,1082.9,626.7
2026-05-01,XLF,704.7,854.8,1082.9,626.7
2026-06-01,XLF,786.3,854.8,1082.9,626.7
2026-07-01,XLF,767.3,854.8,1082.9,626.7
2026-08-01,XLF,577.3,854.8,1082.9,626.7
2026-09-01,XLF,785.0,854.8,1082.9,626.7
2026-10-01,XLF,100.7,854.8,1082.9,626.7
2025-10-01,XLI,245.9,203.9,270.9,136.9
2025-11-01,XLI,254.1,203.9,270.9,136.9
2025-12-01,XLI,175.2,203.9,270.9,136.9
2026-01-01,XLI,228.7,203.9,270.9,136.9
2026-02-01,XLI,249.1,203.9,270.9,136.9
2026-03-01,XLI,362.7,203.9,270.9,136.9
2026-04-01,XLI,199.4,203.9,270.9,136.9
2026-05-01,XLI,154.7,203.9,270.9,136.9
2026-06-01,XLI,175.5,203.9,270.9,136.9
2026-07-01,XLI,146.1,203.9,270.9,136.9
2026-08-01,XLI,128.9,203.9,270.9,136.9
2026-09-01,XLI,161.4,203.9,270.9,136.9
2026-10-01,XLI,21.9,203.9,270.9,136.9
2025-10-01,XLK,435.8,294.1,410.6,177.5
2025-11-01,XLK,443.8,294.1,410.6,177.5
2025-12-01,XLK,222.9,294.1,410.6,177.5
2026-01-01,XLK,338.9,294.1,410.6,177.5
2026-02-01,XLK,448.3,294.1,410.6,177.5
2026-03-01,XLK,426.5,294.1,410.6,177.5
2026-04-01,XLK,225.4,294.1,410.6,177.5
2026-05-01,XLK,246.6,294.1,410.6,177.5
2026-06-01,XLK,315.8,294.1,410.6,177.5
2026-07-01,XLK,207.2,294.1,410.6,177.5
2026-08-01,XLK,138.7,294.1,410.6,177.5
2026-09-01,XLK,146.5,294.1,410.6,177.5
2026-10-01,XLK,26.5,294.1,410.6,177.5
2025-10-01,XLP,293.8,298.2,390.7,205.7
2025-11-01,XLP,306.9,298.2,390.7,205.7
2025-12-01,XLP,272.7,298.2,390.7,205.7
2026-01-01,XLP,416.9,298.2,390.7,205.7
2026-02-01,XLP,468.0,298.2,390.7,205.7
2026-03-01,XLP,448.8,298.2,390.7,205.7
2026-04-01,XLP,267.2,298.2,390.7,205.7
2026-05-01,XLP,225.4,298.2,390.7,205.7
2026-06-01,XLP,275.1,298.2,390.7,205.7
2026-07-01,XLP,257.0,298.2,390.7,205.7
2026-08-01,XLP,186.5,298.2,390.7,205.7
2026-09-01,XLP,226.8,298.2,390.7,205.7
2026-10-01,XLP,31.5,298.2,390.7,205.7
2025-10-01,XLRE,188.7,144.3,188.2,100.4
2025-11-01,XLRE,133.2,144.3,188.2,100.4
2025-12-01,XLRE,156.1,144.3,188.2,100.4
2026-01-01,XLRE,195.8,144.3,188.2,100.4
2026-02-01,XLRE,186.8,144.3,188.2,100.4
2026-03-01,XLRE,225.5,144.3,188.2,100.4
2026-04-01,XLRE,114.0,144.3,188.2,100.4
2026-05-01,XLRE,96.2,144.3,188.2,100.4
2026-06-01,XLRE,119.0,144.3,188.2,100.4
2026-07-01,XLRE,105.9,144.3,188.2,100.4
2026-08-01,XLRE,108.8,144.3,188.2,100.4
2026-09-01,XLRE,121.0,144.3,188.2,100.4
2026-10-01,XLRE,25.0,144.3,188.2,100.4
2025-10-01,XLU,503.6,468.5,559.2,377.8
2025-11-01,XLU,391.6,468.5,559.2,377.8
2025-12-01,XLU,383.9,468.5,559.2,377.8
2026-01-01,XLU,494.9,468.5,559.2,377.8
2026-02-01,XLU,598.3,468.5,559.2,377.8
2026-03-01,XLU,646.0,468.5,559.2,377.8
2026-04-01,XLU,411.0,468.5,559.2,377.8
2026-05-01,XLU,416.0,468.5,559.2,377.8
2026-06-01,XLU,448.7,468.5,559.2,377.8
2026-07-01,XLU,408.9,468.5,559.2,377.8
2026-08-01,XLU,425.1,468.5,559.2,377.8
2026-09-01,XLU,550.9,468.5,559.2,377.8
2026-10-01,XLU,163.5,468.5,559.2,377.8
2025-10-01,XLV,248.9,236.7,299.4,174.1
2025-11-01,XLV,315.0,236.7,299.4,174.1
2025-12-01,XLV,225.4,236.7,299.4,174.1
2026-01-01,XLV,261.0,236.7,299.4,174.1
2026-02-01,XLV,282.8,236.7,299.4,174.1
2026-03-01,XLV,365.3,236.7,299.4,174.1
2026-04-01,XLV,182.9,236.7,299.4,174.1
2026-05-01,XLV,194.3,236.7,299.4,174.1
2026-06-01,XLV,246.1,236.7,299.4,174.1
2026-07-01,XLV,219.3,236.7,299.4,174.1
2026-08-01,XLV,178.8,236.7,299.4,174.1
2026-09-01,XLV,166.7,236.7,299.4,174.1
2026-10-01,XLV,24.5,236.7,299.4,174.1
2025-10-01,XLY,258.4,193.0,246.9,139.0
2025-11-01,XLY,262.1,193.0,246.9,139.0
2025-12-01,XLY,178.6,193.0,246.9,139.0
2026-01-01,XLY,208.1,193.0,246.9,139.0
2026-02-01,XLY,226.8,193.0,246.9,139.0
2026-03-01,XLY,277.7,193.0,246.9,139.0
2026-04-01,XLY,167.5,193.0,246.9,139.0
2026-05-01,XLY,164.0,193.0,246.9,139.0
2026-06-01,XLY,163.7,193.0,246.9,139.0
2026-07-01,XLY,190.7,193.0,246.9,139.0
2026-08-01,XLY,115.8,193.0,246.9,139.0
2026-09-01,XLY,134.0,193.0,246.9,139.0
2026-10-01,XLY,23.4,193.0,246.9,139.0
2025-10-01,XOM,288.6,357.6,443.1,272.2
2025-11-01,XOM,279.4,357.6,443.1,272.2
2025-12-01,XOM,344.7,357.6,443.1,272.2
2026-01-01,XOM,404.2,357.6,443.1,272.2
2026-02-01,XOM,418.6,357.6,443.1,272.2
2026-03-01,XOM,550.0,357.6,443.1,272.2
2026-04-01,XOM,421.1,357.6,443.1,272.2
2026-05-01,XOM,351.6,357.6,443.1,272.2
2026-06-01,XOM,381.3,357.6,443.1,272.2
2026-07-01,XOM,317.8,357.6,443.1,272.2
2026-08-01,XOM,299.8,357.6,443.1,272.2
2026-09-01,XOM,295.8,357.6,443.1,272.2
2026-10-01,XOM,35.5,357.6,443.1,272.2
2025-10-01,XOP,75.6,78.3,105.8,50.9
2025-11-01,XOP,51.0,78.3,105.8,50.9
2025-12-01,XOP,51.1,78.3,105.8,50.9
2026-01-01,XOP,88.3,78.3,105.8,50.9
2026-02-01,XOP,80.5,78.3,105.8,50.9
2026-03-01,XOP,153.8,78.3,105.8,50.9
2026-04-01,XOP,91.3,78.3,105.8,50.9
2026-05-01,XOP,73.5,78.3,105.8,50.9
2026-06-01,XOP,82.4,78.3,105.8,50.9
2026-07-01,XOP,70.7,78.3,105.8,50.9
2026-08-01,XOP,60.5,78.3,105.8,50.9
2026-09-01,XOP,71.0,78.3,105.8,50.9
2026-10-01,XOP,8.1,78.3,105.8,50.9
2025-10-01,XYL,27.7,38.4,49.3,27.5
2025-11-01,XYL,27.8,38.4,49.3,27.5
2025-12-01,XYL,25.3,38.4,49.3,27.5
2026-01-01,XYL,28.2,38.4,49.3,27.5
2026-02-01,XYL,42.6,38.4,49.3,27.5
2026-03-01,XYL,43.3,38.4,49.3,27.5
2026-04-01,XYL,53.9,38.4,49.3,27.5
2026-05-01,XYL,39.7,38.4,49.3,27.5
2026-06-01,XYL,41.5,38.4,49.3,27.5
2026-07-01,XYL,45.4,38.4,49.3,27.5
2026-08-01,XYL,33.5,38.4,49.3,27.5
2026-09-01,XYL,57.8,38.4,49.3,27.5
2026-10-01,XYL,7.0,38.4,49.3,27.5
2025-10-01,XYZ,127.2,132.6,171.9,93.4
2025-11-01,XYZ,174.4,132.6,171.9,93.4
2025-12-01,XYZ,145.9,132.6,171.9,93.4
2026-01-01,XYZ,125.2,132.6,171.9,93.4
2026-02-01,XYZ,220.1,132.6,171.9,93.4
2026-03-01,XYZ,178.4,132.6,171.9,93.4
2026-04-01,XYZ,104.8,132.6,171.9,93.4
2026-05-01,XYZ,126.6,132.6,171.9,93.4
2026-06-01,XYZ,132.8,132.6,171.9,93.4
2026-07-01,XYZ,103.1,132.6,171.9,93.4
2026-08-01,XYZ,102.1,132.6,171.9,93.4
2026-09-01,XYZ,85.1,132.6,171.9,93.4
2026-10-01,XYZ,11.5,132.6,171.9,93.4
2025-10-01,YUM,38.0,43.9,52.8,35.0
2025-11-01,YUM,45.8,43.9,52.8,35.0
2025-12-01,YUM,46.8,43.9,52.8,35.0
2026-01-01,YUM,40.6,43.9,52.8,35.0
2026-02-01,YUM,40.6,43.9,52.8,35.0
2026-03-01,YUM,39.3,43.9,52.8,35.0
2026-04-01,YUM,33.3,43.9,52.8,35.0
2026-05-01,YUM,37.9,43.9,52.8,35.0
2026-06-01,YUM,49.4,43.9,52.8,35.0
2026-07-01,YUM,61.9,43.9,52.8,35.0
2026-08-01,YUM,52.1,43.9,52.8,35.0
2026-09-01,YUM,47.6,43.9,52.8,35.0
2026-10-01,YUM,6.7,43.9,52.8,35.0
2025-10-01,ZBH,28.7,44.8,52.5,37.0
2025-11-01,ZBH,50.5,44.8,52.5,37.0
2025-12-01,ZBH,44.3,44.8,52.5,37.0
2026-01-01,ZBH,45.1,44.8,52.5,37.0
2026-02-01,ZBH,45.6,44.8,52.5,37.0
2026-03-01,ZBH,45.5,44.8,52.5,37.0
2026-04-01,ZBH,54.1,44.8,52.5,37.0
2026-05-01,ZBH,45.4,44.8,52.5,37.0
2026-06-01,ZBH,47.6,44.8,52.5,37.0
2026-07-01,ZBH,50.9,44.8,52.5,37.0
2026-08-01,ZBH,44.9,44.8,52.5,37.0
2026-09-01,ZBH,43.9,44.8,52.5,37.0
2026-10-01,ZBH,6.6,44.8,52.5,37.0
2025-10-01,ZBRA,16.5,16.0,20.0,12.1
2025-11-01,ZBRA,14.3,16.0,20.0,12.1
2025-12-01,ZBRA,12.3,16.0,20.0,12.1
2026-01-01,ZBRA,12.7,16.0,20.0,12.1
2026-02-01,ZBRA,18.3,16.0,20.0,12.1
2026-03-01,ZBRA,16.2,16.0,20.0,12.1
2026-04-01,ZBRA,16.4,16.0,20.0,12.1
2026-05-01,ZBRA,25.3,16.0,20.0,12.1
2026-06-01,ZBRA,19.9,16.0,20.0,12.1
2026-07-01,ZBRA,15.4,16.0,20.0,12.1
2026-08-01,ZBRA,16.6,16.0,20.0,12.1
2026-09-01,ZBRA,11.9,16.0,20.0,12.1
2026-10-01,ZBRA,1.1,16.0,20.0,12.1
2025-10-01,ZTS,64.9,110.7,148.7,72.7
2025-11-01,ZTS,105.9,110.7,148.7,72.7
2025-12-01,ZTS,131.8,110.7,148.7,72.7
2026-01-01,ZTS,93.0,110.7,148.7,72.7
2026-02-01,ZTS,89.3,110.7,148.7,72.7
2026-03-01,ZTS,92.7,110.7,148.7,72.7
2026-04-01,ZTS,68.1,110.7,148.7,72.7
2026-05-01,ZTS,196.0,110.7,148.7,72.7
2026-06-01,ZTS,155.5,110.7,148.7,72.7
2026-07-01,ZTS,121.3,110.7,148.7,72.7
2026-08-01,ZTS,138.0,110.7,148.7,72.7
2026-09-01,ZTS,94.9,110.7,148.7,72.7
2026-10-01,ZTS,14.3,110.7,148.7,72.7
