Date,Ticker,Ticker_name,Category,Close,day_pct_change,week_pct_change,month_pct_change,quarter_pct_change,Sharpe_Rank,Sharpe_Rank_daily_change,Sharpe_Rank_wtd_change,Sharpe_Rank_mtd_change,Sharpe_Rank_qtd_change,MM_Score,MM_Score_daily_change,MM_Score_wtd_change,MM_Score_mtd_change,MM_Score_qtd_change,st_trend,mt_trend,lt_trend,st_trend_change,mt_trend_change,lt_trend_change,Tape_Bias,Volatility_Spread_Quadrant
2026-10-08,A,"AGILENT TECHNOLOGIES, INC.",Health Care,168.17,-0.005440889467147714,0.002324472523542731,-0.024026463931286712,-0.024026463931286712,97.8,0.3999999999999915,9.899999999999991,2.799999999999997,2.799999999999997,8.0,-7.0,12.0,45.0,45.0,0.036,0.0617,0.0218,-0.0066,0.0016,0.0033,Neutral,Mean Reversion Upside Bias
2026-10-08,AAPL,APPLE INC.,Information Technology,340.42,0.011138503579172454,0.020168419790823844,0.02222088763437635,0.02222088763437635,60.9,-18.1,19.799999999999997,17.5,17.5,-10.0,4.0,-23.0,-7.0,-7.0,0.0039,0.0341,0.0258,0.0011,-0.0006,-0.0001,Neutral,Mean Reversion Upside Bias
2026-10-08,ABBV,ABBVIE INC.,Health Care,272.42,0.00390625,0.03652690054029373,0.04140066516304164,0.04140066516304164,99.0,-0.7999999999999972,48.8,55.4,55.4,-26.0,13.0,0.0,-52.0,-52.0,0.0111,0.0085,0.0316,0.0006,0.0013,0.0013,Leaning Bullish,Mean Reversion Upside Bias
2026-10-08,ABNB,"AIRBNB, INC.",Consumer Discretionary,163.23,0.016186266575359376,0.004925198547066412,0.016059757236227767,0.016059757236227767,37.9,8.5,28.2,28.5,28.5,76.0,17.0,64.0,46.0,46.0,-0.0232,0.0066,0.0453,0.0018,0.001,0.0017,Buy,Crowded Short
2026-10-08,ABT,ABBOTT LABORATORIES,Health Care,98.51,-0.0022282994024106495,0.010358974358974482,-0.003237883233835781,-0.003237883233835781,39.9,5.600000000000001,37.3,34.5,34.5,3.0,8.0,15.0,-24.0,-24.0,-0.0159,0.0112,-0.0124,0.0014,-0.0053,-0.0064,Neutral,Crowded Short
2026-10-08,ACGL,ARCH CAPITAL GROUP LTD.,Financials,96.08,0.018551892293013905,0.026495726495726624,0.04027717626678218,0.04027717626678218,54.2,19.5,46.5,50.800000000000004,50.800000000000004,-37.0,-16.0,-7.0,-34.0,-34.0,-0.0084,-0.0126,-0.0183,0.0068,-0.0068,-0.0019,Topping,Mean Reversion Upside Bias
2026-10-08,ACN,ACCENTURE PUBLIC LIMITED COMPANY,Information Technology,208.445,0.05989881270180253,0.04798893916540958,0.13674537819708776,0.13674537819708776,80.0,4.799999999999997,20.700000000000003,36.0,36.0,-68.0,-20.0,-67.0,-44.0,-44.0,0.0274,0.0969,-0.1192,0.0013,-0.0028,0.0102,Leaning Bearish,Mean Reversion Downside Bias
2026-10-08,ADBE,ADOBE INC.,Information Technology,241.05,0.03557159427761314,0.014136059573393922,0.004626156539134785,0.004626156539134785,49.4,19.0,35.3,34.5,34.5,-31.0,-5.0,13.0,-17.0,-17.0,-0.0206,0.0187,-0.1112,0.0028,-0.0148,0.0013,Leaning Bearish,Mean Reversion Upside Bias
2026-10-08,ADI,"ANALOG DEVICES, INC.",Information Technology,405.93,-0.010119976589933577,-0.026896799712333608,0.023241158528900296,0.023241158528900296,71.2,-0.7999999999999972,-15.899999999999991,-3.5,-3.5,-7.0,0.0,9.0,5.0,5.0,0.0348,0.0152,0.0508,-0.0047,0.0058,0.0023,Neutral,Crowded Short
2026-10-08,ADM,ARCHER-DANIELS-MIDLAND COMPANY.,Consumer Staples,82.45,0.013646422424391513,0.024860161591050423,0.03867472915091974,0.03867472915091974,8.9,3.5,-1.5999999999999996,2.3000000000000007,2.3000000000000007,14.0,0.0,-6.0,29.0,29.0,-0.0154,0.0007,0.0381,0.0014,-0.006,0.0039,Bottoming,Mean Reversion Upside Bias
2026-10-08,ADP,"AUTOMATIC DATA PROCESSING, INC.",Industrials,270.73,0.025492424242424372,0.050644209872710455,0.049097109199411015,0.049097109199411015,59.3,7.099999999999994,42.8,49.099999999999994,49.099999999999994,-26.0,0.0,-49.0,-82.0,-82.0,-0.0083,0.0181,-0.0108,0.0088,-0.0105,-0.0066,Leaning Bearish,Mean Reversion Upside Bias
2026-10-08,ADSK,"AUTODESK, INC.",Information Technology,233.6,-0.006168900233992858,0.10188679245283017,0.11770334928229653,0.11770334928229653,86.7,-4.3999999999999915,50.0,69.4,69.4,-23.0,30.0,46.0,-10.0,-10.0,0.0107,0.0341,-0.0598,0.0061,0.0019,-0.007,Leaning Bullish,Mean Reversion Upside Bias
2026-10-08,AEE,AMEREN ,Utilities,101.83,0.005033557046979942,0.018911346808084817,0.02465284765546394,0.02465284765546394,22.0,11.1,19.8,20.2,20.2,19.0,6.0,40.0,19.0,19.0,-0.0097,-0.0286,0.0235,0.0014,0.0043,-0.0033,Leaning Bullish,Crowded Short
2026-10-08,AEP,"AMERICAN ELECTRIC POWER COMPANY, INC.",Utilities,122.32,0.001965923984272644,0.022999080036798514,0.03101820633850294,0.03101820633850294,40.5,10.5,31.2,26.8,26.8,-5.0,0.0,33.0,-22.0,-22.0,-0.0019,-0.0272,0.0245,0.0018,0.0018,-0.001,Leaning Bullish,Mean Reversion Upside Bias
2026-10-08,AES,THE AES ,Utilities,14.935,0.0003348961821836305,0.0016767270288398084,0.0023489932885905063,0.0023489932885905063,88.1,11.299999999999997,2.5999999999999943,3.5999999999999943,3.5999999999999943,-24.0,-4.0,0.0,0.0,0.0,0.0024,0.0096,-0.0196,0.0,0.0001,-0.0034,Neutral,Mean Reversion Upside Bias
2026-10-08,AFL,AFLAC INC.,Financials,114.94,0.01951392584708178,0.03048233817464574,0.028269815709429214,0.028269815709429214,49.8,23.799999999999997,47.599999999999994,35.3,35.3,-15.0,40.0,48.0,-60.0,-60.0,-0.0052,-0.0028,0.0167,0.0074,-0.0037,-0.0046,Bottoming,Mean Reversion Upside Bias
2026-10-08,AIG,"AMERICAN INTERNATIONAL GROUP, INC.",Financials,77.05,0.018371662701559544,0.02829307353529953,0.03533996237570536,0.03533996237570536,74.0,12.700000000000003,43.0,38.3,38.3,-28.0,-31.0,-31.0,-31.0,-31.0,0.0024,-0.0141,0.0021,0.0061,-0.0037,-0.0031,Neutral,Crowded Short
2026-10-08,AIZ,"ASSURANT, INC.",Financials,272.86,0.022982041765080785,0.020724225647164474,0.03552182163187867,0.03552182163187867,16.7,10.899999999999999,15.7,14.5,14.5,20.0,46.0,-6.0,-13.0,-13.0,-0.0141,-0.0084,0.0196,0.0024,-0.0027,-0.0017,Bottoming,Crowded Short
2026-10-08,AJG,ARTHUR J. GALLAGHER & CO.,Financials,234.05,0.030603258476442186,0.03511565167396391,0.02604006838805839,0.02604006838805839,43.1,18.3,37.7,33.3,33.3,-5.0,-16.0,10.0,-24.0,-24.0,-0.0251,-0.0253,-0.0222,0.006,-0.0041,-0.0034,Neutral,Mean Reversion Upside Bias
2026-10-08,AKAM,"AKAMAI TECHNOLOGIES, INC.",Information Technology,100.9,-0.03546506070165367,-0.07363202350348874,-0.05124588622472959,-0.05124588622472959,33.9,-1.2000000000000028,-21.5,-15.700000000000003,-15.700000000000003,8.0,-7.0,0.0,-21.0,-21.0,0.0065,0.0104,0.0591,-0.0121,-0.021,-0.0068,Sell,Crowded Short
2026-10-08,ALB,ALBEMARLE ,Materials,102.1,-0.006326034063260377,-0.023807247346782745,-0.034789185101153364,-0.034789185101153364,12.1,4.0,4.8,6.699999999999999,6.699999999999999,40.0,43.0,25.0,-22.0,-22.0,-0.033,-0.0529,0.033,-0.0032,-0.0,-0.0109,Neutral,Mean Reversion Upside Bias
2026-10-08,ALGN,"ALIGN TECHNOLOGY, INC.",Health Care,141.03,0.008293415314220232,-0.0188534854598581,-0.029721362229102155,-0.029721362229102155,18.1,8.000000000000002,11.200000000000001,-0.3999999999999986,-0.3999999999999986,-8.0,0.0,-7.0,-37.0,-37.0,-0.0172,-0.0369,-0.0549,-0.0015,-0.012,-0.0066,Sell,Mean Reversion Upside Bias
2026-10-08,ALL,THE ALLSTATE ,Financials,230.63,0.029828086626479067,0.030794672387592703,0.03952943297575029,0.03952943297575029,9.7,6.699999999999999,9.5,9.5,9.5,26.0,-1.0,-10.0,26.0,26.0,-0.0456,-0.0282,0.0285,0.0068,-0.0082,0.0034,Bottoming,Crowded Short
2026-10-08,ALLE,ALLEGION PUBLIC LIMITED COMPANY,Industrials,149.99,0.014062605638563985,-0.027365281110174444,-0.024582168173245766,-0.024582168173245766,54.6,12.300000000000004,3.200000000000003,-12.499999999999993,-12.499999999999993,-18.0,-31.0,16.0,-5.0,-5.0,-0.0305,0.0154,0.0076,-0.0016,-0.0099,-0.0139,Leaning Bearish,Crowded Short
2026-10-08,AMAT,"APPLIED MATERIALS, INC.",Information Technology,509.57,-0.021281090944012315,-0.05642174653729348,-0.003539442293402195,-0.003539442293402195,66.7,4.600000000000001,-23.200000000000003,-7.200000000000003,-7.200000000000003,34.0,-4.0,0.0,12.0,12.0,0.0661,-0.0362,0.1732,-0.0041,0.0176,0.0043,Neutral,Crowded Short
2026-10-08,AMCR,AMCOR PLC,Materials,41.88,0.015026660203587117,0.0004777830864788335,0.0004777830864788335,0.0004777830864788335,27.2,8.7,18.299999999999997,17.799999999999997,17.799999999999997,-17.0,-21.0,25.0,-21.0,-21.0,-0.0097,-0.0052,-0.0258,-0.0016,-0.0065,-0.005,Leaning Bearish,Mean Reversion Upside Bias
2026-10-08,AMD,"ADVANCED MICRO DEVICES, INC.",Information Technology,620.68,-0.038986777320162314,-0.02087047057153224,0.01458088139139524,0.01458088139139524,75.6,-4.0,-18.200000000000003,-15.0,-15.0,11.0,-3.0,-10.0,1.0,1.0,0.0642,0.0299,0.1779,-0.0126,0.0052,0.0044,Neutral,Mean Reversion Downside Bias
2026-10-08,AME,"AMETEK, INC.",Industrials,247.52,-0.004424422813932849,-0.017504862461794946,-0.0008476970895732183,-0.0008476970895732183,65.3,2.3999999999999986,-18.60000000000001,-13.400000000000006,-13.400000000000006,14.0,-8.0,4.0,0.0,0.0,0.0203,0.0193,0.0287,-0.0016,0.0066,-0.004,Neutral,Mean Reversion Upside Bias
2026-10-08,AMGN,AMGEN INC.,Health Care,407.44,-0.013653529582647428,0.01091703056768556,-0.03337999098479272,-0.03337999098479272,65.3,4.599999999999994,50.4,35.599999999999994,35.599999999999994,14.0,-8.0,-31.0,-34.0,-34.0,0.0248,0.018,0.0375,0.0005,-0.0034,0.0014,Neutral,Mean Reversion Upside Bias
2026-10-08,AMP,"AMERIPRISE FINANCIAL, INC.",Financials,499.0,0.01720482713633409,0.01647959911185337,0.013506651772113187,0.013506651772113187,5.8,4.4,5.2,-1.6000000000000005,-1.6000000000000005,18.0,0.0,0.0,-37.0,-37.0,-0.0397,0.0011,-0.0149,0.0024,-0.0068,-0.0147,Neutral,Crowded Short
2026-10-08,AMT,AMERICAN TOWER ,Real Estate,166.8,0.0037308942110965138,0.02836004932182501,0.018999327998045157,0.018999327998045157,28.4,12.299999999999997,25.799999999999997,21.799999999999997,21.799999999999997,-22.0,-5.0,-40.0,-40.0,-40.0,-0.0214,-0.0028,-0.0356,0.003,-0.0015,0.0006,Leaning Bearish,Mean Reversion Upside Bias
2026-10-08,AMZN,"AMAZON.COM, INC.",Consumer Discretionary,254.06,-0.02254539858417981,0.010098600508905875,0.019707003812964086,0.019707003812964086,50.2,-16.700000000000003,16.700000000000003,14.100000000000001,14.100000000000001,-5.0,26.0,13.0,-20.0,-20.0,0.0073,-0.014,0.0258,0.0019,-0.0006,-0.0044,Neutral,Mean Reversion Upside Bias
2026-10-08,ANET,"ARISTA NETWORKS, INC.",Information Technology,210.93,-0.02261248320281728,0.017265493127562204,0.03605285131882696,0.03605285131882696,89.5,-2.0,3.200000000000003,7.400000000000006,7.400000000000006,-61.0,-46.0,-30.0,-37.0,-37.0,0.0275,0.069,0.1033,-0.0027,-0.0089,-0.0043,Sell,Mean Reversion Upside Bias
2026-10-08,AON,AON PLC,Financials,277.12,0.02458683033238418,0.028465392466134887,0.0012645879249919556,0.0012645879249919556,6.5,1.0999999999999996,6.3,5.9,5.9,-21.0,0.0,-1.0,-21.0,-21.0,-0.0362,-0.0667,-0.0254,0.0062,-0.0002,-0.0022,Neutral,Mean Reversion Upside Bias
2026-10-08,AOS,A. O. SMITH ,Industrials,56.56,0.022045536682327338,-0.0033480176211453383,0.003370587191768859,0.003370587191768859,52.2,18.300000000000004,26.6,15.300000000000004,15.300000000000004,-47.0,0.0,-51.0,-95.0,-95.0,-0.0105,-0.0126,-0.026,-0.0033,-0.0037,-0.0059,Sell,Mean Reversion Upside Bias
2026-10-08,APA,APA ,Energy,45.47,0.03789089249029898,0.040979853479853556,0.09460760712566207,0.09460760712566207,44.0,16.0,12.100000000000001,30.7,30.7,63.0,10.0,26.0,49.0,49.0,-0.0073,0.0657,0.0762,0.0061,0.0024,0.009,Buy,Crowded Short
2026-10-08,APD,"AIR PRODUCTS AND CHEMICALS, INC.",Materials,278.38,0.0009348482669351288,0.0029181828007349697,0.0005391223088810904,0.0005391223088810904,19.6,2.700000000000003,12.700000000000001,13.8,13.8,12.0,0.0,47.0,-23.0,-23.0,-0.0184,-0.0254,-0.0313,0.0005,0.0004,-0.0144,Neutral,Crowded Short
2026-10-08,APH,AMPHENOL ,Information Technology,85.35,-0.025128498001142252,-0.018514259429622815,0.01245551601423478,0.01245551601423478,68.7,-5.299999999999997,3.799999999999997,13.100000000000001,13.100000000000001,16.0,13.0,-10.0,-10.0,-10.0,0.0305,0.0041,0.0964,-0.0059,0.0119,-0.001,Neutral,Mean Reversion Upside Bias
2026-10-08,APO,"APOLLO GLOBAL MANAGEMENT, INC.",Financials,115.3,-0.0017316017316018062,0.011226100684090579,-0.006548337067034282,-0.006548337067034282,5.4,3.6000000000000005,5.2,4.800000000000001,4.800000000000001,-21.0,0.0,-9.0,-67.0,-67.0,-0.0384,0.0058,-0.0265,0.0006,-0.003,-0.0187,Neutral,Mean Reversion Upside Bias
2026-10-08,APP,APPLOVIN CORP,Information Technology,280.12,-0.00415940843968865,0.04436656476027134,-0.035499087559825115,-0.035499087559825115,26.4,-10.300000000000004,9.099999999999998,-10.300000000000004,-10.300000000000004,-21.0,9.0,6.0,16.0,16.0,-0.0645,-0.1333,0.1286,-0.0008,-0.0141,-0.0411,Leaning Bearish,Crowded Short
2026-10-08,APTV,APTIV PLC,Consumer Discretionary,44.205,-0.00033921302578021617,0.015273311897106012,0.027545327754532556,0.027545327754532556,53.8,-17.400000000000006,11.5,0.5999999999999943,0.5999999999999943,-5.0,22.0,-25.0,-53.0,-53.0,0.0054,-0.072,-0.0498,0.0021,0.0069,0.0094,Leaning Bullish,Mean Reversion Upside Bias
2026-10-08,ARE,"ALEXANDRIA REAL ESTATE EQUITIES, INC.",Real Estate,45.6,0.00862641008626408,-0.0373654211526282,-0.039190897597977226,-0.039190897597977226,30.8,6.400000000000002,6.400000000000002,0.3000000000000007,0.3000000000000007,26.0,18.0,43.0,21.0,21.0,-0.0496,-0.0055,-0.1208,-0.0164,0.003,-0.0057,Neutral,Mean Reversion Upside Bias
2026-10-08,ARES,ARES MANAGEMENT CORP,Financials,116.23,0.004146868250539892,-0.011229264142917805,0.0005164844624256926,0.0005164844624256926,12.5,4.8,9.9,9.5,9.5,4.0,46.0,46.0,-8.0,-8.0,-0.0321,0.0051,-0.0611,0.0004,-0.0034,-0.0138,Neutral,Mean Reversion Upside Bias
2026-10-08,ASC,ARDMORE SHIPPING ,MR Discretion,19.46,0.05303030303030298,0.008290155440414448,0.04287245444801724,0.04287245444801724,54.6,11.899999999999999,-14.199999999999996,-8.299999999999997,-8.299999999999997,42.0,-9.0,33.0,36.0,36.0,0.0007,0.0423,0.0152,-0.002,0.0014,0.0276,Leaning Bullish,Crowded Short
2026-10-08,ATO,ATMOS ENERGY ,Utilities,160.66,0.009107468123861429,0.022205255455875816,0.026975198159038705,0.026975198159038705,26.4,17.099999999999998,25.799999999999997,24.599999999999998,24.599999999999998,-12.0,26.0,26.0,-29.0,-29.0,-0.0073,-0.0226,0.0195,0.0022,-0.0016,-0.0088,Neutral,Mean Reversion Upside Bias
2026-10-08,AVGO,BROADCOM INC.,Information Technology,360.14,-0.04347826086956519,0.014078954778397268,0.025484780318346223,0.025484780318346223,52.6,-19.800000000000004,2.200000000000003,36.5,36.5,3.0,17.0,8.0,-3.0,-3.0,0.0258,-0.0083,0.0797,-0.0003,0.0046,-0.0085,Neutral,Crowded Short
2026-10-08,AVY,AVERY DENNISON ,Materials,167.62,0.0038929148948914083,-0.013245422970506904,-0.017870744712017217,-0.017870744712017217,41.1,8.800000000000004,7.200000000000003,5.399999999999999,5.399999999999999,-39.0,-52.0,-13.0,-65.0,-65.0,-0.0078,0.0421,-0.0237,-0.0044,-0.0023,-0.0034,Leaning Bearish,Mean Reversion Upside Bias
2026-10-08,AWK,"AMERICAN WATER WORKS COMPANY, INC.",Utilities,128.18,0.006280420788192798,-0.01589251439539341,-0.009963698154012435,-0.009963698154012435,1.8,1.6,1.2000000000000002,-1.5999999999999999,-1.5999999999999999,-21.0,-30.0,-6.0,-10.0,-10.0,-0.025,-0.0145,-0.0066,0.0001,-0.0075,0.003,Neutral,Mean Reversion Upside Bias
2026-10-08,AXON,"AXON ENTERPRISE, INC.",Industrials,417.31,0.027857142857142803,0.009580258860529822,-0.012330777241313928,-0.012330777241313928,30.4,8.599999999999998,14.299999999999997,5.899999999999999,5.899999999999999,-3.0,5.0,-16.0,-48.0,-48.0,-0.035,-0.0751,0.0165,0.0016,-0.0402,-0.0194,Neutral,Mean Reversion Upside Bias
2026-10-08,AXP,AMERICAN EXPRESS COMPANY,Financials,307.98,0.012426035502958621,0.017174185877534942,0.01275896086813555,0.01275896086813555,26.0,9.5,24.6,12.3,12.3,-12.0,-16.0,30.0,-63.0,-63.0,-0.0143,-0.0468,0.005,0.0042,-0.0051,-0.0085,Neutral,Mean Reversion Upside Bias
2026-10-08,AZO,"AUTOZONE, INC.",Consumer Discretionary,2910.54,0.02237209547394481,0.04244581899191613,0.02845209574490637,0.02845209574490637,70.4,14.600000000000009,42.00000000000001,31.200000000000003,31.200000000000003,-12.0,-32.0,-24.0,-16.0,-16.0,0.0016,-0.0221,-0.0026,0.0045,0.0041,-0.0031,Leaning Bullish,Crowded Short
2026-10-08,BA,THE BOEING COMPANY,Industrials,187.755,-0.0030002124044179457,-0.0299907005579666,0.009164203171190488,0.009164203171190488,26.8,1.4000000000000021,-0.8000000000000007,7.100000000000001,7.100000000000001,47.0,14.0,0.0,9.0,9.0,-0.0306,-0.0354,-0.0248,0.0005,-0.0118,0.0032,Neutral,Crowded Short
2026-10-08,BAC,BANK OF AMERICA ,Financials,53.59,0.0011208668036615244,-0.0029767441860464317,-0.015432665809296253,-0.015432665809296253,1.0,0.4,0.8,0.8,0.8,20.0,-8.0,30.0,33.0,33.0,-0.0325,-0.0117,0.017,0.0004,-0.0093,-0.0016,Neutral,Crowded Short
2026-10-08,BALL,BALL ,Materials,58.36,0.015309672929714635,0.035302465850629794,0.04158486525075844,0.04158486525075844,33.9,11.899999999999999,30.099999999999998,30.9,30.9,10.0,42.0,-16.0,-31.0,-31.0,-0.024,-0.0224,-0.0154,0.0006,-0.0034,-0.0085,Bottoming,Crowded Short
2026-10-08,BAX,BAXTER INTERNATIONAL INC.,Health Care,23.9,-0.002920317062995448,0.017454235845040467,-0.004166666666666763,-0.004166666666666763,33.9,1.1999999999999957,17.0,10.599999999999998,10.599999999999998,-22.0,-6.0,-42.0,-42.0,-42.0,0.0093,0.0367,-0.0571,0.0021,-0.0047,-0.003,Leaning Bearish,Mean Reversion Upside Bias
2026-10-08,BBY,"BEST BUY CO., INC.",Consumer Discretionary,88.39,0.04492256767939473,0.004774354893713806,0.0016999093381686592,0.0016999093381686592,53.4,23.799999999999997,-1.6000000000000014,-18.9,-18.9,-10.0,-24.0,-9.0,12.0,12.0,-0.0262,0.0084,-0.0522,-0.0002,-0.0137,-0.0016,Neutral,Mean Reversion Upside Bias
2026-10-08,BDX,"BECTON, DICKINSON AND COMPANY",Health Care,182.75,0.01437611012433404,0.033653846153846034,0.020949720670391025,0.020949720670391025,66.1,28.599999999999994,51.99999999999999,47.599999999999994,47.599999999999994,14.0,10.0,-39.0,-55.0,-55.0,0.0004,0.0389,0.0007,0.0002,-0.0021,-0.0022,Neutral,Mean Reversion Upside Bias
2026-10-08,BEN,"FRANKLIN RESOURCES, INC.",Financials,32.395,-0.0026169950738914594,-0.012648582749161807,0.008561643835616639,0.008561643835616639,13.7,2.799999999999999,-12.7,-10.400000000000002,-10.400000000000002,-5.0,-45.0,-51.0,-20.0,-20.0,-0.0062,0.0036,0.0237,-0.0011,-0.0023,-0.0015,Sell,Mean Reversion Upside Bias
2026-10-08,BF.B,BROWN-FORMAN ,Consumer Staples,26.54,0.02313030069390898,0.014525993883792054,0.012977099236641143,0.012977099236641143,50.4,6.600000000000001,34.7,2.6000000000000014,2.6000000000000014,6.0,12.0,41.0,1.0,1.0,0.0006,0.0205,-0.0827,0.0061,0.0063,-0.0061,Leaning Bullish,Mean Reversion Upside Bias
2026-10-08,BG,BUNGE LIMITED,Consumer Staples,107.82,0.021893659368780183,0.010307346326836608,0.008134642356241173,0.008134642356241173,2.2,1.2000000000000002,-2.3999999999999995,-2.0,-2.0,4.0,-1.0,37.0,-31.0,-31.0,-0.0351,-0.0245,0.0224,0.0084,-0.0085,0.0107,Bottoming,Mean Reversion Upside Bias
2026-10-08,BIIB,BIOGEN INC.,Health Care,218.43,-0.01674544226873731,-0.006594506094233177,-0.03298211439702492,-0.03298211439702492,44.2,-39.7,29.700000000000003,-24.5,-24.5,23.0,-4.0,-2.0,14.0,14.0,0.0052,-0.003,0.0097,-0.0026,0.0054,0.012,Neutral,Mean Reversion Upside Bias
2026-10-08,BKNG,BOOKING HOLDINGS INC.,Consumer Discretionary,159.97,0.02630397125809969,0.0059740913092691805,-0.01804677429255419,-0.01804677429255419,26.0,6.399999999999999,21.4,14.6,14.6,-9.0,-1.0,40.0,-9.0,-9.0,-0.0319,-0.036,-0.0348,0.003,-0.0057,-0.0138,Neutral,Mean Reversion Upside Bias
2026-10-08,BKR,BAKER HUGHES COMPANY,Energy,56.3,0.016062082656560284,0.005357142857142838,0.025500910746812266,0.025500910746812266,28.4,23.799999999999997,24.2,27.0,27.0,-12.0,-70.0,-70.0,-53.0,-53.0,-0.0026,0.0057,0.0489,-0.0,0.0012,-0.0042,Neutral,Mean Reversion Downside Bias
2026-10-08,BLDR,"BUILDERS FIRSTSOURCE, INC.",Industrials,53.84,0.005415499533146795,-0.04284444444444435,-0.05560427995088568,-0.05560427995088568,36.3,16.699999999999996,12.699999999999996,-2.1000000000000014,-2.1000000000000014,-15.0,-9.0,-9.0,-33.0,-33.0,-0.0364,-0.0961,-0.127,-0.0078,0.0025,-0.0149,Topping,Mean Reversion Upside Bias
2026-10-08,BLK,"BLACKROCK, INC.",Financials,1065.35,-0.0036008230452676537,0.005398110661268385,0.006671139290742589,0.006671139290742589,53.8,5.199999999999996,32.599999999999994,31.699999999999996,31.699999999999996,-55.0,-13.0,-86.0,-122.0,-122.0,0.0038,0.0159,-0.0188,-0.0006,-0.0047,-0.0112,Leaning Bearish,Mean Reversion Upside Bias
2026-10-08,BMY,BRISTOL-MYERS SQUIBB COMPANY,Health Care,59.56,-0.002010723860589758,-0.02600163532297628,-0.04551282051282046,-0.04551282051282046,5.8,1.5999999999999996,4.8,2.8,2.8,27.0,45.0,3.0,-8.0,-8.0,-0.0222,0.0101,0.0194,0.0002,-0.0038,-0.0121,Neutral,Mean Reversion Upside Bias
2026-10-08,BNY,THE BANK OF NEW YORK MELLON ,Financials,143.61,0.006235986547085348,-0.012310866574965607,-0.0070524787388507315,-0.0070524787388507315,1.4,0.7999999999999999,1.2,1.2,1.2,35.0,0.0,53.0,35.0,35.0,-0.0293,-0.0193,0.0906,0.0016,-0.0113,-0.0012,Bottoming,Mean Reversion Upside Bias
2026-10-08,BR,"BROADRIDGE FINANCIAL SOLUTIONS, INC.",Industrials,165.21,0.03153096903096908,0.05276237813037654,0.02551210428305417,0.02551210428305417,58.5,15.399999999999999,48.8,43.6,43.6,-48.0,-22.0,-6.0,-62.0,-62.0,-0.0116,0.0336,-0.0463,0.0101,-0.0108,-0.0052,Leaning Bearish,Mean Reversion Upside Bias
2026-10-08,BRK.B,"BERKSHIRE HATHAWAY INC.,",Financials,511.06,0.009361668510033283,0.01673132398289079,0.02632794457274823,0.02632794457274823,60.5,11.100000000000001,33.3,28.4,28.4,-14.0,4.0,3.0,-21.0,-21.0,-0.0011,0.0255,0.0197,0.002,-0.0012,-0.0013,Neutral,Crowded Short
2026-10-08,BRO,"BROWN & BROWN, INC.",Financials,63.75,0.03289047310434223,0.06409614421632459,0.046798029556650356,0.046798029556650356,42.7,14.300000000000004,42.1,40.5,40.5,-37.0,-31.0,5.0,-49.0,-49.0,-0.0241,-0.0323,-0.0522,0.0083,-0.0029,-0.0048,Topping,Mean Reversion Upside Bias
2026-10-08,BSX,BOSTON SCIENTIFIC ,Health Care,42.02,0.010582010582010692,-0.013615023474178312,-0.03734249713631144,-0.03734249713631144,67.3,36.099999999999994,31.199999999999996,30.4,30.4,-43.0,33.0,-55.0,-75.0,-75.0,-0.0116,-0.0252,-0.0719,-0.0001,-0.0048,-0.0116,Neutral,Mean Reversion Upside Bias
2026-10-08,BTC=F,BITCOIN FUTURES,Futures,81965.0,-0.016380655226209018,-0.033545572456078254,-0.024632593562206262,-0.024632593562206262,76.8,0.7999999999999972,10.5,-2.5,-2.5,-43.0,0.0,-33.0,-33.0,-33.0,0.0292,0.0785,0.0041,-0.0044,-0.0091,-0.0054,Leaning Bearish,
2026-10-08,BTI,BRITISH AMERICAN TOBACCO P.L.C.,MR Discretion,55.44,0.028762293560957497,0.05319148936170204,0.01911764705882346,0.01911764705882346,58.9,11.100000000000001,48.0,30.799999999999997,30.799999999999997,-28.0,-6.0,-15.0,-65.0,-65.0,-0.0143,-0.0363,0.0504,0.0084,-0.0027,-0.0017,Neutral,Mean Reversion Downside Bias
2026-10-08,BTU,PEABODY ENERGY ,MR Discretion,25.0,0.006036217303822866,0.00765820233776715,0.02501025010250091,0.02501025010250091,12.1,2.799999999999999,-10.700000000000001,1.0999999999999996,1.0999999999999996,40.0,28.0,0.0,-23.0,-23.0,-0.0342,0.0004,0.0088,0.0032,0.0032,-0.009,Buy,Mean Reversion Upside Bias
2026-10-08,BX,BLACKSTONE INC,Financials,112.76,0.008316194223374929,0.009038031319910544,0.005977339637791124,0.005977339637791124,24.0,11.5,23.8,21.8,21.8,-17.0,-21.0,4.0,-41.0,-41.0,-0.0419,-0.0127,-0.042,0.0013,-0.007,-0.0179,Leaning Bearish,Mean Reversion Upside Bias
2026-10-08,BXP,"BOSTON PROPERTIES, INC.",Real Estate,59.32,-0.0016829350387075337,-0.018693134822167168,-0.02929144166257569,-0.02929144166257569,10.1,1.1999999999999993,9.1,3.5,3.5,-38.0,25.0,4.0,-42.0,-42.0,-0.0232,-0.0271,-0.062,-0.003,-0.0108,-0.0167,Sell,Mean Reversion Upside Bias
2026-10-08,C,CITIGROUP INC.,Financials,128.075,0.005929940307885628,-0.0033073929961090487,-0.010851096694470153,-0.010851096694470153,1.4,0.3999999999999999,-1.2000000000000002,-23.1,-23.1,19.0,0.0,45.0,-33.0,-33.0,-0.0245,-0.0227,0.0771,0.0009,-0.0015,-0.0088,Bottoming,Mean Reversion Upside Bias
2026-10-08,CAG,"CONAGRA BRANDS, INC.",Consumer Staples,13.57,0.024150943396226365,0.01571856287425155,0.009672619047619069,0.009672619047619069,24.0,15.7,22.2,23.8,23.8,23.0,5.0,27.0,10.0,10.0,-0.0406,-0.0209,-0.0835,-0.0009,-0.0035,-0.005,Leaning Bearish,Crowded Short
2026-10-08,CAH,"CARDINAL HEALTH, INC.",Health Care,238.98,0.02937629221226734,0.04678055190538766,0.07406741573033693,0.07406741573033693,47.8,26.999999999999996,43.4,42.4,42.4,3.0,-43.0,-16.0,-30.0,-30.0,0.0104,0.0132,0.0841,0.0082,0.0003,-0.002,Neutral,Crowded Short
2026-10-08,CALM,"CAL-MAINE FOODS, INC.",MR Discretion,64.83,0.03397129186602865,-0.027598620068996604,-0.04745812518366155,-0.04745812518366155,10.5,4.7,1.1999999999999993,5.1,5.1,-5.0,52.0,25.0,30.0,30.0,-0.0542,-0.05,-0.0165,0.0005,-0.0132,-0.0374,Neutral,Crowded Short
2026-10-08,CANE,TEUCRIUM:SUGAR,Commodities,11.98,-0.024429967426709998,0.013536379018612488,0.06394316163410307,0.06394316163410307,54.6,-18.999999999999993,-12.699999999999996,22.1,22.1,42.0,38.0,70.0,30.0,30.0,0.0212,0.0477,-0.0008,0.004,0.0034,0.0005,Leaning Bullish,Crowded Short
2026-10-08,CARR,CARRIER GLOBAL ,Industrials,55.835,0.015181818181818185,0.01297169811320753,0.017772511848341166,0.017772511848341166,51.0,23.4,29.0,13.700000000000003,13.700000000000003,3.0,-28.0,-9.0,-18.0,-18.0,0.0019,-0.0797,-0.0322,0.0037,0.0112,-0.0092,Leaning Bullish,Crowded Short
2026-10-08,CASY,"CASEY'S GENERAL STORES, INC.",Consumer Staples,642.28,0.014259771022502976,0.03969178969178966,0.055582947112381875,0.055582947112381875,51.0,13.100000000000001,38.5,41.2,41.2,-5.0,17.0,-11.0,-5.0,-5.0,0.0157,-0.0642,0.0605,0.0052,0.0036,0.015,Leaning Bullish,Mean Reversion Upside Bias
2026-10-08,CAT,CATERPILLAR INC.,Industrials,796.17,-0.021603686635944697,-0.05825506848666939,-0.01803179614943451,-0.01803179614943451,27.6,-2.0,-30.9,-24.0,-24.0,48.0,0.0,53.0,41.0,41.0,0.0119,-0.0371,0.1068,-0.0063,0.0127,-0.0063,Neutral,Crowded Short
2026-10-08,CB,CHUBB LTD,Financials,343.77,0.027098894532417095,0.03892532261476633,0.05694081475787849,0.05694081475787849,60.1,28.900000000000002,57.1,56.300000000000004,56.300000000000004,-27.0,-9.0,-20.0,-7.0,-7.0,-0.0004,-0.0044,0.0144,0.0098,-0.0043,-0.0042,Neutral,Mean Reversion Upside Bias
2026-10-08,CBOE,"CBOE GLOBAL MARKETS, INC.",Financials,294.08,0.04442944916006675,0.08412593084125919,0.06825529441679667,0.06825529441679667,41.5,11.5,27.8,28.2,28.2,-10.0,8.0,-41.0,-75.0,-75.0,0.0139,0.0097,-0.0005,0.0117,0.0036,-0.0016,Buy,Mean Reversion Downside Bias
2026-10-08,CBRE,"CBRE GROUP, INC.",Real Estate,131.08,0.027594857322044586,0.011575860472295085,0.02031602708803626,0.02031602708803626,30.4,19.9,25.0,21.4,21.4,-42.0,-12.0,-21.0,-29.0,-29.0,-0.0281,-0.0118,-0.0156,-0.0009,-0.0115,-0.0147,Leaning Bearish,Mean Reversion Upside Bias
2026-10-08,CCI,CROWN CASTLE INC.,Real Estate,68.875,-0.0019562382263440536,0.03664960866947631,0.033383345836458966,0.033383345836458966,18.1,5.800000000000001,17.900000000000002,17.900000000000002,17.900000000000002,44.0,0.0,41.0,24.0,24.0,-0.0265,-0.035,-0.057,0.0026,0.0017,-0.003,Buy,Crowded Short
2026-10-08,CCJ,CAMECO ,MR Discretion,87.14,-0.021778176919622805,0.02301009626672923,0.005422868351217192,0.005422868351217192,13.3,2.0,11.5,4.700000000000001,4.700000000000001,6.0,-19.0,-9.0,-14.0,-14.0,-0.0049,-0.0298,0.0848,-0.0005,0.0125,-0.019,Neutral,Mean Reversion Upside Bias
2026-10-08,CCL,CARNIVAL CORP,Consumer Discretionary,26.14,-0.000764525993883769,0.014751552795031042,0.06519967400163007,0.06519967400163007,92.3,2.3999999999999915,10.399999999999991,21.39999999999999,21.39999999999999,-50.0,-18.0,-18.0,-28.0,-28.0,0.0476,-0.0225,-0.0103,-0.0003,0.0085,-0.0207,Neutral,Mean Reversion Downside Bias
2026-10-08,CDNS,"CADENCE DESIGN SYSTEMS, INC.",Information Technology,348.84,-0.020442547455913784,-0.007143873630283348,0.056482631212332324,0.056482631212332324,98.6,-1.2000000000000028,5.5,21.89999999999999,21.89999999999999,-64.0,-21.0,-55.0,-36.0,-36.0,0.0825,-0.0066,-0.0027,-0.002,-0.004,0.0054,Leaning Bearish,Mean Reversion Upside Bias
2026-10-08,CDW,CDW ,Information Technology,139.88,0.02236515129367045,0.049441068347212846,0.09144818976279656,0.09144818976279656,50.6,9.5,33.3,42.400000000000006,42.400000000000006,-31.0,-26.0,-14.0,-55.0,-55.0,-0.0326,-0.0109,-0.0629,0.0064,-0.0069,0.0034,Leaning Bearish,Mean Reversion Upside Bias
2026-10-08,CEG,CONSTELLATION ENERGY,Utilities,285.07,-0.04846623719082743,0.1071109557652723,0.1222344697267932,0.1222344697267932,56.2,-3.6999999999999957,40.1,39.7,39.7,-12.0,6.0,-43.0,-18.0,-18.0,0.0313,0.0518,0.0032,0.0117,0.033,-0.0031,Leaning Bullish,Mean Reversion Downside Bias
2026-10-08,CF,"CF INDUSTRIES HOLDINGS, INC.",Materials,113.63,-0.007077944774554368,-0.011998956612468525,-0.013628472222222299,-0.013628472222222299,0.2,0.0,-1.6,-3.5999999999999996,-3.5999999999999996,21.0,2.0,2.0,36.0,36.0,-0.0452,0.0045,0.0806,0.0019,-0.0158,-0.0061,Bottoming,Mean Reversion Upside Bias
2026-10-08,CFG,"CITIZENS FINANCIAL GROUP, INC.",Financials,64.09,0.016172506738544534,-0.00373076325198185,0.00517565872020076,0.00517565872020076,7.3,3.9,3.5,-5.2,-5.2,-56.0,-75.0,0.0,-117.0,-117.0,-0.0256,-0.0119,0.0417,-0.0009,-0.0041,-0.0044,Sell,Crowded Short
2026-10-08,CHD,"CHURCH & DWIGHT CO., INC.",Consumer Staples,97.73,0.010129198966408293,0.036263386703424993,0.037253237104648784,0.037253237104648784,87.9,15.900000000000006,78.2,80.10000000000001,80.10000000000001,-18.0,-4.0,3.0,-41.0,-41.0,0.0067,-0.0056,0.0135,0.0013,0.0017,-0.0031,Leaning Bullish,Mean Reversion Upside Bias
2026-10-08,CHRW,"C.H. ROBINSON WORLDWIDE, INC.",Industrials,141.34,0.04556887113478325,-0.10385493279229008,-0.04474182211408495,-0.04474182211408495,21.6,7.100000000000001,-57.199999999999996,-16.4,-16.4,-34.0,-29.0,-3.0,-9.0,-9.0,-0.0506,-0.0718,0.0625,-0.0013,-0.0171,-0.0095,Leaning Bearish,Mean Reversion Downside Bias
2026-10-08,CHTR,"CHARTER COMMUNICATIONS, INC.",Communication Services,109.67,0.025336574420344204,0.0034769878305425106,-0.011091073038773658,-0.011091073038773658,5.4,-5.9,4.4,-6.0,-6.0,-42.0,-26.0,0.0,-56.0,-56.0,-0.0805,-0.0774,-0.1202,0.0075,-0.005,-0.0074,Leaning Bearish,Mean Reversion Upside Bias
2026-10-08,CI,THE CIGNA GROUP,Health Care,280.995,0.008922480341819083,0.03868332532436347,0.03371592539454804,0.03371592539454804,46.2,-1.7999999999999972,36.900000000000006,28.900000000000002,28.900000000000002,-20.0,11.0,-10.0,-4.0,-4.0,-0.0062,-0.0108,-0.0486,0.0057,-0.0026,0.0052,Topping,Mean Reversion Upside Bias
2026-10-08,CIEN,CIENA CORPORATION,Information Technology,425.85,-0.046120419317265404,0.08818418766290193,0.21042010118810772,0.21042010118810772,75.6,-7.900000000000006,2.3999999999999915,49.099999999999994,49.099999999999994,-31.0,19.0,-7.0,-16.0,-16.0,0.0702,-0.024,0.2085,-0.0019,0.0327,-0.0092,Neutral,Mean Reversion Downside Bias
2026-10-08,CINF,CINCINNATI FINANCIAL ,Financials,165.25,0.022523358703050445,0.02037665946279721,0.03689527514588686,0.03689527514588686,22.4,17.799999999999997,22.2,22.2,22.2,12.0,67.0,47.0,-12.0,-12.0,-0.0157,-0.0285,0.0331,0.0044,-0.0063,-0.0046,Neutral,Crowded Short
2026-10-08,CL,COLGATE-PALMOLIVE COMPANY,Consumer Staples,88.1,0.010205251691319805,0.04557322572988354,0.03258321612751991,0.03258321612751991,51.0,12.299999999999997,47.2,42.4,42.4,-14.0,0.0,28.0,-26.0,-26.0,-0.0035,-0.014,-0.0066,0.0027,-0.0013,0.0019,Neutral,Crowded Short
2026-10-08,CLX,THE CLOROX COMPANY,Consumer Staples,83.45,0.015330332157196702,0.03780624300460156,0.030119738303913124,0.030119738303913124,41.3,9.0,29.999999999999996,29.099999999999998,29.099999999999998,-7.0,0.0,-9.0,-7.0,-7.0,-0.0115,-0.0503,-0.0693,0.0053,-0.0026,-0.0056,Topping,Crowded Short
2026-10-08,CMBT,CMB.TECH NV,MR Discretion,18.56,0.026548672566371723,-0.0649874055415618,-0.019545694664553692,-0.019545694664553692,16.1,7.200000000000001,-41.199999999999996,-32.699999999999996,-32.699999999999996,33.0,22.0,3.0,-1.0,-1.0,-0.0311,0.0342,0.0183,-0.0186,-0.0301,0.0075,Leaning Bearish,Crowded Short
2026-10-08,CMCSA,COMCAST ,Communication Services,21.21,0.012893982808023008,-0.016689847009735748,-0.02527573529411764,-0.02527573529411764,0.2,-7.1,-0.39999999999999997,-3.5999999999999996,-3.5999999999999996,-1.0,0.0,0.0,-5.0,-5.0,-0.0357,-0.0567,-0.0771,0.0075,-0.0029,-0.01,Topping,Mean Reversion Upside Bias
2026-10-08,CME,CME GROUP INC.,Financials,276.44,0.022829022829022882,0.050543436953712995,0.05519505305748518,0.05519505305748518,51.0,11.899999999999999,42.9,45.6,45.6,-19.0,2.0,-15.0,-47.0,-47.0,-0.0064,0.0251,-0.0061,0.0071,0.0001,-0.0056,Neutral,Crowded Short
2026-10-08,CMG,"CHIPOTLE MEXICAN GRILL, INC.",Consumer Discretionary,32.65,0.061098472538186455,0.00896168108776263,0.021909233176838683,0.021909233176838683,23.6,19.400000000000002,20.6,21.8,21.8,-10.0,2.0,11.0,-22.0,-22.0,-0.0254,-0.0026,-0.0651,0.0154,-0.0091,-0.0087,Leaning Bearish,Crowded Short
2026-10-08,CMI,CUMMINS INC.,Industrials,520.26,0.005702576791479119,-0.015255905511811108,0.007143271967013032,0.007143271967013032,19.0,2.5,-4.600000000000001,3.6999999999999993,3.6999999999999993,33.0,0.0,11.0,-4.0,-4.0,-0.0044,-0.063,0.0608,0.001,0.0111,-0.0069,Leaning Bullish,Crowded Short
2026-10-08,CMRE,COSTAMARE INC.,MR Discretion,15.29,0.0166223404255319,-0.009715025906735786,0.04084411164057178,0.04084411164057178,54.2,8.600000000000001,5.400000000000006,36.1,36.1,-27.0,-22.0,21.0,-10.0,-10.0,0.0019,0.0187,-0.0262,-0.0038,0.0005,-0.0016,Neutral,Mean Reversion Upside Bias
2026-10-08,CMS,CMS ENERGY ,Utilities,65.34,0.004149377593361203,0.025101976780671498,0.03582752060875083,0.03582752060875083,27.6,7.200000000000003,23.8,25.400000000000002,25.400000000000002,-5.0,0.0,25.0,-5.0,-5.0,-0.0094,-0.0418,-0.0042,0.0021,-0.0011,-0.0041,Neutral,Crowded Short
2026-10-08,CNC,CENTENE ,Health Care,64.54,-0.006924142175719128,0.02460708048896665,0.03895685769478452,0.03895685769478452,28.0,-9.700000000000003,16.7,14.3,14.3,34.0,10.0,-1.0,4.0,4.0,-0.0166,-0.0288,-0.0914,0.0028,0.0007,0.0121,Buy,Mean Reversion Upside Bias
2026-10-08,CNP,"CENTERPOINT ENERGY, INC.",Utilities,38.405,-0.0032442252790033654,0.01627414659962967,0.043614130434782794,0.043614130434782794,31.9,7.5,23.0,30.099999999999998,30.099999999999998,-5.0,-18.0,33.0,-5.0,-5.0,-0.0018,-0.0327,0.0386,0.0018,0.0012,-0.0042,Leaning Bullish,Crowded Short
2026-10-08,CNR,"CORE NATURAL RESOURCES, INC.",MR Discretion,88.55,-0.003600765162597108,-0.0046088129496402175,0.03157036346691511,0.03157036346691511,6.5,1.0999999999999996,-4.0,6.3,6.3,45.0,13.0,34.0,15.0,15.0,-0.0183,0.013,0.0142,0.004,0.0043,-0.0065,Buy,Mean Reversion Upside Bias
2026-10-08,COF,CAPITAL ONE FINANCIAL ,Financials,199.4,0.017814302485835487,0.024034511092851263,0.03278603615269082,0.03278603615269082,34.7,29.300000000000004,34.5,30.1,30.1,12.0,0.0,27.0,-21.0,-21.0,-0.0154,-0.0032,0.0235,0.0039,0.0053,-0.0115,Buy,Mean Reversion Upside Bias
2026-10-08,COHR,COHERENT CORP.,Information Technology,302.38,-0.0966180688336521,-0.10283645858058399,0.05062367534137091,0.05062367534137091,26.8,-16.999999999999996,-52.0,-6.900000000000002,-6.900000000000002,18.0,33.0,33.0,18.0,18.0,0.0262,-0.0205,0.115,-0.0195,0.0223,-0.0109,Neutral,Mean Reversion Downside Bias
2026-10-08,COIN,"COINBASE GLOBAL, INC.",Financials,172.0,-0.036144578313252906,-0.060109289617486295,-0.07730271981116887,-0.07730271981116887,60.5,-3.5999999999999943,7.899999999999999,-7.200000000000003,-7.200000000000003,-22.0,31.0,10.0,19.0,19.0,0.0019,0.0493,-0.0058,-0.0034,-0.0175,-0.0011,Leaning Bearish,Crowded Long
2026-10-08,COMT,ISHARES:GSCI COMM DYN RS,Commodities,37.52,0.014328196809948679,0.013506212857914646,0.017905588714053344,0.017905588714053344,27.2,-6.699999999999999,-23.400000000000002,-19.599999999999998,-19.599999999999998,46.0,3.0,54.0,59.0,59.0,-0.0041,0.0409,0.0539,0.0012,-0.004,0.0001,Bottoming,Crowded Short
2026-10-08,COO,"THE COOPER COMPANIES, INC.",Health Care,54.3,-0.008219178082191858,-0.04586188719030049,-0.03944808066513361,-0.03944808066513361,50.2,23.400000000000002,29.400000000000002,28.1,28.1,-32.0,2.0,-19.0,-32.0,-32.0,0.0099,-0.0941,-0.0872,0.001,-0.0036,-0.0035,Neutral,Crowded Long
2026-10-08,COP,CONOCOPHILLIPS,Energy,134.22,0.03373382624768939,0.05893491124260364,0.07247303236116664,0.07247303236116664,31.5,8.7,14.399999999999999,19.7,19.7,23.0,7.0,-5.0,13.0,13.0,-0.0105,0.0563,0.028,0.0073,0.001,-0.0,Leaning Bullish,Mean Reversion Downside Bias
2026-10-08,COR,"CENCORA, INC.",Health Care,321.35,0.012923561859732091,0.03979938521274873,0.0702747710241467,0.0702747710241467,40.7,5.200000000000003,33.2,35.7,35.7,10.0,0.0,25.0,43.0,43.0,-0.0056,0.0147,0.0314,0.0071,-0.0033,0.0027,Bottoming,Crowded Short
2026-10-08,CORN,TEUCRIUM:CORN,Commodities,18.96,-0.0047244094488189115,0.005835543766578244,-0.004201680672268782,-0.004201680672268782,12.1,-4.000000000000002,6.699999999999999,6.3,6.3,33.0,5.0,31.0,31.0,31.0,-0.0181,0.0272,0.0064,-0.0006,-0.004,-0.0015,Leaning Bearish,Crowded Short
2026-10-08,COST,COSTCO WHOLESALE ,Consumer Staples,947.92,0.006017511276200649,0.02962037690761954,0.04128127952193683,0.04128127952193683,91.1,3.5999999999999943,37.3,65.8,65.8,-9.0,-2.0,12.0,-31.0,-31.0,0.0122,0.0074,-0.0001,0.005,0.0084,0.0002,Buy,Mean Reversion Upside Bias
2026-10-08,CPAY,"FLEETCOR TECHNOLOGIES, INC.",Financials,402.08,-0.0008697164724300599,0.018955904713634064,0.034688625836335474,0.034688625836335474,24.4,-3.8000000000000007,21.0,9.499999999999998,9.499999999999998,-17.0,-21.0,-13.0,-73.0,-73.0,-0.0051,0.0361,-0.0061,0.0012,-0.0032,-0.012,Leaning Bearish,Mean Reversion Upside Bias
2026-10-08,CPER,UNITED STATES COPPER IDX,Commodities,39.46,-0.008791760864104492,-0.0015182186234818928,-0.008044243338360957,-0.008044243338360957,41.5,27.8,14.3,-3.299999999999997,-3.299999999999997,-44.0,-54.0,-88.0,-15.0,-15.0,0.006,0.0134,0.0812,-0.0041,-0.0008,-0.003,Sell,Crowded Long
2026-10-08,CPRT,"COPART, INC.",Industrials,27.48,0.0323065364387678,0.009551800146950784,0.007331378299120228,0.007331378299120228,24.8,21.400000000000002,22.6,17.8,17.8,-23.0,-3.0,25.0,-6.0,-6.0,-0.0288,0.0046,-0.0382,0.0046,0.0005,-0.0043,Neutral,Crowded Long
2026-10-08,CPT,CAMDEN PROPERTY TRUST,Real Estate,96.76,0.01002087682672248,0.008336807002917945,0.0003101416313449068,0.0003101416313449068,20.0,9.5,19.0,17.4,17.4,12.0,0.0,33.0,3.0,3.0,-0.0162,-0.0342,-0.0329,0.0003,-0.0041,0.0003,Neutral,Crowded Short
2026-10-08,CRESY,CRESUD INC.,MR Discretion,11.58,-0.004299226139295009,0.021164021164021163,0.006081668114682914,0.006081668114682914,17.3,-14.599999999999998,-8.899999999999999,-18.8,-18.8,27.0,-17.0,25.0,48.0,48.0,-0.0193,0.0141,0.0388,-0.0072,0.0019,-0.0064,Bottoming,Mean Reversion Downside Bias
2026-10-08,CRH,CRH PUBLIC LIMITED COMPANY,Materials,81.88,0.005155904738521899,-0.0007322431047107614,-0.011111111111111183,-0.011111111111111183,23.6,11.100000000000001,16.700000000000003,5.900000000000002,5.900000000000002,-25.0,-16.0,25.0,-62.0,-62.0,-0.0269,-0.0626,-0.0158,0.0004,0.0027,-0.0076,Neutral,Mean Reversion Upside Bias
2026-10-08,CRL,CHARLES RIVER LABORATORIES,Health Care,298.0,-0.007725093233883817,0.02691340156449229,0.01013524965255419,0.01013524965255419,55.8,0.7999999999999972,23.5,7.799999999999997,7.799999999999997,30.0,-17.0,14.0,50.0,50.0,0.0503,0.0689,-0.0121,-0.0045,0.0095,0.0135,Neutral,Crowded Short
2026-10-08,CRM,"SALESFORCE, INC.",Information Technology,227.74,0.01438688699835211,-0.029613532745323523,-0.007971424837740049,-0.007971424837740049,29.2,5.199999999999999,11.099999999999998,12.7,12.7,36.0,22.0,32.0,-15.0,-15.0,-0.0388,0.0681,-0.0203,0.0007,-0.0119,-0.0077,Neutral,Mean Reversion Upside Bias
2026-10-08,CRWD,"CROWDSTRIKE HOLDINGS, INC.",Information Technology,263.01,-0.009154611211573238,-0.026033180269589784,-0.0065722379603400105,-0.0065722379603400105,88.9,-1.0,-1.0,7.800000000000011,7.800000000000011,-36.0,0.0,-24.0,7.0,7.0,0.0295,0.0687,0.1251,-0.0142,-0.0047,0.001,Sell,Crowded Long
2026-10-08,CSCO,"CISCO SYSTEMS, INC.",Information Technology,114.89,-0.021296532924439893,0.023975044563279813,0.06745331227352969,0.06745331227352969,65.1,-3.0,10.899999999999991,39.8,39.8,25.0,32.0,-19.0,-20.0,-20.0,0.0211,0.0029,0.1083,0.0017,0.0001,-0.0079,Neutral,Crowded Short
2026-10-08,CSGP,"COSTAR GROUP, INC.",Real Estate,29.81,0.08007246376811583,0.0887509130752373,0.08795620437956209,0.08795620437956209,86.7,35.7,73.8,75.3,75.3,1.0,16.0,-3.0,-39.0,-39.0,-0.015,-0.0389,-0.124,0.0233,0.0063,-0.0035,Buy,Crowded Short
2026-10-08,CSX,CSX ,Industrials,47.34,0.01132236701559508,-0.001897533206831059,0.01784562459686101,0.01784562459686101,15.3,-1.5999999999999979,-1.5999999999999979,3.1000000000000014,3.1000000000000014,46.0,0.0,0.0,-13.0,-13.0,-0.0088,-0.0002,0.0318,0.0016,-0.0017,-0.0054,Bottoming,Mean Reversion Upside Bias
2026-10-08,CTAS,CINTAS ,Industrials,201.12,0.01993001673512862,0.04196456325769349,0.03106736388803455,0.03106736388803455,63.7,21.400000000000006,41.1,35.2,35.2,-3.0,-6.0,-26.0,-15.0,-15.0,-0.0103,0.0374,-0.0014,0.0061,-0.0033,-0.0038,Neutral,Crowded Short
2026-10-08,CTSH,COGNIZANT TECHNOLOGY SOLUTIONS ,Information Technology,60.01,0.051515682495181236,0.025636643308836193,0.044742339832869016,0.044742339832869016,59.3,9.899999999999999,28.299999999999997,32.4,32.4,-24.0,-6.0,-44.0,-55.0,-55.0,-0.014,0.0828,-0.0889,-0.0012,-0.0092,0.0,Leaning Bearish,Crowded Short
2026-10-08,CTVA,"CORTEVA, INC.",Materials,13.73,-0.05015565548253198,0.15184563758389258,-0.8231809401159047,-0.8231809401159047,2.6,0.0,2.4,0.8,0.8,0.0,0.0,6.0,-35.0,-35.0,-0.7787,-0.5496,-0.1134,0.0112,0.1645,-0.1454,Buy,Mean Reversion Downside Bias
2026-10-08,CVNA,CARVANA CO.,Consumer Discretionary,63.18,0.006852589641434204,-0.0092519993727459,0.010233450591621285,0.010233450591621285,21.6,12.900000000000002,8.3,8.700000000000001,8.700000000000001,-12.0,26.0,-6.0,26.0,26.0,-0.029,-0.0407,0.015,0.0009,-0.0041,-0.0483,Neutral,Mean Reversion Upside Bias
2026-10-08,CVS,CVS HEALTH ,Health Care,87.8,-0.0015919945417329773,0.015498496414527052,0.024623643365620174,0.024623643365620174,11.7,0.0,8.7,7.8999999999999995,7.8999999999999995,65.0,0.0,56.0,36.0,36.0,-0.0157,-0.0457,0.0016,0.0057,0.0007,-0.0057,Leaning Bullish,Crowded Short
2026-10-08,CVX,CHEVRON ,Energy,211.6,0.03139013452914807,0.023755382456819296,0.0361882375985505,0.0361882375985505,37.9,21.4,8.299999999999997,13.399999999999999,13.399999999999999,37.0,-15.0,-2.0,-22.0,-22.0,-0.0094,0.0412,0.0479,0.0026,-0.0019,-0.0,Bottoming,Crowded Short
2026-10-08,D,"DOMINION ENERGY, INC.",Utilities,61.75,0.0035754916300991813,0.0071766432882074405,0.020323859881030915,0.020323859881030915,11.7,0.3999999999999986,8.299999999999999,10.7,10.7,12.0,0.0,26.0,25.0,25.0,-0.0175,-0.035,0.0097,0.001,-0.0023,-0.0029,Neutral,Crowded Short
2026-10-08,DAL,"DELTA AIR LINES, INC.",Industrials,82.19,-0.009281581485052981,-0.022594838863122857,-0.01521687035705721,-0.01521687035705721,68.5,-2.299999999999997,-9.099999999999994,-17.0,-17.0,16.0,13.0,30.0,-18.0,-18.0,0.0195,-0.0159,0.0284,-0.0039,0.0041,-0.0188,Neutral,Mean Reversion Upside Bias
2026-10-08,DASH,"DOORDASH, INC.",Consumer Discretionary,191.71,0.0024576448441748777,0.013534232090933074,0.044456551348406315,0.044456551348406315,45.8,-4.800000000000004,23.4,37.4,37.4,3.0,0.0,16.0,-22.0,-22.0,-0.0186,0.0037,-0.0039,0.0024,-0.0057,-0.0179,Neutral,Crowded Short
2026-10-08,DBA,INVESCO DB MS AGRI,Commodities,28.34,-0.005265005265005174,0.004608294930875445,0.007107320540156392,0.007107320540156392,14.5,-11.5,0.8000000000000007,7.9,7.9,20.0,0.0,58.0,2.0,2.0,-0.0021,0.0083,0.0199,0.0016,-0.0047,0.0003,Bottoming,Crowded Short
2026-10-08,DBB,INVESCO DB MS BMTL,Commodities,24.76,-0.014331210191082744,-0.005222981116914438,-0.02134387351778655,-0.02134387351778655,16.9,11.099999999999998,8.399999999999999,-8.8,-8.8,18.0,-9.0,28.0,-15.0,-15.0,-0.0048,0.0084,0.0331,-0.0039,-0.0009,-0.0021,Sell,Crowded Short
2026-10-08,DBC,INVESCO DB CM IDX,Commodities,32.91,0.012303906490310546,0.011370620774431295,0.018254950495049327,0.018254950495049327,16.1,-6.699999999999999,-24.199999999999996,-20.4,-20.4,31.0,-9.0,20.0,25.0,25.0,-0.0049,0.048,0.0359,0.0013,-0.004,-0.0011,Neutral,Mean Reversion Upside Bias
2026-10-08,DD,"DUPONT DE NEMOURS, INC.",Materials,132.48,0.010680500457735498,0.019233728265886985,0.01993994918777431,0.01993994918777431,69.6,13.399999999999991,40.599999999999994,43.89999999999999,43.89999999999999,-3.0,-6.0,-25.0,-60.0,-60.0,0.012,-0.0122,0.0069,0.0009,0.0027,-0.0037,Leaning Bullish,Mean Reversion Upside Bias
2026-10-08,DDOG,"DATADOG, INC.",Information Technology,273.8,0.009066116311638561,-0.012336772238655258,-0.0001825817053131562,-0.0001825817053131562,98.6,5.8999999999999915,-1.2000000000000028,10.399999999999991,10.399999999999991,-24.0,-12.0,-3.0,-8.0,-8.0,0.058,0.0234,0.0891,-0.0062,-0.0068,-0.0029,Leaning Bearish,Mean Reversion Upside Bias
2026-10-08,DE,DEERE & COMPANY,Industrials,652.43,-0.006759328329806635,-0.05032023289665222,-0.028471446653264842,-0.028471446653264842,11.9,-5.799999999999999,-14.499999999999998,-17.4,-17.4,9.0,0.0,-37.0,3.0,3.0,-0.0119,0.0083,0.0803,-0.0043,-0.0037,-0.0019,Sell,Mean Reversion Upside Bias
2026-10-08,DECK,DECKERS OUTDOOR ,Consumer Discretionary,82.575,0.026924511876632362,0.043667846309403346,0.056757102636293855,0.056757102636293855,72.0,9.5,34.9,38.7,38.7,-2.0,-9.0,-14.0,-3.0,-3.0,0.0164,-0.0724,-0.0835,0.0064,0.0051,-0.0113,Buy,Mean Reversion Upside Bias
2026-10-08,DELL,DELL TECHNOLOGIES INC.,Information Technology,574.57,-0.007565420157181091,0.02142146057029093,0.06807324100752865,0.06807324100752865,55.6,11.0,11.0,-9.499999999999993,-9.499999999999993,-25.0,0.0,-43.0,-51.0,-51.0,0.006,0.0378,0.1779,-0.0037,-0.0013,-0.0001,Sell,Crowded Long
2026-10-08,DG,DOLLAR GENERAL ,Consumer Staples,124.27,0.01743900442115609,0.044812510509500525,0.03922060545241668,0.03922060545241668,47.4,15.899999999999999,34.9,32.5,32.5,29.0,0.0,-5.0,-25.0,-25.0,-0.0065,0.0211,0.0446,0.004,-0.0009,-0.0035,Bottoming,Mean Reversion Upside Bias
2026-10-08,DGX,QUEST DIAGNOSTICS INC.,Health Care,230.81,0.016515458469127164,-0.010800154287918473,-0.009696657656497965,-0.009696657656497965,43.5,22.7,14.899999999999999,6.600000000000001,6.600000000000001,8.0,-10.0,-45.0,-38.0,-38.0,-0.0325,0.0143,0.0593,-0.0036,-0.0049,0.0006,Sell,Crowded Short
2026-10-08,DHI,"D.R. HORTON, INC.",Consumer Discretionary,135.82,0.019057623049219652,0.006074074074074121,-0.006073911452616265,-0.006073911452616265,56.9,17.4,32.5,15.299999999999997,15.299999999999997,-5.0,0.0,-9.0,0.0,0.0,-0.0149,-0.0352,-0.03,-0.0026,0.0033,0.0059,Neutral,Mean Reversion Upside Bias
2026-10-08,DHR,DANAHER ,Health Care,217.39,-0.005034555357224746,0.015556386059983218,-0.018776799819454015,-0.018776799819454015,81.5,5.5,36.5,-0.4000000000000057,-0.4000000000000057,-29.0,-4.0,-69.0,11.0,11.0,0.0104,-0.0046,-0.0293,-0.0053,-0.0024,0.0063,Sell,Crowded Short
2026-10-08,DHT,"DHT HOLDINGS, INC.",MR Discretion,24.91,0.05061155630535641,0.051942567567567544,0.1036774479397431,0.1036774479397431,84.3,9.099999999999994,-3.4000000000000057,-2.0,-2.0,45.0,12.0,15.0,9.0,9.0,0.0169,0.0636,0.1056,0.001,0.0057,0.0085,Buy,Crowded Short
2026-10-08,DIA,SPDR DOW JONES INDUS AVG,Sector & Style ETFs,511.65,0.0013503992484733551,0.0010761103502248126,0.006095762461901355,0.006095762461901355,17.9,4.599999999999998,13.299999999999999,10.499999999999998,10.499999999999998,4.0,0.0,18.0,-32.0,-32.0,-0.0069,0.0126,-0.0054,0.0003,-0.0013,0.0005,Neutral,Mean Reversion Upside Bias
2026-10-08,DIS,THE WALT DISNEY COMPANY,Communication Services,107.08,0.022243436754176615,0.047852040317056366,0.02078169685414677,0.02078169685414677,66.9,3.200000000000003,43.900000000000006,16.10000000000001,16.10000000000001,5.0,-7.0,-3.0,-40.0,-40.0,-0.0078,0.0047,-0.0229,0.0079,0.0023,-0.0029,Leaning Bullish,Crowded Short
2026-10-08,DJI,DOW JONES INDUSTRIAL AVG INDEX,Indices,51231.64,0.0010115305099445138,0.001068449552298567,0.006395899897949198,0.006395899897949198,18.8,4.700000000000001,13.600000000000001,10.600000000000001,10.600000000000001,-4.0,0.0,25.0,-22.0,-22.0,-0.0059,0.0138,-0.0053,-0.0001,-0.0013,0.0003,Neutral,
2026-10-08,DLR,"DIGITAL REALTY TRUST, INC.",Real Estate,176.07,-0.024380783509724613,-0.013889666760011354,0.00307639719706021,0.00307639719706021,24.8,-0.8000000000000007,2.1999999999999993,-0.09999999999999787,-0.09999999999999787,12.0,25.0,-10.0,-62.0,-62.0,-0.0059,0.0218,-0.0099,-0.0062,0.0049,-0.0175,Neutral,Crowded Short
2026-10-08,DLTR,"DOLLAR TREE, INC.",Consumer Staples,118.62,0.01994840928632846,0.05759629101283892,0.040343799333450336,0.040343799333450336,42.7,3.200000000000003,39.1,34.5,34.5,38.0,16.0,8.0,24.0,24.0,0.0103,-0.0001,0.031,0.0053,0.001,-0.0007,Leaning Bullish,Mean Reversion Upside Bias
2026-10-08,DOC,"HEALTHDOC PROPERTIES, INC.",Real Estate,18.53,-0.006966773847802754,-0.04925602873268331,-0.07210816224336491,-0.07210816224336491,2.8,-1.4000000000000004,0.19999999999999973,-4.6000000000000005,-4.6000000000000005,-3.0,0.0,9.0,8.0,8.0,-0.03,-0.023,-0.0278,-0.0054,-0.0125,-0.0088,Leaning Bearish,Crowded Short
2026-10-08,DOV,DOVER ,Industrials,188.96,0.0035583408571884245,-0.003848384205809463,0.010211173483025915,0.010211173483025915,51.0,18.299999999999997,9.299999999999997,15.700000000000003,15.700000000000003,-18.0,-13.0,-30.0,-47.0,-47.0,-0.0001,-0.0406,-0.0146,-0.0022,0.0047,-0.005,Neutral,Mean Reversion Upside Bias
2026-10-08,DOW,DOW INC.,Materials,28.59,0.029899135446685765,0.02216660707901319,0.03812636165577343,0.03812636165577343,29.2,9.599999999999998,15.1,17.799999999999997,17.799999999999997,16.0,12.0,-6.0,-56.0,-56.0,-0.015,0.0018,-0.0838,0.0009,0.0053,-0.006,Leaning Bullish,Mean Reversion Upside Bias
2026-10-08,DPZ,"DOMINO'S PIZZA, INC.",Consumer Discretionary,308.65,0.018310788518640653,0.03706068140581942,0.030172557658288968,0.030172557658288968,55.8,17.5,51.599999999999994,45.599999999999994,45.599999999999994,-15.0,11.0,-11.0,-15.0,-15.0,0.0021,-0.0027,-0.0333,0.0072,-0.0006,0.0017,Topping,Mean Reversion Upside Bias
2026-10-08,DRI,"DARDEN RESTAURANTS, INC.",Consumer Discretionary,200.52,-0.004814134696511041,0.0009484350821145071,0.0376196636481243,0.0376196636481243,33.9,1.1999999999999957,18.2,26.299999999999997,26.299999999999997,34.0,-40.0,-22.0,38.0,38.0,-0.0206,0.0053,0.0357,0.0026,0.0027,-0.0,Buy,Crowded Long
2026-10-08,DTE,DTE ENERGY COMPANY,Utilities,127.1,-0.001100282929896279,0.021293692245881735,0.04351395730706065,0.04351395730706065,21.2,3.099999999999998,17.4,19.8,19.8,-5.0,25.0,25.0,-5.0,-5.0,-0.013,-0.057,0.0007,0.0018,-0.002,-0.002,Neutral,Crowded Short
2026-10-08,DUK,DUKE ENERGY ,Utilities,116.84,0.011601731601731613,0.023744852361342383,0.024822384001403464,0.024822384001403464,33.5,24.2,32.1,30.9,30.9,-19.0,19.0,12.0,1.0,1.0,-0.0116,-0.0172,0.0012,0.003,-0.0018,-0.003,Neutral,Crowded Short
2026-10-08,DVA,DAVITA INC.,Health Care,176.99,0.0011879171852020587,-0.009513682914544686,0.011833981248570824,0.011833981248570824,40.5,4.200000000000003,-6.100000000000001,-9.299999999999997,-9.299999999999997,13.0,0.0,-22.0,-2.0,-2.0,-0.0183,-0.0347,0.0202,-0.0045,-0.0089,-0.0016,Leaning Bearish,Crowded Short
2026-10-08,DVN,DEVON ENERGY ,Energy,48.88,0.02088554720133673,0.025813221406086218,0.06168549087749797,0.06168549087749797,31.2,0.3999999999999986,0.3999999999999986,17.1,17.1,47.0,0.0,0.0,-22.0,-22.0,-0.0059,0.041,-0.0016,0.0056,0.005,0.004,Leaning Bullish,Crowded Short
2026-10-08,DXCM,"DEXCOM, INC.",Health Care,84.41,0.0013048635824437493,-0.011129334582942851,-0.02178699733456957,-0.02178699733456957,48.2,-2.799999999999997,31.300000000000004,27.700000000000003,27.700000000000003,16.0,0.0,-46.0,-46.0,-46.0,-0.0101,0.0275,-0.0116,-0.0021,-0.0125,0.0015,Leaning Bearish,Mean Reversion Upside Bias
2026-10-08,DXY,US DOLLAR INDEX,Indices,102.13,-0.0009781864423359377,0.002060439560439553,0.006504385532669632,0.006504385532669632,99.4,-0.3999999999999915,0.0,7.6000000000000085,7.6000000000000085,-38.0,27.0,-9.0,14.0,14.0,0.0096,0.0063,-0.0028,0.0009,-0.0006,-0.0002,Topping,
2026-10-08,EBAY,EBAY INC.,Consumer Discretionary,111.98,0.0407063197026023,0.0524436090225564,0.05591702027345602,0.05591702027345602,74.8,11.5,34.5,31.599999999999994,31.599999999999994,-31.0,8.0,-5.0,-60.0,-60.0,-0.0036,-0.0167,0.0736,0.0004,-0.0039,-0.0028,Neutral,Mean Reversion Upside Bias
2026-10-08,EC,ECOPETROL SA,MR Discretion,16.95,0.019242333132892364,0.02108433734939741,0.02851941747572817,0.02851941747572817,8.9,3.1000000000000005,-6.799999999999999,-0.6999999999999993,-0.6999999999999993,62.0,23.0,54.0,71.0,71.0,-0.0134,0.0179,0.1049,0.0038,0.001,0.0178,Buy,Crowded Short
2026-10-08,ECH,ISHARES:MSCI CHILE,Foreign,37.68,0.006679134384183882,0.01563342318059302,-0.0034382438508331337,-0.0034382438508331337,18.8,13.8,18.2,15.4,15.4,48.0,28.0,28.0,68.0,68.0,-0.0166,-0.0042,0.0596,-0.0018,-0.0003,-0.0063,Neutral,Crowded Short
2026-10-08,ECHO,ECHOSTAR CORPORATION,Communication Services,93.36,-0.044323881666496034,-0.009442970822281183,0.044178503523095936,0.044178503523095936,58.1,-18.300000000000004,-14.699999999999996,-14.600000000000001,-14.600000000000001,3.0,10.0,26.0,37.0,37.0,0.0093,-0.0104,0.1172,-0.0036,0.0104,-0.0053,Neutral,Crowded Short
2026-10-08,ECL,ECOLAB INC.,Materials,281.73,0.013052858683926694,0.029338691998538557,0.02603976983028633,0.02603976983028633,70.4,8.300000000000004,38.10000000000001,41.50000000000001,41.50000000000001,-20.0,-28.0,-15.0,-77.0,-77.0,0.0034,-0.0032,0.0133,0.0024,-0.0009,-0.0033,Neutral,Mean Reversion Upside Bias
2026-10-08,ED,"CONSOLIDATED EDISON, INC.",Utilities,105.99,0.012901376146788879,0.02514749975819708,0.0369826827120634,0.0369826827120634,41.9,21.9,39.699999999999996,40.5,40.5,-19.0,-7.0,23.0,-31.0,-31.0,-0.007,-0.0151,0.0096,0.002,-0.0001,-0.0042,Neutral,Crowded Short
2026-10-08,EDEN,ISHARES:MSCI DENMARK,Foreign,108.1739,0.004120486401188117,-0.004931469046085879,-0.009940508877905874,-0.009940508877905874,6.9,2.3000000000000007,4.9,-0.09999999999999964,-0.09999999999999964,2.0,0.0,0.0,-16.0,-16.0,-0.022,-0.0145,-0.0161,-0.0002,-0.0049,0.0005,Neutral,
2026-10-08,EDV,VANGUARD EXT DUR T;ETF,Bonds,55.03,0.015688445921004046,0.0071376281112738305,-0.0075743913435527555,-0.0075743913435527555,10.5,9.1,9.9,7.9,7.9,-4.0,34.0,-13.0,-8.0,-8.0,-0.0306,-0.0354,-0.03,-0.0007,-0.0062,0.0042,Leaning Bearish,Mean Reversion Downside Bias
2026-10-08,EFNL,ISHARES:MSCI FINLAND,Foreign,51.99,-0.015527362241999576,-0.02549203373945641,-0.025126570410650584,-0.025126570410650584,5.8,-1.7000000000000002,-13.399999999999999,-11.899999999999999,-11.899999999999999,23.0,20.0,22.0,-17.0,-17.0,-0.0153,-0.0005,0.043,-0.0043,0.0008,-0.0016,Bottoming,
2026-10-08,EFX,EQUIFAX INC.,Industrials,145.54,0.02183528750965369,0.03957142857142859,0.06047799475371596,0.06047799475371596,10.5,4.3,9.5,10.3,10.3,-17.0,25.0,25.0,-19.0,-19.0,-0.0519,-0.0495,-0.0796,0.0061,-0.0149,0.0155,Leaning Bearish,Mean Reversion Upside Bias
2026-10-08,EG,"EVEREST GROUP, LTD.",Financials,373.1,0.02980955009660513,0.01311537730469503,0.021715913136347575,0.021715913136347575,50.6,20.200000000000003,40.900000000000006,34.5,34.5,-27.0,-20.0,-35.0,-52.0,-52.0,-0.0088,0.005,-0.0108,0.0021,-0.0039,0.0001,Leaning Bearish,Mean Reversion Upside Bias
2026-10-08,EIDO,ISHARES:MSCI INDONESIA,Foreign,11.67,-0.016020236087689654,-0.0008561643835616195,-0.005115089514066584,-0.005115089514066584,13.7,1.5999999999999996,4.399999999999999,1.5,1.5,-44.0,5.0,-7.0,-80.0,-80.0,-0.0253,0.0052,-0.1008,-0.0011,-0.0027,-0.0049,Leaning Bearish,Crowded Long
2026-10-08,EIRL,ISHARES:MSCI IRELAND,Foreign,79.4059,-0.010888141504733384,-0.010641664590082311,-0.031399121737009095,-0.031399121737009095,2.2,-4.3,-2.0,-17.1,-17.1,18.0,2.0,44.0,-10.0,-10.0,-0.0154,-0.0022,0.009,-0.001,-0.0004,0.0032,Neutral,
2026-10-08,EIS,ISHARES:MSCI ISRAEL,Foreign,117.64,-0.0026282323018228526,-0.03998694303900774,-0.03033300362677216,-0.03033300362677216,8.1,3.5,-3.5999999999999996,-20.4,-20.4,-28.0,0.0,-59.0,-83.0,-83.0,-0.0121,-0.0009,0.0707,-0.0062,-0.0099,-0.0054,Sell,
2026-10-08,EIX,EDISON INTERNATIONAL,Utilities,54.31,-0.001654411764705821,0.0077936537390981275,0.01079471431230239,0.01079471431230239,19.6,2.3000000000000007,-4.0,0.3000000000000007,0.3000000000000007,-12.0,0.0,0.0,-15.0,-15.0,-0.0156,-0.0804,-0.0549,0.0015,-0.0014,-0.0027,Neutral,Mean Reversion Upside Bias
2026-10-08,EL,THE ESTEE LAUDER COMPANIES INC.,Consumer Staples,94.32,-0.0015878056525882034,0.025551810372947736,0.0167079874959577,0.0167079874959577,34.3,7.899999999999999,20.999999999999996,18.599999999999998,18.599999999999998,22.0,-9.0,2.0,-40.0,-40.0,-0.0134,0.0326,0.0035,0.0037,-0.0029,0.0231,Neutral,Mean Reversion Upside Bias
2026-10-08,ELV,"ELEVANCE HEALTH, INC.",Health Care,400.94,-0.00833518834557645,0.0375488445514065,0.031171236047528472,0.031171236047528472,21.6,-25.0,9.900000000000002,-1.6999999999999993,-1.6999999999999993,31.0,2.0,6.0,8.0,8.0,-0.0141,-0.0178,-0.0132,0.0045,-0.0031,0.0506,Neutral,Mean Reversion Upside Bias
2026-10-08,EME,"EMCOR GROUP, INC.",Industrials,778.06,-0.007804330638373824,-0.01086942703499838,0.03123964532333101,0.03123964532333101,61.7,0.8000000000000043,-9.099999999999994,3.3000000000000043,3.3000000000000043,3.0,0.0,17.0,19.0,19.0,0.0295,-0.0065,0.0804,0.001,0.0169,-0.0043,Leaning Bullish,Crowded Short
2026-10-08,EMR,EMERSON ELECTRIC CO.,Industrials,159.07,-0.000942092701921915,-0.015716849204876038,0.02559638942617659,0.02559638942617659,87.1,7.099999999999994,-1.6000000000000085,12.0,12.0,31.0,0.0,21.0,37.0,37.0,0.0261,0.0344,0.0325,-0.0025,0.0094,-0.0003,Leaning Bullish,Mean Reversion Upside Bias
2026-10-08,ENZL,ISHARES:MSCI NEW ZLND,Foreign,44.4128,-0.001623018995166925,-0.012610048910626892,-0.01480035492457854,-0.01480035492457854,16.9,9.599999999999998,14.299999999999999,7.099999999999998,7.099999999999998,-38.0,-7.0,4.0,-42.0,-42.0,-0.0061,-0.0073,-0.0187,-0.0015,-0.0051,0.0008,Sell,Mean Reversion Upside Bias
2026-10-08,EOG,"EOG RESOURCES, INC.",Energy,148.51,0.029889042995839166,0.0504314613099448,0.07803426248548195,0.07803426248548195,47.8,12.099999999999994,17.799999999999997,31.699999999999996,31.699999999999996,13.0,-17.0,-17.0,-41.0,-41.0,-0.0039,0.0267,0.0234,0.0061,0.0012,-0.0028,Leaning Bullish,Crowded Short
2026-10-08,EPAM,"EPAM SYSTEMS, INC.",Information Technology,113.85,0.05105243722304276,0.0513436143688244,0.05066445182724255,0.05066445182724255,50.6,9.100000000000001,20.6,17.700000000000003,17.700000000000003,-24.0,-37.0,-59.0,-23.0,-23.0,-0.0214,0.0776,-0.1019,0.0056,-0.009,0.0038,Leaning Bearish,Crowded Short
2026-10-08,EPHE,ISHARES:MSCI PHILIPPINES,Foreign,22.27,-0.019806338028169,-0.016342756183745588,-0.020668425681618197,-0.020668425681618197,8.1,-4.0,1.8999999999999995,-6.0,-6.0,-50.0,-46.0,-21.0,-81.0,-81.0,-0.015,-0.03,-0.0269,-0.0012,-0.0041,-0.0042,Leaning Bearish,
2026-10-08,EPOL,ISHARES:MSCI POLAND,Foreign,43.44,-0.003669724770642313,0.009528236114338728,-0.019855595667870096,-0.019855595667870096,10.9,2.0,0.8000000000000007,-26.0,-26.0,54.0,17.0,39.0,9.0,9.0,-0.0089,0.0196,0.0634,-0.0005,-0.0027,-0.0004,Neutral,Crowded Short
2026-10-08,EPU,ISHARES:MSCI PERU,Foreign,88.66,0.00011280315848827271,-0.010049129075480168,-0.000788910176941382,-0.000788910176941382,16.3,12.5,9.0,3.4000000000000004,3.4000000000000004,40.0,-9.0,28.0,-23.0,-23.0,0.0012,0.0139,0.1162,-0.0032,-0.0001,-0.0042,Neutral,Mean Reversion Upside Bias
2026-10-08,EQIX,"EQUINIX, INC.",Real Estate,1011.16,-0.0199753821103541,-0.014194906992161638,-0.0004151920757627936,-0.0004151920757627936,31.5,-0.3999999999999986,2.3000000000000007,2.6000000000000014,2.6000000000000014,44.0,6.0,-6.0,-26.0,-26.0,0.0021,0.0064,0.0135,-0.0051,0.0051,-0.0082,Bottoming,Crowded Short
2026-10-08,EQT,EQT ,Energy,52.94,0.01204358631236846,0.0552122782539366,0.09019769357495866,0.09019769357495866,41.5,3.6000000000000014,34.2,40.1,40.1,3.0,-35.0,10.0,16.0,16.0,0.0059,0.0028,0.0529,0.0081,0.0166,-0.0073,Leaning Bullish,Crowded Short
2026-10-08,ERIE,ERIE INDEMNITY COMPANY,Financials,226.54,0.04027184644349524,0.0246505947804061,0.033721195528177095,0.033721195528177095,31.2,25.0,29.8,30.2,30.2,-29.0,2.0,2.0,-18.0,-18.0,-0.035,-0.0443,-0.0888,0.0044,-0.0078,-0.0054,Topping,Crowded Short
2026-10-08,ES,EVERSOURCE ENERGY,Utilities,65.69,0.006897608828939417,0.018449612403100835,0.023846633416458873,0.023846633416458873,13.3,8.3,11.9,11.9,11.9,4.0,25.0,18.0,4.0,4.0,-0.0173,-0.0365,-0.0066,0.0003,-0.0032,0.0015,Neutral,Mean Reversion Upside Bias
2026-10-08,ES=F,E-MINI S&P 500 FUTURES,Futures,7826.75,-0.0037232688391038993,0.006461775863177532,0.011665481807018763,0.011665481807018763,83.9,1.6000000000000085,44.00000000000001,27.500000000000007,27.500000000000007,-31.0,17.0,-13.0,-18.0,-18.0,0.0041,0.0106,-0.0039,-0.0006,-0.0003,-0.0062,Neutral,
2026-10-08,ESS,"ESSEX PROPERTY TRUST, INC.",Real Estate,268.58,0.001977243051669353,-0.0002605620696072286,-0.0030067931252087954,-0.0030067931252087954,37.5,13.899999999999999,29.2,26.9,26.9,-5.0,-9.0,43.0,0.0,0.0,-0.0035,-0.0187,-0.0273,0.0001,-0.0019,-0.0014,Neutral,Mean Reversion Upside Bias
2026-10-08,ETN,EATON  PUBLIC LIMITED COMPANY,Industrials,424.24,-0.016323502133184897,-0.0272179037398822,-0.012729515254473855,-0.012729515254473855,62.1,0.0,-17.499999999999993,-17.4,-17.4,40.0,41.0,23.0,71.0,71.0,0.0217,0.0004,0.0337,-0.0066,0.0024,-0.0032,Neutral,Mean Reversion Upside Bias
2026-10-08,ETR,ENTERGY ,Utilities,102.49,-0.0030155642023346196,0.01565751659894965,0.03254080193431386,0.03254080193431386,19.2,4.299999999999999,16.2,17.4,17.4,13.0,0.0,38.0,13.0,13.0,-0.0065,-0.0305,0.043,0.0019,0.0012,-0.0276,Leaning Bullish,Crowded Short
2026-10-08,EVRG,"EVERGY, INC.",Utilities,80.52,0.002739726027397138,0.01705191360363756,0.026517083120856766,0.026517083120856766,41.1,1.6000000000000014,31.0,33.5,33.5,-21.0,0.0,-25.0,-21.0,-21.0,-0.006,-0.0246,0.0353,0.0012,-0.0003,-0.0006,Neutral,Mean Reversion Upside Bias
2026-10-08,EW,EDWARDS LIFESCIENCES ,Health Care,84.24,-0.017723880597015018,-0.01068702290076351,-0.02409638554216864,-0.02409638554216864,29.2,-12.7,8.8,8.7,8.7,35.0,11.0,-18.0,-19.0,-19.0,-0.0142,-0.0253,0.021,-0.0059,-0.0084,-0.0,Leaning Bearish,Crowded Short
2026-10-08,EWA,ISHARES:MSCI AUSTRALIA,Foreign,28.23,0.0,-0.0031779661016949623,-0.0028258565877781194,-0.0028258565877781194,21.4,11.7,18.0,12.399999999999999,12.399999999999999,-10.0,19.0,28.0,-37.0,-37.0,-0.0087,-0.0008,-0.0124,-0.0011,-0.0017,-0.0019,Leaning Bearish,Crowded Short
2026-10-08,EWC,ISHARES:MSCI CANADA,Foreign,58.32,0.006558508802209317,-0.006811989100817373,-0.0010277492291881352,-0.0010277492291881352,7.7,5.1,7.1000000000000005,2.3,2.3,-28.0,-58.0,-19.0,-34.0,-34.0,-0.0119,-0.0016,0.0346,-0.0012,-0.0031,0.0031,Sell,Mean Reversion Upside Bias
2026-10-08,EWD,ISHARES:MSCI SWEDEN,Foreign,50.12,0.002600520104020676,0.0013986013986013734,0.002600520104020676,0.002600520104020676,17.7,6.399999999999999,14.299999999999999,7.1,7.1,-38.0,-49.0,-64.0,-56.0,-56.0,-0.012,0.0033,0.0102,-0.0009,-0.0015,-0.002,Sell,Mean Reversion Upside Bias
2026-10-08,EWG,ISHARES:MSCI GERMANY,Foreign,40.67,-0.0058665362991932035,-0.015254237288135464,-0.015492616799806402,-0.015492616799806402,16.5,3.1999999999999993,12.3,5.9,5.9,-32.0,0.0,-18.0,-96.0,-96.0,-0.0169,-0.0052,0.0034,-0.0024,-0.005,-0.0018,Sell,Crowded Short
2026-10-08,EWH,ISHARES:MSCI HONG KONG,Foreign,21.72,0.006487488415199305,0.006954102920723182,-0.01763907734056991,-0.01763907734056991,18.5,5.6,9.6,-7.800000000000001,-7.800000000000001,13.0,18.0,48.0,-19.0,-19.0,-0.0116,0.0082,-0.0026,0.0005,0.0013,-0.0185,Neutral,Crowded Short
2026-10-08,EWI,ISHARES:MSCI ITALY,Foreign,56.05,-0.0053238686779060185,-0.023519163763066175,-0.04547002724795646,-0.04547002724795646,1.0,-0.8,0.4,-10.4,-10.4,-13.0,13.0,-3.0,-74.0,-74.0,-0.0287,-0.017,0.0264,-0.0032,-0.0034,-0.0013,Sell,Crowded Short
2026-10-08,EWJ,ISHARES:MSCI JAPAN,Foreign,97.32,-0.01007018614586519,-0.016174686615446965,-0.001436486763800593,-0.001436486763800593,41.5,-5.899999999999999,-2.0,-16.9,-16.9,37.0,7.0,55.0,0.0,0.0,0.0025,0.0072,0.0178,-0.0028,0.0032,-0.0017,Bottoming,Crowded Short
2026-10-08,EWK,ISHARES:MSCI BELGIUM,Foreign,25.02,-0.014184397163120588,-0.01340694006309151,-0.03098373353989159,-0.03098373353989159,7.3,0.0,3.5,1.5,1.5,13.0,-23.0,-23.0,23.0,23.0,-0.0259,-0.0291,0.0147,-0.0034,-0.0015,-0.0004,Leaning Bearish,Crowded Short
2026-10-08,EWL,ISHARES:MSCI SWITZERLAND,Foreign,59.25,-0.0023572992086210443,0.0003376667229444408,0.0016906170752324368,0.0016906170752324368,18.5,1.1999999999999993,14.7,11.5,11.5,-44.0,-21.0,4.0,-60.0,-60.0,-0.0074,-0.0177,0.0045,-0.0006,-0.0015,0.003,Leaning Bearish,Crowded Long
2026-10-08,EWM,ISHARES:MSCI MALAYSIA,Foreign,26.38,-0.008643367155204862,-0.02512934220251295,-0.03652300949598242,-0.03652300949598242,6.9,-0.7999999999999998,-1.1999999999999993,-21.6,-21.6,-58.0,-20.0,-10.0,-79.0,-79.0,-0.0113,0.0003,-0.0029,-0.0011,-0.0061,-0.0049,Leaning Bearish,Mean Reversion Downside Bias
2026-10-08,EWN,ISHARES:MSCI NETHERLANDS,Foreign,66.18,-0.008242169938558308,-0.025044195639363442,-0.023173431734317296,-0.023173431734317296,21.2,5.099999999999998,-11.500000000000004,-21.599999999999998,-21.599999999999998,62.0,-3.0,-12.0,27.0,27.0,0.0012,-0.0031,0.0202,-0.003,0.0003,-0.0,Neutral,Crowded Short
2026-10-08,EWO,ISHARES:MSCI AUSTRIA,Foreign,40.6,-0.002211845662324796,-0.02777777777777768,-0.046052631578947345,-0.046052631578947345,2.6,-0.7999999999999998,-3.6,-8.4,-8.4,16.0,-8.0,38.0,-30.0,-30.0,-0.02,-0.0049,0.0618,-0.0033,-0.0005,-0.0034,Neutral,
2026-10-08,EWP,ISHARES:MSCI SPAIN,Foreign,57.9,0.0013836042891732792,-0.0070313839821644075,-0.02195945945945954,-0.02195945945945954,2.6,1.2000000000000002,2.4,-2.8000000000000003,-2.8000000000000003,-10.0,-46.0,0.0,28.0,28.0,-0.0222,-0.011,0.0504,-0.0019,-0.0009,-0.0028,Sell,Crowded Short
2026-10-08,EWQ,ISHARES:MSCI FRANCE,Foreign,41.325,-0.00036284470246739087,-0.02143026284631766,-0.029929577464788748,-0.029929577464788748,8.1,1.8999999999999995,2.6999999999999993,1.5,1.5,13.0,0.0,-20.0,2.0,2.0,-0.0272,-0.0311,-0.0021,-0.0018,-0.0033,0.0059,Leaning Bearish,Crowded Short
2026-10-08,EWS,ISHARES:MSCI SINGAPORE,Foreign,31.63,-0.026169950738916148,-0.04035194174757284,-0.0490078171978352,-0.0490078171978352,3.0,-2.0,-1.2000000000000002,-23.1,-23.1,-29.0,-43.0,-52.0,-82.0,-82.0,-0.0068,-0.0006,0.0353,-0.0066,-0.0275,-0.0036,Sell,Mean Reversion Downside Bias
2026-10-08,EWT,ISHARES:MSCI TAIWAN,Foreign,113.35,-0.024862353750860322,-0.02561677985042554,0.003985828166519045,0.003985828166519045,51.0,-1.2000000000000028,-7.899999999999999,3.799999999999997,3.799999999999997,43.0,13.0,-4.0,18.0,18.0,0.0171,-0.0014,0.0582,-0.0079,-0.0004,0.0005,Neutral,Crowded Short
2026-10-08,EWU,ISHARES:MSCI UK,Foreign,46.23,0.0065316786414106875,0.0010827197921177145,-0.006447453255963964,-0.006447453255963964,10.1,5.8999999999999995,9.1,6.3,6.3,47.0,29.0,29.0,11.0,11.0,-0.0146,-0.0119,0.0097,0.0003,-0.0055,-0.0007,Neutral,Crowded Short
2026-10-08,EWW,ISHARES:MSCI MEXICO,Foreign,71.53,-0.006113658468806404,0.006189337459558297,0.006189337459558297,0.006189337459558297,10.9,3.6000000000000005,9.5,8.3,8.3,40.0,25.0,50.0,72.0,72.0,-0.0121,-0.0212,0.032,0.0016,-0.0042,-0.0037,Neutral,Crowded Short
2026-10-08,EWY,ISHARES:MSCI S KOREA,Foreign,176.33,-0.04043317370483224,-0.08104023347925782,-0.03528832476200894,-0.03528832476200894,17.9,1.0,-29.1,-21.300000000000004,-21.300000000000004,11.0,-14.0,-12.0,4.0,4.0,0.0021,-0.0153,0.1413,-0.0131,-0.001,0.0035,Leaning Bearish,Mean Reversion Downside Bias
2026-10-08,EWZ,ISHARES:MSCI BRAZIL,Foreign,42.595,0.0053103611045550725,0.1153443309766955,0.14348993288590606,0.14348993288590606,67.3,-0.4000000000000057,23.5,16.5,16.5,6.0,0.0,15.0,-19.0,-19.0,0.0384,0.0329,0.0267,0.0052,0.0096,0.0158,Buy,Mean Reversion Downside Bias
2026-10-08,EXC,EXELON ,Utilities,41.73,0.005784526391901634,0.024551927326295075,0.03292079207920784,0.03292079207920784,24.0,11.1,21.8,21.4,21.4,-5.0,0.0,16.0,-5.0,-5.0,-0.0128,-0.0434,0.0149,0.0022,-0.0043,-0.0058,Neutral,Crowded Short
2026-10-08,EXE,EXPAND ENERGY ,Energy,88.86,0.008397639582387484,0.039055191768007536,0.056724937566892564,0.056724937566892564,20.4,3.5,17.0,19.4,19.4,50.0,0.0,57.0,63.0,63.0,-0.0089,-0.0064,0.0112,0.0029,0.0054,-0.0109,Buy,Crowded Short
2026-10-08,EXPD,EXPEDITORS INTERNATIONAL OF WASHINGTON,Industrials,193.71,0.014985590778098024,0.006442562477269265,0.04912261698440212,0.04912261698440212,37.1,5.900000000000002,-3.6000000000000014,20.200000000000003,20.200000000000003,37.0,0.0,45.0,-16.0,-16.0,0.0023,0.0381,0.043,0.0018,-0.0021,0.0009,Bottoming,Crowded Short
2026-10-08,EXPE,"EXPEDIA GROUP, INC.",Consumer Discretionary,270.13,0.04353704705246075,0.019358490566037778,0.02570625759416756,0.02570625759416756,33.5,6.300000000000001,19.4,21.7,21.7,-11.0,9.0,-58.0,-11.0,-11.0,-0.0346,-0.0089,0.0391,0.0039,-0.0057,-0.01,Bottoming,Mean Reversion Upside Bias
2026-10-08,EXR,EXTRA SPACE STORAGE INC.,Real Estate,133.12,0.010782080485953083,-0.0009756097560975618,0.012242415025473408,0.012242415025473408,31.5,0.3000000000000007,11.100000000000001,13.399999999999999,13.399999999999999,3.0,25.0,1.0,-22.0,-22.0,-0.0121,-0.0118,-0.0376,-0.001,0.0006,-0.0021,Neutral,Crowded Short
2026-10-08,F,FORD MOTOR COMPANY,Consumer Discretionary,12.26,0.011134020618556617,0.013223140495867813,0.016583747927031434,0.016583747927031434,5.8,-3.8999999999999995,2.4,-0.40000000000000036,-0.40000000000000036,-27.0,-7.0,-46.0,-60.0,-60.0,-0.0407,-0.0164,0.0292,0.0015,-0.0008,-0.0029,Bottoming,Mean Reversion Upside Bias
2026-10-08,FANG,"DIAMONDBACK ENERGY, INC.",Energy,191.68,0.039592146653650184,0.03773482756753821,0.042815951254012274,0.042815951254012274,13.7,8.299999999999999,8.299999999999999,9.1,9.1,27.0,12.0,-5.0,-20.0,-20.0,-0.0149,0.0232,-0.0198,0.0123,0.001,0.0024,Leaning Bullish,Crowded Short
2026-10-08,FAST,FASTENAL COMPANY,Industrials,50.49,0.013245033112582849,-0.005123152709359591,0.019382192610539084,0.019382192610539084,76.0,7.900000000000006,2.4000000000000057,12.899999999999999,12.899999999999999,-14.0,-30.0,13.0,-19.0,-19.0,0.0053,0.0024,0.0492,-0.0016,0.001,-0.0063,Neutral,Mean Reversion Upside Bias
2026-10-08,FCX,FREEPORT-MCMORAN INC.,Materials,71.14,-0.010294936004451749,-0.01249305941143819,0.016285714285714237,0.016285714285714237,37.9,24.799999999999997,2.0,10.599999999999998,10.599999999999998,29.0,-35.0,-24.0,-23.0,-23.0,0.0114,0.0323,0.0536,-0.0027,0.0116,-0.0036,Bottoming,Mean Reversion Upside Bias
2026-10-08,FDS,FACTSET RESEARCH SYSTEMS INC.,Financials,286.52,0.05037026174939507,0.07714285714285718,0.06138173735877017,0.06138173735877017,74.8,35.3,61.9,58.699999999999996,58.699999999999996,-74.0,-52.0,-70.0,-70.0,-70.0,-0.0005,0.0055,-0.0869,0.0045,-0.0105,-0.0062,Leaning Bearish,Mean Reversion Downside Bias
2026-10-08,FDX,FEDEX ,Industrials,291.65,0.008942625361077816,0.004442760710841487,0.023010277456241957,0.023010277456241957,11.3,0.40000000000000036,7.1000000000000005,8.3,8.3,46.0,-29.0,-10.0,46.0,46.0,-0.0265,-0.0232,0.0379,-0.0005,0.0011,-0.0067,Neutral,Mean Reversion Upside Bias
2026-10-08,FE,FIRSTENERGY CORP.,Utilities,44.85,0.00605652759084796,0.034840793724042474,0.03507962150934696,0.03507962150934696,27.6,4.800000000000001,23.400000000000002,20.200000000000003,20.200000000000003,-11.0,-6.0,27.0,-29.0,-29.0,-0.0119,-0.0275,0.0055,0.0032,-0.0001,-0.0011,Neutral,Crowded Short
2026-10-08,FERG,FERGUSON ENTERPRISES INC.,Industrials,216.73,0.007765274807030487,-0.029552679890744726,-0.02645764082292701,-0.02645764082292701,38.3,6.799999999999997,-8.300000000000004,-16.900000000000006,-16.900000000000006,26.0,0.0,14.0,-3.0,-3.0,0.0029,-0.0021,0.0179,-0.0003,0.006,-0.0013,Neutral,Crowded Short
2026-10-08,FFIV,"F5, INC.",Information Technology,461.66,-0.010693239044251457,0.016782662320500297,0.03701873399523792,0.03701873399523792,90.3,2.3999999999999915,-0.4000000000000057,6.3999999999999915,6.3999999999999915,-12.0,28.0,30.0,33.0,33.0,0.0202,0.0074,0.0911,-0.0038,-0.004,-0.0072,Leaning Bearish,Mean Reversion Upside Bias
2026-10-08,FICO,FAIR ISAAC ,Information Technology,707.42,0.038048980909477725,0.06982230623818508,0.19401826252806043,0.19401826252806043,22.0,4.300000000000001,16.6,21.8,21.8,-3.0,0.0,67.0,3.0,3.0,-0.1509,-0.1786,-0.1421,0.0064,-0.0218,-0.0108,Neutral,Mean Reversion Downside Bias
2026-10-08,FIS,FIDELITY NATIONAL INFORMATION SERVICES,Financials,34.355,0.015819041986989912,0.05903205918618992,0.04422492401215794,0.04422492401215794,15.3,0.8000000000000007,15.100000000000001,13.9,13.9,-28.0,5.0,-7.0,-15.0,-15.0,-0.0365,-0.0371,-0.1269,0.007,-0.0142,-0.0084,Topping,Mean Reversion Upside Bias
2026-10-08,FISV,"FISERV, INC.",Financials,45.94,0.013904215404987763,0.0356176735798015,0.016821602478972908,0.016821602478972908,37.9,1.6000000000000014,36.5,22.799999999999997,22.799999999999997,-31.0,0.0,11.0,-14.0,-14.0,-0.0368,-0.0155,-0.1945,0.0025,-0.0145,-0.0221,Leaning Bearish,Mean Reversion Upside Bias
2026-10-08,FITB,FIFTH THIRD BANCORP,Financials,50.7,0.011572226656025641,-0.003341851779044558,0.0023724792408066353,0.0023724792408066353,9.7,2.799999999999999,3.1999999999999993,-12.600000000000001,-12.600000000000001,-42.0,-51.0,21.0,-32.0,-32.0,-0.023,-0.0233,0.0062,-0.0025,-0.0041,-0.008,Leaning Bearish,Mean Reversion Upside Bias
2026-10-08,FIX,"COMFORT SYSTEMS USA, INC.",Industrials,1706.39,-0.02007075011198267,-0.012511501669550507,0.03161859390964228,0.03161859390964228,58.7,-2.1999999999999957,-13.299999999999997,-1.6999999999999957,-1.6999999999999957,29.0,17.0,43.0,14.0,14.0,0.0297,-0.0051,0.1825,-0.0064,0.0242,-0.0064,Neutral,Crowded Short
2026-10-08,FLEX,FLEX LTD.,Information Technology,114.74,-0.03854533266297977,-0.016036360517965864,0.04318574415855991,0.04318574415855991,63.3,1.5999999999999943,-6.700000000000003,12.5,12.5,29.0,-16.0,13.0,5.0,5.0,0.0216,-0.0577,0.1575,-0.0079,0.0204,-0.008,Neutral,Mean Reversion Upside Bias
2026-10-08,FOXA,FOX ,Communication Services,63.57,0.013875598086124263,0.02071290944123305,0.014684756584197878,0.014684756584197878,30.8,-1.4999999999999964,17.1,8.7,8.7,-5.0,21.0,12.0,-41.0,-41.0,-0.0252,0.0324,0.0253,0.0019,-0.0086,-0.0028,Neutral,Mean Reversion Upside Bias
2026-10-08,FRO,FRONTLINE PLC,MR Discretion,56.25,0.05992085924250978,0.06655290102389078,0.1416683580271969,0.1416683580271969,79.2,5.6000000000000085,-4.700000000000003,4.900000000000006,4.900000000000006,17.0,-9.0,-6.0,1.0,1.0,0.0092,0.0803,0.0976,0.0001,0.0032,0.0191,Neutral,Crowded Short
2026-10-08,FRT,FEDERAL REALTY INVESTMENT TRUST,Real Estate,105.46,0.003329844924364833,-0.011528728090730245,-0.026133530335211153,-0.026133530335211153,1.4,0.0,1.2,0.7999999999999999,0.7999999999999999,-24.0,-21.0,-33.0,-40.0,-40.0,-0.0235,-0.0343,-0.0289,-0.0008,-0.0061,0.0017,Leaning Bearish,Mean Reversion Upside Bias
2026-10-08,FSLR,"FIRST SOLAR, INC.",Information Technology,178.85,-0.00710597901515575,0.02428268713132109,0.0210664535282028,0.0210664535282028,18.8,-6.800000000000001,3.1000000000000014,-4.5,-4.5,50.0,18.0,26.0,50.0,50.0,-0.0495,-0.0236,0.0272,0.0076,0.0032,-0.0029,Buy,Crowded Short
2026-10-08,FTI,TECHNIPFMC PLC,MR Discretion,69.63,0.017982456140350767,0.011769834350479513,0.02517667844522964,0.02517667844522964,9.3,7.9,9.100000000000001,9.100000000000001,9.100000000000001,17.0,0.0,0.0,34.0,34.0,-0.0084,0.0089,0.1046,0.0002,-0.014,0.0015,Neutral,Crowded Short
2026-10-08,FTNT,"FORTINET, INC.",Information Technology,189.1,-0.0009509721048183151,0.04504006631666213,0.05784291787872009,0.05784291787872009,90.7,-0.7999999999999972,1.6000000000000085,17.200000000000003,17.200000000000003,-32.0,0.0,-42.0,-41.0,-41.0,0.0303,0.0332,0.0812,-0.0027,-0.0007,0.0004,Sell,Mean Reversion Upside Bias
2026-10-08,FTV,FORTIVE ,Industrials,56.42,-0.0017692852087757283,-0.018270401948842774,0.02937420178799477,0.02937420178799477,68.8,16.599999999999994,31.699999999999996,50.3,50.3,-28.0,-10.0,-26.0,-89.0,-89.0,0.005,-0.0396,-0.0086,-0.0027,-0.0038,-0.0051,Leaning Bearish,Crowded Short
2026-10-08,FVX,5 YR TSY YLD NDX,Yields,4.99,-0.005976095617529764,-0.01188118811881178,-0.01964636542239684,-0.01964636542239684,78.8,-11.100000000000009,-16.200000000000003,-17.0,-17.0,15.0,4.0,-10.0,58.0,58.0,0.0143,0.0581,0.0197,-0.0015,0.0004,-0.0028,Neutral,
2026-10-08,FXA,INVESCO:AU DOLLAR,Currencies,68.87,-0.0011602610587382323,0.00014522218995072222,0.0010174418604651514,0.0010174418604651514,3.4,3.1999999999999997,3.1999999999999997,1.1999999999999997,1.1999999999999997,9.0,-36.0,-24.0,19.0,19.0,-0.0084,-0.0023,0.0056,0.0002,0.0023,0.001,Neutral,Mean Reversion Upside Bias
2026-10-08,FXB,INVESCO:GBP STERLING,Currencies,127.1511,0.0011109361467600554,-0.0007772102161099914,-0.0037522526051868565,-0.0037522526051868565,7.7,3.9000000000000004,2.3,-0.4999999999999991,-0.4999999999999991,18.0,0.0,0.0,-20.0,-20.0,-0.0048,-0.0064,0.0016,0.0,-0.0011,-0.001,Neutral,Crowded Short
2026-10-08,FXC,INVESCO:CANADIAN DOLLAR,Currencies,68.7,0.002691357880540979,0.0023344032681644755,0.0005825808330905957,0.0005825808330905957,1.8,1.6,1.6,-8.799999999999999,-8.799999999999999,-15.0,-19.0,-24.0,-78.0,-78.0,-0.0062,-0.0039,-0.0015,0.0009,-0.0006,-0.0033,Bottoming,Mean Reversion Upside Bias
2026-10-08,FXE,INVESCO:EURO,Currencies,103.495,0.0015968257040550604,-0.0031304180312077268,-0.010090865614538425,-0.010090865614538425,1.0,0.4,0.8,0.0,0.0,23.0,-38.0,49.0,11.0,11.0,-0.0107,-0.0108,0.0082,0.0002,0.0015,-0.0002,Neutral,Crowded Short
2026-10-08,FXY,INVESCO:JAPANESE YEN,Currencies,58.05,0.0010346611484737256,-0.00034441191665235404,-0.0032623626373626813,-0.0032623626373626813,16.5,4.0,-34.5,-67.4,-67.4,4.0,0.0,-4.0,14.0,14.0,-0.0046,-0.005,-0.0069,0.001,0.0003,0.0032,Neutral,Mean Reversion Upside Bias
2026-10-08,GD,GENERAL DYNAMICS ,Industrials,329.93,0.010103174846156193,-0.00048471628949675605,-0.0057258234638217775,-0.0057258234638217775,10.1,1.5999999999999996,7.1,8.7,8.7,-16.0,-5.0,4.0,-16.0,-16.0,-0.0277,-0.0335,0.0236,-0.0027,-0.01,-0.0025,Leaning Bearish,Mean Reversion Upside Bias
2026-10-08,GDDY,GODADDY INC.,Information Technology,103.2,0.06161917498199787,0.06161917498199787,0.08051512930583171,0.08051512930583171,81.9,5.900000000000006,36.900000000000006,33.50000000000001,33.50000000000001,-58.0,-1.0,-4.0,-30.0,-30.0,0.0225,0.0135,-0.1121,0.0102,-0.0049,-0.0025,Topping,Mean Reversion Upside Bias
2026-10-08,GDX,VANECK:GOLD MINERS,Commodities,86.76,0.015093015093015083,-0.011619958988379975,-0.011845102505694705,-0.011845102505694705,11.3,6.300000000000001,5.500000000000001,-6.399999999999999,-6.399999999999999,-38.0,-16.0,-24.0,-72.0,-72.0,-0.0275,0.0276,0.1298,-0.0019,-0.0051,-0.003,Sell,Mean Reversion Upside Bias
2026-10-08,GDXJ,VANECK:JR GOLD MINERS,Commodities,110.89,0.016034451163642993,-0.02428508578970523,-0.026853883282141333,-0.026853883282141333,10.7,6.1,4.499999999999999,-11.8,-11.8,-41.0,-58.0,-21.0,-59.0,-59.0,-0.0273,0.0204,0.1304,-0.0028,-0.0068,-0.0058,Sell,Mean Reversion Upside Bias
2026-10-08,GE,GENERAL ELECTRIC COMPANY,Industrials,305.645,0.006702677777411736,-0.012646982814317198,-0.02127829901693945,-0.02127829901693945,18.5,4.4,7.6,0.8000000000000007,0.8000000000000007,-16.0,-22.0,-22.0,-53.0,-53.0,-0.0104,-0.0382,0.0489,-0.0045,-0.0064,-0.0067,Leaning Bearish,Mean Reversion Upside Bias
2026-10-08,GEHC,GE HEALTHCARE TECHNOLOGIES INC.,Health Care,64.22,-0.006958404205968827,-0.0010888163011355534,-0.017592167661006686,-0.017592167661006686,48.6,3.6000000000000014,38.900000000000006,39.2,39.2,-47.0,-50.0,-33.0,-103.0,-103.0,-0.0003,-0.018,-0.0661,-0.0011,-0.0028,-0.0073,Sell,Mean Reversion Upside Bias
2026-10-08,GEN,GEN DIGITAL INC.,Information Technology,22.75,0.01607860652076809,0.0345611641655299,0.03315168029064486,0.03315168029064486,14.1,1.5999999999999996,10.3,5.9,5.9,42.0,53.0,-4.0,42.0,42.0,-0.1109,-0.0625,-0.0286,0.0021,-0.011,0.0015,Bottoming,Mean Reversion Downside Bias
2026-10-08,GEOS,GEOSPACE TECHNOLOGIES ,MR Discretion,4.62,-0.014925373134328401,-0.03749999999999998,-0.05521472392638027,-0.05521472392638027,13.7,0.0,-22.2,-26.3,-26.3,-17.0,0.0,30.0,-14.0,-14.0,-0.0266,-0.0663,-0.0655,-0.003,-0.0196,-0.0196,Leaning Bearish,Mean Reversion Upside Bias
2026-10-08,GEV,GE VERNOVA INC.,Industrials,998.965,0.001709684535627698,0.010382320218468744,0.051000010520889205,0.051000010520889205,70.8,14.599999999999994,12.699999999999996,7.699999999999996,7.699999999999996,-31.0,-26.0,-10.0,-6.0,-6.0,0.0286,-0.0171,0.1608,-0.0089,0.0082,-0.0163,Neutral,Mean Reversion Upside Bias
2026-10-08,GGB,GERDAU SA,MR Discretion,4.92,-0.019920318725099584,-0.017964071856287345,0.04237288135593231,0.04237288135593231,22.8,-8.399999999999999,-12.7,-8.899999999999999,-8.899999999999999,31.0,-7.0,35.0,33.0,33.0,0.0187,0.0129,0.0157,-0.0029,0.0023,0.002,Neutral,Mean Reversion Upside Bias
2026-10-08,GILD,"GILEAD SCIENCES, INC.",Health Care,147.1,0.001702417432754455,0.016305098797844364,-0.013082858101308381,-0.013082858101308381,52.2,6.800000000000004,39.7,13.800000000000004,13.800000000000004,-16.0,0.0,-25.0,-50.0,-50.0,-0.0039,0.026,0.0735,-0.0034,-0.0179,-0.0041,Sell,Mean Reversion Upside Bias
2026-10-08,GIS,"GENERAL MILLS, INC.",Consumer Staples,32.605,0.026121164437450828,0.018587941268353614,0.013837064676616828,0.013837064676616828,21.4,10.099999999999998,15.999999999999998,19.599999999999998,19.599999999999998,-10.0,-24.0,-19.0,-12.0,-12.0,-0.0461,-0.0349,-0.0637,0.001,-0.0064,0.0013,Leaning Bearish,Crowded Short
2026-10-08,GL,GLOBE LIFE INC.,Financials,166.08,0.01633926932256302,0.002414292612264557,0.0025958345910050973,0.0025958345910050973,18.3,16.1,17.7,8.9,8.9,36.0,47.0,48.0,13.0,13.0,-0.0126,-0.0157,0.027,0.0011,-0.0022,-0.0066,Neutral,Mean Reversion Upside Bias
2026-10-08,GLATF,GLOBAL ATOMIC ,MR Discretion,0.2528,-0.05211848518935125,-0.09714285714285709,-0.0637037037037037,-0.0637037037037037,28.0,-2.8000000000000007,-8.700000000000003,-3.3000000000000007,-3.3000000000000007,20.0,9.0,-27.0,-8.0,-8.0,-0.1281,-0.0119,-0.1353,-0.0513,-0.0138,-0.0123,Leaning Bearish,
2026-10-08,GLD,SPDR GOLD,Commodities,378.67,0.007288590961083141,-0.003866996369758402,-0.005697930889612346,-0.005697930889612346,19.6,11.500000000000002,11.900000000000002,-3.299999999999997,-3.299999999999997,-38.0,24.0,4.0,-2.0,-2.0,-0.0152,0.011,0.0904,-0.001,-0.0052,-0.005,Sell,Mean Reversion Upside Bias
2026-10-08,GLW,CORNING INC.,Information Technology,152.84,-0.0636525148563376,-0.06912723064742066,-0.005983350676378674,-0.005983350676378674,20.4,-3.200000000000003,-40.9,-22.4,-22.4,21.0,17.0,43.0,33.0,33.0,0.022,-0.0834,0.1815,-0.0102,0.0153,-0.0069,Neutral,Mean Reversion Downside Bias
2026-10-08,GM,GENERAL MOTORS COMPANY,Consumer Discretionary,82.25,0.015432098765432167,0.05084962309952723,0.06818181818181812,0.06818181818181812,28.4,-3.5,19.099999999999998,20.2,20.2,21.0,10.0,47.0,34.0,34.0,-0.0296,0.0153,0.0646,0.0014,0.0024,-0.0108,Buy,Mean Reversion Downside Bias
2026-10-08,GNK,GENCO SHIPPING & TRADING LIMITED,MR Discretion,27.81,0.025820730357801525,0.005059631369714435,0.06307339449541272,0.06307339449541272,56.5,26.5,17.799999999999997,22.799999999999997,22.799999999999997,-14.0,-12.0,-43.0,-65.0,-65.0,-0.002,0.0342,0.0457,-0.0034,-0.0053,0.0069,Sell,Mean Reversion Upside Bias
2026-10-08,GNRC,GENERAC HOLDINGS INC.,Industrials,224.51,0.014321857775368096,0.03556273062730608,0.08485141338487567,0.08485141338487567,78.4,2.4000000000000057,2.0,6.5,6.5,-53.0,-22.0,-38.0,-22.0,-22.0,0.0523,-0.0095,0.0299,-0.0429,0.0285,-0.0023,Neutral,Mean Reversion Downside Bias
2026-10-08,GOOGL,ALPHABET INC.,Communication Services,348.29,-0.006305278174037032,0.01394468704512386,0.012235526621716009,0.012235526621716009,64.9,-2.0,17.500000000000007,7.700000000000003,7.700000000000003,-5.0,23.0,-8.0,-43.0,-43.0,0.0104,-0.0069,0.0841,0.0022,-0.0045,-0.0052,Neutral,Mean Reversion Upside Bias
2026-10-08,GPC,GENUINE PARTS COMPANY,Consumer Discretionary,128.17,0.022333891680625273,0.007309022320025171,0.0193255924924447,0.0193255924924447,33.1,23.400000000000002,23.0,19.400000000000002,19.400000000000002,22.0,19.0,29.0,-25.0,-25.0,-0.0157,-0.0178,-0.0017,0.0024,-0.0057,0.0142,Neutral,Mean Reversion Upside Bias
2026-10-08,GPN,GLOBAL PAYMENTS INC.,Financials,82.78,0.020966946225949634,0.05613676958407754,0.013591281988490245,0.013591281988490245,26.4,2.0,26.2,16.599999999999998,16.599999999999998,20.0,-20.0,18.0,16.0,16.0,-0.0303,0.0052,-0.0625,0.0056,-0.0152,-0.0028,Leaning Bearish,Crowded Short
2026-10-08,GREK,GLBL X MSCI GREECE,Foreign,79.52,-0.02560960666584977,-0.03577058324239124,-0.07211201866977834,-0.07211201866977834,4.6,-6.700000000000001,-7.5,-38.199999999999996,-38.199999999999996,-11.0,-26.0,-3.0,-87.0,-87.0,-0.0146,0.0027,0.0802,-0.0039,-0.0097,-0.002,Sell,Crowded Short
2026-10-08,GRMN,GARMIN LTD,Consumer Discretionary,268.44,-0.02795480880648904,-0.045241143832693176,-0.06414725979640212,-0.06414725979640212,35.5,-15.5,-15.5,-25.700000000000003,-25.700000000000003,13.0,21.0,-31.0,10.0,10.0,-0.0099,0.019,0.053,-0.0093,-0.0105,-0.0101,Sell,Crowded Short
2026-10-08,GS,"THE GOLDMAN SACHS GROUP, INC.",Financials,881.5,-0.006200676437429498,-0.02333362878922174,-0.020947176684881663,-0.020947176684881663,1.0,0.4,0.8,-2.0,-2.0,12.0,0.0,45.0,12.0,12.0,-0.027,-0.0351,0.0536,0.0055,-0.0043,-0.0078,Neutral,Mean Reversion Upside Bias
2026-10-08,GWW,"W.W. GRAINGER, INC.",Industrials,1268.67,0.004083861623572549,-0.00908380848238688,0.018390380169535092,0.018390380169535092,36.3,4.0,7.4999999999999964,26.9,26.9,-18.0,0.0,-30.0,-22.0,-22.0,0.0018,-0.0233,0.0214,0.0002,-0.0,-0.0105,Neutral,Mean Reversion Upside Bias
2026-10-08,HAL,HALLIBURTON COMPANY,Energy,32.57,0.025826771653543412,0.022605965463108335,0.02421383647798736,0.02421383647798736,9.3,6.700000000000001,9.100000000000001,8.3,8.3,22.0,5.0,19.0,48.0,48.0,-0.0181,-0.0151,0.008,0.002,-0.0009,0.0049,Bottoming,Crowded Short
2026-10-08,HAS,"HASBRO, INC.",Consumer Discretionary,92.5,0.019283746556473913,0.03305785123966931,0.05497262773722622,0.05497262773722622,58.7,3.700000000000003,31.900000000000002,48.1,48.1,-2.0,-28.0,-22.0,-79.0,-79.0,0.0081,0.0429,0.0296,0.0024,0.0177,-0.0036,Leaning Bullish,Crowded Short
2026-10-08,HBAN,HUNTINGTON BANCSHARES INC.,Financials,15.37,0.013183915622939857,0.002609262883235486,0.007208387942332806,0.007208387942332806,16.9,3.9999999999999982,8.399999999999999,-6.400000000000002,-6.400000000000002,12.0,0.0,26.0,-57.0,-57.0,-0.0203,-0.0329,-0.0101,-0.0004,-0.002,-0.0084,Neutral,Crowded Short
2026-10-08,HCA,"HCA HEALTHCARE, INC.",Health Care,445.04,0.01322769391890355,0.04300546063887145,0.042883254440643004,0.042883254440643004,73.6,10.099999999999994,9.099999999999994,17.599999999999994,17.599999999999994,-49.0,-22.0,-7.0,-23.0,-23.0,0.0122,-0.0058,0.0212,0.0025,-0.0089,0.0011,Neutral,Mean Reversion Upside Bias
2026-10-08,HD,"THE HOME DEPOT, INC.",Consumer Discretionary,295.46,0.03398075240594922,0.044581933887219316,0.03856023058806968,0.03856023058806968,47.0,23.0,38.1,37.2,37.2,-29.0,9.0,2.0,-47.0,-47.0,-0.0197,-0.0403,-0.0531,0.0129,-0.0045,-0.0095,Topping,Crowded Short
2026-10-08,HIG,THE HARTFORD FINANCIAL SERVICES GROUP,Financials,129.48,0.02017018594390163,0.02721142403808008,0.0581889506374631,0.0581889506374631,22.2,10.899999999999999,17.6,21.2,21.2,-5.0,-25.0,51.0,-5.0,-5.0,-0.0218,-0.027,0.003,0.0069,-0.0034,-0.005,Neutral,Crowded Short
2026-10-08,HII,"HUNTINGTON INGALLS INDUSTRIES, INC.",Industrials,265.11,0.01703303026815517,-0.01277277128174581,-0.007338899913880148,-0.007338899913880148,28.4,5.199999999999999,6.799999999999997,15.499999999999998,15.499999999999998,25.0,-1.0,-19.0,-31.0,-31.0,-0.0154,-0.0231,0.0487,-0.0023,-0.0059,0.0412,Leaning Bearish,Crowded Short
2026-10-08,HLT,HILTON WORLDWIDE HOLDINGS INC.,Consumer Discretionary,323.29,0.00861073846441851,0.012305861723446831,0.01625172890733051,0.01625172890733051,83.9,8.300000000000011,27.700000000000003,24.700000000000003,24.700000000000003,-18.0,-4.0,-13.0,-30.0,-30.0,0.0213,-0.0171,0.0253,0.0023,0.0026,-0.0037,Leaning Bullish,Mean Reversion Upside Bias
2026-10-08,HON,HONEYWELL INTERNATIONAL INC.,Industrials,206.6,-0.007255778194224294,-0.034534324033833386,-0.020574570968047823,-0.020574570968047823,64.1,3.3999999999999915,-7.1000000000000085,10.499999999999993,10.499999999999993,26.0,0.0,46.0,0.0,0.0,0.0024,-0.019,-0.002,-0.0068,0.0022,-0.0059,Neutral,Mean Reversion Upside Bias
2026-10-08,HOOD,"ROBINHOOD MARKETS, INC.",Financials,107.01,-0.022828965391288425,-0.05082490686535379,-0.048799999999999955,-0.048799999999999955,36.7,-1.5999999999999943,2.8000000000000043,-27.599999999999994,-27.599999999999994,7.0,-8.0,-1.0,50.0,50.0,-0.0032,-0.0053,0.1561,-0.0051,-0.0166,-0.0137,Leaning Bearish,Mean Reversion Upside Bias
2026-10-08,HOS,"HORNBECK OFFSHORE SERVICES, INC",MR Discretion,7.63,0.021419009370816644,0.005270092226614009,-0.007802340702210753,-0.007802340702210753,4.2,2.8000000000000003,2.4000000000000004,4.0,4.0,12.0,53.0,9.0,18.0,18.0,-0.0361,-0.0228,-0.0197,0.0003,-0.0122,-0.0059,Neutral,Mean Reversion Upside Bias
2026-10-08,HPE,HEWLETT PACKARD ENTERPRISE COMPANY,Information Technology,70.99,-0.015395284327323178,0.023943458820135488,0.11112850211300662,0.11112850211300662,76.8,8.299999999999997,2.3999999999999915,4.099999999999994,4.099999999999994,-8.0,-24.0,-9.0,-9.0,-9.0,0.0605,0.1071,0.1402,-0.0031,0.0102,0.0034,Bottoming,Crowded Long
2026-10-08,HPQ,HP INC.,Information Technology,32.45,0.006513647642679921,0.010273972602739878,0.03740409207161122,0.03740409207161122,43.8,-0.8000000000000043,-4.200000000000003,-2.6000000000000014,-2.6000000000000014,-13.0,-27.0,-12.0,-32.0,-32.0,-0.012,0.0824,-0.0222,0.0022,0.0022,-0.0032,Leaning Bullish,Crowded Long
2026-10-08,HRL,HORMEL FOODS ,Consumer Staples,19.42,-0.006649616368286426,-0.04098765432098761,-0.026078234704112302,-0.026078234704112302,7.9,-1.799999999999999,-3.799999999999999,7.7,7.7,9.0,30.0,5.0,-18.0,-18.0,-0.0172,-0.0609,-0.0604,-0.0016,0.0018,-0.0007,Neutral,Mean Reversion Upside Bias
2026-10-08,HSIC,"HENRY SCHEIN, INC.",Health Care,84.63,0.011594549366483298,-0.002945334590009452,0.00785994998213635,0.00785994998213635,26.8,9.900000000000002,20.6,10.7,10.7,0.0,-61.0,-22.0,-54.0,-54.0,-0.019,-0.0187,0.0197,-0.006,-0.0188,-0.0069,Sell,Crowded Short
2026-10-08,HST,"HOST HOTELS & RESORTS, INC.",Real Estate,22.54,0.013489208633093552,-0.0008865248226950229,0.006699419383653371,0.006699419383653371,51.0,4.399999999999999,-8.700000000000003,-10.600000000000001,-10.600000000000001,4.0,-18.0,-18.0,-18.0,-18.0,0.0081,0.0017,0.0149,-0.002,-0.0017,-0.0011,Leaning Bearish,Mean Reversion Upside Bias
2026-10-08,HSY,THE HERSHEY COMPANY,Consumer Staples,162.54,0.013720843208182565,0.014670079280853843,0.031279741133176664,0.031279741133176664,15.7,4.0,9.5,15.1,15.1,11.0,0.0,53.0,9.0,9.0,-0.0256,-0.0082,-0.0079,0.0043,-0.0026,0.0011,Bottoming,Mean Reversion Upside Bias
2026-10-08,HUBB,HUBBELL INC.,Industrials,475.02,-0.0008203445447089175,-0.0010514804845221937,0.047222222222222054,0.047222222222222054,70.4,3.1000000000000085,8.500000000000007,11.200000000000003,11.200000000000003,-19.0,-7.0,-9.0,-16.0,-16.0,0.0222,-0.0082,0.0064,0.0013,0.009,-0.0067,Leaning Bullish,Mean Reversion Upside Bias
2026-10-08,HUM,HUMANA INC.,Health Care,387.01,-0.023811325513936166,-0.0034761561437841593,0.014256886023534365,0.014256886023534365,31.2,-6.699999999999999,6.0,-0.10000000000000142,-0.10000000000000142,47.0,0.0,9.0,19.0,19.0,0.0145,-0.0128,0.053,0.0016,-0.0011,0.0553,Neutral,Crowded Short
2026-10-08,HWM,HOWMET AEROSPACE INC.,Industrials,222.59,-0.0007182940516273773,-0.03753188913391281,-0.015872314086126105,-0.015872314086126105,26.0,4.399999999999999,13.3,11.1,11.1,-30.0,0.0,-7.0,-72.0,-72.0,-0.0014,-0.0444,0.105,-0.0007,-0.0019,0.0045,Leaning Bearish,Mean Reversion Upside Bias
2026-10-08,HYD,VANECK:HIGH YIELD MUNI,Bonds,47.82,0.002936241610738355,-0.0029190992493745016,-0.004372267332916957,-0.004372267332916957,18.1,8.8,7.600000000000001,7.500000000000002,7.500000000000002,-32.0,-18.0,-16.0,-85.0,-85.0,-0.0029,-0.0177,-0.019,-0.0006,-0.0016,-0.002,Sell,Crowded Short
2026-10-08,HYG,ISHARES:IBOXX $HY CORP,Bonds,77.14,-0.0005182689816015662,0.002990508386425672,-0.0009066183136898776,-0.0009066183136898776,4.6,1.1999999999999997,4.3999999999999995,2.8,2.8,20.0,-8.0,0.0,-13.0,-13.0,-0.0071,-0.0016,0.0007,-0.0001,0.001,0.0137,Neutral,Crowded Short
2026-10-08,IBKR,"INTERACTIVE BROKERS GROUP, INC.",Financials,86.47,-0.01447458399817636,-0.020724801812004534,0.01229220323109348,0.01229220323109348,21.8,-2.8000000000000007,7.700000000000001,4.900000000000002,4.900000000000002,40.0,0.0,14.0,-20.0,-20.0,0.0016,-0.0017,0.097,-0.0014,0.0005,-0.0128,Neutral,Mean Reversion Upside Bias
2026-10-08,IBM,INTERNATIONAL BUSINESS MACHINES ,Information Technology,226.58,0.02748050063486307,0.017696730147323203,0.030236893557040956,0.030236893557040956,36.7,24.200000000000003,11.100000000000001,11.400000000000002,11.400000000000002,-21.0,-35.0,-11.0,-12.0,-12.0,-0.0255,-0.0709,0.0191,0.0039,-0.0192,-0.0112,Neutral,Mean Reversion Upside Bias
2026-10-08,ICE,"INTERCONTINENTAL EXCHANGE, INC.",Financials,155.33,0.017956615767743767,0.03449883449883462,0.021706242189041713,0.021706242189041713,51.0,13.5,36.9,17.299999999999997,17.299999999999997,-48.0,7.0,-79.0,-51.0,-51.0,-0.0048,0.0416,-0.0553,0.0035,-0.0047,-0.0059,Leaning Bearish,Mean Reversion Upside Bias
2026-10-08,ICL,ICL GROUP LTD,MR Discretion,5.0,-0.015748031496062964,-0.007936507936507908,-0.003984063745019806,-0.003984063745019806,6.9,1.5,1.9000000000000004,2.3000000000000007,2.3000000000000007,10.0,-32.0,-7.0,21.0,21.0,-0.0326,0.0038,0.0624,0.0005,0.0023,-0.0021,Neutral,Mean Reversion Upside Bias
2026-10-08,IDXX,"IDEXX LABORATORIES, INC.",Health Care,513.14,0.012769652831231326,-0.010127510175736432,-0.017330856584768073,-0.017330856584768073,77.6,37.099999999999994,39.699999999999996,50.699999999999996,50.699999999999996,-14.0,33.0,-26.0,-72.0,-72.0,0.0006,0.0141,0.0141,0.0003,-0.0023,0.0073,Neutral,Mean Reversion Upside Bias
2026-10-08,IEF,ISHARES:7-10 TRS BD ETF,Bonds,89.45,0.0038155089215576865,0.004491858506457058,0.0015675736199753931,0.0015675736199753931,18.1,13.100000000000001,17.5,14.3,14.3,-5.0,25.0,9.0,-41.0,-41.0,-0.0074,-0.0206,-0.004,0.0007,-0.001,0.0029,Neutral,Crowded Short
2026-10-08,IEX,IDEX ,Industrials,231.75,-0.004980464557125086,-0.005322116829048484,0.01653653829283286,0.01653653829283286,74.0,12.700000000000003,-2.0,27.6,27.6,5.0,-43.0,-9.0,-17.0,-17.0,0.0161,0.0115,0.0097,-0.0022,0.0085,-0.003,Topping,Mean Reversion Upside Bias
2026-10-08,IFF,INTERNATIONAL FLAVORS & FRAGRANCES INC.,Materials,84.65,0.0064201640708596575,0.027056539674836344,0.014015333013895459,0.014015333013895459,43.8,12.299999999999997,36.9,31.299999999999997,31.299999999999997,-10.0,0.0,-19.0,-46.0,-46.0,-0.0017,0.008,-0.0289,0.0001,-0.0076,-0.0025,Neutral,Mean Reversion Upside Bias
2026-10-08,INCY,INCYTE ,Health Care,112.75,-0.006082510578279243,-0.022116218560277567,-0.07086938607334148,-0.07086938607334148,7.1,3.6999999999999997,3.3,-8.6,-8.6,-20.0,0.0,-55.0,-76.0,-76.0,-0.0296,0.0163,0.0724,-0.007,-0.0069,-0.0142,Sell,Mean Reversion Upside Bias
2026-10-08,INDA,ISHARES:MSCI INDIA,Foreign,45.56,-0.011927998265018336,-0.020636285468615623,-0.023993144815766865,-0.023993144815766865,9.3,0.40000000000000036,3.9000000000000004,3.1000000000000005,3.1000000000000005,-56.0,-18.0,-32.0,-61.0,-61.0,-0.0127,-0.0175,-0.0429,-0.0025,-0.0041,-0.0013,Sell,Crowded Short
2026-10-08,INTC,INTEL ,Information Technology,107.08,-0.05339462517680349,-0.10265649878488226,-0.10937370040755223,-0.10937370040755223,51.0,0.3999999999999986,-25.0,-28.099999999999994,-28.099999999999994,22.0,0.0,-5.0,5.0,5.0,0.0263,-0.0093,0.2018,-0.0239,0.0143,0.0049,Neutral,Mean Reversion Downside Bias
2026-10-08,INTU,INTUIT INC.,Information Technology,303.88,0.022338850760328377,0.08111569659883311,0.10217257263066282,0.10217257263066282,56.5,8.899999999999999,42.0,45.7,45.7,-48.0,0.0,-31.0,-65.0,-65.0,-0.031,0.0198,-0.1333,0.0103,-0.0025,-0.0015,Leaning Bearish,Mean Reversion Upside Bias
2026-10-08,INVH,INVITATION HOMES INC.,Real Estate,26.48,0.023975251353441696,0.016897081413210557,0.005696923661222986,0.005696923661222986,24.0,17.8,20.2,22.6,22.6,-25.0,4.0,-13.0,-29.0,-29.0,-0.0157,-0.0137,-0.0336,0.0024,-0.003,0.0076,Leaning Bearish,Mean Reversion Downside Bias
2026-10-08,IP,INTERNATIONAL PAPER COMPANY,Materials,31.88,0.0018856065367693908,-0.0028151391929934766,-0.03889056376243605,-0.03889056376243605,27.6,0.0,12.3,1.9000000000000021,1.9000000000000021,-30.0,-13.0,-34.0,-76.0,-76.0,-0.035,-0.0409,-0.0362,-0.0076,-0.0056,-0.0212,Leaning Bearish,Mean Reversion Upside Bias
2026-10-08,IQV,IQVIA HOLDINGS INC,Health Care,258.88,0.0029832242067335812,0.002594787188722414,-0.03708387576715655,-0.03708387576715655,31.5,1.1000000000000014,21.0,-16.9,-16.9,4.0,-12.0,-29.0,31.0,31.0,-0.0076,0.0606,0.0102,-0.004,-0.0086,0.0128,Leaning Bearish,Mean Reversion Upside Bias
2026-10-08,IR,INGERSOLL RAND INC.,Industrials,78.0,0.009839461418954087,0.025371368476403422,0.038476900545866055,0.038476900545866055,87.5,13.900000000000006,37.7,39.1,39.1,-43.0,-54.0,-76.0,-46.0,-46.0,0.0245,-0.0055,-0.0283,-0.0025,0.0121,-0.0053,Topping,Crowded Short
2026-10-08,IRM,IRON MOUNTAIN INC.,Real Estate,112.97,-0.024017278617710636,-0.003704030337772335,0.01820639927895451,0.01820639927895451,49.4,-2.0,8.299999999999997,16.1,16.1,-15.0,-22.0,-10.0,-63.0,-63.0,0.0015,-0.0009,-0.0297,-0.0038,0.006,-0.0126,Topping,Mean Reversion Upside Bias
2026-10-08,ISRG,"INTUITIVE SURGICAL, INC.",Health Care,415.41,0.0021470616616809934,0.059854573287409174,0.021592110764085293,0.021592110764085293,99.4,-0.3999999999999915,15.900000000000006,6.800000000000011,6.800000000000011,-43.0,42.0,7.0,-34.0,-34.0,0.0175,-0.0346,-0.0513,-0.0002,-0.0096,-0.0032,Neutral,Mean Reversion Upside Bias
2026-10-08,IT,"GARTNER, INC.",Information Technology,195.41,0.05189212467029125,0.05741341991341975,0.047550123297952274,0.047550123297952274,87.9,5.6000000000000085,45.2,35.900000000000006,35.900000000000006,-61.0,-16.0,-50.0,-12.0,-12.0,0.0014,0.0937,-0.1655,0.0049,-0.0022,-0.0034,Leaning Bearish,Mean Reversion Upside Bias
2026-10-08,ITW,ILLINOIS TOOL WORKS INC.,Industrials,264.71,0.013632012253494086,0.006808154571732672,0.0288790422885572,0.0288790422885572,48.6,5.700000000000003,13.5,19.700000000000003,19.700000000000003,-9.0,-44.0,0.0,-24.0,-24.0,-0.0111,-0.0051,0.0215,-0.0011,-0.0025,-0.0051,Sell,Crowded Short
2026-10-08,IVZ,INVESCO LTD.,Financials,30.09,-0.01344262295081966,-0.018590998043052864,-0.0023209549071617763,-0.0023209549071617763,7.3,-3.2,-1.2000000000000002,-3.3,-3.3,4.0,-28.0,-13.0,-60.0,-60.0,-0.0047,0.0114,0.0366,0.0011,-0.0086,-0.006,Bottoming,Mean Reversion Upside Bias
2026-10-08,IWD,ISHARES:RUSS 1000 VL ETF,Sector & Style ETFs,252.0,0.004864821756120907,0.010506055016440863,0.016415923849473657,0.016415923849473657,20.0,5.1,18.2,15.4,15.4,4.0,0.0,-14.0,-32.0,-32.0,-0.0025,0.0261,0.0032,0.0012,-0.0013,-0.0003,Neutral,Mean Reversion Upside Bias
2026-10-08,IWF,ISHARES:RUSS 1000 GR ETF,Sector & Style ETFs,127.11,-0.012814538676607534,0.0003147871252067169,0.014769279897812515,0.014769279897812515,85.5,-2.4000000000000057,8.299999999999997,7.200000000000003,7.200000000000003,-27.0,-9.0,-13.0,-20.0,-20.0,0.018,0.0103,0.1059,-0.003,0.0019,-0.0343,Neutral,Crowded Short
2026-10-08,IWM,ISHARES:RUSS 2000 ETF,Sector & Style ETFs,277.63,-0.00032406740602053397,-0.013817845978971288,-0.0009356220087084477,-0.0009356220087084477,10.9,3.2,6.300000000000001,4.300000000000001,4.300000000000001,46.0,1.0,73.0,19.0,19.0,-0.0083,-0.0041,0.0088,-0.0024,0.0005,-0.004,Neutral,Mean Reversion Upside Bias
2026-10-08,J,JACOBS SOLUTIONS INC.,Industrials,138.555,0.016171617161716334,0.003585397653194322,0.024284763805721754,0.024284763805721754,41.5,13.899999999999999,27.0,35.5,35.5,-18.0,-8.0,-30.0,-54.0,-54.0,-0.0217,0.0143,-0.0025,-0.0025,-0.0061,-0.0115,Leaning Bearish,Crowded Short
2026-10-08,JBHT,"J. B. HUNT TRANSPORT SERVICES, INC.",Industrials,228.42,0.02596119295724031,-0.024679760888129842,0.019504574871680225,0.019504574871680225,3.8,1.9999999999999998,-5.500000000000001,-4.0,-4.0,-7.0,-23.0,-6.0,-7.0,-7.0,-0.0314,-0.0396,0.0165,0.0099,-0.001,-0.0019,Neutral,Mean Reversion Downside Bias
2026-10-08,JBL,JABIL INC.,Information Technology,299.15,-0.0008016299809613381,-0.017279327223153174,0.04284319877292053,0.04284319877292053,33.1,7.5,-1.6000000000000014,8.200000000000003,8.200000000000003,22.0,-29.0,2.0,-7.0,-7.0,-0.0006,-0.0056,0.0964,-0.0016,0.0173,-0.0063,Neutral,Mean Reversion Downside Bias
2026-10-08,JCI,JOHNSON CONTROLS INTERNATIONAL PLC,Industrials,154.0,-0.012377348810363675,-0.014336917562724039,0.03599058190380089,0.03599058190380089,78.8,2.3999999999999915,-7.900000000000006,3.299999999999997,3.299999999999997,25.0,14.0,1.0,25.0,25.0,0.0304,0.0292,0.0798,-0.0071,0.0084,0.0004,Neutral,Crowded Short
2026-10-08,JKHY,"JACK HENRY & ASSOCIATES, INC.",Financials,149.05,0.023062667307296447,0.04567139048688107,0.040561295727450375,0.040561295727450375,28.0,3.1999999999999993,27.0,25.8,25.8,-17.0,0.0,-5.0,-44.0,-44.0,-0.0245,0.0029,-0.0326,0.0049,-0.0069,-0.0057,Leaning Bearish,Mean Reversion Upside Bias
2026-10-08,JNJ,JOHNSON & JOHNSON,Health Care,256.51,-0.00708368816288607,0.0018747802991838647,-0.031087104328775483,-0.031087104328775483,7.7,-0.7999999999999998,7.5,-4.1000000000000005,-4.1000000000000005,-18.0,-53.0,-41.0,-62.0,-62.0,-0.0124,0.0074,0.0533,-0.001,-0.0044,-0.0006,Sell,Mean Reversion Upside Bias
2026-10-08,JNK,SPDR BBG HIGH YIELD BD,Bonds,92.73,-0.00021563342318053902,0.0036800519536746013,-0.00021563342318053902,-0.00021563342318053902,5.4,1.6000000000000005,4.800000000000001,3.6000000000000005,3.6000000000000005,33.0,-20.0,9.0,0.0,0.0,-0.0079,-0.0053,-0.0056,-0.0,0.0022,0.0115,Neutral,Crowded Short
2026-10-08,JPM,JPMORGAN CHASE & CO.,Financials,331.45,0.00597911861114464,-0.0027980022865394805,0.0018740742979779235,0.0018740742979779235,3.4,2.2,2.8,1.5999999999999999,1.5999999999999999,20.0,-8.0,46.0,-14.0,-14.0,-0.0216,0.0045,0.0384,0.0004,0.0013,-0.0037,Neutral,Crowded Short
2026-10-08,KDP,KEURIG DR PEPPER INC.,Consumer Staples,31.26,0.023575638506876384,0.029305235429700316,0.03032300593276216,0.03032300593276216,40.7,20.300000000000004,29.800000000000004,20.200000000000003,20.200000000000003,-28.0,-75.0,-75.0,-24.0,-24.0,-0.0091,-0.0194,-0.0149,0.0003,0.0025,0.0044,Neutral,Mean Reversion Downside Bias
2026-10-08,KEY,KEYCORP,Financials,20.1,0.012849584278155746,0.0009960159362552012,0.001494768310911887,0.001494768310911887,8.9,5.9,6.7,-8.799999999999999,-8.799999999999999,-21.0,-30.0,27.0,-66.0,-66.0,-0.0211,-0.0214,0.0052,-0.0003,-0.0021,-0.0061,Neutral,Mean Reversion Upside Bias
2026-10-08,KEYS,"KEYSIGHT TECHNOLOGIES, INC.",Information Technology,374.6,-0.01782905086523323,-0.026102329450915063,0.02900780134051195,0.02900780134051195,86.1,-1.8000000000000114,-10.5,-2.5,-2.5,12.0,0.0,16.0,32.0,32.0,0.0492,0.0403,0.1114,-0.009,0.0086,0.0021,Neutral,Mean Reversion Upside Bias
2026-10-08,KHC,THE KRAFT HEINZ COMPANY,Consumer Staples,22.47,0.021828103683492417,0.012618296529968376,-0.011003521126760618,-0.011003521126760618,5.4,3.6000000000000005,4.800000000000001,4.800000000000001,4.800000000000001,20.0,-3.0,18.0,40.0,40.0,-0.0355,-0.0049,-0.0306,0.001,-0.0089,0.0006,Neutral,Mean Reversion Upside Bias
2026-10-08,KIM,KIMCO REALTY .,Real Estate,22.09,0.010983981693363676,-0.006744604316546665,-0.0054029716343989564,-0.0054029716343989564,13.7,13.1,12.7,12.299999999999999,12.299999999999999,4.0,25.0,25.0,-14.0,-14.0,-0.0122,-0.0328,-0.0029,-0.0001,-0.0006,-0.0042,Neutral,Crowded Short
2026-10-08,KKR,KKR & CO. INC.,Financials,89.56,-0.0012267201962752328,-0.008085059253516436,-0.01905805038335151,-0.01905805038335151,8.5,6.7,8.3,4.7,4.7,-21.0,21.0,0.0,-33.0,-33.0,-0.036,0.0038,-0.0551,-0.0002,-0.0084,-0.0173,Neutral,Mean Reversion Upside Bias
2026-10-08,KLAC,KLA ,Information Technology,196.72,-0.0005588578976782888,-0.04915655662429308,0.009182783563330466,0.009182783563330466,72.8,11.899999999999999,-14.5,-1.9000000000000057,-1.9000000000000057,5.0,-19.0,-13.0,2.0,2.0,0.047,-0.049,0.1924,-0.0046,0.0146,0.0081,Neutral,Mean Reversion Upside Bias
2026-10-08,KMB,KIMBERLY-CLARK ,Consumer Staples,97.74,0.013059701492537323,0.03582026282323003,0.003181771528276478,0.003181771528276478,52.4,8.199999999999996,51.0,42.2,42.2,-32.0,-17.0,-1.0,-61.0,-61.0,-0.0069,-0.0383,-0.0502,0.0028,-0.0086,-0.0037,Topping,Mean Reversion Upside Bias
2026-10-08,KMI,"KINDER MORGAN, INC.",Energy,32.25,0.013513513513513598,0.03797875764402958,0.06965174129353247,0.06965174129353247,78.0,18.700000000000003,47.6,74.6,74.6,-19.0,-14.0,2.0,1.0,1.0,0.0079,-0.0112,0.0431,0.0018,0.0047,-0.0196,Leaning Bullish,Mean Reversion Upside Bias
2026-10-08,KO,THE COCA-COLA COMPANY,Consumer Staples,87.76,0.022784220033797542,0.024635143023934658,0.019516728624535462,0.019516728624535462,30.4,15.099999999999998,26.0,17.5,17.5,10.0,-37.0,43.0,1.0,1.0,-0.0053,0.0221,0.0424,0.0038,-0.0057,0.0034,Bottoming,Crowded Short
2026-10-08,KR,THE KROGER CO.,Consumer Staples,61.47,0.03746835443037977,0.04133491445027948,0.048618219037871,0.048618219037871,88.7,9.100000000000009,23.799999999999997,22.0,22.0,-57.0,17.0,-35.0,-42.0,-42.0,-0.0039,0.0092,0.0091,0.009,-0.0028,-0.0008,Neutral,Mean Reversion Downside Bias
2026-10-08,KVUE,KENVUE INC.,Consumer Staples,17.73,0.01083238312428736,0.030813953488372237,0.003963759909399789,0.003963759909399789,41.1,8.399999999999999,40.5,29.700000000000003,29.700000000000003,-32.0,0.0,-5.0,-30.0,-30.0,-0.0068,-0.0263,-0.0497,0.0014,-0.0066,-0.0069,Topping,Mean Reversion Upside Bias
2026-10-08,L,LOEWS ,Financials,107.6,0.018264408062837134,0.01480713005753076,0.030355261897921926,0.030355261897921926,33.1,17.8,22.6,24.900000000000002,24.900000000000002,-14.0,-18.0,-26.0,-23.0,-23.0,-0.0038,-0.0208,0.0384,0.002,-0.003,0.0005,Neutral,Crowded Short
2026-10-08,LDOS,"LEIDOS HOLDINGS, INC.",Industrials,119.22,0.0499339498018494,0.01257006964498042,-0.0214232947549865,-0.0214232947549865,38.7,23.400000000000002,24.6,28.1,28.1,-14.0,2.0,2.0,-39.0,-39.0,-0.0414,0.0163,-0.0386,0.0007,-0.0147,-0.0206,Neutral,Crowded Short
2026-10-08,LEN,LENNAR ,Consumer Discretionary,77.6,0.01944298476090367,-0.027690765568224585,-0.048903051844588874,-0.048903051844588874,59.3,19.799999999999997,23.0,6.899999999999999,6.899999999999999,-28.0,26.0,-15.0,-25.0,-25.0,-0.0158,-0.0415,-0.0968,0.0011,-0.004,-0.004,Topping,Mean Reversion Downside Bias
2026-10-08,LH,LABORATORY  OF AMERICA HOLDINGS,Health Care,314.2,0.007148123216975888,0.018509514084735335,0.019765668105546697,0.019765668105546697,54.2,21.1,38.5,35.300000000000004,35.300000000000004,-8.0,-45.0,-67.0,-69.0,-69.0,-0.0184,0.0069,0.0459,-0.0008,-0.0049,0.0022,Sell,Crowded Short
2026-10-08,LHX,"L3HARRIS TECHNOLOGIES, INC.",Industrials,236.84,0.013652899636207971,0.0010143702451395065,0.00025339978038685373,0.00025339978038685373,18.1,4.800000000000001,13.100000000000001,15.100000000000001,15.100000000000001,-33.0,-22.0,5.0,-42.0,-42.0,-0.0191,-0.0541,0.0106,-0.0015,-0.0058,-0.0096,Leaning Bearish,Mean Reversion Upside Bias
2026-10-08,LII,LENNOX INTERNATIONAL INC.,Industrials,361.54,0.008676729068437306,0.014706707830479893,0.018365162526055023,0.018365162526055023,37.9,7.5,21.4,14.2,14.2,-34.0,-13.0,-38.0,-18.0,-18.0,-0.0058,-0.1293,-0.0252,-0.0017,0.0014,-0.0069,Neutral,Mean Reversion Upside Bias
2026-10-08,LIN,LINDE PUBLIC LIMITED COMPANY,Materials,481.7,-0.004710938468531767,0.0046300158505045985,0.014853049615506153,0.014853049615506153,83.5,2.299999999999997,38.5,55.0,55.0,1.0,18.0,20.0,-3.0,-3.0,0.014,-0.0361,-0.0024,0.0017,0.0016,-0.0015,Leaning Bullish,Crowded Short
2026-10-08,LITE,LUMENTUM HOLDINGS INC.,Information Technology,1048.6,-0.05622508032797213,-0.033922352637688835,0.07962852377324281,0.07962852377324281,55.8,-2.700000000000003,-26.900000000000006,1.0,1.0,29.0,-16.0,27.0,30.0,30.0,0.0589,0.0398,0.3276,-0.0108,0.0245,0.0014,Neutral,Mean Reversion Upside Bias
2026-10-08,LLY,ELI LILLY AND COMPANY,Health Care,1169.93,-0.01559160594382647,0.023695148094675655,0.011105541535589625,0.011105541535589625,71.6,-8.800000000000011,47.599999999999994,36.699999999999996,36.699999999999996,-56.0,-38.0,-48.0,-58.0,-58.0,0.0094,0.0172,0.0321,-0.0027,-0.0009,0.0035,Sell,Mean Reversion Upside Bias
2026-10-08,LMT,LOCKHEED MARTIN ,Industrials,507.98,0.01789399859733498,0.005084980510872361,-0.0024938635247913066,-0.0024938635247913066,29.2,6.800000000000001,7.399999999999999,8.3,8.3,-17.0,0.0,13.0,-34.0,-34.0,-0.0206,-0.0265,-0.0007,-0.0029,-0.0084,-0.0088,Leaning Bearish,Mean Reversion Upside Bias
2026-10-08,LNT,ALLIANT ENERGY ,Utilities,65.5,0.004447170679343859,0.018187470853412213,0.034755134281200695,0.034755134281200695,28.4,7.199999999999999,17.5,24.599999999999998,24.599999999999998,-5.0,-5.0,-17.0,-5.0,-5.0,-0.0128,-0.0494,0.0183,0.0017,-0.0028,-0.0035,Neutral,Crowded Short
2026-10-08,LOW,"LOWE'S COMPANIES, INC.",Consumer Discretionary,188.85,0.0402093087303772,0.04452433628318575,0.024743610613706668,0.024743610613706668,43.1,25.8,35.800000000000004,22.6,22.6,-14.0,-18.0,49.0,-51.0,-51.0,-0.0193,-0.0386,-0.038,0.01,-0.004,-0.0133,Neutral,Crowded Short
2026-10-08,LQD,ISHARES:IBOXX $IG CORP,Bonds,102.47,0.0036238981390794844,0.006284984778552438,0.0028381287923271437,0.0028381287923271437,23.2,15.899999999999999,20.599999999999998,14.2,14.2,-5.0,44.0,-8.0,-25.0,-25.0,-0.0073,-0.008,-0.009,0.0,0.0012,0.0014,Neutral,Crowded Short
2026-10-08,LRCX,LAM RESEARCH ,Information Technology,320.59,-0.027070498619161887,-0.07741229963452201,-0.02410885513378591,-0.02410885513378591,49.0,7.899999999999999,-27.400000000000006,-14.5,-14.5,37.0,-14.0,-1.0,7.0,7.0,0.0587,-0.0192,0.1939,-0.0042,0.0152,0.0096,Neutral,Mean Reversion Upside Bias
2026-10-08,LULU,LULULEMON ATHLETICA INC.,Consumer Discretionary,92.68,0.008707009142359778,-0.0188439551132753,-0.03649027965484963,-0.03649027965484963,42.3,15.499999999999996,30.999999999999996,23.599999999999998,23.599999999999998,26.0,34.0,62.0,3.0,3.0,-0.0225,-0.0376,-0.1056,-0.0005,-0.0128,-0.0223,Neutral,Mean Reversion Upside Bias
2026-10-08,LUV,SOUTHWEST AIRLINES CO.,Industrials,41.36,-0.00886652288521439,-0.02613609606781253,-0.00672430355427478,-0.00672430355427478,73.6,-5.200000000000003,-10.300000000000011,-9.900000000000006,-9.900000000000006,-14.0,-4.0,17.0,4.0,4.0,0.019,-0.0455,0.0179,-0.0065,0.0034,-0.0039,Neutral,Mean Reversion Upside Bias
2026-10-08,LVS,LAS VEGAS SANDS CORP.,Consumer Discretionary,36.095,0.007677275265215,-0.0037261937620756136,-0.04535837080137539,-0.04535837080137539,2.2,0.8000000000000003,2.0,2.0,2.0,-42.0,-1.0,-21.0,-56.0,-56.0,-0.049,-0.0445,-0.0628,0.0009,-0.0045,-0.0155,Leaning Bearish,Mean Reversion Upside Bias
2026-10-08,LYB,LYONDELLBASELL INDUSTRIES NV,Materials,60.355,0.031885792443152594,0.0303004438374872,0.05020010440229683,0.05020010440229683,28.0,13.1,9.899999999999999,16.6,16.6,16.0,-27.0,-41.0,-35.0,-35.0,-0.0258,0.0182,-0.0627,0.0038,0.0041,-0.0006,Leaning Bullish,Mean Reversion Upside Bias
2026-10-08,LYV,"LIVE NATION ENTERTAINMENT, INC.",Communication Services,171.43,0.0034535237649262474,0.0157610949813356,0.012581216774955717,0.012581216774955717,53.4,6.399999999999999,40.099999999999994,39.3,39.3,-5.0,21.0,-9.0,-61.0,-61.0,-0.0028,-0.0119,0.0322,0.0015,-0.0017,-0.0119,Neutral,Mean Reversion Upside Bias
2026-10-08,MA,MASTERCARD INC..,Financials,574.75,0.008280265950914911,0.04072357223047107,0.04221444502874139,0.04221444502874139,70.0,7.5,65.8,63.0,63.0,-8.0,-10.0,4.0,-35.0,-35.0,-0.0021,0.0044,0.0056,0.0071,-0.0034,-0.0071,Bottoming,Mean Reversion Upside Bias
2026-10-08,MAA,"MID-AMERICA APARTMENT COMMUNITIES, INC.",Real Estate,116.19,0.01733648542159183,0.00798126138631039,-0.013164599966026813,-0.013164599966026813,19.6,16.6,19.0,17.8,17.8,12.0,26.0,75.0,12.0,12.0,-0.0196,-0.0323,-0.0298,0.0015,-0.0052,-0.0008,Neutral,Crowded Short
2026-10-08,MAR,"MARRIOTT INTERNATIONAL, INC.",Consumer Discretionary,361.08,0.01284712482468442,0.005905950523735326,0.015210729046587934,0.015210729046587934,96.2,5.900000000000006,10.700000000000003,15.5,15.5,-21.0,0.0,-3.0,-19.0,-19.0,0.0212,-0.0194,0.0343,-0.0006,0.0041,-0.0048,Neutral,Mean Reversion Upside Bias
2026-10-08,MAS,MASCO ,Industrials,69.5,0.009294220156840005,0.016676418958455175,0.03115727002967361,0.03115727002967361,62.9,15.100000000000001,29.4,28.799999999999997,28.799999999999997,-48.0,-8.0,-51.0,-86.0,-86.0,0.0021,-0.0435,-0.0368,-0.0008,-0.0027,-0.0078,Leaning Bearish,Mean Reversion Upside Bias
2026-10-08,MCD,MCDONALD'S ,Consumer Discretionary,236.86,0.025945337202754937,0.0214325757902456,0.025634363904044388,0.025634363904044388,26.0,16.7,23.0,25.0,25.0,-30.0,-23.0,-16.0,-30.0,-30.0,-0.0309,-0.0353,-0.0181,0.0055,-0.0072,-0.0053,Neutral,Mean Reversion Downside Bias
2026-10-08,MCHI,ISHARES:MSCI CHINA,Foreign,51.36,-0.005422153369481042,0.0023419203747072626,-0.015903429775819045,-0.015903429775819045,39.1,4.0,32.9,17.400000000000002,17.400000000000002,-14.0,10.0,37.0,-20.0,-20.0,-0.0057,-0.0076,-0.0097,-0.0005,-0.0019,-0.0273,Neutral,Crowded Short
2026-10-08,MCHP,MICROCHIP TECHNOLOGY INC.,Information Technology,75.52,-0.0320430658805434,-0.0713231677324151,-0.02893146457502893,-0.02893146457502893,66.9,-1.1999999999999886,-13.099999999999994,-8.599999999999994,-8.599999999999994,12.0,-10.0,4.0,-2.0,-2.0,0.0287,-0.017,-0.0604,-0.0083,0.0078,0.0037,Topping,Crowded Short
2026-10-08,MCK,MCKESSON ,Health Care,930.25,0.021882174596025594,0.030999246353681897,0.0895281151544256,0.0895281151544256,67.3,18.299999999999997,34.599999999999994,48.4,48.4,0.0,-37.0,-37.0,-54.0,-54.0,0.0172,0.0376,0.088,0.0032,-0.0064,-0.0042,Bottoming,Crowded Short
2026-10-08,MCO,MOODY'S ,Financials,458.69,0.02000244610235824,0.039264999093710395,0.010041177636359588,0.010041177636359588,30.0,19.1,28.6,24.2,24.2,-32.0,-2.0,-20.0,-21.0,-21.0,-0.0149,-0.0157,-0.0312,0.0053,-0.0099,-0.0013,Topping,Mean Reversion Upside Bias
2026-10-08,MDLZ,"MONDELEZ INTERNATIONAL, INC.",Consumer Staples,60.67,0.021724486359043338,0.04261900670218255,0.04929090280179871,0.04929090280179871,28.0,12.3,16.7,21.4,21.4,-33.0,-45.0,-47.0,-37.0,-37.0,-0.014,0.0024,-0.0316,0.0046,-0.0019,-0.0014,Leaning Bearish,Crowded Short
2026-10-08,MDT,MEDTRONIC PUBLIC LIMITED COMPANY,Health Care,87.75,0.026435840449175352,0.01586015281315123,0.016919689419399697,0.016919689419399697,33.1,14.3,16.200000000000003,12.600000000000001,12.600000000000001,3.0,-14.0,-33.0,-29.0,-29.0,-0.025,0.0097,0.0012,0.0017,-0.0067,-0.0029,Neutral,Crowded Short
2026-10-08,MDY,SPDR S&P MIDCAP 400 ETF,Sector & Style ETFs,666.26,0.003494291652860193,-0.005077203356927407,0.014542187571378484,0.014542187571378484,24.0,6.699999999999999,12.3,16.2,16.2,2.0,-87.0,-9.0,-25.0,-25.0,-0.0015,-0.0048,-0.0084,-0.0011,0.0042,-0.003,Topping,Crowded Short
2026-10-08,MET,"METLIFE, INC.",Financials,98.48,0.02808226328426766,0.04288891242189985,0.04587935429056933,0.04587935429056933,52.6,10.300000000000004,44.9,13.399999999999999,13.399999999999999,-31.0,-44.0,-19.0,-47.0,-47.0,-0.0006,0.009,-0.002,0.0019,-0.0028,-0.0075,Leaning Bearish,Mean Reversion Upside Bias
2026-10-08,META,"META PLATFORMS, INC.",Communication Services,720.89,-0.0005822739182874681,-0.009875288429842977,-0.005915772635759375,-0.005915772635759375,81.9,3.5,-9.199999999999989,-12.299999999999997,-12.299999999999997,-78.0,-4.0,-34.0,-18.0,-18.0,0.0302,0.0222,0.0084,-0.005,-0.0204,-0.0008,Sell,Mean Reversion Downside Bias
2026-10-08,MGM,MGM RESORTS INTERNATIONAL,Consumer Discretionary,30.01,-0.0003331112591604679,-0.015419947506561615,-0.03349436392914651,-0.03349436392914651,1.0,-0.8,0.4,-2.4,-2.4,27.0,-28.0,19.0,27.0,27.0,-0.0877,-0.1023,-0.0407,0.002,0.0016,0.001,Leaning Bullish,Mean Reversion Downside Bias
2026-10-08,MKC,"MCCORMICK & COMPANY, INC.",Consumer Staples,45.94,0.014800088358736252,0.02843071412581133,-0.00991379310344831,-0.00991379310344831,17.7,2.0,9.2,13.5,13.5,47.0,0.0,51.0,20.0,20.0,-0.0491,-0.0385,-0.0473,0.0032,-0.0064,-0.0083,Neutral,Crowded Short
2026-10-08,MLM,"MARTIN MARIETTA MATERIALS, INC.",Materials,481.71,0.005636625540176521,-0.0011611752752607174,0.003959900794064275,0.003959900794064275,31.9,5.099999999999998,7.899999999999999,4.199999999999999,4.199999999999999,-21.0,-25.0,4.0,-61.0,-61.0,-0.0157,-0.0435,-0.0179,-0.0003,0.0016,-0.0085,Neutral,Mean Reversion Upside Bias
2026-10-08,MMM,3M COMPANY,Industrials,163.58,0.00900567480878367,0.010439187102353698,-0.0034724337496192526,-0.0034724337496192526,49.8,12.699999999999996,26.999999999999996,26.099999999999998,26.099999999999998,3.0,-7.0,-9.0,-53.0,-53.0,-0.0048,0.0013,0.0284,-0.0003,0.0034,-0.0032,Neutral,Crowded Short
2026-10-08,MNST,MONSTER BEVERAGE ,Consumer Staples,43.65,0.017957089552238736,0.01653469958081044,0.04877462758289286,0.04877462758289286,39.1,5.600000000000001,17.900000000000002,33.300000000000004,33.300000000000004,22.0,18.0,-9.0,2.0,2.0,-0.0102,-0.0154,0.0494,0.0014,-0.0013,-0.0038,Neutral,Mean Reversion Upside Bias
2026-10-08,MO,"ALTRIA GROUP, INC.",Consumer Staples,71.41,0.029110822885141996,0.0602821083890126,0.060439560439560225,0.060439560439560225,78.4,11.900000000000006,59.400000000000006,59.10000000000001,59.10000000000001,-2.0,22.0,36.0,6.0,6.0,-0.0023,0.0069,0.0489,0.0104,0.0012,0.0016,Buy,Mean Reversion Upside Bias
2026-10-08,MOS,THE MOSAIC COMPANY,Materials,19.74,-0.011517275913870861,-0.06312292358803995,-0.08822170900692838,-0.08822170900692838,0.6,0.39999999999999997,-3.6,-14.700000000000001,-14.700000000000001,-15.0,0.0,-45.0,-43.0,-43.0,-0.0741,-0.0236,-0.0164,-0.0069,-0.0058,-0.0036,Sell,Mean Reversion Upside Bias
2026-10-08,MP,MP MATERIALS CORP,MR Discretion,46.15,-0.0033473706943094594,-0.017457951884181422,-0.02410657644322267,-0.02410657644322267,29.6,15.900000000000002,14.3,13.3,13.3,6.0,-19.0,0.0,-34.0,-34.0,-0.0256,-0.0464,0.1035,-0.0014,0.008,-0.0122,Neutral,Mean Reversion Upside Bias
2026-10-08,MPC,MARATHON PETROLEUM ,Energy,463.63,0.048319992764437325,0.09779082707835118,0.17250012644782764,0.17250012644782764,82.3,17.39999999999999,24.599999999999994,44.699999999999996,44.699999999999996,45.0,-1.0,-6.0,7.0,7.0,0.032,0.081,0.0986,0.0073,0.0011,0.0198,Buy,Crowded Short
2026-10-08,MPWR,"MONOLITHIC POWER SYSTEMS, INC.",Information Technology,1369.8,-0.039397467005147346,-0.048571607176345566,0.016760440017220546,0.016760440017220546,74.4,-5.199999999999989,-7.299999999999997,5.300000000000011,5.300000000000011,-7.0,-12.0,10.0,0.0,0.0,0.0763,0.0318,0.058,-0.0104,0.0141,0.0075,Neutral,Crowded Short
2026-10-08,MRK,"MERCK & CO., INC.",Health Care,142.41,-0.002661250787870273,-0.013097713097713237,-0.019957332599270572,-0.019957332599270572,19.6,6.300000000000001,17.8,8.200000000000001,8.200000000000001,25.0,-19.0,-11.0,-19.0,-19.0,-0.0052,0.0512,0.0254,-0.0033,-0.0094,0.0137,Leaning Bearish,Mean Reversion Upside Bias
2026-10-08,MRNA,"MODERNA, INC.",Health Care,197.0,0.0026465798045602895,0.036787537498026435,0.0230046216960067,0.0230046216960067,95.8,0.0,10.700000000000003,21.5,21.5,2.0,0.0,-21.0,37.0,37.0,0.0919,0.2908,0.0986,-0.0072,-0.0088,0.0211,Leaning Bearish,Mean Reversion Upside Bias
2026-10-08,MRSH,"MARSH & MCLENNAN COMPANIES, INC.",Financials,176.67,0.01733271910629952,0.03886863459955303,0.034791776489193404,0.034791776489193404,53.8,15.099999999999994,51.599999999999994,50.8,50.8,7.0,49.0,49.0,-20.0,-20.0,-0.0102,-0.0119,-0.0186,0.0048,0.001,-0.0047,Buy,Mean Reversion Upside Bias
2026-10-08,MRVL,"MARVELL TECHNOLOGY, INC.",Information Technology,274.66,-0.035197414641000346,0.008703955341731184,0.03955187161727425,0.03955187161727425,79.6,-0.8000000000000114,-9.100000000000009,-4.300000000000011,-4.300000000000011,14.0,-12.0,-12.0,14.0,14.0,0.0648,0.0153,0.1718,-0.0107,0.0309,0.0036,Neutral,Mean Reversion Upside Bias
2026-10-08,MS,MORGAN STANLEY,Financials,187.39,-0.011916688636962935,-0.015343387105249406,-0.003668651637601106,-0.003668651637601106,1.0,0.4,0.8,0.8,0.8,12.0,0.0,38.0,32.0,32.0,-0.0291,-0.0356,0.047,0.0006,-0.0034,-0.0172,Neutral,Mean Reversion Upside Bias
2026-10-08,MSCI,MSCI INC.,Financials,561.97,0.011865749576866369,0.04854930497247878,0.04327405042141619,0.04327405042141619,71.6,19.39999999999999,64.69999999999999,53.49999999999999,53.49999999999999,-36.0,4.0,-39.0,-76.0,-76.0,0.0025,-0.0206,-0.0126,0.0019,-0.0027,-0.0088,Neutral,Mean Reversion Upside Bias
2026-10-08,MSFT,MICROSOFT ,Information Technology,522.61,-0.013496677740863716,0.00981585608563762,0.018931565607331002,0.018931565607331002,83.5,-8.400000000000006,19.799999999999997,15.200000000000003,15.200000000000003,-24.0,19.0,-27.0,-12.0,-12.0,0.0164,0.0497,-0.0101,-0.0017,0.0001,0.0014,Neutral,Mean Reversion Upside Bias
2026-10-08,MSI,"MOTOROLA SOLUTIONS, INC.",Information Technology,447.12,-0.0026989048245711356,-0.0006481750519657936,0.002578648788035043,0.002578648788035043,26.0,-10.700000000000003,10.7,21.4,21.4,4.0,9.0,0.0,-8.0,-8.0,-0.0091,0.0361,0.0196,0.0001,-0.0071,-0.0062,Neutral,Mean Reversion Upside Bias
2026-10-08,MTB,M&T BANK ,Financials,217.56,0.004293034205788748,-0.007210002737975674,-0.00018382352941170854,-0.00018382352941170854,3.8,0.3999999999999999,-2.0,-14.7,-14.7,-63.0,-48.0,0.0,-124.0,-124.0,-0.0218,-0.0115,0.0156,-0.0006,-0.0029,-0.0158,Sell,Mean Reversion Upside Bias
2026-10-08,MTD,METTLER-TOLEDO INTERNATIONAL INC.,Health Care,1529.46,-0.002621488379372372,0.029114716153385567,0.012250570832919694,0.012250570832919694,99.8,0.7999999999999972,22.599999999999994,21.5,21.5,-19.0,0.0,3.0,19.0,19.0,0.0381,0.0287,-0.027,-0.0062,0.0002,0.0071,Neutral,Crowded Short
2026-10-08,MTUM,ISHARES:MSCI USA MOM FCT,Sector & Style ETFs,317.32,-0.015817877302896965,-0.017220019821605592,-6.302388605272657e-05,-6.302388605272657e-05,77.4,0.6000000000000085,-12.899999999999991,-9.699999999999989,-9.699999999999989,-4.0,-13.0,-23.0,16.0,16.0,0.018,-0.0039,0.0343,-0.0061,-0.0013,-0.0003,Leaning Bearish,Mean Reversion Upside Bias
2026-10-08,MU,"MICRON TECHNOLOGY, INC.",Information Technology,1035.84,-0.047941176470588265,-0.036329298811971666,-0.027480729689891126,-0.027480729689891126,41.9,0.0,-11.5,-15.300000000000004,-15.300000000000004,13.0,-24.0,-17.0,-21.0,-21.0,0.0366,-0.0161,0.2709,-0.0057,0.0036,0.0017,Neutral,Crowded Long
2026-10-08,MUB,ISHARES:NATL MUNI BOND,Bonds,100.74,0.0021886191802626964,-0.002179080824088686,-0.0035608308605341588,-0.0035608308605341588,23.6,7.100000000000001,9.500000000000002,10.700000000000001,10.700000000000001,24.0,-34.0,12.0,-40.0,-40.0,-0.0034,-0.0186,-0.0132,-0.0006,0.0001,0.0025,Neutral,Crowded Short
2026-10-08,NCLH,NORWEGIAN CRUISE LINE HOLDINGS LTD.,Consumer Discretionary,15.485,0.029587765957446832,0.02278731836195491,0.056275579809003995,0.056275579809003995,83.1,12.699999999999989,30.499999999999993,38.699999999999996,38.699999999999996,-28.0,-39.0,9.0,-25.0,-25.0,0.0136,-0.0705,-0.0881,-0.0002,0.0153,-0.0337,Neutral,Crowded Short
2026-10-08,NDAQ,"NASDAQ, INC.",Financials,92.37,0.004786250407919024,0.022583859182995658,0.003912618193674611,0.003912618193674611,48.6,20.200000000000003,40.5,30.900000000000002,30.900000000000002,-26.0,-9.0,-29.0,-57.0,-57.0,0.0039,0.0137,-0.0158,0.0016,-0.0093,-0.0038,Leaning Bearish,Mean Reversion Upside Bias
2026-10-08,NDSN,NORDSON ,Industrials,326.87,-0.0025023650401293507,-0.019997601487078076,-0.0029891718773830123,-0.0029891718773830123,79.2,12.700000000000003,6.400000000000006,12.100000000000009,12.100000000000009,14.0,0.0,16.0,-11.0,-11.0,0.0183,0.0424,0.009,-0.0077,0.0058,0.001,Neutral,Mean Reversion Upside Bias
2026-10-08,NDX,NASDAQ 100 INDEX,Indices,30725.81,-0.013936742139301295,-0.0026655474743028096,0.010434911291250737,0.010434911291250737,84.3,-0.7999999999999972,2.3999999999999915,2.799999999999997,2.799999999999997,5.0,20.0,20.0,36.0,36.0,0.0215,0.0071,0.0268,-0.0035,0.0018,-0.0048,Neutral,
2026-10-08,NEE,"NEXTERA ENERGY, INC.",Utilities,77.365,0.00415341683431758,0.00696342574515163,0.021454977554792753,0.021454977554792753,12.9,3.200000000000001,11.1,12.3,12.3,-5.0,25.0,25.0,-25.0,-25.0,-0.0194,-0.0467,-0.0148,0.0013,-0.0021,-0.0043,Neutral,Crowded Short
2026-10-08,NEM,NEWMONT ,Materials,115.545,0.017658974810639272,-0.00012980269989615323,0.0017773539101786362,0.0017773539101786362,8.9,3.5,2.7,-6.6,-6.6,-20.0,13.0,-39.0,-83.0,-83.0,-0.0219,0.0373,0.1321,-0.0005,-0.0057,0.0044,Neutral,Mean Reversion Upside Bias
2026-10-08,NFLX,"NETFLIX, INC.",Communication Services,71.57,0.02682926829268273,0.06725320608410357,0.02860017246335156,0.02860017246335156,51.4,12.299999999999997,48.0,33.3,33.3,-21.0,-16.0,20.0,-46.0,-46.0,-0.0375,-0.0199,-0.0232,0.0114,-0.0042,-0.0104,Neutral,Mean Reversion Upside Bias
2026-10-08,NI,NISOURCE INC.,Utilities,40.53,-0.0002466699555994101,0.027897539944204963,0.03923076923076918,0.03923076923076918,34.3,5.4999999999999964,28.099999999999998,28.099999999999998,28.099999999999998,3.0,-10.0,41.0,46.0,46.0,-0.0061,-0.0475,0.017,0.0019,0.0056,-0.0079,Leaning Bullish,Crowded Short
2026-10-08,NKE,"NIKE, INC.",Consumer Discretionary,34.75,0.0112032591299287,0.025981694715087267,-0.01836158192090387,-0.01836158192090387,39.9,19.099999999999998,35.699999999999996,20.2,20.2,-20.0,-54.0,43.0,-95.0,-95.0,-0.0385,-0.0513,-0.1132,0.0034,-0.0007,-0.0134,Topping,Mean Reversion Upside Bias
2026-10-08,NOC,NORTHROP GRUMMAN ,Industrials,484.44,0.02332065906210401,0.013472803347280404,0.0019856043683295077,0.0019856043683295077,31.5,11.899999999999999,18.6,17.4,17.4,3.0,-11.0,20.0,-35.0,-35.0,-0.0345,-0.0396,0.0068,0.0004,-0.0071,-0.0083,Neutral,Crowded Short
2026-10-08,NORW,GLBL X MSCI NORWAY ETF,Foreign,35.3349,0.00956857142857137,-0.004650704225352187,-0.0007098416289593734,-0.0007098416289593734,4.6,3.5999999999999996,-1.6000000000000005,-0.40000000000000036,-0.40000000000000036,-17.0,0.0,-54.0,-34.0,-34.0,-0.0179,0.0213,0.0131,-0.0005,-0.0025,-0.0054,Neutral,Crowded Long
2026-10-08,NOV,NOV INC.,MR Discretion,18.99,0.019871106337271627,0.01010638297872335,0.0138814735718098,0.0138814735718098,3.0,1.6,2.8,2.8,2.8,20.0,-16.0,-7.0,35.0,35.0,-0.0209,0.0029,0.0127,0.0002,-0.0035,0.0051,Neutral,Crowded Short
2026-10-08,NOW,"SERVICENOW, INC.",Information Technology,139.75,0.013562518131708723,0.03996130376544138,0.042832624431012656,0.042832624431012656,79.2,4.0,44.7,39.2,39.2,-57.0,-21.0,-31.0,-26.0,-26.0,-0.0055,0.0432,-0.0796,0.0028,-0.0134,-0.0068,Leaning Bearish,Mean Reversion Upside Bias
2026-10-08,NQ=F,NASDAQ 100 FUTURES,Futures,31026.0,-0.013364073617680994,-0.0007407645978936284,0.007902152991529299,0.007902152991529299,85.5,-2.799999999999997,2.799999999999997,2.0,2.0,5.0,20.0,14.0,32.0,32.0,0.0164,0.0029,0.0258,-0.0022,0.001,-0.0053,Neutral,
2026-10-08,NRG,"NRG ENERGY, INC.",Utilities,106.325,-0.021128705579083085,0.11650740312926589,0.1116048092002091,0.1116048092002091,41.9,4.600000000000001,38.5,34.9,34.9,3.0,5.0,39.0,46.0,46.0,-0.0032,-0.0522,-0.0032,0.006,0.0296,-0.0112,Neutral,Crowded Short
2026-10-08,NSC,NORFOLK SOUTHERN ,Industrials,316.99,0.01210089399744585,-0.0014175907258063836,0.025857605177993515,0.025857605177993515,28.0,5.600000000000001,6.800000000000001,17.0,17.0,11.0,-35.0,0.0,-49.0,-49.0,-0.004,0.0043,0.0265,0.0008,-0.0025,-0.0012,Bottoming,Mean Reversion Upside Bias
2026-10-08,NTAP,"NETAPP, INC.",Information Technology,231.05,-0.020019510539933005,0.021125204401820863,0.09981911652703723,0.09981911652703723,92.3,-3.5,1.5999999999999943,6.0,6.0,10.0,-3.0,-3.0,-35.0,-35.0,0.0572,0.0717,0.0933,0.0002,0.0017,0.0081,Neutral,Crowded Short
2026-10-08,NTRS,NORTHERN TRUST ,Financials,168.5,0.001902723272684037,-0.016919486581096876,-0.005077940481813981,-0.005077940481813981,0.2,0.0,0.0,-0.8,-0.8,35.0,0.0,61.0,46.0,46.0,-0.0228,-0.0036,0.0617,0.0013,-0.0089,-0.0098,Bottoming,Mean Reversion Upside Bias
2026-10-08,NUE,NUCOR ,Materials,246.14,-0.001217334848238938,0.023919464204001928,0.053005347593582774,0.053005347593582774,23.6,2.0,13.100000000000001,9.900000000000002,9.900000000000002,46.0,0.0,-31.0,9.0,9.0,-0.0187,0.0153,0.0393,-0.0031,0.0069,-0.004,Bottoming,Crowded Short
2026-10-08,NVDA,NVIDIA ,Information Technology,230.48,-0.029435297090158796,-0.014832229108783901,0.009195200980821383,0.009195200980821383,81.7,-4.599999999999994,22.0,4.6000000000000085,4.6000000000000085,-18.0,0.0,-34.0,-37.0,-37.0,0.0288,0.0231,0.0634,-0.0099,0.0051,-0.0037,Neutral,Mean Reversion Upside Bias
2026-10-08,NVR,"NVR, INC.",Consumer Discretionary,6002.55,0.011957947407285063,0.0014514877749693955,-0.024671819627940406,-0.024671819627940406,49.2,19.200000000000003,27.200000000000003,4.400000000000006,4.400000000000006,-39.0,-16.0,7.0,0.0,0.0,-0.0177,-0.0248,-0.0515,-0.0014,0.0031,-0.0071,Topping,
2026-10-08,NWSA,NEWS CORP.,Communication Services,28.97,0.012583012932541049,0.00975949808295562,0.011169284467713814,0.011169284467713814,32.7,7.100000000000001,21.400000000000002,18.200000000000003,18.200000000000003,35.0,12.0,-12.0,-27.0,-27.0,-0.0196,0.0175,0.0081,0.0011,-0.006,0.0013,Neutral,Crowded Short
2026-10-08,NXPI,NXP SEMICONDUCTORS NV,Information Technology,231.07,-0.017643057563132447,-0.05167036033817618,-0.02719656464446596,-0.02719656464446596,58.5,-13.900000000000006,-21.099999999999994,-18.599999999999994,-18.599999999999994,3.0,-8.0,31.0,15.0,15.0,0.01,-0.0458,-0.029,-0.007,0.0026,0.002,Neutral,Crowded Short
2026-10-08,O,REALTY INCOME ,Real Estate,54.16,0.01518275538894076,0.0005542213190465883,-0.0025782688766113893,-0.0025782688766113893,8.5,3.5,7.1,7.9,7.9,-14.0,-34.0,-37.0,-14.0,-14.0,-0.0258,-0.0352,-0.0053,0.0014,-0.0058,-0.0002,Neutral,Crowded Short
2026-10-08,ODFL,"OLD DOMINION FREIGHT LINE, INC.",Industrials,181.65,0.0343943966744491,0.006482712765957466,0.04492636907501146,0.04492636907501146,52.2,23.800000000000004,19.900000000000006,33.300000000000004,33.300000000000004,-5.0,-9.0,-4.0,-85.0,-85.0,-0.0021,-0.0611,-0.0012,0.0019,-0.0027,-0.0042,Neutral,Mean Reversion Upside Bias
2026-10-08,OEF,ISHARES:S&P 100,Sector & Style ETFs,387.0,-0.006265406737880008,0.005638853519736031,0.012876884422110546,0.012876884422110546,75.6,-1.6000000000000085,34.099999999999994,17.999999999999993,17.999999999999993,-37.0,-9.0,-57.0,-75.0,-75.0,0.0075,0.0123,0.0079,-0.0007,0.0004,-0.0071,Neutral,Mean Reversion Downside Bias
2026-10-08,OKE,"ONEOK, INC.",Energy,90.29,0.025440090857467457,0.027423759672280612,0.058871818928110775,0.058871818928110775,13.3,9.100000000000001,9.100000000000001,12.700000000000001,12.700000000000001,20.0,-6.0,34.0,38.0,38.0,-0.0202,-0.0011,0.0153,0.0058,-0.0027,-0.0057,Bottoming,Crowded Short
2026-10-08,OMC,OMNICOM GROUP INC.,Communication Services,76.45,0.021103245625751388,0.03101820633850294,0.03829960613880212,0.03829960613880212,29.2,2.8000000000000007,22.7,23.4,23.4,-30.0,-34.0,-9.0,-36.0,-36.0,-0.0205,-0.0181,-0.021,0.0043,-0.0149,-0.0033,Leaning Bearish,Mean Reversion Upside Bias
2026-10-08,ON,ON SEMICONDUCTOR ,Information Technology,79.41,-0.03757120349048615,-0.06455412887265877,0.03304279953167666,0.03304279953167666,63.7,-5.099999999999994,-4.799999999999997,8.300000000000004,8.300000000000004,35.0,47.0,55.0,40.0,40.0,0.0545,-0.0357,0.028,-0.0044,0.0038,0.0071,Neutral,Crowded Short
2026-10-08,ORCL,ORACLE ,Information Technology,135.56,-0.05572582892170519,-0.04736472241742806,-0.012672978878368601,-0.012672978878368601,30.8,3.6000000000000014,-9.099999999999998,-21.2,-21.2,-3.0,-25.0,-32.0,-15.0,-15.0,-0.0162,-0.0194,0.0182,-0.0089,0.0047,-0.0116,Neutral,Mean Reversion Upside Bias
2026-10-08,ORLY,"O'REILLY AUTOMOTIVE, INC.",Consumer Discretionary,86.01,0.016546507505023067,0.013074204946996515,0.007024938531787983,0.007024938531787983,70.0,18.6,29.1,28.799999999999997,28.799999999999997,-7.0,-27.0,-10.0,-11.0,-11.0,0.0022,-0.0084,0.0209,0.0044,0.0069,-0.0059,Leaning Bullish,Crowded Short
2026-10-08,OTIS,OTIS WORLDWIDE ,Industrials,66.11,0.005628232430787916,0.032162373145979695,0.027829601990049913,0.027829601990049913,41.9,11.099999999999998,36.1,30.099999999999998,30.099999999999998,-19.0,10.0,37.0,-102.0,-102.0,-0.0251,-0.0344,-0.044,0.0003,-0.0026,-0.0101,Neutral,Crowded Short
2026-10-08,OXY,OCCIDENTAL PETROLEUM ,Energy,60.28,0.035649858259599654,0.037878787878787845,0.08966015907447589,0.08966015907447589,40.7,14.700000000000003,11.500000000000004,29.700000000000003,29.700000000000003,3.0,-13.0,-29.0,-44.0,-44.0,-0.0063,0.0288,0.0102,0.0066,-0.0067,0.0036,Neutral,Mean Reversion Downside Bias
2026-10-08,PAM,PAMPA ENERGIA SA,MR Discretion,80.68,0.006989515726410378,0.056159183139154356,0.03741802751703749,0.03741802751703749,8.9,-5.199999999999999,6.300000000000001,0.7000000000000011,0.7000000000000011,-14.0,-27.0,28.0,-34.0,-34.0,-0.0188,0.003,-0.0078,0.0065,0.0045,-0.0145,Leaning Bullish,Crowded Short
2026-10-08,PANW,"PALO ALTO NETWORKS, INC.",Information Technology,398.5,-0.01743225583746333,-0.011754786231524705,0.0029951423321838977,0.0029951423321838977,76.8,-5.700000000000003,-8.299999999999997,21.199999999999996,21.199999999999996,-32.0,16.0,-49.0,-32.0,-32.0,0.0274,0.0512,0.0889,-0.0081,-0.0063,0.0037,Sell,Crowded Long
2026-10-08,PAYX,"PAYCHEX, INC.",Industrials,104.46,0.028655834564254024,0.05579138872043665,0.06050761421319795,0.06050761421319795,25.2,4.399999999999999,21.0,24.599999999999998,24.599999999999998,18.0,0.0,-2.0,18.0,18.0,-0.0517,-0.0049,-0.0228,0.0072,-0.0111,-0.0064,Neutral,Mean Reversion Downside Bias
2026-10-08,PBR,BRAZILIAN PETROLEUM  - PETROBRAS,MR Discretion,24.7,0.029166666666666563,0.14087759815242507,0.18351701006229026,0.18351701006229026,66.5,2.0,13.5,19.700000000000003,19.700000000000003,-17.0,-8.0,-16.0,-50.0,-50.0,0.0467,0.0772,0.0518,0.009,0.0161,0.0177,Leaning Bullish,Mean Reversion Downside Bias
2026-10-08,PCAR,PACCAR INC,Industrials,109.66,0.026202507954332654,-0.00018234865062005667,-0.0013659958109462078,-0.0013659958109462078,5.8,4.6,3.5999999999999996,3.1999999999999997,3.1999999999999997,32.0,20.0,65.0,32.0,32.0,-0.0334,-0.0175,0.0164,0.002,-0.0098,-0.0134,Bottoming,Crowded Short
2026-10-08,PCG,PG&E ,Utilities,12.645,-0.011336982017200903,0.026379870129870087,0.032244897959183616,0.032244897959183616,6.5,-2.4000000000000004,-2.8000000000000007,-7.6,-7.6,-21.0,0.0,0.0,-24.0,-24.0,-0.021,-0.0907,-0.057,0.0045,0.0005,-0.0027,Neutral,Mean Reversion Upside Bias
2026-10-08,PEG,PUBLIC SERVICE ENTERPRISE GROUP INC.,Utilities,71.84,0.0013939224979091502,0.055384163361245964,0.06682506682506673,0.06682506682506673,61.3,2.3999999999999986,56.3,58.3,58.3,-18.0,0.0,12.0,-18.0,-18.0,0.0009,-0.0306,-0.0182,0.0037,0.0185,-0.0118,Leaning Bullish,Mean Reversion Downside Bias
2026-10-08,PEP,"PEPSICO, INC.",Consumer Staples,128.34,0.03725854683585217,0.01946143458574956,0.01278409090909105,0.01278409090909105,15.7,14.299999999999999,14.7,13.899999999999999,13.899999999999999,20.0,3.0,3.0,-42.0,-42.0,-0.0227,-0.0222,-0.0117,0.0094,-0.0096,-0.0036,Bottoming,Crowded Short
2026-10-08,PFE,PFIZER INC.,Health Care,27.83,-0.005716327259735587,0.0010791366906472977,-0.024193548387096864,-0.024193548387096864,49.0,-2.3999999999999986,40.1,10.399999999999999,10.399999999999999,26.0,27.0,17.0,20.0,20.0,-0.001,0.0363,-0.0216,0.0002,-0.0016,0.0008,Neutral,Mean Reversion Upside Bias
2026-10-08,PFF,ISHARES:PREF AND INC SEC,Bonds,29.37,0.0,-0.0064276048714477785,-0.00440677966101688,-0.00440677966101688,24.0,7.899999999999999,7.100000000000001,-3.6999999999999993,-3.6999999999999993,-6.0,-10.0,23.0,-52.0,-52.0,-0.0092,-0.0104,-0.0246,-0.0017,0.0005,-0.0026,Neutral,Mean Reversion Upside Bias
2026-10-08,PFG,"PRINCIPAL FINANCIAL GROUP, INC.",Financials,109.77,0.009564977467120261,-0.01956055734190776,-0.01956055734190776,-0.01956055734190776,4.6,1.1999999999999997,-1.9000000000000004,-32.699999999999996,-32.699999999999996,-18.0,-31.0,24.0,-2.0,-2.0,-0.0254,0.0017,0.0179,-0.0039,-0.0019,-0.0081,Sell,Mean Reversion Upside Bias
2026-10-08,PG,THE PROCTER & GAMBLE COMPANY,Consumer Staples,150.61,0.019012178619756348,0.039334759505900374,0.036687775330396466,0.036687775330396466,91.5,4.400000000000006,50.0,39.9,39.9,-14.0,-3.0,-22.0,-69.0,-69.0,0.0086,-0.0058,0.0031,0.0025,0.0006,0.0005,Leaning Bullish,Crowded Short
2026-10-08,PGR,THE PROGRESSIVE ,Financials,218.73,0.021529983186997947,0.04003613713090193,0.055086585307028146,0.055086585307028146,69.2,21.400000000000006,55.900000000000006,56.300000000000004,56.300000000000004,-19.0,8.0,-23.0,-23.0,-23.0,-0.0098,-0.0255,-0.0238,0.0069,0.0007,-0.0016,Leaning Bullish,Mean Reversion Upside Bias
2026-10-08,PH,PARKER-HANNIFIN ,Industrials,946.96,-0.006118871944499782,-0.026312271862629077,-0.008854744510267687,-0.008854744510267687,39.5,4.200000000000003,2.0,3.799999999999997,3.799999999999997,26.0,-19.0,14.0,-3.0,-3.0,0.0122,0.0057,0.0261,-0.0012,0.0027,-0.004,Neutral,Mean Reversion Upside Bias
2026-10-08,PHM,"PULTEGROUP, INC.",Consumer Discretionary,113.515,0.010549274459182856,-0.019139376134105324,-0.02192831294158193,-0.02192831294158193,42.3,11.499999999999996,21.9,14.599999999999998,14.599999999999998,-5.0,0.0,-9.0,-45.0,-45.0,-0.0165,-0.0334,-0.0219,-0.004,0.0021,-0.0113,Neutral,Mean Reversion Upside Bias
2026-10-08,PKG,PACKAGING  OF AMERICA,Materials,229.94,0.011837183718371724,0.006125842303316809,0.002966064730000939,0.002966064730000939,38.7,-7.5,9.300000000000004,-8.5,-8.5,-18.0,0.0,-1.0,-49.0,-49.0,-0.0062,-0.0097,0.0164,-0.0014,0.0026,-0.0137,Neutral,Mean Reversion Upside Bias
2026-10-08,PLD,"PROLOGIS, INC.",Real Estate,129.29,0.015472824379516137,0.0029477930338996927,-0.004235982747997635,-0.004235982747997635,13.3,9.5,11.5,11.5,11.5,36.0,27.0,18.0,23.0,23.0,-0.0128,-0.013,-0.0174,0.0002,-0.0046,0.004,Neutral,Mean Reversion Upside Bias
2026-10-08,PLTR,PALANTIR TECHNOLOGIES INC.,Information Technology,198.78,0.024005769627034823,0.053139072847682156,0.06271050521250987,0.06271050521250987,99.8,0.3999999999999915,35.3,35.099999999999994,35.099999999999994,-15.0,61.0,-47.0,17.0,17.0,0.0466,0.066,0.178,0.0038,-0.0051,-0.0078,Bottoming,Mean Reversion Upside Bias
2026-10-08,PM,PHILIP MORRIS INTERNATIONAL INC.,Consumer Staples,200.56,0.040842804504644725,0.06988157473594359,0.05104286762393895,0.05104286762393895,78.0,6.0,26.6,18.0,18.0,-28.0,-14.0,-12.0,-30.0,-30.0,0.0098,0.0178,0.0413,0.0188,-0.0003,-0.002,Neutral,Crowded Short
2026-10-08,PNC,"THE PNC FINANCIAL SERVICES GROUP, INC.",Financials,219.68,0.009002388388756222,-0.006107768176265682,-0.01160802663547189,-0.01160802663547189,3.0,1.6,2.0,-13.899999999999999,-13.899999999999999,-42.0,-54.0,-9.0,-111.0,-111.0,-0.0268,-0.028,0.0118,-0.0031,-0.0045,-0.0062,Leaning Bearish,Mean Reversion Upside Bias
2026-10-08,PNR,PENTAIR PUBLIC LIMITED COMPANY,Industrials,52.3,0.002107683464265264,-0.013765792947388333,-0.013021324778260124,-0.013021324778260124,17.1,6.200000000000001,10.200000000000001,11.3,11.3,-33.0,0.0,5.0,-13.0,-13.0,-0.0324,-0.1092,-0.08,-0.0025,-0.0036,-0.0095,Leaning Bearish,Mean Reversion Upside Bias
2026-10-08,PNW,PINNACLE WEST CAPITAL ,Utilities,97.98,0.004510969858519509,0.02147623019182654,0.05309544282029233,0.05309544282029233,56.9,6.699999999999996,26.099999999999998,44.7,44.7,-19.0,0.0,25.0,-19.0,-19.0,-0.0043,-0.0375,0.0147,0.0016,-0.0026,-0.0046,Neutral,Crowded Short
2026-10-08,PODD,INSULET ,Health Care,134.47,0.0008186960404881205,0.021110183005543348,0.03065838890166317,0.03065838890166317,75.2,9.900000000000006,63.900000000000006,62.7,62.7,-52.0,0.0,-40.0,-58.0,-58.0,-0.0145,-0.078,-0.0727,-0.002,-0.0019,-0.0056,Leaning Bearish,Mean Reversion Upside Bias
2026-10-08,POWA,INVESCO BLOOMBERG PRICING POWER,Sector & Style ETFs,88.181,0.012377314647388227,0.011481991282404014,0.022744142890280594,0.022744142890280594,65.3,35.3,48.8,52.0,52.0,-28.0,-6.0,6.0,-69.0,-69.0,-0.0007,-0.0029,-0.0105,0.0006,-0.0003,-0.0004,Neutral,Crowded Short
2026-10-08,PPG,"PPG INDUSTRIES, INC.",Materials,105.46,0.003616292348686656,0.0029481692819779415,0.010831016965398232,0.010831016965398232,51.4,15.5,29.599999999999998,26.099999999999998,26.099999999999998,-18.0,0.0,-22.0,-82.0,-82.0,-0.0049,-0.0342,-0.0188,-0.002,0.0063,-0.0052,Neutral,Mean Reversion Upside Bias
2026-10-08,PPL,PPL ,Utilities,34.095,0.004270986745213534,0.039481707317073234,0.036637275767710475,0.036637275767710475,52.2,10.700000000000003,46.0,35.7,35.7,-2.0,0.0,36.0,-8.0,-8.0,-0.002,-0.0367,-0.0015,0.0034,0.0036,-0.0015,Leaning Bullish,Crowded Short
2026-10-08,PPLT,ABRDN:PHYSICAL PLATINUM,Commodities,14.82,0.003045685279187804,-0.0395333765392093,-0.03828682673588579,-0.03828682673588579,12.9,6.7,-5.6,-24.700000000000003,-24.700000000000003,-38.0,24.0,-16.0,-49.0,-49.0,-0.0235,0.0096,0.1152,-0.0038,-0.0133,-0.007,Sell,Mean Reversion Upside Bias
2026-10-08,PRU,"PRUDENTIAL FINANCIAL, INC.",Financials,113.53,0.01041295834816669,0.008259325044404964,-0.00044021834830076934,-0.00044021834830076934,12.9,2.0,10.3,-12.6,-12.6,23.0,-13.0,35.0,-31.0,-31.0,-0.013,0.0001,-0.009,0.0008,-0.0094,-0.0054,Neutral,Mean Reversion Upside Bias
2026-10-08,PSA,PUBLIC STORAGE.,Real Estate,285.52,0.01251817440334757,0.006025157675909831,0.009475321736670983,0.009475321736670983,29.6,5.200000000000003,15.500000000000002,12.700000000000003,12.700000000000003,4.0,14.0,-8.0,-57.0,-57.0,-0.0133,-0.0344,-0.0214,0.0,-0.0032,-0.0061,Neutral,Mean Reversion Upside Bias
2026-10-08,PSX,PHILLIPS 66,Energy,281.58,0.03666887563507837,0.0642527779877542,0.10289452038698044,0.10289452038698044,65.3,18.299999999999997,19.5,33.199999999999996,33.199999999999996,21.0,-22.0,-22.0,-34.0,-34.0,0.016,0.0802,0.0564,0.0022,-0.007,0.0096,Neutral,Crowded Short
2026-10-08,PTC,PTC INC.,Information Technology,193.73,0.0006714876033058204,0.34506699993057,0.3808267997148964,0.3808267997148964,93.5,0.0,36.6,51.9,51.9,-17.0,0.0,-32.0,9.0,9.0,0.1142,0.0585,-0.0298,0.0097,0.0306,0.0206,Buy,Mean Reversion Downside Bias
2026-10-08,PWR,"QUANTA SERVICES, INC.",Industrials,685.38,-0.022240609441202985,0.013036537779354429,0.06672269692300503,0.06672269692300503,76.0,-2.200000000000003,0.7999999999999972,14.399999999999999,14.399999999999999,11.0,6.0,8.0,-15.0,-15.0,0.0376,0.0066,0.0849,0.0006,0.0188,-0.0028,Leaning Bullish,Crowded Short
2026-10-08,PYPL,"PAYPAL HOLDINGS, INC.",Financials,55.02,0.001273885350318471,0.04204545454545472,0.0474014848657911,0.0474014848657911,71.2,-3.5999999999999943,37.7,10.0,10.0,-57.0,0.0,-31.0,-62.0,-62.0,0.0113,0.0438,-0.0559,0.0025,-0.0046,-0.0059,Leaning Bearish,Mean Reversion Upside Bias
2026-10-08,Q,"QNITY ELECTRONICS, INC.",Information Technology,126.68,-0.023435090965155614,-0.03650745360511087,0.007475743597900486,0.007475743597900486,50.2,-1.3999999999999986,-28.599999999999994,-20.5,-20.5,-20.0,-17.0,-7.0,9.0,9.0,0.0272,-0.0166,0.2466,-0.0093,0.0192,-0.0145,Neutral,Mean Reversion Upside Bias
2026-10-08,QAT,ISHARES:MSCI QATAR,Foreign,16.0331,-0.014560540872771921,-0.015770411295273012,-0.015770411295273012,-0.015770411295273012,0.2,0.0,-1.2,-0.39999999999999997,-0.39999999999999997,-19.0,10.0,31.0,-15.0,-15.0,-0.0214,-0.033,-0.0184,-0.0018,-0.0076,-0.0026,Leaning Bearish,
2026-10-08,QCOM,QUALCOMM INC.,Information Technology,176.01,-0.006266937669376804,-0.047925569318980954,-0.04363181916974568,-0.04363181916974568,51.8,-2.4000000000000057,-21.400000000000006,-22.5,-22.5,-34.0,0.0,-33.0,3.0,3.0,-0.0208,-0.0066,0.0419,-0.009,-0.0062,0.0001,Sell,Mean Reversion Downside Bias
2026-10-08,QQQ,INVESCO QQQ TRUST 1,Sector & Style ETFs,747.58,-0.01339527272247365,-0.002668160836735267,0.010557335388026168,0.010557335388026168,83.9,-1.1999999999999886,2.0,3.200000000000003,3.200000000000003,21.0,20.0,15.0,37.0,37.0,0.0213,0.0074,0.0267,-0.0035,0.0018,-0.005,Neutral,Crowded Short
2026-10-08,QUAL,ISHARES:MSCI USA QF,Sector & Style ETFs,226.13,0.0010181496237273713,0.007350320741268845,0.017503599712022977,0.017503599712022977,89.1,6.0,53.99999999999999,51.49999999999999,51.49999999999999,-40.0,-17.0,-38.0,-43.0,-43.0,0.0092,0.0246,-0.0112,0.0003,0.0009,-0.0064,Neutral,Mean Reversion Upside Bias
2026-10-08,RCL,ROYAL CARIBBEAN CRUISES LTD.,Consumer Discretionary,281.385,-0.0034530386740332375,0.013123784834737418,0.058395396073121164,0.058395396073121164,81.3,0.29999999999999716,11.299999999999997,22.5,22.5,-57.0,0.0,-45.0,-60.0,-60.0,0.0249,-0.0451,0.0198,0.0019,0.0004,-0.0153,Neutral,Mean Reversion Downside Bias
2026-10-08,RDDT,"REDDIT, INC.",Communication Services,156.46,0.024086922372038355,0.05816312728256445,0.098427408031452,0.098427408031452,55.8,-13.600000000000009,22.699999999999996,8.599999999999994,8.599999999999994,-21.0,10.0,21.0,-18.0,-18.0,-0.01,-0.0831,0.0391,0.0108,-0.0082,-0.0819,Neutral,Mean Reversion Upside Bias
2026-10-08,REG,REGENCY CENTERS ,Real Estate,71.48,0.009604519774011333,-0.0016759776536311444,-0.005564830272676513,-0.005564830272676513,2.2,2.0,2.0,-1.5999999999999996,-1.5999999999999996,-21.0,13.0,0.0,-8.0,-8.0,-0.0122,-0.0329,-0.0009,-0.0001,-0.0026,0.0014,Neutral,Mean Reversion Upside Bias
2026-10-08,REGN,"REGENERON PHARMACEUTICALS, INC.",Health Care,739.57,-0.0034361019781167235,0.0059439608269857835,-0.02466140029277164,-0.02466140029277164,10.5,2.4000000000000004,10.3,2.3000000000000007,2.3000000000000007,36.0,27.0,12.0,25.0,25.0,-0.017,0.0255,-0.0073,0.0002,-0.0128,0.0174,Neutral,Mean Reversion Upside Bias
2026-10-08,RF,REGIONS FINANCIAL ,Financials,27.07,0.013857677902621823,-0.0011070110701107971,0.007068452380952328,0.007068452380952328,7.3,6.3,6.3,-5.2,-5.2,-63.0,-80.0,0.0,-78.0,-78.0,-0.0278,-0.0261,-0.0004,-0.0012,-0.0061,-0.0067,Sell,Mean Reversion Upside Bias
2026-10-08,RIG,TRANSOCEAN LTD,MR Discretion,5.535,0.02499999999999991,0.07059961315280461,0.05629770992366412,0.05629770992366412,31.2,6.0,23.9,21.0,21.0,38.0,22.0,28.0,7.0,7.0,-0.0064,0.015,0.016,0.0036,0.0011,0.0048,Buy,Mean Reversion Downside Bias
2026-10-08,RJF,"RAYMOND JAMES FINANCIAL, INC.",Financials,158.53,0.008139904610492854,0.0020226281524555745,0.0032274395646119114,0.0032274395646119114,2.6,2.0,2.4,-1.1999999999999997,-1.1999999999999997,-15.0,12.0,12.0,-48.0,-48.0,-0.0176,-0.0095,0.0148,0.0027,-0.0085,-0.0293,Bottoming,Mean Reversion Upside Bias
2026-10-08,RL,RALPH LAUREN ,Consumer Discretionary,367.39,0.017306307803067966,0.011063103723477408,0.03469738361449859,0.03469738361449859,93.7,7.799999999999997,19.299999999999997,24.400000000000006,24.400000000000006,-38.0,-11.0,-31.0,-31.0,-31.0,0.0232,-0.022,0.049,-0.0018,0.008,-0.0058,Neutral,Mean Reversion Upside Bias
2026-10-08,RMD,RESMED INC.,Health Care,226.75,0.0034073811841757173,0.035908447165242885,0.025554047942107694,0.025554047942107694,83.9,2.200000000000003,57.900000000000006,54.2,54.2,-35.0,21.0,-18.0,-18.0,-18.0,0.0004,0.0239,-0.0065,-0.0002,-0.0122,-0.0036,Neutral,Mean Reversion Upside Bias
2026-10-08,ROK,"ROCKWELL AUTOMATION, INC.",Industrials,434.04,-0.017786829599456766,-0.04470122152525591,-0.0029632692440216823,-0.0029632692440216823,56.5,-4.0,-27.400000000000006,-14.200000000000003,-14.200000000000003,34.0,0.0,48.0,20.0,20.0,0.0197,-0.0042,0.0183,-0.0029,0.0058,-0.0012,Neutral,Crowded Short
2026-10-08,ROKU,"ROKU, INC.",MR Discretion,153.81,0.007104272385005883,0.00931819673206924,0.010047281323877,0.010047281323877,32.3,-2.4000000000000057,26.099999999999998,17.4,17.4,-14.0,-36.0,-22.0,-93.0,-93.0,-0.0108,0.0148,0.0697,-0.0025,-0.0049,-0.0061,Sell,Mean Reversion Upside Bias
2026-10-08,ROL,"ROLLINS, INC.",Industrials,32.26,0.04485829959514165,0.06962864721485396,0.07104913678618852,0.07104913678618852,45.8,17.799999999999997,35.3,42.0,42.0,-19.0,-14.0,-32.0,-22.0,-22.0,-0.0306,-0.084,-0.0535,0.0155,-0.0019,-0.0057,Neutral,Crowded Short
2026-10-08,ROP,"ROPER TECHNOLOGIES, INC.",Information Technology,364.23,0.015784923445910204,0.027969067509595824,0.04241435562805873,0.04241435562805873,31.5,5.5,29.3,30.9,30.9,-18.0,-32.0,-14.0,-22.0,-22.0,-0.0157,-0.0044,-0.0628,0.0046,-0.0096,-0.0019,Leaning Bearish,Crowded Short
2026-10-08,ROST,"ROSS STORES, INC.",Consumer Discretionary,225.2,-0.0014632199707356186,-0.014614509495055605,-0.03513281919451594,-0.03513281919451594,24.4,-0.8000000000000007,6.699999999999999,-10.700000000000003,-10.700000000000003,-5.0,-39.0,2.0,-34.0,-34.0,-0.0052,0.0176,0.0513,-0.0012,-0.0032,0.0005,Sell,Mean Reversion Upside Bias
2026-10-08,RSG,"REPUBLIC SERVICES, INC.",Industrials,216.84,0.0030530113794060565,0.03473945409429291,0.033211035402868516,0.033211035402868516,36.7,11.100000000000001,35.7,35.7,35.7,10.0,-10.0,73.0,-2.0,-2.0,-0.0159,-0.0065,0.0017,0.0033,-0.003,-0.0004,Bottoming,Crowded Short
2026-10-08,RSP,INVESCO S&P500 EWGHT,Sector & Style ETFs,211.91,0.00617254641280085,0.010394316502169598,0.018700124987981903,0.018700124987981903,24.4,6.699999999999999,21.0,20.599999999999998,20.599999999999998,-17.0,0.0,4.0,-44.0,-44.0,-0.0014,0.0009,-0.0084,0.0006,-0.0007,0.001,Leaning Bearish,Mean Reversion Upside Bias
2026-10-08,RTX,RTX ,Industrials,184.33,0.022521772896211267,-0.001895170023824999,-0.007110153514678141,-0.007110153514678141,12.1,10.7,10.7,10.299999999999999,10.299999999999999,6.0,39.0,39.0,6.0,6.0,-0.0249,-0.0168,0.0698,-0.0002,-0.0129,-0.0046,Neutral,Mean Reversion Upside Bias
2026-10-08,RUT,RUSSELL 2000 INDEX,Indices,2794.13,0.00033295145353018363,-0.013682140852627422,-0.0009760946203957177,-0.0009760946203957177,10.9,4.0,6.7,4.7,4.7,37.0,0.0,59.0,21.0,21.0,-0.0074,-0.0039,0.0089,-0.0025,0.0007,-0.0041,Bottoming,
2026-10-08,RVTY,"REVVITY, INC.",Health Care,152.16,-0.009375000000000022,0.004157592555929401,-0.00477467460265546,-0.00477467460265546,97.4,2.0,15.100000000000009,6.0,6.0,28.0,13.0,2.0,51.0,51.0,0.0264,0.0632,0.0264,-0.0126,0.0018,0.0017,Neutral,Crowded Short
2026-10-08,SBAC,SBA COMMUNICATIONS ,Real Estate,170.01,-0.0021716163868998883,0.07268597387847797,0.06176617536847351,0.06176617536847351,24.8,9.9,24.6,24.6,24.6,1.0,5.0,-17.0,-45.0,-45.0,-0.0286,-0.0346,-0.0498,0.0039,-0.0104,-0.0067,Topping,Crowded Short
2026-10-08,SBLK,STAR BULK CARRIERS CORP.,MR Discretion,30.47,0.026271471876052388,-0.009105691056910614,0.03780653950953683,0.03780653950953683,30.8,13.3,8.400000000000002,16.5,16.5,-2.0,-10.0,-41.0,-38.0,-38.0,-0.0103,0.0368,0.0392,-0.0041,-0.0009,0.0031,Sell,Mean Reversion Upside Bias
2026-10-08,SBUX,STARBUCKS ,Consumer Discretionary,93.21,-0.003953836289805612,-0.015837820715869477,-0.007982120051085562,-0.007982120051085562,11.7,1.1999999999999993,9.5,10.299999999999999,10.299999999999999,-8.0,-44.0,-25.0,-43.0,-43.0,-0.0312,-0.0266,-0.0165,-0.0245,-0.0131,-0.0072,Sell,Mean Reversion Upside Bias
2026-10-08,SCHP,SCHWAB STR:US TIPS,Bonds,25.2,0.0027855153203342198,0.003984063745019917,0.0027855153203342198,0.0027855153203342198,8.5,4.3,6.3,5.9,5.9,-30.0,0.0,0.0,2.0,2.0,-0.0053,-0.0206,0.065,0.0016,-0.0044,-0.0169,Neutral,Crowded Short
2026-10-08,SCHW,THE CHARLES SCHWAB ,Financials,96.88,0.013707230302396178,0.0018614270941053057,-0.00879885410272152,-0.00879885410272152,3.8,2.4,3.5999999999999996,1.5999999999999996,1.5999999999999996,28.0,38.0,8.0,-43.0,-43.0,-0.0284,-0.001,0.0285,0.0022,-0.0124,-0.0093,Bottoming,Crowded Short
2026-10-08,SD,"SANDRIDGE ENERGY, INC.",MR Discretion,14.06,0.02478134110787167,0.032305433186490484,0.04225352112676051,0.04225352112676051,20.0,15.0,4.699999999999999,9.8,9.8,10.0,-4.0,-21.0,-71.0,-71.0,-0.0147,0.0096,0.0094,0.0036,-0.0006,0.0038,Neutral,Crowded Short
2026-10-08,SDY,SPDR S&P DIVIDEND,Sector & Style ETFs,149.37,0.01481078877641151,0.012197601138442815,0.019729655925723844,0.019729655925723844,21.4,10.099999999999998,16.799999999999997,18.799999999999997,18.799999999999997,-5.0,-25.0,9.0,-38.0,-38.0,-0.0097,-0.0106,0.006,0.0032,-0.002,-0.0009,Neutral,Crowded Short
2026-10-08,SHW,THE SHERWIN-WILLIAMS COMPANY,Materials,321.03,0.019142857142857128,0.004757284592031397,-0.006929192316020738,-0.006929192316020738,60.1,16.800000000000004,26.200000000000003,16.9,16.9,-40.0,-22.0,-33.0,-44.0,-44.0,-0.007,-0.0312,-0.0292,-0.0024,-0.0039,-0.0058,Leaning Bearish,Crowded Short
2026-10-08,SHY,ISHARES:1-3 TRS BD ETF,Bonds,81.2,0.0004928536224741986,0.0018507094386182033,0.0,0.0,33.5,23.0,31.3,10.600000000000001,10.600000000000001,-21.0,-9.0,17.0,-68.0,-68.0,0.0004,-0.0076,-0.0004,0.0016,-0.0011,0.0009,Neutral,Mean Reversion Upside Bias
2026-10-08,SILJ,ETFMG PRIME JR SILVR MNR,Commodities,26.69,0.01637471439451632,-0.019831068674256325,-0.021627565982404673,-0.021627565982404673,7.7,3.9000000000000004,3.5,-6.8,-6.8,-62.0,-46.0,-48.0,-72.0,-72.0,-0.0305,-0.0032,0.1239,-0.0037,-0.0041,-0.0094,Sell,Mean Reversion Upside Bias
2026-10-08,SJM,THE J. M. SMUCKER COMPANY,Consumer Staples,119.435,0.030233761752781918,0.019156924652274032,0.004415103860062386,0.004415103860062386,36.3,26.999999999999996,28.599999999999998,31.299999999999997,31.299999999999997,29.0,44.0,-1.0,6.0,6.0,-0.0115,0.0194,0.023,0.0022,-0.0027,0.0001,Bottoming,Mean Reversion Upside Bias
2026-10-08,SKYD,PARAMOUNT SKYDANCE ,Communication Services,9.29,0.04617117117117098,-0.02210526315789485,-0.10067763794772511,-0.10067763794772511,44.6,8.700000000000003,13.100000000000001,-20.499999999999993,-20.499999999999993,-12.0,-27.0,-30.0,11.0,11.0,-0.0585,-0.0092,-0.0234,-0.0038,-0.0053,-0.0029,Leaning Bearish,Mean Reversion Downside Bias
2026-10-08,SLB,SCHLUMBERGER N.V.,Energy,48.98,0.021267723102585512,0.004924086992203369,0.0053366174055828886,0.0053366174055828886,9.3,7.1000000000000005,8.700000000000001,7.500000000000001,7.500000000000001,30.0,0.0,56.0,26.0,26.0,-0.0245,0.0174,0.0187,0.0013,-0.0035,0.0034,Bottoming,Mean Reversion Upside Bias
2026-10-08,SLV,ISHARES:SILVER TRUST,Commodities,53.45,-0.0068747677443329325,-0.023565948118377755,-0.019445973215923562,-0.019445973215923562,18.1,8.000000000000002,5.200000000000001,-4.0,-4.0,-67.0,0.0,-51.0,-42.0,-42.0,-0.0253,-0.0036,0.1481,-0.0059,-0.0077,-0.0107,Sell,Crowded Long
2026-10-08,SM,SM ENERGY COMPANY,MR Discretion,37.085,0.05205673758865248,0.05235527809307605,0.0978389579632919,0.0978389579632919,35.9,7.899999999999999,5.5,16.2,16.2,-11.0,-51.0,-22.0,-44.0,-44.0,-0.0248,0.0554,-0.0241,0.011,-0.0036,-0.0011,Neutral,Mean Reversion Downside Bias
2026-10-08,SMCI,"SUPER MICRO COMPUTER, INC.",Information Technology,42.77,-0.048286604361370555,-0.021057450217440987,0.04139274409544691,0.04139274409544691,77.2,-2.0,-0.7999999999999972,3.700000000000003,3.700000000000003,16.0,19.0,46.0,36.0,36.0,0.0411,0.1125,-0.0067,-0.0133,0.0229,0.0382,Neutral,Mean Reversion Upside Bias
2026-10-08,SMH,VANECK:SEMICONDUCTOR,Sector & Style ETFs,607.27,-0.028414636097467305,-0.0369965112591184,-0.002840722495894954,-0.002840722495894954,70.4,-2.0,-14.299999999999997,-8.699999999999989,-8.699999999999989,14.0,-16.0,-12.0,0.0,0.0,0.0372,-0.003,0.0987,-0.014,0.0063,-0.0002,Neutral,Mean Reversion Upside Bias
2026-10-08,SNA,SNAP-ON INC.,Industrials,358.88,-0.0028064130706604296,-0.02716183247492543,-0.012302187973028844,-0.012302187973028844,13.3,1.8000000000000007,3.200000000000001,5.100000000000001,5.100000000000001,31.0,34.0,64.0,7.0,7.0,-0.014,-0.0272,0.0212,-0.0018,-0.0052,-0.0234,Leaning Bearish,Crowded Short
2026-10-08,SNDK,SANDISK CORPORATION,Information Technology,1609.46,-0.049018565131586755,-0.06426200152326467,-0.07496450925058484,-0.07496450925058484,14.5,-1.6000000000000014,-19.0,-24.700000000000003,-24.700000000000003,8.0,-18.0,-9.0,-21.0,-21.0,0.0281,-0.0548,0.5844,-0.009,0.014,-0.016,Neutral,Crowded Long
2026-10-08,SNPS,"SYNOPSYS, INC.",Information Technology,497.75,-0.009787733503093476,0.016023678301694266,0.14441072331815885,0.14441072331815885,88.7,-3.3999999999999915,7.900000000000006,20.799999999999997,20.799999999999997,-77.0,3.0,-44.0,-91.0,-91.0,0.0988,0.0169,-0.0519,0.0015,-0.002,0.0084,Topping,Crowded Long
2026-10-08,SO,THE SOUTHERN COMPANY,Utilities,86.15,0.008191925102399189,0.029025322503583473,0.03932923151164203,0.03932923151164203,41.1,11.700000000000003,27.8,30.900000000000002,30.900000000000002,-19.0,-8.0,-14.0,-59.0,-59.0,-0.0095,-0.0337,-0.0046,0.0027,-0.0034,-0.0025,Neutral,Crowded Short
2026-10-08,SOLV,SOLVENTUM ,Health Care,86.41,0.0061714019562180145,-0.016391576550939035,-0.019739081111741497,-0.019739081111741497,37.7,21.200000000000003,23.200000000000003,12.800000000000004,12.800000000000004,5.0,-9.0,1.0,-31.0,-31.0,-0.0148,0.0236,0.0101,-0.001,-0.0042,-0.0082,Leaning Bearish,Mean Reversion Upside Bias
2026-10-08,SOYB,TEUCRIUM:SOYBEAN,Commodities,27.39,-0.007249003262051468,0.006245407788390889,-0.004362050163576936,-0.004362050163576936,18.1,-14.199999999999996,-1.5,-10.0,-10.0,20.0,9.0,-24.0,-4.0,-4.0,-0.0042,0.0316,0.0166,-0.0005,-0.0013,0.0016,Neutral,Crowded Long
2026-10-08,SPG,"SIMON PROPERTY GROUP, INC.",Real Estate,199.61,0.010223189432663649,-0.006668325454092905,-0.005728232715680348,-0.005728232715680348,20.8,-0.3999999999999986,7.9,8.600000000000001,8.600000000000001,1.0,-39.0,-35.0,-60.0,-60.0,-0.0117,-0.0232,0.0237,-0.001,-0.0016,-0.0048,Leaning Bearish,Mean Reversion Upside Bias
2026-10-08,SPGI,S&P GLOBAL INC.,Financials,402.72,0.01869324361925484,0.04258679162244028,0.02091413795725905,0.02091413795725905,33.1,18.200000000000003,32.5,23.700000000000003,23.700000000000003,-50.0,-4.0,-8.0,-38.0,-38.0,-0.0133,-0.0179,-0.0575,0.0065,-0.0045,-0.0038,Topping,Mean Reversion Upside Bias
2026-10-08,SPHB,INVESCO S&P500 HI BE,Sector & Style ETFs,152.02,-0.020805152979065933,-0.01846590909090895,0.008558349366416973,0.008558349366416973,67.3,-1.2000000000000028,-6.299999999999997,-4.200000000000003,-4.200000000000003,14.0,-11.0,-11.0,-3.0,-3.0,0.0187,0.0011,0.0334,-0.0072,0.0057,-0.0014,Neutral,Mean Reversion Upside Bias
2026-10-08,SPLV,INVESCO S&P500 LOWVL,Sector & Style ETFs,71.97,0.010530749789384952,0.015234870926787991,0.02070628279676634,0.02070628279676634,17.3,10.0,15.9,15.9,15.9,0.0,38.0,63.0,-33.0,-33.0,-0.0094,-0.0163,0.0032,0.0024,-0.0008,-0.0019,Neutral,Crowded Short
2026-10-08,SPX,S&P 500 INDEX,Indices,7765.36,-0.004666889692980014,0.005521370708765794,0.014875436840165568,0.014875436840165568,75.2,2.0,46.400000000000006,36.400000000000006,36.400000000000006,-27.0,-17.0,-35.0,-64.0,-64.0,0.0057,0.0125,-0.0017,-0.0006,0.0007,-0.0061,Neutral,
2026-10-08,SPY,SPDR S&P 500 ETF,Sector & Style ETFs,773.97,-0.004232817847309778,0.005626006964295049,0.014869596003304286,0.014869596003304286,74.0,2.0,46.8,37.3,37.3,-12.0,-17.0,-24.0,-47.0,-47.0,0.0053,0.0152,-0.0012,-0.0006,0.001,-0.0063,Neutral,Crowded Short
2026-10-08,SRE,SEMPRA,Utilities,80.08,0.004893964110929794,0.021689206430211883,0.02719343252950246,0.02719343252950246,14.5,6.4,11.1,7.9,7.9,-12.0,26.0,26.0,-1.0,-1.0,-0.0129,-0.037,-0.0215,0.0031,-0.0032,-0.0038,Neutral,Mean Reversion Upside Bias
2026-10-08,STE,STERIS PUBLIC LIMITED COMPANY,Health Care,210.76,0.005150705837466463,0.010645439723794059,0.003571258511499531,0.003571258511499531,51.8,18.699999999999996,43.699999999999996,45.599999999999994,45.599999999999994,-18.0,0.0,3.0,-45.0,-45.0,-0.0019,-0.0006,-0.0072,0.0013,0.0003,0.0024,Neutral,Mean Reversion Upside Bias
2026-10-08,STIP,ISHARES:0-5 TIPS BD ETF,Bonds,100.17,0.0006993006993007977,0.002502001601281112,0.004714142427281853,0.004714142427281853,46.6,24.200000000000003,35.7,42.800000000000004,42.800000000000004,-19.0,-8.0,-51.0,-52.0,-52.0,0.0026,-0.0056,-0.0031,0.0001,-0.0056,-0.0052,Neutral,Crowded Short
2026-10-08,STLA,STELLANTIS NV,MR Discretion,4.515,-0.021668472372697867,0.026136363636363402,0.035550458715596145,0.035550458715596145,26.4,-8.300000000000004,14.7,20.599999999999998,20.599999999999998,83.0,50.0,83.0,79.0,79.0,-0.0486,-0.0573,-0.163,0.0006,0.0063,0.0015,Buy,Crowded Short
2026-10-08,STLD,"STEEL DYNAMICS, INC.",Materials,234.17,0.00034174889999571967,0.009396956765377773,0.05667614277334043,0.05667614277334043,29.6,4.400000000000002,13.5,10.3,10.3,39.0,8.0,-25.0,-12.0,-12.0,-0.0058,-0.0041,0.066,-0.0028,0.0108,-0.005,Bottoming,Mean Reversion Upside Bias
2026-10-08,STNG,SCORPIO TANKERS INC.,MR Discretion,88.15,0.04307182581942959,0.022266032703235572,0.05316606929510148,0.05316606929510148,54.2,6.800000000000004,-19.0,-6.199999999999996,-6.199999999999996,30.0,32.0,-3.0,-3.0,-3.0,0.0037,0.0257,0.0442,-0.0022,-0.0005,0.0237,Neutral,Crowded Short
2026-10-08,STT,STATE STREET ,Financials,175.095,0.005195476204144844,-0.00491588997499437,0.0028924909788647923,0.0028924909788647923,1.0,0.8,0.8,0.0,0.0,35.0,0.0,53.0,52.0,52.0,-0.0234,-0.0109,0.0664,0.0013,-0.0106,-0.0052,Bottoming,Mean Reversion Upside Bias
2026-10-08,STX,SEAGATE TECHNOLOGY HOLDINGS,Information Technology,774.825,-0.04054756863182141,-0.08735674153994744,-0.15993559858620465,-0.15993559858620465,7.3,-1.2000000000000002,-35.6,-57.8,-57.8,-16.0,-27.0,-62.0,-38.0,-38.0,0.0062,-0.0063,0.2292,-0.0066,-0.0051,-0.0077,Leaning Bearish,Mean Reversion Downside Bias
2026-10-08,STZ,"CONSTELLATION BRANDS, INC.",Consumer Staples,123.59,0.04392262860038865,0.09497652166208903,0.09313638775871214,0.09313638775871214,52.6,11.5,48.4,50.0,50.0,7.0,0.0,-5.0,-58.0,-58.0,-0.0023,-0.0265,-0.1,0.009,0.0227,-0.008,Buy,Mean Reversion Upside Bias
2026-10-08,SW,SMURFIT WESTROCK PUBLIC LIMITED COMPANY,Materials,41.45,0.003875030273674085,-0.025622943112364793,-0.0600907029478458,-0.0600907029478458,37.1,0.8000000000000043,13.900000000000002,2.200000000000003,2.200000000000003,31.0,-14.0,17.0,5.0,5.0,-0.0288,-0.0089,-0.0105,-0.0104,0.0021,-0.0126,Leaning Bullish,Mean Reversion Upside Bias
2026-10-08,SWK,"STANLEY BLACK & DECKER, INC.",Industrials,89.17,0.009738421469822178,-0.02375738997153498,0.006547014335703816,0.006547014335703816,39.1,11.100000000000001,14.700000000000003,17.0,17.0,-5.0,-41.0,-6.0,-46.0,-46.0,-0.0092,-0.0097,-0.0542,-0.0092,-0.0004,-0.0046,Neutral,Mean Reversion Upside Bias
2026-10-08,SWKS,"SKYWORKS SOLUTIONS, INC.",Information Technology,80.75,-0.0321227376243558,-0.05033517582029878,-0.055334581188582144,-0.055334581188582144,42.7,-19.4,-34.099999999999994,-42.39999999999999,-42.39999999999999,35.0,20.0,40.0,84.0,84.0,-0.0278,0.0816,-0.0263,-0.0062,0.0058,0.0097,Leaning Bullish,Mean Reversion Downside Bias
2026-10-08,SYF,SYNCHRONY FINANCIAL,Financials,73.72,0.024885305157792192,0.027170126793925053,0.03874876708468378,0.03874876708468378,41.1,33.800000000000004,40.1,31.3,31.3,12.0,0.0,33.0,-23.0,-23.0,-0.0119,-0.0069,0.0206,0.0039,0.0219,-0.0142,Buy,Mean Reversion Upside Bias
2026-10-08,SYK,STRYKER ,Health Care,276.97,0.005518242875295121,0.005591257306756692,0.005737317985402779,0.005737317985402779,76.6,21.599999999999994,52.99999999999999,61.3,61.3,-27.0,-9.0,-4.0,-27.0,-27.0,-0.0003,-0.0455,-0.0189,-0.002,0.0039,0.0025,Neutral,Mean Reversion Upside Bias
2026-10-08,SYY,SYSCO ,Consumer Staples,78.18,0.018101315275426577,0.008904374758033518,0.0028219599794767625,0.0028219599794767625,18.8,3.5,-5.599999999999998,0.3000000000000007,0.3000000000000007,-7.0,-61.0,19.0,-38.0,-38.0,-0.01,-0.0,0.0213,0.0055,-0.0031,-0.0018,Bottoming,Mean Reversion Downside Bias
2026-10-08,T,AT&T INC.,Communication Services,24.88,0.016547497446373738,0.02386831275720147,0.01967213114754096,0.01967213114754096,51.8,0.3999999999999986,29.4,20.9,20.9,-21.0,0.0,-52.0,-41.0,-41.0,-0.0204,0.0551,-0.0058,0.0065,-0.0001,-0.0061,Neutral,Mean Reversion Upside Bias
2026-10-08,TAGS,TEUCRIUM:AGRICULTURAL,Commodities,27.52,-0.00971572508096441,0.005847953216374213,0.014375230372281722,0.014375230372281722,19.6,-17.5,5.100000000000001,13.000000000000002,13.000000000000002,47.0,12.0,11.0,27.0,27.0,-0.0003,0.0356,0.0058,0.0005,-0.0031,-0.0042,Neutral,Crowded Short
2026-10-08,TAP,MOLSON COORS BEVERAGE COMPANY,Consumer Staples,37.92,0.026390580592773105,0.028757460661964274,0.039758705785577275,0.039758705785577275,41.9,13.899999999999999,33.0,30.5,30.5,23.0,32.0,54.0,-33.0,-33.0,-0.0174,-0.0227,-0.0337,0.0023,0.0013,-0.005,Buy,Mean Reversion Upside Bias
2026-10-08,TDG,TRANSDIGM GROUP INC.,Industrials,1089.3,-0.006303536731100845,-0.000990480382985881,0.006188804729355235,0.006188804729355235,31.9,-4.800000000000004,14.599999999999998,17.4,17.4,-21.0,0.0,-25.0,-24.0,-24.0,0.0062,-0.0384,-0.0066,0.0022,-0.0015,-0.0041,Neutral,Mean Reversion Upside Bias
2026-10-08,TDW,TIDEWATER INC.,MR Discretion,84.7,0.015587529976019088,0.02766318854646932,0.04438964241676957,0.04438964241676957,19.2,8.299999999999999,13.399999999999999,14.6,14.6,39.0,-13.0,16.0,35.0,35.0,-0.0166,0.0196,0.0227,0.0011,-0.0157,0.0206,Bottoming,Mean Reversion Upside Bias
2026-10-08,TDY,TELEDYNE TECHNOLOGIES INC.,Information Technology,604.82,0.0011089961102377366,-0.020010693974107485,-0.00327944496629895,-0.00327944496629895,59.7,0.0,-1.5999999999999943,20.300000000000004,20.300000000000004,35.0,-5.0,40.0,6.0,6.0,0.0039,-0.0097,0.0566,-0.0048,-0.0004,-0.009,Neutral,Crowded Short
2026-10-08,TECH,BIO-TECHNE ,Health Care,72.45,-0.0011029918654349435,0.0006906077348065587,-0.00027597626604103365,-0.00027597626604103365,57.3,7.5,36.099999999999994,8.5,8.5,-77.0,-50.0,-68.0,-50.0,-50.0,0.0014,0.0003,-0.048,-0.0005,-0.0112,0.0023,Neutral,
2026-10-08,TECK,TECK RESOURCES LIMITED,MR Discretion,64.82,-0.008716929194066525,-0.05455075845974344,-0.014743882048943835,-0.014743882048943835,28.6,16.5,-4.5,1.3000000000000007,1.3000000000000007,46.0,-29.0,2.0,2.0,2.0,0.008,0.0217,0.0227,-0.0051,0.0085,-0.0028,Bottoming,Mean Reversion Upside Bias
2026-10-08,TEL,TE CONNECTIVITY LTD,Information Technology,214.31,-0.007042579808182459,-0.027455073516064687,0.015302255069167936,0.015302255069167936,73.6,-4.400000000000006,-1.2000000000000028,17.199999999999996,17.199999999999996,-8.0,6.0,23.0,-10.0,-10.0,0.0155,0.0249,0.0309,-0.0031,0.0038,0.0019,Bottoming,Mean Reversion Upside Bias
2026-10-08,TER,"TERADYNE, INC.",Information Technology,398.72,-0.03171596483559169,-0.1120612862996615,-0.005462572647227604,-0.005462572647227604,43.8,0.6999999999999957,-46.10000000000001,-26.10000000000001,-26.10000000000001,46.0,16.0,41.0,30.0,30.0,0.0624,0.0404,0.1718,-0.0196,0.0318,0.0134,Neutral,Crowded Short
2026-10-08,TFC,TRUIST FINANCIAL ,Financials,46.18,0.013163668275559592,-0.005812701829924771,-0.0025917926565873772,-0.0025917926565873772,6.9,2.1000000000000005,2.7,-6.799999999999999,-6.799999999999999,-15.0,-32.0,48.0,-79.0,-79.0,-0.0273,-0.0228,-0.0088,0.0016,-0.0055,-0.0015,Bottoming,Mean Reversion Upside Bias
2026-10-08,TGT,TARGET ,Consumer Staples,154.76,0.02544394381129078,-0.007948717948717987,-0.012317314442529925,-0.012317314442529925,19.2,12.299999999999999,15.799999999999999,13.399999999999999,13.399999999999999,12.0,10.0,-11.0,-24.0,-24.0,-0.011,0.0309,-0.0151,-0.0024,-0.002,-0.0027,Leaning Bearish,Mean Reversion Upside Bias
2026-10-08,THD,ISHARES:MSCI THAI,Foreign,71.1,-0.009749303621169991,-0.00726054174811519,0.008367607431569946,0.008367607431569946,6.9,-1.1999999999999993,-10.4,-13.200000000000001,-13.200000000000001,-11.0,-23.0,-58.0,-1.0,-1.0,-0.0032,-0.0028,0.0016,-0.0007,0.0025,-0.0038,Bottoming,Crowded Long
2026-10-08,TIP,ISHARES:TIPS BD ETF,Bonds,104.52,0.0026861089792786785,0.003938142349438012,0.0046136101499423265,0.0046136101499423265,13.3,9.100000000000001,11.5,11.100000000000001,11.100000000000001,-20.0,25.0,25.0,-40.0,-40.0,-0.0039,-0.0162,-0.0041,0.0011,-0.0036,-0.0051,Neutral,Mean Reversion Downside Bias
2026-10-08,TJX,"THE TJX COMPANIES, INC.",Consumer Discretionary,138.75,-0.00036023054755052186,0.04574917093759412,0.04867356964704106,0.04867356964704106,98.2,1.2000000000000028,50.400000000000006,59.400000000000006,59.400000000000006,-26.0,-6.0,-46.0,-49.0,-49.0,0.0291,-0.0313,0.0308,0.0035,0.01,0.0011,Leaning Bullish,Mean Reversion Upside Bias
2026-10-08,TKO,"TKO GROUP HOLDINGS, INC.",Communication Services,181.63,0.016737572772055564,0.034457227474655294,0.010627643000222564,0.010627643000222564,23.2,15.899999999999999,10.299999999999999,-27.599999999999998,-27.599999999999998,9.0,53.0,47.0,55.0,55.0,-0.0301,-0.012,0.0565,0.0077,0.0047,-0.0066,Buy,Mean Reversion Upside Bias
2026-10-08,TLT,ISHARES:20+ TRS BD ETF,Bonds,77.87,0.009397887095728974,0.005033557046979942,0.0011571097968630095,0.0011571097968630095,12.9,11.5,12.3,9.9,9.9,12.0,24.0,13.0,-24.0,-24.0,-0.0154,-0.0181,-0.016,-0.0002,-0.0027,0.0037,Neutral,Crowded Short
2026-10-08,TMO,THERMO FISHER SCIENTIFIC INC.,Health Care,651.98,-0.014756439413973643,-0.00430665852168588,-0.03417524627805335,-0.03417524627805335,66.1,-7.5,7.999999999999993,-30.10000000000001,-30.10000000000001,15.0,12.0,11.0,79.0,79.0,0.0063,0.0529,0.0146,-0.0086,-0.0078,0.0088,Leaning Bearish,Crowded Short
2026-10-08,TMUS,"T-MOBILE US, INC.",Communication Services,171.31,0.021831195943930792,0.04687118064043028,0.050466028942850016,0.050466028942850016,54.2,12.5,48.400000000000006,33.7,33.7,-37.0,-16.0,-23.0,-43.0,-43.0,-0.0143,-0.0147,-0.0311,0.0183,-0.0014,-0.018,Topping,Mean Reversion Upside Bias
2026-10-08,TNX,10 Y TSY YLD NDX,Yields,5.23,-0.009469696969696906,-0.009469696969696906,-0.011342155009451682,-0.011342155009451682,87.1,-8.700000000000003,-11.100000000000009,-11.100000000000009,-11.100000000000009,11.0,2.0,-14.0,54.0,54.0,0.0203,0.0421,0.0238,-0.0005,-0.001,-0.0033,Neutral,
2026-10-08,TPL,TEXAS PACIFIC LAND ,Energy,357.855,0.03489111888718588,0.05192686439930627,0.09828745051100274,0.09828745051100274,51.0,24.4,23.4,39.6,39.6,3.0,16.0,8.0,-22.0,-22.0,-0.0012,-0.0496,0.0392,0.0075,0.0089,-0.0241,Leaning Bullish,Crowded Short
2026-10-08,TPR,"TAPESTRY, INC.",Consumer Discretionary,115.82,0.021160289190618853,-0.019471723670843266,0.006780250347705019,0.006780250347705019,48.8,1.7999999999999972,17.299999999999997,29.499999999999996,29.499999999999996,-3.0,0.0,0.0,-3.0,-3.0,-0.0096,-0.0287,0.1303,-0.0051,0.0075,-0.0101,Neutral,Mean Reversion Upside Bias
2026-10-08,TRGP,TARGA RESOURCES CORP.,Energy,288.49,0.015952951119876158,0.023958259388088265,0.06725611335133741,0.06725611335133741,26.6,7.400000000000002,15.700000000000001,26.400000000000002,26.400000000000002,40.0,-35.0,-6.0,58.0,58.0,-0.0058,0.0157,0.0803,0.0036,0.0014,-0.0082,Buy,Mean Reversion Upside Bias
2026-10-08,TRMB,TRIMBLE INC.,Information Technology,59.85,-0.0034965034965035446,0.04050764951321284,0.047977587112589815,0.047977587112589815,87.9,5.6000000000000085,59.10000000000001,52.2,52.2,-61.0,0.0,-28.0,-35.0,-35.0,0.012,0.0245,-0.0284,0.0016,-0.0014,-0.0035,Leaning Bearish,Mean Reversion Upside Bias
2026-10-08,TROW,"T. ROWE PRICE GROUP, INC.",Financials,104.23,0.0015374267320074075,-0.0037277767157331,0.0017299375300336983,0.0017299375300336983,26.4,1.1999999999999993,15.299999999999999,7.5,7.5,4.0,-8.0,2.0,-49.0,-49.0,-0.0002,-0.0309,-0.0264,0.0013,-0.0119,-0.005,Neutral,Mean Reversion Upside Bias
2026-10-08,TRV,"THE TRAVELERS COMPANIES, INC.",Financials,370.27,0.02684489309187721,0.02744325434263839,0.038596392808055935,0.038596392808055935,48.6,23.400000000000002,34.1,24.5,24.5,10.0,16.0,10.0,-49.0,-49.0,-0.0126,0.0123,0.0606,0.0059,-0.0053,-0.0147,Bottoming,Crowded Short
2026-10-08,TS,TENARIS SA,MR Discretion,56.59,0.018172004318100177,0.010716199321307407,0.025552736498731576,0.025552736498731576,36.7,17.1,2.4000000000000057,16.6,16.6,35.0,14.0,9.0,-5.0,-5.0,0.0128,0.0088,0.0666,-0.0012,0.0083,-0.005,Neutral,Crowded Short
2026-10-08,TSCO,TRACTOR SUPPLY COMPANY,Consumer Discretionary,33.48,0.02952029520295185,0.07687359279511097,0.06999041227229141,0.06999041227229141,68.8,20.199999999999996,48.4,48.699999999999996,48.699999999999996,-12.0,7.0,-2.0,-2.0,-2.0,-0.0091,0.0083,-0.0677,0.0079,0.0071,-0.01,Leaning Bullish,Crowded Short
2026-10-08,TSLA,"TESLA, INC.",Consumer Discretionary,375.0,-0.0074376009105106,0.011899943333603336,0.05690369493531744,0.05690369493531744,71.6,1.5999999999999943,22.39999999999999,17.999999999999993,17.999999999999993,-43.0,-16.0,5.0,-17.0,-17.0,0.0146,-0.0255,0.0333,-0.0035,0.0009,-0.0045,Neutral,Mean Reversion Upside Bias
2026-10-08,TSN,"TYSON FOODS, INC.",Consumer Staples,52.34,0.012477028726182393,0.00867219117363649,0.03582030476944387,0.03582030476944387,44.2,-0.3999999999999986,-4.399999999999999,26.900000000000002,26.900000000000002,-34.0,0.0,5.0,-42.0,-42.0,-0.0051,-0.025,-0.0194,0.0021,-0.0027,-0.0016,Neutral,Mean Reversion Upside Bias
2026-10-08,TT,TRANE TECHNOLOGIES PLC,Industrials,469.94,0.005714041132535819,0.012998210859864967,0.03973627151643866,0.03973627151643866,84.7,4.700000000000003,6.299999999999997,16.400000000000006,16.400000000000006,-17.0,0.0,-5.0,-10.0,-10.0,0.0328,-0.0153,0.0122,0.0025,0.0078,-0.0051,Leaning Bullish,Crowded Short
2026-10-08,TTD,"THE TRADE DESK, INC.",Communication Services,12.34,0.02067824648469818,0.03263598326359829,0.013968775677896561,0.013968775677896561,27.6,6.200000000000003,18.700000000000003,-5.899999999999999,-5.899999999999999,-11.0,45.0,58.0,-8.0,-8.0,-0.0698,-0.1039,-0.2867,0.0019,-0.0185,-0.0221,Topping,Mean Reversion Upside Bias
2026-10-08,TTWO,"TAKE-TWO INTERACTIVE SOFTWARE, INC.",Communication Services,209.37,0.02627322190088721,0.032752922606422485,0.009012048192771127,0.009012048192771127,40.7,1.2000000000000028,10.300000000000004,7.0,7.0,-21.0,-16.0,5.0,-50.0,-50.0,-0.0032,-0.0506,0.0386,0.0113,-0.008,-0.0026,Neutral,Mean Reversion Upside Bias
2026-10-08,TUR,ISHARES:MSCI TURKEY,Foreign,33.9252,0.00222156573116683,-0.010350058343057356,0.0037041420118342216,0.0037041420118342216,0.6,0.39999999999999997,-3.1999999999999997,0.0,0.0,44.0,28.0,74.0,45.0,45.0,-0.0363,-0.0313,0.0158,0.0023,-0.0027,0.006,Bottoming,Crowded Short
2026-10-08,TXN,TEXAS INSTRUMENTS INC.,Information Technology,288.2,-0.0026991487300159767,-0.019060585432266963,0.028954978756828176,0.028954978756828176,79.2,3.799999999999997,-19.0,-2.700000000000003,-2.700000000000003,-7.0,0.0,3.0,17.0,17.0,0.0299,0.009,0.0286,-0.0014,0.0033,0.0036,Neutral,Crowded Short
2026-10-08,TXT,TEXTRON INC.,Industrials,73.22,0.0027389756231170903,-0.05229096557079993,-0.039107611548556465,-0.039107611548556465,10.9,3.2,-13.9,-4.4,-4.4,29.0,32.0,46.0,49.0,49.0,-0.0314,-0.0333,-0.0264,-0.0051,-0.01,-0.0028,Leaning Bearish,Crowded Short
2026-10-08,TYL,"TYLER TECHNOLOGIES, INC.",Information Technology,331.15,-0.0035806703977854237,0.025835630866453796,0.039391086001255404,0.039391086001255404,65.7,12.300000000000004,57.2,59.900000000000006,59.900000000000006,-57.0,-9.0,2.0,-15.0,-15.0,-0.0218,0.017,-0.1032,0.0018,-0.0091,-0.0067,Leaning Bearish,Mean Reversion Upside Bias
2026-10-08,TYX,30 Y TSY YLD NDX,Yields,5.61,-0.00883392226148405,-0.003552397868561208,-0.005319148936170137,-0.005319148936170137,89.1,-7.900000000000006,-10.300000000000011,-10.300000000000011,-10.300000000000011,11.0,-5.0,-5.0,54.0,54.0,0.0188,0.0207,0.0231,0.0004,-0.0001,-0.0043,Neutral,
2026-10-08,UAL,"UNITED AIRLINES HOLDINGS, INC.",Industrials,107.44,-0.02477988563129707,-0.04506266109679147,-0.031635872014420974,-0.031635872014420974,53.8,-9.100000000000001,-13.5,-20.900000000000006,-20.900000000000006,-26.0,-21.0,5.0,-21.0,-21.0,0.0058,-0.0433,0.0258,-0.0075,-0.0009,-0.0513,Leaning Bearish,Mean Reversion Upside Bias
2026-10-08,UBER,"UBER TECHNOLOGIES, INC.",Industrials,70.25,0.026446522501461178,0.03141976214946407,0.025397752152970243,0.025397752152970243,32.7,5.100000000000001,28.500000000000004,26.500000000000004,26.500000000000004,-21.0,-25.0,0.0,-33.0,-33.0,-0.0104,-0.042,-0.0224,0.0042,-0.0007,-0.0119,Neutral,Mean Reversion Upside Bias
2026-10-08,UDR,"UDR, INC.",Real Estate,33.56,0.007202881152461149,0.008716561466786787,0.0002980625931447989,0.0002980625931447989,20.4,5.099999999999998,17.0,18.599999999999998,18.599999999999998,-16.0,-18.0,42.0,-30.0,-30.0,-0.012,-0.035,-0.041,0.0014,-0.0053,-0.0016,Topping,Crowded Short
2026-10-08,UHS,"UNIVERSAL HEALTH SERVICES, INC.",Health Care,175.72,0.006299392967586748,0.0,0.008378285320784995,0.008378285320784995,56.2,8.400000000000006,-8.700000000000003,-0.19999999999999574,-0.19999999999999574,-42.0,0.0,0.0,-2.0,-2.0,0.002,0.0253,-0.0305,-0.0018,-0.004,0.0011,Leaning Bearish,Mean Reversion Upside Bias
2026-10-08,ULTA,"ULTA BEAUTY, INC.",Consumer Discretionary,564.21,0.034336730952555516,0.037742095679523135,0.03303000897156583,0.03303000897156583,73.0,22.799999999999997,40.3,31.200000000000003,31.200000000000003,2.0,-8.0,-8.0,-36.0,-36.0,0.0101,0.0576,0.033,0.0057,0.0018,0.0007,Leaning Bullish,Mean Reversion Upside Bias
2026-10-08,UNG,UNITED STATES NAT GAS,Commodities,10.805,-0.020842772995015912,0.031996179560649374,0.04194792671166825,0.04194792671166825,76.0,-10.700000000000003,28.200000000000003,32.4,32.4,23.0,5.0,20.0,15.0,15.0,0.029,0.0115,-0.0398,0.0041,0.0178,-0.002,Buy,Crowded Short
2026-10-08,UNH,UNITEDHEALTH GROUP INC.,Health Care,370.77,-0.013621006145414949,-0.0030384511965582117,0.010052304674730284,0.010052304674730284,18.7,-3.3000000000000007,12.0,12.5,12.5,4.0,-36.0,46.0,16.0,16.0,-0.0093,-0.0111,-0.0753,-0.0001,0.0014,-0.0036,Neutral,Mean Reversion Upside Bias
2026-10-08,UNP,UNION PACIFIC ,Industrials,278.2,0.01281491189748074,-0.00028748023573377246,0.022305515746150695,0.022305515746150695,23.2,3.599999999999998,5.099999999999998,9.5,9.5,39.0,0.0,0.0,-12.0,-12.0,-0.0087,0.0035,0.0307,0.0019,-0.0021,0.0039,Bottoming,Mean Reversion Upside Bias
2026-10-08,UPS,"UNITED PARCEL SERVICE, INC.",Industrials,94.145,0.02009968577310639,0.012094173296065325,0.007544948630136883,0.007544948630136883,20.0,3.1000000000000014,10.7,8.6,8.6,12.0,-35.0,5.0,-52.0,-52.0,-0.0314,-0.042,-0.038,0.0029,-0.0062,-0.0112,Neutral,Crowded Short
2026-10-08,URA,GLBL X URANIUM ETF,Commodities,38.5,-0.03532949135554986,-0.03242020608193008,-0.03387703889585947,-0.03387703889585947,5.0,0.7999999999999998,-1.5,-12.7,-12.7,12.0,43.0,-3.0,-42.0,-42.0,-0.016,-0.0229,0.0452,-0.0071,0.0036,-0.0123,Neutral,Mean Reversion Upside Bias
2026-10-08,URI,"UNITED RENTALS, INC.",Industrials,1050.15,0.012251310919185743,-0.02857433582476121,0.04933152141329766,0.04933152141329766,69.2,17.800000000000004,-10.0,15.600000000000001,15.600000000000001,-7.0,-15.0,0.0,-22.0,-22.0,0.0039,-0.0157,0.0192,-0.0031,0.0085,-0.0074,Neutral,Crowded Short
2026-10-08,URNM,SPROTT URANIUM MINERS,MR Discretion,46.0,-0.039465441637084986,-0.02994517081400261,-0.03076274757690689,-0.03076274757690689,6.2,2.0,6.0,0.40000000000000036,0.40000000000000036,12.0,15.0,-5.0,9.0,9.0,-0.0147,-0.0185,0.0154,-0.0068,0.0011,-0.0111,Neutral,Mean Reversion Upside Bias
2026-10-08,USB,U.S. BANCORP,Financials,57.025,0.015492832339061513,-0.008433315945053033,-0.012725069252077503,-0.012725069252077503,5.8,5.2,5.6,-7.500000000000001,-7.500000000000001,-33.0,-68.0,0.0,-48.0,-48.0,-0.0266,-0.0139,0.012,-0.0044,-0.0055,-0.007,Sell,Mean Reversion Upside Bias
2026-10-08,USO,UNITED STATES OIL FUND,Commodities,147.62,0.025708727070594906,0.0016964103956029764,0.013455993409309475,0.013455993409309475,16.9,-6.700000000000003,-30.5,-29.5,-29.5,61.0,46.0,15.0,24.0,24.0,-0.0227,0.092,0.1163,0.005,-0.0037,0.0037,Bottoming,Crowded Short
2026-10-08,UUP,INVESCO DB USD IDX BL,Currencies,28.98,-0.0020661157024792765,0.0031152647975076775,0.007299270072992803,0.007299270072992803,98.6,-1.2000000000000028,-0.4000000000000057,9.199999999999989,9.199999999999989,-27.0,21.0,0.0,25.0,25.0,0.0081,0.0118,-0.0037,-0.0002,-0.0009,-0.002,Neutral,Mean Reversion Upside Bias
2026-10-08,V,VISA INC.,Financials,375.12,0.008278679711858805,0.04009316253535178,0.04394289371886573,0.04394289371886573,64.9,7.200000000000003,58.00000000000001,45.2,45.2,2.0,0.0,35.0,-54.0,-54.0,-0.0027,-0.0002,0.0215,0.0067,-0.0035,-0.0036,Bottoming,Mean Reversion Upside Bias
2026-10-08,VAL,VALARIS LIMITED,MR Discretion,83.96,0.025778863775198557,0.07105498150274259,0.06928171166581754,0.06928171166581754,41.5,6.200000000000003,31.8,26.2,26.2,10.0,-20.0,0.0,-21.0,-21.0,-0.0002,0.0197,0.0394,0.004,0.005,0.0096,Buy,Mean Reversion Downside Bias
2026-10-08,VEEV,VEEVA SYSTEMS INC.,Health Care,284.8,0.008248663574892845,0.04196392638934632,-0.0022771063233489874,-0.0022771063233489874,87.5,2.0,54.4,25.9,25.9,-16.0,-26.0,-38.0,4.0,4.0,0.0247,0.1011,0.0325,0.0005,-0.0115,0.0013,Neutral,Mean Reversion Upside Bias
2026-10-08,VICI,VICI PROPERTIES INC.,Real Estate,22.81,0.00795404330534688,0.007064017660044053,-0.006965607313887734,-0.006965607313887734,12.9,7.5,11.9,9.100000000000001,9.100000000000001,2.0,30.0,71.0,21.0,21.0,-0.031,-0.036,-0.039,0.0036,-0.0045,0.0029,Topping,Crowded Short
2026-10-08,VIX,CBOE MKT VOLATILITY IDX,Volatility,15.41,0.021883289124668526,0.00653167864141091,-0.056915544675642527,-0.056915544675642527,18.8,-12.7,-46.5,-29.999999999999996,-29.999999999999996,17.0,39.0,54.0,66.0,66.0,-0.0119,0.0156,0.1636,0.0107,0.0114,-0.0009,Buy,
2026-10-08,VLO,VALERO ENERGY ,Energy,443.85,0.046791349260630666,0.09241939453605719,0.14509429581280164,0.14509429581280164,77.6,20.699999999999996,17.499999999999993,25.999999999999993,25.999999999999993,62.0,11.0,57.0,2.0,2.0,0.0263,0.0902,0.1092,0.005,0.0006,0.0154,Buy,Crowded Short
2026-10-08,VLTO,VERALTO ,Industrials,96.48,0.00783453462864303,0.019011406844106515,0.022900763358778775,0.022900763358778775,83.9,14.700000000000003,55.900000000000006,50.800000000000004,50.800000000000004,-40.0,-9.0,-23.0,-14.0,-14.0,-0.0005,0.013,-0.0168,-0.0,0.0016,-0.0011,Neutral,Mean Reversion Upside Bias
2026-10-08,VMC,VULCAN MATERIALS COMPANY,Materials,246.26,0.008724859705894428,0.013165473545626583,0.006663123901402113,0.006663123901402113,41.9,2.799999999999997,23.4,17.0,17.0,-17.0,-29.0,-8.0,-54.0,-54.0,-0.0027,-0.0481,-0.0148,0.0025,0.0053,-0.0075,Leaning Bullish,Mean Reversion Upside Bias
2026-10-08,VMRK,VIVMARK RESIDENTIAL,Real Estate,59.98,0.011637712936414246,0.0031777889279143157,-0.012837393021724819,-0.012837393021724819,9.3,4.700000000000001,1.200000000000001,-2.5,-2.5,-31.0,-23.0,19.0,-55.0,-55.0,-0.0231,-0.0254,-0.0357,0.0016,-0.0086,0.0029,Topping,Mean Reversion Upside Bias
2026-10-08,VNM,VANECK:VIETNAM,Foreign,16.61,-0.01541197391819804,-0.006578947368421018,-0.020058997050147465,-0.020058997050147465,3.8,-7.500000000000001,-3.9000000000000004,-4.2,-4.2,12.0,-10.0,3.0,8.0,8.0,-0.0137,-0.0354,0.0201,-0.002,-0.0002,-0.0022,Neutral,Mean Reversion Upside Bias
2026-10-08,VRSK,"VERISK ANALYTICS, INC.",Industrials,175.49,0.040372302584775976,0.0708445203807666,0.0455168305034257,0.0455168305034257,63.7,27.400000000000006,52.0,50.800000000000004,50.800000000000004,-48.0,-22.0,-4.0,-35.0,-35.0,-0.0187,0.0057,-0.0713,0.0077,-0.0044,-0.0049,Leaning Bearish,Mean Reversion Upside Bias
2026-10-08,VRSN,"VERISIGN, INC.",Information Technology,297.79,0.012133777445448857,0.03284544950055501,0.05595546257224937,0.05595546257224937,59.7,3.200000000000003,19.800000000000004,21.300000000000004,21.300000000000004,1.0,0.0,5.0,-52.0,-52.0,-0.0001,0.0192,0.0441,0.0006,-0.004,0.0007,Bottoming,Mean Reversion Upside Bias
2026-10-08,VRT,VERTIV HOLDINGS CO,Industrials,243.72,-0.011197663096397248,-0.03354746609564596,0.009987153454063202,0.009987153454063202,36.7,13.500000000000004,13.900000000000002,12.800000000000004,12.800000000000004,-16.0,-22.0,-20.0,-80.0,-80.0,-0.0023,-0.1007,0.0949,-0.0071,0.0078,-0.0173,Neutral,Mean Reversion Upside Bias
2026-10-08,VRTX,VERTEX PHARMACEUTICALS INC.,Health Care,503.25,-0.00472668301558421,-0.0029322608127118066,-0.03741320938773163,-0.03741320938773163,14.9,4.4,14.700000000000001,9.100000000000001,9.100000000000001,31.0,0.0,11.0,23.0,23.0,-0.0074,0.0062,-0.0011,0.0003,-0.0073,0.0013,Neutral,Mean Reversion Upside Bias
2026-10-08,VST,VISTRA CORP.,Utilities,156.18,-0.06333213386110115,0.11541208398800173,0.12887603903144207,0.12887603903144207,86.7,-9.5,50.400000000000006,20.400000000000006,20.400000000000006,-24.0,-4.0,-19.0,5.0,5.0,0.0452,0.017,0.017,0.0101,0.0574,-0.0095,Neutral,Mean Reversion Downside Bias
2026-10-08,VTR,"VENTAS, INC.",Real Estate,81.76,0.021361648969394187,-0.026782525889775033,-0.03834391907786394,-0.03834391907786394,5.0,3.6,4.4,3.2,3.2,20.0,48.0,82.0,-13.0,-13.0,-0.0311,-0.0158,0.0451,-0.0001,-0.0123,-0.0111,Neutral,Crowded Short
2026-10-08,VTRS,VIATRIS INC.,Health Care,17.44,-0.002858776443681932,-0.00909090909090915,-0.015801354401805745,-0.015801354401805745,70.4,1.6000000000000085,18.800000000000004,2.3000000000000114,2.3000000000000114,-22.0,0.0,-44.0,-67.0,-67.0,0.0151,0.0334,0.0445,-0.0075,-0.0074,0.0012,Sell,Mean Reversion Upside Bias
2026-10-08,VXN,CBOE NASDAQ MKT VOL NDX,Volatility,21.98,0.046666666666666634,0.03679245283018884,-0.021371326803205748,-0.021371326803205748,31.9,0.6999999999999993,-26.6,-20.5,-20.5,4.0,-17.0,-17.0,38.0,38.0,-0.0013,-0.0645,0.1039,0.0105,0.0103,0.0022,Leaning Bullish,
2026-10-08,VZ,VERIZON COMMUNICATIONS INC.,Communication Services,46.355,0.013002622377622286,0.009472996515679233,0.010573359494222778,0.010573359494222778,11.3,4.4,7.9,7.500000000000001,7.500000000000001,31.0,-6.0,-6.0,-24.0,-24.0,-0.0216,0.0269,-0.002,0.0072,0.0008,-0.001,Leaning Bullish,Crowded Short
2026-10-08,WAB,WESTINGHOUSE AIR BRAKE TECHNOLOGIES ,Industrials,280.8,-0.0058065429825803205,-0.023440217013285136,-0.022216031757086085,-0.022216031757086085,31.9,-3.6000000000000014,-21.1,-21.300000000000004,-21.300000000000004,50.0,6.0,37.0,24.0,24.0,0.0056,0.0285,0.0448,-0.0046,0.0043,-0.0069,Bottoming,Crowded Short
2026-10-08,WAT,WATERS ,Health Care,429.3,-0.01534438863276677,0.009618776604501278,-0.02296365415689927,-0.02296365415689927,72.0,-6.400000000000006,23.799999999999997,-13.900000000000006,-13.900000000000006,31.0,6.0,7.0,38.0,38.0,0.0103,0.0182,0.0202,-0.0054,-0.0004,0.0031,Neutral,Crowded Short
2026-10-08,WBD,"WARNER BROS. DISCOVERY, INC.",Communication Services,30.95,0.0,0.0003232062055591456,0.0,0.0,76.0,-1.2000000000000028,2.0,1.7000000000000028,1.7000000000000028,23.0,0.0,-11.0,-31.0,-31.0,0.0061,-0.0482,0.1227,0.0068,-0.0861,-0.0124,Neutral,
2026-10-08,WDAY,"WORKDAY, INC.",Information Technology,187.81,0.019266254206013356,0.008971741699795865,-0.013913682663026394,-0.013913682663026394,71.2,13.900000000000006,51.2,26.800000000000004,26.800000000000004,-35.0,-30.0,-18.0,-9.0,-9.0,-0.0087,0.0972,-0.0682,-0.0063,-0.0203,-0.0006,Leaning Bearish,Mean Reversion Upside Bias
2026-10-08,WDC,WESTERN DIGITAL ,Information Technology,393.31,-0.02987025800404519,-0.05292687037973465,-0.1345552963957224,-0.1345552963957224,4.6,1.1999999999999997,-8.3,-21.1,-21.1,-26.0,-22.0,-65.0,-60.0,-60.0,-0.0096,-0.0937,0.2711,-0.0039,-0.0065,-0.0124,Leaning Bearish,Mean Reversion Downside Bias
2026-10-08,WEAT,TEUCRIUM:WHEAT,Commodities,24.77,-0.005220883534136522,0.0008080808080808133,0.008140008140008037,0.008140008140008037,9.3,-7.599999999999998,2.000000000000001,8.700000000000001,8.700000000000001,10.0,3.0,0.0,11.0,11.0,-0.0152,0.0387,0.0187,-0.0003,-0.0085,-0.0029,Neutral,Mean Reversion Upside Bias
2026-10-08,WEC,"WEC ENERGY GROUP, INC.",Utilities,103.61,0.004167474316727926,0.01988384683531841,0.02808096844612029,0.02808096844612029,43.5,10.799999999999997,26.2,31.0,31.0,-14.0,0.0,-2.0,-14.0,-14.0,-0.007,-0.0323,0.0089,0.0019,-0.0015,-0.0069,Neutral,Crowded Short
2026-10-08,WELL,WELLTOWER INC.,Real Estate,223.04,0.008455034588777943,-0.020508541566026994,-0.03127171646977078,-0.03127171646977078,5.8,3.1999999999999997,1.2000000000000002,-4.000000000000001,-4.000000000000001,-20.0,8.0,13.0,-38.0,-38.0,-0.0157,-0.0015,0.0765,-0.0012,-0.0067,-0.0213,Sell,Crowded Short
2026-10-08,WFC,WELLS FARGO & COMPANY,Financials,82.05,0.02268478125389506,0.019888129272840116,0.024984384759525247,0.024984384759525247,8.1,5.5,5.1,-0.09999999999999964,-0.09999999999999964,-15.0,-34.0,41.0,-56.0,-56.0,-0.0298,-0.0146,0.0313,0.0028,-0.0047,-0.0132,Bottoming,Mean Reversion Upside Bias
2026-10-08,WM,"WASTE MANAGEMENT, INC.",Industrials,210.115,0.005816179990426162,0.027708486182440817,0.030379560612004752,0.030379560612004752,34.3,8.299999999999997,33.3,33.3,33.3,-14.0,-16.0,0.0,-32.0,-32.0,-0.0167,-0.0204,-0.0098,0.0039,-0.0043,-0.0049,Neutral,Crowded Short
2026-10-08,WMB,"THE WILLIAMS COMPANIES, INC.",Energy,72.34,0.012314581584103035,0.025517436915225344,0.06429307047226729,0.06429307047226729,43.1,31.400000000000002,31.0,42.9,42.9,-5.0,-10.0,7.0,15.0,15.0,0.0019,-0.0214,0.0614,0.0021,0.0043,-0.0145,Leaning Bullish,Mean Reversion Upside Bias
2026-10-08,WMT,WALMART INC.,Consumer Staples,110.56,0.022189349112426093,0.06042585843084591,0.06389530408006161,0.06389530408006161,74.4,13.500000000000007,54.400000000000006,37.900000000000006,37.900000000000006,-19.0,-14.0,-23.0,-48.0,-48.0,0.0012,-0.0134,0.0353,0.0073,0.0025,-0.0036,Leaning Bullish,Mean Reversion Upside Bias
2026-10-08,WRB,W. R. BERKLEY ,Financials,72.05,0.033271188871360824,0.04450565381269933,0.06677524429967407,0.06677524429967407,76.0,27.4,31.799999999999997,28.0,28.0,6.0,4.0,3.0,-6.0,-6.0,0.0019,0.0102,0.0316,0.0065,0.0039,-0.0017,Buy,Crowded Short
2026-10-08,WSM,"WILLIAMS-SONOMA, INC.",Consumer Discretionary,238.9,-0.006487565499459391,0.028411536805854398,0.048082828814600465,0.048082828814600465,75.2,4.400000000000006,11.5,13.600000000000001,13.600000000000001,5.0,0.0,-33.0,2.0,2.0,0.0207,0.0168,0.0214,0.001,0.0098,0.0008,Leaning Bullish,Crowded Short
2026-10-08,WST,"WEST PHARMACEUTICAL SERVICES, INC.",Health Care,363.27,-0.00875900458415202,-0.004685188229492154,-0.020201747761355082,-0.020201747761355082,66.9,-14.299999999999997,-7.8999999999999915,-21.299999999999997,-21.299999999999997,-3.0,4.0,-18.0,11.0,11.0,0.0104,0.0209,0.0262,-0.0018,-0.0039,-0.0002,Sell,Crowded Short
2026-10-08,WTW,WILLIS TOWERS WATSON,Financials,297.86,0.02473595486290292,0.03205017151172873,0.03341081774971366,0.03341081774971366,18.1,8.8,17.900000000000002,16.700000000000003,16.700000000000003,-6.0,57.0,8.0,-39.0,-39.0,-0.0264,0.0007,0.0115,0.0091,-0.0098,-0.0076,Bottoming,Mean Reversion Upside Bias
2026-10-08,WY,WEYERHAEUSER COMPANY,Real Estate,19.17,0.03231017770597755,0.0378992961559288,0.006299212598425141,0.006299212598425141,15.7,12.299999999999999,14.299999999999999,14.7,14.7,47.0,21.0,34.0,60.0,60.0,-0.0519,-0.0597,-0.0546,0.0061,-0.0002,0.0024,Neutral,Crowded Short
2026-10-08,WYNN,"WYNN RESORTS, LIMITED",Consumer Discretionary,75.29,0.004268374016273224,-0.007775434897206002,-0.05212136472365603,-0.05212136472365603,5.8,4.4,5.6,0.39999999999999947,0.39999999999999947,-20.0,0.0,0.0,-53.0,-53.0,-0.0417,-0.0496,-0.0273,0.0018,-0.0004,-0.0149,Neutral,Mean Reversion Upside Bias
2026-10-08,XEL,XCEL ENERGY INC.,Utilities,73.36,0.012979839823253236,0.027450980392156765,0.04086265607264461,0.04086265607264461,31.7,11.7,16.799999999999997,20.7,20.7,-14.0,-9.0,-9.0,-14.0,-14.0,-0.0077,-0.0386,0.0147,0.0036,0.0001,-0.0069,Neutral,Crowded Short
2026-10-08,XES,SPDR S&P OIL&GAS E&S,MR Discretion,110.27,0.007860341833470397,0.010168559912055786,0.025576636904761862,0.025576636904761862,6.2,3.2,5.2,6.0,6.0,18.0,-38.0,4.0,33.0,33.0,-0.0097,-0.0021,0.0189,0.0004,0.0016,0.0027,Neutral,Crowded Short
2026-10-08,XLB,SEL SECTOR:MATRLS SPDR,Sector & Style ETFs,49.27,0.005920783993466738,0.008391322144903901,0.01170431211498979,0.01170431211498979,21.0,8.9,19.2,16.8,16.8,36.0,0.0,27.0,9.0,9.0,-0.0133,-0.0074,-0.0061,-0.0005,0.0001,-0.0027,Neutral,Mean Reversion Upside Bias
2026-10-08,XLC,SEL SECTOR:COMM SVC SPDR,Sector & Style ETFs,112.07,0.007280244472406938,0.0158629441624365,0.009912588988014726,0.009912588988014726,61.1,1.3999999999999986,35.900000000000006,4.899999999999999,4.899999999999999,-32.0,49.0,-36.0,-43.0,-43.0,-0.0069,0.0009,0.0048,0.0014,-0.0052,-0.0077,Bottoming,Mean Reversion Downside Bias
2026-10-08,XLE,SEL SECTOR:ENERGY SPDR,Sector & Style ETFs,65.225,0.029110129378352667,0.038283985991722336,0.06056910569105689,0.06056910569105689,39.5,23.0,23.0,32.5,32.5,32.0,-14.0,-14.0,48.0,48.0,-0.0034,0.0346,0.0384,0.0042,0.0007,-0.0007,Buy,Crowded Short
2026-10-08,XLF,SEL SECTOR:FINL S SPDR,Sector & Style ETFs,54.235,0.009023255813953579,0.013927836978874453,0.015636704119850187,0.015636704119850187,6.2,4.800000000000001,6.0,4.0,4.0,-15.0,0.0,-3.0,-51.0,-51.0,-0.0147,-0.0051,-0.0043,0.0038,-0.0052,-0.0027,Bottoming,Mean Reversion Upside Bias
2026-10-08,XLI,SEL SECTOR:INDUST SPDR,Sector & Style ETFs,168.4,0.003336510962821837,-0.009120329508678915,0.008504012456581833,0.008504012456581833,26.8,6.400000000000002,9.5,10.7,10.7,12.0,-53.0,0.0,-52.0,-52.0,0.0001,-0.0139,0.0088,-0.0004,0.0011,-0.0042,Neutral,Crowded Short
2026-10-08,XLK,SEL SECTOR:TECH SPDR,Sector & Style ETFs,197.79,-0.017924528301886844,-0.010109604123917815,0.010421455938697255,0.010421455938697255,83.1,-0.8000000000000114,-0.8000000000000114,0.0,0.0,10.0,11.0,-16.0,4.0,4.0,0.0223,0.0122,0.0526,-0.0069,0.0039,-0.0017,Neutral,Mean Reversion Upside Bias
2026-10-08,XLP,SEL SECTOR:C STP SPDR,Sector & Style ETFs,83.39,0.020685434516523937,0.0355147150130386,0.034615384615384714,0.034615384615384714,49.0,18.2,45.2,44.8,44.8,-14.0,12.0,-23.0,-38.0,-38.0,-0.006,-0.0147,0.0144,0.006,-0.0003,-0.0021,Neutral,Crowded Short
2026-10-08,XLRE,SEL SECTOR:RL EST SPDR,Sector & Style ETFs,40.85,0.006901651466600933,0.000980151923548167,-0.0014666340747981899,-0.0014666340747981899,8.1,3.0999999999999996,7.1,6.699999999999999,6.699999999999999,-14.0,21.0,7.0,-38.0,-38.0,-0.0168,-0.0103,-0.0176,0.0001,-0.0013,0.0036,Neutral,Crowded Short
2026-10-08,XLU,SEL SECTOR:UTIL SPDR,Sector & Style ETFs,41.06,-0.0025507105550831577,0.030881245292493142,0.04107505070993933,0.04107505070993933,30.4,5.599999999999998,28.2,28.2,28.2,-27.0,-8.0,3.0,-27.0,-27.0,-0.0065,-0.0342,-0.0073,0.0032,0.0044,-0.0043,Leaning Bullish,Mean Reversion Downside Bias
2026-10-08,XLV,SEL SECTOR:H CARE SPDR,Sector & Style ETFs,168.13,-0.003969194312796298,0.011734264051028953,-0.0017218857617860017,-0.0017218857617860017,55.4,2.0,50.0,42.099999999999994,42.099999999999994,5.0,10.0,-4.0,-67.0,-67.0,0.0033,0.0193,0.0092,-0.0009,-0.0016,0.0016,Leaning Bearish,Mean Reversion Upside Bias
2026-10-08,XLY,SEL SECTOR:C DSC SPDR,Sector & Style ETFs,111.7,0.003053160919540332,0.015085423482370075,0.026277104005880236,0.026277104005880236,51.8,8.0,47.599999999999994,46.4,46.4,-27.0,-6.0,11.0,-39.0,-39.0,-0.0005,-0.0231,-0.0093,0.0011,-0.0015,-0.0082,Neutral,Mean Reversion Upside Bias
2026-10-08,XOM,EXXON MOBIL ,Energy,168.54,0.027369704358427116,0.027620267056886805,0.03557603686635935,0.03557603686635935,46.2,13.300000000000004,5.900000000000006,20.300000000000004,20.300000000000004,-5.0,-39.0,-39.0,-36.0,-36.0,-0.0,0.0422,0.0475,0.0034,0.0003,-0.0024,Neutral,Mean Reversion Upside Bias
2026-10-08,XOP,SPDR S&P OIL&GAS EXP,MR Discretion,193.49,0.0278899277518061,0.04628778456713345,0.0789605754753806,0.0789605754753806,36.7,9.500000000000004,12.300000000000004,31.300000000000004,31.300000000000004,32.0,-14.0,-8.0,23.0,23.0,-0.009,0.0323,0.0327,0.0043,-0.0016,0.0003,Bottoming,Crowded Short
2026-10-08,XYL,XYLEM INC.,Industrials,102.01,0.0016692851531814323,0.002161312506140156,0.007307198578058838,0.007307198578058838,42.3,6.0,6.399999999999999,3.8999999999999986,3.8999999999999986,-39.0,0.0,-25.0,-31.0,-31.0,-0.0124,-0.0329,-0.0386,-0.0021,-0.0015,-0.0027,Sell,Crowded Short
2026-10-08,XYZ,"BLOCK, INC.",Financials,75.21,-0.011175387851696139,0.011839095923583898,0.022847817217462207,0.022847817217462207,21.4,-2.200000000000003,14.899999999999999,-1.9000000000000021,-1.9000000000000021,-17.0,13.0,25.0,-73.0,-73.0,-0.0105,-0.0049,-0.0202,-0.0006,-0.0027,-0.0115,Leaning Bearish,Mean Reversion Upside Bias
2026-10-08,YUM,"YUM! BRANDS, INC.",Consumer Discretionary,143.0,0.018881368008550004,0.05054363796650008,0.04884846706762502,0.04884846706762502,49.8,18.299999999999997,48.0,47.599999999999994,47.599999999999994,-48.0,-16.0,-65.0,-54.0,-54.0,0.0017,-0.028,-0.003,0.0119,-0.008,-0.0007,Neutral,Crowded Long
2026-10-08,ZBH,"ZIMMER BIOMET HOLDINGS, INC.",Health Care,88.88,0.00440727765849247,0.0066825235020953055,0.0005628729032984836,0.0005628729032984836,37.1,15.3,30.900000000000002,31.3,31.3,13.0,17.0,17.0,-39.0,-39.0,-0.0288,-0.0031,-0.0136,-0.0021,-0.0019,-0.0003,Leaning Bearish,Crowded Short
2026-10-08,ZBRA,ZEBRA TECHNOLOGIES ,Information Technology,382.14,-0.01012822173293626,0.016708348853296418,0.02365326404328827,0.02365326404328827,97.8,-0.4000000000000057,25.39999999999999,13.299999999999997,13.299999999999997,-60.0,0.0,-19.0,-15.0,-15.0,0.0386,0.0895,-0.023,0.0018,-0.0023,-0.0035,Leaning Bearish,Mean Reversion Upside Bias
2026-10-08,ZTS,ZOETIS INC.,Health Care,73.08,0.021383647798742134,0.04864399483426607,0.04654160103107552,0.04654160103107552,70.0,28.299999999999997,65.0,67.4,67.4,-2.0,8.0,-9.0,2.0,2.0,-0.0066,-0.0172,-0.1445,0.0077,0.0033,-0.0046,Buy,Mean Reversion Upside Bias
